clip_id,sample_id,session_id,material_english,class_id,force_n,split,phase,offset_s,start_epoch,end_epoch
VisTouch_brass_f3_r1_v1_idle01_c000,VisTouch_brass_f3_r1_v1_idle01,brass_f3_r1_v1,brass,0,3,train,idle,0.000,1607151139.000,1607151139.500
VisTouch_brass_f3_r1_v1_idle01_c001,VisTouch_brass_f3_r1_v1_idle01,brass_f3_r1_v1,brass,0,3,train,idle,0.500,1607151139.500,1607151140.000
VisTouch_brass_f3_r1_v1_idle01_c002,VisTouch_brass_f3_r1_v1_idle01,brass_f3_r1_v1,brass,0,3,train,idle,1.000,1607151140.000,1607151140.500
VisTouch_brass_f3_r1_v1_idle01_c003,VisTouch_brass_f3_r1_v1_idle01,brass_f3_r1_v1,brass,0,3,train,idle,1.500,1607151140.500,1607151141.000
VisTouch_brass_f3_r1_v1_idle01_c004,VisTouch_brass_f3_r1_v1_idle01,brass_f3_r1_v1,brass,0,3,train,idle,2.000,1607151141.000,1607151141.500
VisTouch_brass_f3_r1_v1_idle01_c005,VisTouch_brass_f3_r1_v1_idle01,brass_f3_r1_v1,brass,0,3,train,idle,2.500,1607151141.500,1607151142.000
VisTouch_brass_f3_r1_v1_idle01_c006,VisTouch_brass_f3_r1_v1_idle01,brass_f3_r1_v1,brass,0,3,train,idle,3.000,1607151142.000,1607151142.500
VisTouch_brass_f3_r1_v1_idle01_c007,VisTouch_brass_f3_r1_v1_idle01,brass_f3_r1_v1,brass,0,3,train,idle,3.500,1607151142.500,1607151143.000
VisTouch_brass_f3_r1_v1_idle01_c008,VisTouch_brass_f3_r1_v1_idle01,brass_f3_r1_v1,brass,0,3,train,idle,4.000,1607151143.000,1607151143.500
VisTouch_brass_f3_r1_v1_idle01_c009,VisTouch_brass_f3_r1_v1_idle01,brass_f3_r1_v1,brass,0,3,train,idle,4.500,1607151143.500,1607151144.000
VisTouch_brass_f3_r1_v1_idle01_c010,VisTouch_brass_f3_r1_v1_idle01,brass_f3_r1_v1,brass,0,3,train,idle,5.000,1607151144.000,1607151144.500
VisTouch_brass_f3_r1_v1_idle01_c011,VisTouch_brass_f3_r1_v1_idle01,brass_f3_r1_v1,brass,0,3,train,idle,5.500,1607151144.500,1607151145.000
VisTouch_brass_f3_r1_v1_idle01_c012,VisTouch_brass_f3_r1_v1_idle01,brass_f3_r1_v1,brass,0,3,train,idle,6.000,1607151145.000,1607151145.500
VisTouch_brass_f3_r1_v1_idle01_c013,VisTouch_brass_f3_r1_v1_idle01,brass_f3_r1_v1,brass,0,3,train,idle,6.500,1607151145.500,1607151146.000
VisTouch_brass_f3_r1_v1_idle01_c014,VisTouch_brass_f3_r1_v1_idle01,brass_f3_r1_v1,brass,0,3,train,idle,7.000,1607151146.000,1607151146.500
VisTouch_brass_f3_r1_v1_idle01_c015,VisTouch_brass_f3_r1_v1_idle01,brass_f3_r1_v1,brass,0,3,train,idle,7.500,1607151146.500,1607151147.000
VisTouch_brass_f3_r1_v1_idle01_c016,VisTouch_brass_f3_r1_v1_idle01,brass_f3_r1_v1,brass,0,3,train,idle,8.000,1607151147.000,1607151147.500
VisTouch_brass_f3_r1_v1_seg01a_c000,VisTouch_brass_f3_r1_v1_seg01a,brass_f3_r1_v1,brass,0,3,train,rise,0.000,1607151147.920,1607151148.420
VisTouch_brass_f3_r1_v1_seg01a_c001,VisTouch_brass_f3_r1_v1_seg01a,brass_f3_r1_v1,brass,0,3,train,rise,0.500,1607151148.420,1607151148.920
VisTouch_brass_f3_r1_v1_seg01a_c002,VisTouch_brass_f3_r1_v1_seg01a,brass_f3_r1_v1,brass,0,3,train,rise,1.000,1607151148.920,1607151149.420
VisTouch_brass_f3_r1_v1_seg01a_c003,VisTouch_brass_f3_r1_v1_seg01a,brass_f3_r1_v1,brass,0,3,train,rise,1.500,1607151149.420,1607151149.920
VisTouch_brass_f3_r1_v1_seg01a_c004,VisTouch_brass_f3_r1_v1_seg01a,brass_f3_r1_v1,brass,0,3,train,rise,2.000,1607151149.920,1607151150.420
VisTouch_brass_f3_r1_v1_seg01a_c005,VisTouch_brass_f3_r1_v1_seg01a,brass_f3_r1_v1,brass,0,3,train,rise,2.500,1607151150.420,1607151150.920
VisTouch_brass_f3_r1_v1_seg01a_c006,VisTouch_brass_f3_r1_v1_seg01a,brass_f3_r1_v1,brass,0,3,train,rise,3.000,1607151150.920,1607151151.420
VisTouch_brass_f3_r1_v1_seg01a_c007,VisTouch_brass_f3_r1_v1_seg01a,brass_f3_r1_v1,brass,0,3,train,rise,3.500,1607151151.420,1607151151.920
VisTouch_brass_f3_r1_v1_seg01a_c008,VisTouch_brass_f3_r1_v1_seg01a,brass_f3_r1_v1,brass,0,3,train,rise,4.000,1607151151.920,1607151152.420
VisTouch_brass_f3_r1_v1_seg01a_c009,VisTouch_brass_f3_r1_v1_seg01a,brass_f3_r1_v1,brass,0,3,train,rise,4.500,1607151152.420,1607151152.920
VisTouch_brass_f3_r1_v1_seg01a_c010,VisTouch_brass_f3_r1_v1_seg01a,brass_f3_r1_v1,brass,0,3,train,rise,5.000,1607151152.920,1607151153.420
VisTouch_brass_f3_r1_v1_seg01a_c011,VisTouch_brass_f3_r1_v1_seg01a,brass_f3_r1_v1,brass,0,3,train,rise,5.500,1607151153.420,1607151153.920
VisTouch_brass_f3_r1_v1_seg01b_c000,VisTouch_brass_f3_r1_v1_seg01b,brass_f3_r1_v1,brass,0,3,train,fall,0.000,1607151154.360,1607151154.860
VisTouch_brass_f3_r1_v1_seg01b_c001,VisTouch_brass_f3_r1_v1_seg01b,brass_f3_r1_v1,brass,0,3,train,fall,0.500,1607151154.860,1607151155.360
VisTouch_brass_f3_r1_v1_seg01b_c002,VisTouch_brass_f3_r1_v1_seg01b,brass_f3_r1_v1,brass,0,3,train,fall,1.000,1607151155.360,1607151155.860
VisTouch_brass_f3_r1_v1_seg01b_c003,VisTouch_brass_f3_r1_v1_seg01b,brass_f3_r1_v1,brass,0,3,train,fall,1.500,1607151155.860,1607151156.360
VisTouch_brass_f3_r1_v1_seg01b_c004,VisTouch_brass_f3_r1_v1_seg01b,brass_f3_r1_v1,brass,0,3,train,fall,2.000,1607151156.360,1607151156.860
VisTouch_brass_f3_r1_v1_seg01b_c005,VisTouch_brass_f3_r1_v1_seg01b,brass_f3_r1_v1,brass,0,3,train,fall,2.500,1607151156.860,1607151157.360
VisTouch_brass_f3_r1_v1_seg01b_c006,VisTouch_brass_f3_r1_v1_seg01b,brass_f3_r1_v1,brass,0,3,train,fall,3.000,1607151157.360,1607151157.860
VisTouch_brass_f3_r1_v1_seg02a_c000,VisTouch_brass_f3_r1_v1_seg02a,brass_f3_r1_v1,brass,0,3,train,rise,0.000,1607151158.300,1607151158.800
VisTouch_brass_f3_r1_v1_seg02a_c001,VisTouch_brass_f3_r1_v1_seg02a,brass_f3_r1_v1,brass,0,3,train,rise,0.500,1607151158.800,1607151159.300
VisTouch_brass_f3_r1_v1_seg02a_c002,VisTouch_brass_f3_r1_v1_seg02a,brass_f3_r1_v1,brass,0,3,train,rise,1.000,1607151159.300,1607151159.800
VisTouch_brass_f3_r1_v1_seg02a_c003,VisTouch_brass_f3_r1_v1_seg02a,brass_f3_r1_v1,brass,0,3,train,rise,1.500,1607151159.800,1607151160.300
VisTouch_brass_f3_r1_v1_seg02a_c004,VisTouch_brass_f3_r1_v1_seg02a,brass_f3_r1_v1,brass,0,3,train,rise,2.000,1607151160.300,1607151160.800
VisTouch_brass_f3_r1_v1_seg02a_c005,VisTouch_brass_f3_r1_v1_seg02a,brass_f3_r1_v1,brass,0,3,train,rise,2.500,1607151160.800,1607151161.300
VisTouch_brass_f3_r1_v1_seg02a_c006,VisTouch_brass_f3_r1_v1_seg02a,brass_f3_r1_v1,brass,0,3,train,rise,3.000,1607151161.300,1607151161.800
VisTouch_brass_f3_r1_v1_seg02a_c007,VisTouch_brass_f3_r1_v1_seg02a,brass_f3_r1_v1,brass,0,3,train,rise,3.500,1607151161.800,1607151162.300
VisTouch_brass_f3_r1_v1_seg02a_c008,VisTouch_brass_f3_r1_v1_seg02a,brass_f3_r1_v1,brass,0,3,train,rise,4.000,1607151162.300,1607151162.800
VisTouch_brass_f3_r1_v1_seg02a_c009,VisTouch_brass_f3_r1_v1_seg02a,brass_f3_r1_v1,brass,0,3,train,rise,4.500,1607151162.800,1607151163.300
VisTouch_brass_f3_r1_v1_seg02a_c010,VisTouch_brass_f3_r1_v1_seg02a,brass_f3_r1_v1,brass,0,3,train,rise,5.000,1607151163.300,1607151163.800
VisTouch_brass_f3_r1_v1_seg02a_c011,VisTouch_brass_f3_r1_v1_seg02a,brass_f3_r1_v1,brass,0,3,train,rise,5.500,1607151163.800,1607151164.300
VisTouch_brass_f3_r1_v1_seg02b_c000,VisTouch_brass_f3_r1_v1_seg02b,brass_f3_r1_v1,brass,0,3,train,fall,0.000,1607151164.680,1607151165.180
VisTouch_brass_f3_r1_v1_seg02b_c001,VisTouch_brass_f3_r1_v1_seg02b,brass_f3_r1_v1,brass,0,3,train,fall,0.500,1607151165.180,1607151165.680
VisTouch_brass_f3_r1_v1_seg02b_c002,VisTouch_brass_f3_r1_v1_seg02b,brass_f3_r1_v1,brass,0,3,train,fall,1.000,1607151165.680,1607151166.180
VisTouch_brass_f3_r1_v1_seg02b_c003,VisTouch_brass_f3_r1_v1_seg02b,brass_f3_r1_v1,brass,0,3,train,fall,1.500,1607151166.180,1607151166.680
VisTouch_brass_f3_r1_v1_seg02b_c004,VisTouch_brass_f3_r1_v1_seg02b,brass_f3_r1_v1,brass,0,3,train,fall,2.000,1607151166.680,1607151167.180
VisTouch_brass_f3_r1_v1_seg02b_c005,VisTouch_brass_f3_r1_v1_seg02b,brass_f3_r1_v1,brass,0,3,train,fall,2.500,1607151167.180,1607151167.680
VisTouch_brass_f3_r1_v1_seg02b_c006,VisTouch_brass_f3_r1_v1_seg02b,brass_f3_r1_v1,brass,0,3,train,fall,3.000,1607151167.680,1607151168.180
VisTouch_brass_f3_r1_v1_seg03a_c000,VisTouch_brass_f3_r1_v1_seg03a,brass_f3_r1_v1,brass,0,3,train,rise,0.000,1607151168.620,1607151169.120
VisTouch_brass_f3_r1_v1_seg03a_c001,VisTouch_brass_f3_r1_v1_seg03a,brass_f3_r1_v1,brass,0,3,train,rise,0.500,1607151169.120,1607151169.620
VisTouch_brass_f3_r1_v1_seg03a_c002,VisTouch_brass_f3_r1_v1_seg03a,brass_f3_r1_v1,brass,0,3,train,rise,1.000,1607151169.620,1607151170.120
VisTouch_brass_f3_r1_v1_seg03a_c003,VisTouch_brass_f3_r1_v1_seg03a,brass_f3_r1_v1,brass,0,3,train,rise,1.500,1607151170.120,1607151170.620
VisTouch_brass_f3_r1_v1_seg03a_c004,VisTouch_brass_f3_r1_v1_seg03a,brass_f3_r1_v1,brass,0,3,train,rise,2.000,1607151170.620,1607151171.120
VisTouch_brass_f3_r1_v1_seg03a_c005,VisTouch_brass_f3_r1_v1_seg03a,brass_f3_r1_v1,brass,0,3,train,rise,2.500,1607151171.120,1607151171.620
VisTouch_brass_f3_r1_v1_seg03a_c006,VisTouch_brass_f3_r1_v1_seg03a,brass_f3_r1_v1,brass,0,3,train,rise,3.000,1607151171.620,1607151172.120
VisTouch_brass_f3_r1_v1_seg03a_c007,VisTouch_brass_f3_r1_v1_seg03a,brass_f3_r1_v1,brass,0,3,train,rise,3.500,1607151172.120,1607151172.620
VisTouch_brass_f3_r1_v1_seg03a_c008,VisTouch_brass_f3_r1_v1_seg03a,brass_f3_r1_v1,brass,0,3,train,rise,4.000,1607151172.620,1607151173.120
VisTouch_brass_f3_r1_v1_seg03a_c009,VisTouch_brass_f3_r1_v1_seg03a,brass_f3_r1_v1,brass,0,3,train,rise,4.500,1607151173.120,1607151173.620
VisTouch_brass_f3_r1_v1_seg03a_c010,VisTouch_brass_f3_r1_v1_seg03a,brass_f3_r1_v1,brass,0,3,train,rise,5.000,1607151173.620,1607151174.120
VisTouch_brass_f3_r1_v1_seg03a_c011,VisTouch_brass_f3_r1_v1_seg03a,brass_f3_r1_v1,brass,0,3,train,rise,5.500,1607151174.120,1607151174.620
VisTouch_brass_f3_r1_v1_seg03b_c000,VisTouch_brass_f3_r1_v1_seg03b,brass_f3_r1_v1,brass,0,3,train,fall,0.000,1607151174.980,1607151175.480
VisTouch_brass_f3_r1_v1_seg03b_c001,VisTouch_brass_f3_r1_v1_seg03b,brass_f3_r1_v1,brass,0,3,train,fall,0.500,1607151175.480,1607151175.980
VisTouch_brass_f3_r1_v1_seg03b_c002,VisTouch_brass_f3_r1_v1_seg03b,brass_f3_r1_v1,brass,0,3,train,fall,1.000,1607151175.980,1607151176.480
VisTouch_brass_f3_r1_v1_seg03b_c003,VisTouch_brass_f3_r1_v1_seg03b,brass_f3_r1_v1,brass,0,3,train,fall,1.500,1607151176.480,1607151176.980
VisTouch_brass_f3_r1_v1_seg03b_c004,VisTouch_brass_f3_r1_v1_seg03b,brass_f3_r1_v1,brass,0,3,train,fall,2.000,1607151176.980,1607151177.480
VisTouch_brass_f3_r1_v1_seg03b_c005,VisTouch_brass_f3_r1_v1_seg03b,brass_f3_r1_v1,brass,0,3,train,fall,2.500,1607151177.480,1607151177.980
VisTouch_brass_f3_r1_v1_seg03b_c006,VisTouch_brass_f3_r1_v1_seg03b,brass_f3_r1_v1,brass,0,3,train,fall,3.000,1607151177.980,1607151178.480
VisTouch_brass_f3_r1_v1_seg04a_c000,VisTouch_brass_f3_r1_v1_seg04a,brass_f3_r1_v1,brass,0,3,train,rise,0.000,1607151178.940,1607151179.440
VisTouch_brass_f3_r1_v1_seg04a_c001,VisTouch_brass_f3_r1_v1_seg04a,brass_f3_r1_v1,brass,0,3,train,rise,0.500,1607151179.440,1607151179.940
VisTouch_brass_f3_r1_v1_seg04a_c002,VisTouch_brass_f3_r1_v1_seg04a,brass_f3_r1_v1,brass,0,3,train,rise,1.000,1607151179.940,1607151180.440
VisTouch_brass_f3_r1_v1_seg04a_c003,VisTouch_brass_f3_r1_v1_seg04a,brass_f3_r1_v1,brass,0,3,train,rise,1.500,1607151180.440,1607151180.940
VisTouch_brass_f3_r1_v1_seg04a_c004,VisTouch_brass_f3_r1_v1_seg04a,brass_f3_r1_v1,brass,0,3,train,rise,2.000,1607151180.940,1607151181.440
VisTouch_brass_f3_r1_v1_seg04a_c005,VisTouch_brass_f3_r1_v1_seg04a,brass_f3_r1_v1,brass,0,3,train,rise,2.500,1607151181.440,1607151181.940
VisTouch_brass_f3_r1_v1_seg04a_c006,VisTouch_brass_f3_r1_v1_seg04a,brass_f3_r1_v1,brass,0,3,train,rise,3.000,1607151181.940,1607151182.440
VisTouch_brass_f3_r1_v1_seg04a_c007,VisTouch_brass_f3_r1_v1_seg04a,brass_f3_r1_v1,brass,0,3,train,rise,3.500,1607151182.440,1607151182.940
VisTouch_brass_f3_r1_v1_seg04a_c008,VisTouch_brass_f3_r1_v1_seg04a,brass_f3_r1_v1,brass,0,3,train,rise,4.000,1607151182.940,1607151183.440
VisTouch_brass_f3_r1_v1_seg04a_c009,VisTouch_brass_f3_r1_v1_seg04a,brass_f3_r1_v1,brass,0,3,train,rise,4.500,1607151183.440,1607151183.940
VisTouch_brass_f3_r1_v1_seg04a_c010,VisTouch_brass_f3_r1_v1_seg04a,brass_f3_r1_v1,brass,0,3,train,rise,5.000,1607151183.940,1607151184.440
VisTouch_brass_f3_r1_v1_seg04a_c011,VisTouch_brass_f3_r1_v1_seg04a,brass_f3_r1_v1,brass,0,3,train,rise,5.500,1607151184.440,1607151184.940
VisTouch_brass_f3_r1_v1_seg04b_c000,VisTouch_brass_f3_r1_v1_seg04b,brass_f3_r1_v1,brass,0,3,train,fall,0.000,1607151185.330,1607151185.830
VisTouch_brass_f3_r1_v1_seg04b_c001,VisTouch_brass_f3_r1_v1_seg04b,brass_f3_r1_v1,brass,0,3,train,fall,0.500,1607151185.830,1607151186.330
VisTouch_brass_f3_r1_v1_seg04b_c002,VisTouch_brass_f3_r1_v1_seg04b,brass_f3_r1_v1,brass,0,3,train,fall,1.000,1607151186.330,1607151186.830
VisTouch_brass_f3_r1_v1_seg04b_c003,VisTouch_brass_f3_r1_v1_seg04b,brass_f3_r1_v1,brass,0,3,train,fall,1.500,1607151186.830,1607151187.330
VisTouch_brass_f3_r1_v1_seg04b_c004,VisTouch_brass_f3_r1_v1_seg04b,brass_f3_r1_v1,brass,0,3,train,fall,2.000,1607151187.330,1607151187.830
VisTouch_brass_f3_r1_v1_seg04b_c005,VisTouch_brass_f3_r1_v1_seg04b,brass_f3_r1_v1,brass,0,3,train,fall,2.500,1607151187.830,1607151188.330
VisTouch_brass_f3_r1_v1_seg04b_c006,VisTouch_brass_f3_r1_v1_seg04b,brass_f3_r1_v1,brass,0,3,train,fall,3.000,1607151188.330,1607151188.830
VisTouch_brass_f3_r1_v1_seg05a_c000,VisTouch_brass_f3_r1_v1_seg05a,brass_f3_r1_v1,brass,0,3,train,rise,0.000,1607151189.260,1607151189.760
VisTouch_brass_f3_r1_v1_seg05a_c001,VisTouch_brass_f3_r1_v1_seg05a,brass_f3_r1_v1,brass,0,3,train,rise,0.500,1607151189.760,1607151190.260
VisTouch_brass_f3_r1_v1_seg05a_c002,VisTouch_brass_f3_r1_v1_seg05a,brass_f3_r1_v1,brass,0,3,train,rise,1.000,1607151190.260,1607151190.760
VisTouch_brass_f3_r1_v1_seg05a_c003,VisTouch_brass_f3_r1_v1_seg05a,brass_f3_r1_v1,brass,0,3,train,rise,1.500,1607151190.760,1607151191.260
VisTouch_brass_f3_r1_v1_seg05a_c004,VisTouch_brass_f3_r1_v1_seg05a,brass_f3_r1_v1,brass,0,3,train,rise,2.000,1607151191.260,1607151191.760
VisTouch_brass_f3_r1_v1_seg05a_c005,VisTouch_brass_f3_r1_v1_seg05a,brass_f3_r1_v1,brass,0,3,train,rise,2.500,1607151191.760,1607151192.260
VisTouch_brass_f3_r1_v1_seg05a_c006,VisTouch_brass_f3_r1_v1_seg05a,brass_f3_r1_v1,brass,0,3,train,rise,3.000,1607151192.260,1607151192.760
VisTouch_brass_f3_r1_v1_seg05a_c007,VisTouch_brass_f3_r1_v1_seg05a,brass_f3_r1_v1,brass,0,3,train,rise,3.500,1607151192.760,1607151193.260
VisTouch_brass_f3_r1_v1_seg05a_c008,VisTouch_brass_f3_r1_v1_seg05a,brass_f3_r1_v1,brass,0,3,train,rise,4.000,1607151193.260,1607151193.760
VisTouch_brass_f3_r1_v1_seg05a_c009,VisTouch_brass_f3_r1_v1_seg05a,brass_f3_r1_v1,brass,0,3,train,rise,4.500,1607151193.760,1607151194.260
VisTouch_brass_f3_r1_v1_seg05a_c010,VisTouch_brass_f3_r1_v1_seg05a,brass_f3_r1_v1,brass,0,3,train,rise,5.000,1607151194.260,1607151194.760
VisTouch_brass_f3_r1_v1_seg05a_c011,VisTouch_brass_f3_r1_v1_seg05a,brass_f3_r1_v1,brass,0,3,train,rise,5.500,1607151194.760,1607151195.260
VisTouch_brass_f3_r1_v1_seg05b_c000,VisTouch_brass_f3_r1_v1_seg05b,brass_f3_r1_v1,brass,0,3,train,fall,0.000,1607151195.640,1607151196.140
VisTouch_brass_f3_r1_v1_seg05b_c001,VisTouch_brass_f3_r1_v1_seg05b,brass_f3_r1_v1,brass,0,3,train,fall,0.500,1607151196.140,1607151196.640
VisTouch_brass_f3_r1_v1_seg05b_c002,VisTouch_brass_f3_r1_v1_seg05b,brass_f3_r1_v1,brass,0,3,train,fall,1.000,1607151196.640,1607151197.140
VisTouch_brass_f3_r1_v1_seg05b_c003,VisTouch_brass_f3_r1_v1_seg05b,brass_f3_r1_v1,brass,0,3,train,fall,1.500,1607151197.140,1607151197.640
VisTouch_brass_f3_r1_v1_seg05b_c004,VisTouch_brass_f3_r1_v1_seg05b,brass_f3_r1_v1,brass,0,3,train,fall,2.000,1607151197.640,1607151198.140
VisTouch_brass_f3_r1_v1_seg05b_c005,VisTouch_brass_f3_r1_v1_seg05b,brass_f3_r1_v1,brass,0,3,train,fall,2.500,1607151198.140,1607151198.640
VisTouch_brass_f3_r1_v1_seg05b_c006,VisTouch_brass_f3_r1_v1_seg05b,brass_f3_r1_v1,brass,0,3,train,fall,3.000,1607151198.640,1607151199.140
VisTouch_brass_f3_r1_v1_idle02_c000,VisTouch_brass_f3_r1_v1_idle02,brass_f3_r1_v1,brass,0,3,train,idle,0.000,1607151199.580,1607151200.080
VisTouch_brass_f3_r1_v1_idle02_c001,VisTouch_brass_f3_r1_v1_idle02,brass_f3_r1_v1,brass,0,3,train,idle,0.500,1607151200.080,1607151200.580
VisTouch_brass_f3_r1_v1_idle02_c002,VisTouch_brass_f3_r1_v1_idle02,brass_f3_r1_v1,brass,0,3,train,idle,1.000,1607151200.580,1607151201.080
VisTouch_brass_f3_r1_v1_idle02_c003,VisTouch_brass_f3_r1_v1_idle02,brass_f3_r1_v1,brass,0,3,train,idle,1.500,1607151201.080,1607151201.580
VisTouch_brass_f3_r1_v1_idle02_c004,VisTouch_brass_f3_r1_v1_idle02,brass_f3_r1_v1,brass,0,3,train,idle,2.000,1607151201.580,1607151202.080
VisTouch_brass_f3_r1_v1_idle02_c005,VisTouch_brass_f3_r1_v1_idle02,brass_f3_r1_v1,brass,0,3,train,idle,2.500,1607151202.080,1607151202.580
VisTouch_brass_f3_r1_v1_idle02_c006,VisTouch_brass_f3_r1_v1_idle02,brass_f3_r1_v1,brass,0,3,train,idle,3.000,1607151202.580,1607151203.080
VisTouch_brass_f3_r1_v1_idle02_c007,VisTouch_brass_f3_r1_v1_idle02,brass_f3_r1_v1,brass,0,3,train,idle,3.500,1607151203.080,1607151203.580
VisTouch_brass_f3_r1_v1_idle02_c008,VisTouch_brass_f3_r1_v1_idle02,brass_f3_r1_v1,brass,0,3,train,idle,4.000,1607151203.580,1607151204.080
VisTouch_brass_f3_r1_v1_idle02_c009,VisTouch_brass_f3_r1_v1_idle02,brass_f3_r1_v1,brass,0,3,train,idle,4.500,1607151204.080,1607151204.580
VisTouch_brass_f3_r1_v1_idle02_c010,VisTouch_brass_f3_r1_v1_idle02,brass_f3_r1_v1,brass,0,3,train,idle,5.000,1607151204.580,1607151205.080
VisTouch_brass_f3_r1_v1_idle02_c011,VisTouch_brass_f3_r1_v1_idle02,brass_f3_r1_v1,brass,0,3,train,idle,5.500,1607151205.080,1607151205.580
VisTouch_brass_f3_r1_v1_idle02_c012,VisTouch_brass_f3_r1_v1_idle02,brass_f3_r1_v1,brass,0,3,train,idle,6.000,1607151205.580,1607151206.080
VisTouch_brass_f3_r1_v1_idle02_c013,VisTouch_brass_f3_r1_v1_idle02,brass_f3_r1_v1,brass,0,3,train,idle,6.500,1607151206.080,1607151206.580
VisTouch_brass_f3_r1_v1_idle03_c000,VisTouch_brass_f3_r1_v1_idle03,brass_f3_r1_v1,brass,0,3,train,idle,0.000,1607151206.665,1607151207.165
VisTouch_brass_f3_r1_v1_idle03_c001,VisTouch_brass_f3_r1_v1_idle03,brass_f3_r1_v1,brass,0,3,train,idle,0.500,1607151207.165,1607151207.665
VisTouch_brass_f3_r1_v1_idle03_c002,VisTouch_brass_f3_r1_v1_idle03,brass_f3_r1_v1,brass,0,3,train,idle,1.000,1607151207.665,1607151208.165
VisTouch_brass_f3_r1_v1_idle03_c003,VisTouch_brass_f3_r1_v1_idle03,brass_f3_r1_v1,brass,0,3,train,idle,1.500,1607151208.165,1607151208.665
VisTouch_brass_f3_r1_v1_idle03_c004,VisTouch_brass_f3_r1_v1_idle03,brass_f3_r1_v1,brass,0,3,train,idle,2.000,1607151208.665,1607151209.165
VisTouch_brass_f3_r1_v1_idle03_c005,VisTouch_brass_f3_r1_v1_idle03,brass_f3_r1_v1,brass,0,3,train,idle,2.500,1607151209.165,1607151209.665
VisTouch_brass_f3_r1_v1_idle03_c006,VisTouch_brass_f3_r1_v1_idle03,brass_f3_r1_v1,brass,0,3,train,idle,3.000,1607151209.665,1607151210.165
VisTouch_brass_f3_r1_v1_idle03_c007,VisTouch_brass_f3_r1_v1_idle03,brass_f3_r1_v1,brass,0,3,train,idle,3.500,1607151210.165,1607151210.665
VisTouch_brass_f3_r1_v1_idle03_c008,VisTouch_brass_f3_r1_v1_idle03,brass_f3_r1_v1,brass,0,3,train,idle,4.000,1607151210.665,1607151211.165
VisTouch_brass_f3_r1_v1_idle03_c009,VisTouch_brass_f3_r1_v1_idle03,brass_f3_r1_v1,brass,0,3,train,idle,4.500,1607151211.165,1607151211.665
VisTouch_brass_f3_r1_v1_idle03_c010,VisTouch_brass_f3_r1_v1_idle03,brass_f3_r1_v1,brass,0,3,train,idle,5.000,1607151211.665,1607151212.165
VisTouch_brass_f3_r1_v1_idle03_c011,VisTouch_brass_f3_r1_v1_idle03,brass_f3_r1_v1,brass,0,3,train,idle,5.500,1607151212.165,1607151212.665
VisTouch_brass_f3_r1_v1_idle03_c012,VisTouch_brass_f3_r1_v1_idle03,brass_f3_r1_v1,brass,0,3,train,idle,6.000,1607151212.665,1607151213.165
VisTouch_brass_f3_r1_v1_idle03_c013,VisTouch_brass_f3_r1_v1_idle03,brass_f3_r1_v1,brass,0,3,train,idle,6.500,1607151213.165,1607151213.665
VisTouch_brass_f6_r1_v1_idle01_c000,VisTouch_brass_f6_r1_v1_idle01,brass_f6_r1_v1,brass,0,6,train,idle,0.000,1607151367.000,1607151367.500
VisTouch_brass_f6_r1_v1_idle01_c001,VisTouch_brass_f6_r1_v1_idle01,brass_f6_r1_v1,brass,0,6,train,idle,0.500,1607151367.500,1607151368.000
VisTouch_brass_f6_r1_v1_idle01_c002,VisTouch_brass_f6_r1_v1_idle01,brass_f6_r1_v1,brass,0,6,train,idle,1.000,1607151368.000,1607151368.500
VisTouch_brass_f6_r1_v1_idle01_c003,VisTouch_brass_f6_r1_v1_idle01,brass_f6_r1_v1,brass,0,6,train,idle,1.500,1607151368.500,1607151369.000
VisTouch_brass_f6_r1_v1_idle01_c004,VisTouch_brass_f6_r1_v1_idle01,brass_f6_r1_v1,brass,0,6,train,idle,2.000,1607151369.000,1607151369.500
VisTouch_brass_f6_r1_v1_idle01_c005,VisTouch_brass_f6_r1_v1_idle01,brass_f6_r1_v1,brass,0,6,train,idle,2.500,1607151369.500,1607151370.000
VisTouch_brass_f6_r1_v1_idle01_c006,VisTouch_brass_f6_r1_v1_idle01,brass_f6_r1_v1,brass,0,6,train,idle,3.000,1607151370.000,1607151370.500
VisTouch_brass_f6_r1_v1_idle01_c007,VisTouch_brass_f6_r1_v1_idle01,brass_f6_r1_v1,brass,0,6,train,idle,3.500,1607151370.500,1607151371.000
VisTouch_brass_f6_r1_v1_idle01_c008,VisTouch_brass_f6_r1_v1_idle01,brass_f6_r1_v1,brass,0,6,train,idle,4.000,1607151371.000,1607151371.500
VisTouch_brass_f6_r1_v1_idle01_c009,VisTouch_brass_f6_r1_v1_idle01,brass_f6_r1_v1,brass,0,6,train,idle,4.500,1607151371.500,1607151372.000
VisTouch_brass_f6_r1_v1_idle01_c010,VisTouch_brass_f6_r1_v1_idle01,brass_f6_r1_v1,brass,0,6,train,idle,5.000,1607151372.000,1607151372.500
VisTouch_brass_f6_r1_v1_idle01_c011,VisTouch_brass_f6_r1_v1_idle01,brass_f6_r1_v1,brass,0,6,train,idle,5.500,1607151372.500,1607151373.000
VisTouch_brass_f6_r1_v1_seg01a_c000,VisTouch_brass_f6_r1_v1_seg01a,brass_f6_r1_v1,brass,0,6,train,rise,0.000,1607151373.160,1607151373.660
VisTouch_brass_f6_r1_v1_seg01a_c001,VisTouch_brass_f6_r1_v1_seg01a,brass_f6_r1_v1,brass,0,6,train,rise,0.500,1607151373.660,1607151374.160
VisTouch_brass_f6_r1_v1_seg01a_c002,VisTouch_brass_f6_r1_v1_seg01a,brass_f6_r1_v1,brass,0,6,train,rise,1.000,1607151374.160,1607151374.660
VisTouch_brass_f6_r1_v1_seg01a_c003,VisTouch_brass_f6_r1_v1_seg01a,brass_f6_r1_v1,brass,0,6,train,rise,1.500,1607151374.660,1607151375.160
VisTouch_brass_f6_r1_v1_seg01a_c004,VisTouch_brass_f6_r1_v1_seg01a,brass_f6_r1_v1,brass,0,6,train,rise,2.000,1607151375.160,1607151375.660
VisTouch_brass_f6_r1_v1_seg01a_c005,VisTouch_brass_f6_r1_v1_seg01a,brass_f6_r1_v1,brass,0,6,train,rise,2.500,1607151375.660,1607151376.160
VisTouch_brass_f6_r1_v1_seg01a_c006,VisTouch_brass_f6_r1_v1_seg01a,brass_f6_r1_v1,brass,0,6,train,rise,3.000,1607151376.160,1607151376.660
VisTouch_brass_f6_r1_v1_seg01a_c007,VisTouch_brass_f6_r1_v1_seg01a,brass_f6_r1_v1,brass,0,6,train,rise,3.500,1607151376.660,1607151377.160
VisTouch_brass_f6_r1_v1_seg01a_c008,VisTouch_brass_f6_r1_v1_seg01a,brass_f6_r1_v1,brass,0,6,train,rise,4.000,1607151377.160,1607151377.660
VisTouch_brass_f6_r1_v1_seg01a_c009,VisTouch_brass_f6_r1_v1_seg01a,brass_f6_r1_v1,brass,0,6,train,rise,4.500,1607151377.660,1607151378.160
VisTouch_brass_f6_r1_v1_seg01a_c010,VisTouch_brass_f6_r1_v1_seg01a,brass_f6_r1_v1,brass,0,6,train,rise,5.000,1607151378.160,1607151378.660
VisTouch_brass_f6_r1_v1_seg01a_c011,VisTouch_brass_f6_r1_v1_seg01a,brass_f6_r1_v1,brass,0,6,train,rise,5.500,1607151378.660,1607151379.160
VisTouch_brass_f6_r1_v1_seg01b_c000,VisTouch_brass_f6_r1_v1_seg01b,brass_f6_r1_v1,brass,0,6,train,fall,0.000,1607151379.530,1607151380.030
VisTouch_brass_f6_r1_v1_seg01b_c001,VisTouch_brass_f6_r1_v1_seg01b,brass_f6_r1_v1,brass,0,6,train,fall,0.500,1607151380.030,1607151380.530
VisTouch_brass_f6_r1_v1_seg01b_c002,VisTouch_brass_f6_r1_v1_seg01b,brass_f6_r1_v1,brass,0,6,train,fall,1.000,1607151380.530,1607151381.030
VisTouch_brass_f6_r1_v1_seg01b_c003,VisTouch_brass_f6_r1_v1_seg01b,brass_f6_r1_v1,brass,0,6,train,fall,1.500,1607151381.030,1607151381.530
VisTouch_brass_f6_r1_v1_seg01b_c004,VisTouch_brass_f6_r1_v1_seg01b,brass_f6_r1_v1,brass,0,6,train,fall,2.000,1607151381.530,1607151382.030
VisTouch_brass_f6_r1_v1_seg01b_c005,VisTouch_brass_f6_r1_v1_seg01b,brass_f6_r1_v1,brass,0,6,train,fall,2.500,1607151382.030,1607151382.530
VisTouch_brass_f6_r1_v1_seg01b_c006,VisTouch_brass_f6_r1_v1_seg01b,brass_f6_r1_v1,brass,0,6,train,fall,3.000,1607151382.530,1607151383.030
VisTouch_brass_f6_r1_v1_seg02a_c000,VisTouch_brass_f6_r1_v1_seg02a,brass_f6_r1_v1,brass,0,6,train,rise,0.000,1607151383.420,1607151383.920
VisTouch_brass_f6_r1_v1_seg02a_c001,VisTouch_brass_f6_r1_v1_seg02a,brass_f6_r1_v1,brass,0,6,train,rise,0.500,1607151383.920,1607151384.420
VisTouch_brass_f6_r1_v1_seg02a_c002,VisTouch_brass_f6_r1_v1_seg02a,brass_f6_r1_v1,brass,0,6,train,rise,1.000,1607151384.420,1607151384.920
VisTouch_brass_f6_r1_v1_seg02a_c003,VisTouch_brass_f6_r1_v1_seg02a,brass_f6_r1_v1,brass,0,6,train,rise,1.500,1607151384.920,1607151385.420
VisTouch_brass_f6_r1_v1_seg02a_c004,VisTouch_brass_f6_r1_v1_seg02a,brass_f6_r1_v1,brass,0,6,train,rise,2.000,1607151385.420,1607151385.920
VisTouch_brass_f6_r1_v1_seg02a_c005,VisTouch_brass_f6_r1_v1_seg02a,brass_f6_r1_v1,brass,0,6,train,rise,2.500,1607151385.920,1607151386.420
VisTouch_brass_f6_r1_v1_seg02a_c006,VisTouch_brass_f6_r1_v1_seg02a,brass_f6_r1_v1,brass,0,6,train,rise,3.000,1607151386.420,1607151386.920
VisTouch_brass_f6_r1_v1_seg02a_c007,VisTouch_brass_f6_r1_v1_seg02a,brass_f6_r1_v1,brass,0,6,train,rise,3.500,1607151386.920,1607151387.420
VisTouch_brass_f6_r1_v1_seg02a_c008,VisTouch_brass_f6_r1_v1_seg02a,brass_f6_r1_v1,brass,0,6,train,rise,4.000,1607151387.420,1607151387.920
VisTouch_brass_f6_r1_v1_seg02a_c009,VisTouch_brass_f6_r1_v1_seg02a,brass_f6_r1_v1,brass,0,6,train,rise,4.500,1607151387.920,1607151388.420
VisTouch_brass_f6_r1_v1_seg02a_c010,VisTouch_brass_f6_r1_v1_seg02a,brass_f6_r1_v1,brass,0,6,train,rise,5.000,1607151388.420,1607151388.920
VisTouch_brass_f6_r1_v1_seg02a_c011,VisTouch_brass_f6_r1_v1_seg02a,brass_f6_r1_v1,brass,0,6,train,rise,5.500,1607151388.920,1607151389.420
VisTouch_brass_f6_r1_v1_seg02b_c000,VisTouch_brass_f6_r1_v1_seg02b,brass_f6_r1_v1,brass,0,6,train,fall,0.000,1607151389.780,1607151390.280
VisTouch_brass_f6_r1_v1_seg02b_c001,VisTouch_brass_f6_r1_v1_seg02b,brass_f6_r1_v1,brass,0,6,train,fall,0.500,1607151390.280,1607151390.780
VisTouch_brass_f6_r1_v1_seg02b_c002,VisTouch_brass_f6_r1_v1_seg02b,brass_f6_r1_v1,brass,0,6,train,fall,1.000,1607151390.780,1607151391.280
VisTouch_brass_f6_r1_v1_seg02b_c003,VisTouch_brass_f6_r1_v1_seg02b,brass_f6_r1_v1,brass,0,6,train,fall,1.500,1607151391.280,1607151391.780
VisTouch_brass_f6_r1_v1_seg02b_c004,VisTouch_brass_f6_r1_v1_seg02b,brass_f6_r1_v1,brass,0,6,train,fall,2.000,1607151391.780,1607151392.280
VisTouch_brass_f6_r1_v1_seg02b_c005,VisTouch_brass_f6_r1_v1_seg02b,brass_f6_r1_v1,brass,0,6,train,fall,2.500,1607151392.280,1607151392.780
VisTouch_brass_f6_r1_v1_seg02b_c006,VisTouch_brass_f6_r1_v1_seg02b,brass_f6_r1_v1,brass,0,6,train,fall,3.000,1607151392.780,1607151393.280
VisTouch_brass_f6_r1_v1_seg03a_c000,VisTouch_brass_f6_r1_v1_seg03a,brass_f6_r1_v1,brass,0,6,train,rise,0.000,1607151393.680,1607151394.180
VisTouch_brass_f6_r1_v1_seg03a_c001,VisTouch_brass_f6_r1_v1_seg03a,brass_f6_r1_v1,brass,0,6,train,rise,0.500,1607151394.180,1607151394.680
VisTouch_brass_f6_r1_v1_seg03a_c002,VisTouch_brass_f6_r1_v1_seg03a,brass_f6_r1_v1,brass,0,6,train,rise,1.000,1607151394.680,1607151395.180
VisTouch_brass_f6_r1_v1_seg03a_c003,VisTouch_brass_f6_r1_v1_seg03a,brass_f6_r1_v1,brass,0,6,train,rise,1.500,1607151395.180,1607151395.680
VisTouch_brass_f6_r1_v1_seg03a_c004,VisTouch_brass_f6_r1_v1_seg03a,brass_f6_r1_v1,brass,0,6,train,rise,2.000,1607151395.680,1607151396.180
VisTouch_brass_f6_r1_v1_seg03a_c005,VisTouch_brass_f6_r1_v1_seg03a,brass_f6_r1_v1,brass,0,6,train,rise,2.500,1607151396.180,1607151396.680
VisTouch_brass_f6_r1_v1_seg03a_c006,VisTouch_brass_f6_r1_v1_seg03a,brass_f6_r1_v1,brass,0,6,train,rise,3.000,1607151396.680,1607151397.180
VisTouch_brass_f6_r1_v1_seg03a_c007,VisTouch_brass_f6_r1_v1_seg03a,brass_f6_r1_v1,brass,0,6,train,rise,3.500,1607151397.180,1607151397.680
VisTouch_brass_f6_r1_v1_seg03a_c008,VisTouch_brass_f6_r1_v1_seg03a,brass_f6_r1_v1,brass,0,6,train,rise,4.000,1607151397.680,1607151398.180
VisTouch_brass_f6_r1_v1_seg03a_c009,VisTouch_brass_f6_r1_v1_seg03a,brass_f6_r1_v1,brass,0,6,train,rise,4.500,1607151398.180,1607151398.680
VisTouch_brass_f6_r1_v1_seg03a_c010,VisTouch_brass_f6_r1_v1_seg03a,brass_f6_r1_v1,brass,0,6,train,rise,5.000,1607151398.680,1607151399.180
VisTouch_brass_f6_r1_v1_seg03a_c011,VisTouch_brass_f6_r1_v1_seg03a,brass_f6_r1_v1,brass,0,6,train,rise,5.500,1607151399.180,1607151399.680
VisTouch_brass_f6_r1_v1_seg03b_c000,VisTouch_brass_f6_r1_v1_seg03b,brass_f6_r1_v1,brass,0,6,train,fall,0.000,1607151400.040,1607151400.540
VisTouch_brass_f6_r1_v1_seg03b_c001,VisTouch_brass_f6_r1_v1_seg03b,brass_f6_r1_v1,brass,0,6,train,fall,0.500,1607151400.540,1607151401.040
VisTouch_brass_f6_r1_v1_seg03b_c002,VisTouch_brass_f6_r1_v1_seg03b,brass_f6_r1_v1,brass,0,6,train,fall,1.000,1607151401.040,1607151401.540
VisTouch_brass_f6_r1_v1_seg03b_c003,VisTouch_brass_f6_r1_v1_seg03b,brass_f6_r1_v1,brass,0,6,train,fall,1.500,1607151401.540,1607151402.040
VisTouch_brass_f6_r1_v1_seg03b_c004,VisTouch_brass_f6_r1_v1_seg03b,brass_f6_r1_v1,brass,0,6,train,fall,2.000,1607151402.040,1607151402.540
VisTouch_brass_f6_r1_v1_seg03b_c005,VisTouch_brass_f6_r1_v1_seg03b,brass_f6_r1_v1,brass,0,6,train,fall,2.500,1607151402.540,1607151403.040
VisTouch_brass_f6_r1_v1_seg03b_c006,VisTouch_brass_f6_r1_v1_seg03b,brass_f6_r1_v1,brass,0,6,train,fall,3.000,1607151403.040,1607151403.540
VisTouch_brass_f6_r1_v1_seg04a_c000,VisTouch_brass_f6_r1_v1_seg04a,brass_f6_r1_v1,brass,0,6,train,rise,0.000,1607151403.940,1607151404.440
VisTouch_brass_f6_r1_v1_seg04a_c001,VisTouch_brass_f6_r1_v1_seg04a,brass_f6_r1_v1,brass,0,6,train,rise,0.500,1607151404.440,1607151404.940
VisTouch_brass_f6_r1_v1_seg04a_c002,VisTouch_brass_f6_r1_v1_seg04a,brass_f6_r1_v1,brass,0,6,train,rise,1.000,1607151404.940,1607151405.440
VisTouch_brass_f6_r1_v1_seg04a_c003,VisTouch_brass_f6_r1_v1_seg04a,brass_f6_r1_v1,brass,0,6,train,rise,1.500,1607151405.440,1607151405.940
VisTouch_brass_f6_r1_v1_seg04a_c004,VisTouch_brass_f6_r1_v1_seg04a,brass_f6_r1_v1,brass,0,6,train,rise,2.000,1607151405.940,1607151406.440
VisTouch_brass_f6_r1_v1_seg04a_c005,VisTouch_brass_f6_r1_v1_seg04a,brass_f6_r1_v1,brass,0,6,train,rise,2.500,1607151406.440,1607151406.940
VisTouch_brass_f6_r1_v1_seg04a_c006,VisTouch_brass_f6_r1_v1_seg04a,brass_f6_r1_v1,brass,0,6,train,rise,3.000,1607151406.940,1607151407.440
VisTouch_brass_f6_r1_v1_seg04a_c007,VisTouch_brass_f6_r1_v1_seg04a,brass_f6_r1_v1,brass,0,6,train,rise,3.500,1607151407.440,1607151407.940
VisTouch_brass_f6_r1_v1_seg04a_c008,VisTouch_brass_f6_r1_v1_seg04a,brass_f6_r1_v1,brass,0,6,train,rise,4.000,1607151407.940,1607151408.440
VisTouch_brass_f6_r1_v1_seg04a_c009,VisTouch_brass_f6_r1_v1_seg04a,brass_f6_r1_v1,brass,0,6,train,rise,4.500,1607151408.440,1607151408.940
VisTouch_brass_f6_r1_v1_seg04a_c010,VisTouch_brass_f6_r1_v1_seg04a,brass_f6_r1_v1,brass,0,6,train,rise,5.000,1607151408.940,1607151409.440
VisTouch_brass_f6_r1_v1_seg04a_c011,VisTouch_brass_f6_r1_v1_seg04a,brass_f6_r1_v1,brass,0,6,train,rise,5.500,1607151409.440,1607151409.940
VisTouch_brass_f6_r1_v1_seg04b_c000,VisTouch_brass_f6_r1_v1_seg04b,brass_f6_r1_v1,brass,0,6,train,fall,0.000,1607151410.250,1607151410.750
VisTouch_brass_f6_r1_v1_seg04b_c001,VisTouch_brass_f6_r1_v1_seg04b,brass_f6_r1_v1,brass,0,6,train,fall,0.500,1607151410.750,1607151411.250
VisTouch_brass_f6_r1_v1_seg04b_c002,VisTouch_brass_f6_r1_v1_seg04b,brass_f6_r1_v1,brass,0,6,train,fall,1.000,1607151411.250,1607151411.750
VisTouch_brass_f6_r1_v1_seg04b_c003,VisTouch_brass_f6_r1_v1_seg04b,brass_f6_r1_v1,brass,0,6,train,fall,1.500,1607151411.750,1607151412.250
VisTouch_brass_f6_r1_v1_seg04b_c004,VisTouch_brass_f6_r1_v1_seg04b,brass_f6_r1_v1,brass,0,6,train,fall,2.000,1607151412.250,1607151412.750
VisTouch_brass_f6_r1_v1_seg04b_c005,VisTouch_brass_f6_r1_v1_seg04b,brass_f6_r1_v1,brass,0,6,train,fall,2.500,1607151412.750,1607151413.250
VisTouch_brass_f6_r1_v1_seg04b_c006,VisTouch_brass_f6_r1_v1_seg04b,brass_f6_r1_v1,brass,0,6,train,fall,3.000,1607151413.250,1607151413.750
VisTouch_brass_f6_r1_v1_seg05a_c000,VisTouch_brass_f6_r1_v1_seg05a,brass_f6_r1_v1,brass,0,6,train,rise,0.000,1607151414.200,1607151414.700
VisTouch_brass_f6_r1_v1_seg05a_c001,VisTouch_brass_f6_r1_v1_seg05a,brass_f6_r1_v1,brass,0,6,train,rise,0.500,1607151414.700,1607151415.200
VisTouch_brass_f6_r1_v1_seg05a_c002,VisTouch_brass_f6_r1_v1_seg05a,brass_f6_r1_v1,brass,0,6,train,rise,1.000,1607151415.200,1607151415.700
VisTouch_brass_f6_r1_v1_seg05a_c003,VisTouch_brass_f6_r1_v1_seg05a,brass_f6_r1_v1,brass,0,6,train,rise,1.500,1607151415.700,1607151416.200
VisTouch_brass_f6_r1_v1_seg05a_c004,VisTouch_brass_f6_r1_v1_seg05a,brass_f6_r1_v1,brass,0,6,train,rise,2.000,1607151416.200,1607151416.700
VisTouch_brass_f6_r1_v1_seg05a_c005,VisTouch_brass_f6_r1_v1_seg05a,brass_f6_r1_v1,brass,0,6,train,rise,2.500,1607151416.700,1607151417.200
VisTouch_brass_f6_r1_v1_seg05a_c006,VisTouch_brass_f6_r1_v1_seg05a,brass_f6_r1_v1,brass,0,6,train,rise,3.000,1607151417.200,1607151417.700
VisTouch_brass_f6_r1_v1_seg05a_c007,VisTouch_brass_f6_r1_v1_seg05a,brass_f6_r1_v1,brass,0,6,train,rise,3.500,1607151417.700,1607151418.200
VisTouch_brass_f6_r1_v1_seg05a_c008,VisTouch_brass_f6_r1_v1_seg05a,brass_f6_r1_v1,brass,0,6,train,rise,4.000,1607151418.200,1607151418.700
VisTouch_brass_f6_r1_v1_seg05a_c009,VisTouch_brass_f6_r1_v1_seg05a,brass_f6_r1_v1,brass,0,6,train,rise,4.500,1607151418.700,1607151419.200
VisTouch_brass_f6_r1_v1_seg05a_c010,VisTouch_brass_f6_r1_v1_seg05a,brass_f6_r1_v1,brass,0,6,train,rise,5.000,1607151419.200,1607151419.700
VisTouch_brass_f6_r1_v1_seg05a_c011,VisTouch_brass_f6_r1_v1_seg05a,brass_f6_r1_v1,brass,0,6,train,rise,5.500,1607151419.700,1607151420.200
VisTouch_brass_f6_r1_v1_seg05b_c000,VisTouch_brass_f6_r1_v1_seg05b,brass_f6_r1_v1,brass,0,6,train,fall,0.000,1607151420.580,1607151421.080
VisTouch_brass_f6_r1_v1_seg05b_c001,VisTouch_brass_f6_r1_v1_seg05b,brass_f6_r1_v1,brass,0,6,train,fall,0.500,1607151421.080,1607151421.580
VisTouch_brass_f6_r1_v1_seg05b_c002,VisTouch_brass_f6_r1_v1_seg05b,brass_f6_r1_v1,brass,0,6,train,fall,1.000,1607151421.580,1607151422.080
VisTouch_brass_f6_r1_v1_seg05b_c003,VisTouch_brass_f6_r1_v1_seg05b,brass_f6_r1_v1,brass,0,6,train,fall,1.500,1607151422.080,1607151422.580
VisTouch_brass_f6_r1_v1_seg05b_c004,VisTouch_brass_f6_r1_v1_seg05b,brass_f6_r1_v1,brass,0,6,train,fall,2.000,1607151422.580,1607151423.080
VisTouch_brass_f6_r1_v1_seg05b_c005,VisTouch_brass_f6_r1_v1_seg05b,brass_f6_r1_v1,brass,0,6,train,fall,2.500,1607151423.080,1607151423.580
VisTouch_brass_f6_r1_v1_seg05b_c006,VisTouch_brass_f6_r1_v1_seg05b,brass_f6_r1_v1,brass,0,6,train,fall,3.000,1607151423.580,1607151424.080
VisTouch_brass_f6_r1_v1_idle02_c000,VisTouch_brass_f6_r1_v1_idle02,brass_f6_r1_v1,brass,0,6,train,idle,0.000,1607151424.500,1607151425.000
VisTouch_brass_f6_r1_v1_idle02_c001,VisTouch_brass_f6_r1_v1_idle02,brass_f6_r1_v1,brass,0,6,train,idle,0.500,1607151425.000,1607151425.500
VisTouch_brass_f6_r1_v1_idle02_c002,VisTouch_brass_f6_r1_v1_idle02,brass_f6_r1_v1,brass,0,6,train,idle,1.000,1607151425.500,1607151426.000
VisTouch_brass_f6_r1_v1_idle02_c003,VisTouch_brass_f6_r1_v1_idle02,brass_f6_r1_v1,brass,0,6,train,idle,1.500,1607151426.000,1607151426.500
VisTouch_brass_f6_r1_v1_idle02_c004,VisTouch_brass_f6_r1_v1_idle02,brass_f6_r1_v1,brass,0,6,train,idle,2.000,1607151426.500,1607151427.000
VisTouch_brass_f6_r1_v1_idle02_c005,VisTouch_brass_f6_r1_v1_idle02,brass_f6_r1_v1,brass,0,6,train,idle,2.500,1607151427.000,1607151427.500
VisTouch_brass_f6_r1_v1_idle02_c006,VisTouch_brass_f6_r1_v1_idle02,brass_f6_r1_v1,brass,0,6,train,idle,3.000,1607151427.500,1607151428.000
VisTouch_brass_f6_r1_v1_idle02_c007,VisTouch_brass_f6_r1_v1_idle02,brass_f6_r1_v1,brass,0,6,train,idle,3.500,1607151428.000,1607151428.500
VisTouch_brass_f6_r1_v1_idle02_c008,VisTouch_brass_f6_r1_v1_idle02,brass_f6_r1_v1,brass,0,6,train,idle,4.000,1607151428.500,1607151429.000
VisTouch_brass_f6_r1_v1_idle02_c009,VisTouch_brass_f6_r1_v1_idle02,brass_f6_r1_v1,brass,0,6,train,idle,4.500,1607151429.000,1607151429.500
VisTouch_brass_f6_r1_v1_idle02_c010,VisTouch_brass_f6_r1_v1_idle02,brass_f6_r1_v1,brass,0,6,train,idle,5.000,1607151429.500,1607151430.000
VisTouch_brass_f6_r1_v1_idle02_c011,VisTouch_brass_f6_r1_v1_idle02,brass_f6_r1_v1,brass,0,6,train,idle,5.500,1607151430.000,1607151430.500
VisTouch_brass_f6_r1_v1_idle03_c000,VisTouch_brass_f6_r1_v1_idle03,brass_f6_r1_v1,brass,0,6,train,idle,0.000,1607151430.650,1607151431.150
VisTouch_brass_f6_r1_v1_idle03_c001,VisTouch_brass_f6_r1_v1_idle03,brass_f6_r1_v1,brass,0,6,train,idle,0.500,1607151431.150,1607151431.650
VisTouch_brass_f6_r1_v1_idle03_c002,VisTouch_brass_f6_r1_v1_idle03,brass_f6_r1_v1,brass,0,6,train,idle,1.000,1607151431.650,1607151432.150
VisTouch_brass_f6_r1_v1_idle03_c003,VisTouch_brass_f6_r1_v1_idle03,brass_f6_r1_v1,brass,0,6,train,idle,1.500,1607151432.150,1607151432.650
VisTouch_brass_f6_r1_v1_idle03_c004,VisTouch_brass_f6_r1_v1_idle03,brass_f6_r1_v1,brass,0,6,train,idle,2.000,1607151432.650,1607151433.150
VisTouch_brass_f6_r1_v1_idle03_c005,VisTouch_brass_f6_r1_v1_idle03,brass_f6_r1_v1,brass,0,6,train,idle,2.500,1607151433.150,1607151433.650
VisTouch_brass_f6_r1_v1_idle03_c006,VisTouch_brass_f6_r1_v1_idle03,brass_f6_r1_v1,brass,0,6,train,idle,3.000,1607151433.650,1607151434.150
VisTouch_brass_f6_r1_v1_idle03_c007,VisTouch_brass_f6_r1_v1_idle03,brass_f6_r1_v1,brass,0,6,train,idle,3.500,1607151434.150,1607151434.650
VisTouch_brass_f6_r1_v1_idle03_c008,VisTouch_brass_f6_r1_v1_idle03,brass_f6_r1_v1,brass,0,6,train,idle,4.000,1607151434.650,1607151435.150
VisTouch_brass_f6_r1_v1_idle03_c009,VisTouch_brass_f6_r1_v1_idle03,brass_f6_r1_v1,brass,0,6,train,idle,4.500,1607151435.150,1607151435.650
VisTouch_brass_f6_r1_v1_idle03_c010,VisTouch_brass_f6_r1_v1_idle03,brass_f6_r1_v1,brass,0,6,train,idle,5.000,1607151435.650,1607151436.150
VisTouch_brass_f6_r1_v1_idle03_c011,VisTouch_brass_f6_r1_v1_idle03,brass_f6_r1_v1,brass,0,6,train,idle,5.500,1607151436.150,1607151436.650
VisTouch_brass_f9_r1_v1_idle01_c000,VisTouch_brass_f9_r1_v1_idle01,brass_f9_r1_v1,brass,0,9,test,idle,0.000,1607152506.000,1607152506.500
VisTouch_brass_f9_r1_v1_idle01_c001,VisTouch_brass_f9_r1_v1_idle01,brass_f9_r1_v1,brass,0,9,test,idle,0.500,1607152506.500,1607152507.000
VisTouch_brass_f9_r1_v1_idle01_c002,VisTouch_brass_f9_r1_v1_idle01,brass_f9_r1_v1,brass,0,9,test,idle,1.000,1607152507.000,1607152507.500
VisTouch_brass_f9_r1_v1_idle01_c003,VisTouch_brass_f9_r1_v1_idle01,brass_f9_r1_v1,brass,0,9,test,idle,1.500,1607152507.500,1607152508.000
VisTouch_brass_f9_r1_v1_idle01_c004,VisTouch_brass_f9_r1_v1_idle01,brass_f9_r1_v1,brass,0,9,test,idle,2.000,1607152508.000,1607152508.500
VisTouch_brass_f9_r1_v1_idle01_c005,VisTouch_brass_f9_r1_v1_idle01,brass_f9_r1_v1,brass,0,9,test,idle,2.500,1607152508.500,1607152509.000
VisTouch_brass_f9_r1_v1_idle01_c006,VisTouch_brass_f9_r1_v1_idle01,brass_f9_r1_v1,brass,0,9,test,idle,3.000,1607152509.000,1607152509.500
VisTouch_brass_f9_r1_v1_idle01_c007,VisTouch_brass_f9_r1_v1_idle01,brass_f9_r1_v1,brass,0,9,test,idle,3.500,1607152509.500,1607152510.000
VisTouch_brass_f9_r1_v1_idle01_c008,VisTouch_brass_f9_r1_v1_idle01,brass_f9_r1_v1,brass,0,9,test,idle,4.000,1607152510.000,1607152510.500
VisTouch_brass_f9_r1_v1_idle01_c009,VisTouch_brass_f9_r1_v1_idle01,brass_f9_r1_v1,brass,0,9,test,idle,4.500,1607152510.500,1607152511.000
VisTouch_brass_f9_r1_v1_idle01_c010,VisTouch_brass_f9_r1_v1_idle01,brass_f9_r1_v1,brass,0,9,test,idle,5.000,1607152511.000,1607152511.500
VisTouch_brass_f9_r1_v1_idle01_c011,VisTouch_brass_f9_r1_v1_idle01,brass_f9_r1_v1,brass,0,9,test,idle,5.500,1607152511.500,1607152512.000
VisTouch_brass_f9_r1_v1_idle01_c012,VisTouch_brass_f9_r1_v1_idle01,brass_f9_r1_v1,brass,0,9,test,idle,6.000,1607152512.000,1607152512.500
VisTouch_brass_f9_r1_v1_idle01_c013,VisTouch_brass_f9_r1_v1_idle01,brass_f9_r1_v1,brass,0,9,test,idle,6.500,1607152512.500,1607152513.000
VisTouch_brass_f9_r1_v1_idle01_c014,VisTouch_brass_f9_r1_v1_idle01,brass_f9_r1_v1,brass,0,9,test,idle,7.000,1607152513.000,1607152513.500
VisTouch_brass_f9_r1_v1_idle01_c015,VisTouch_brass_f9_r1_v1_idle01,brass_f9_r1_v1,brass,0,9,test,idle,7.500,1607152513.500,1607152514.000
VisTouch_brass_f9_r1_v1_seg01a_c000,VisTouch_brass_f9_r1_v1_seg01a,brass_f9_r1_v1,brass,0,9,test,rise,0.000,1607152514.380,1607152514.880
VisTouch_brass_f9_r1_v1_seg01a_c001,VisTouch_brass_f9_r1_v1_seg01a,brass_f9_r1_v1,brass,0,9,test,rise,0.500,1607152514.880,1607152515.380
VisTouch_brass_f9_r1_v1_seg01a_c002,VisTouch_brass_f9_r1_v1_seg01a,brass_f9_r1_v1,brass,0,9,test,rise,1.000,1607152515.380,1607152515.880
VisTouch_brass_f9_r1_v1_seg01a_c003,VisTouch_brass_f9_r1_v1_seg01a,brass_f9_r1_v1,brass,0,9,test,rise,1.500,1607152515.880,1607152516.380
VisTouch_brass_f9_r1_v1_seg01a_c004,VisTouch_brass_f9_r1_v1_seg01a,brass_f9_r1_v1,brass,0,9,test,rise,2.000,1607152516.380,1607152516.880
VisTouch_brass_f9_r1_v1_seg01a_c005,VisTouch_brass_f9_r1_v1_seg01a,brass_f9_r1_v1,brass,0,9,test,rise,2.500,1607152516.880,1607152517.380
VisTouch_brass_f9_r1_v1_seg01a_c006,VisTouch_brass_f9_r1_v1_seg01a,brass_f9_r1_v1,brass,0,9,test,rise,3.000,1607152517.380,1607152517.880
VisTouch_brass_f9_r1_v1_seg01a_c007,VisTouch_brass_f9_r1_v1_seg01a,brass_f9_r1_v1,brass,0,9,test,rise,3.500,1607152517.880,1607152518.380
VisTouch_brass_f9_r1_v1_seg01a_c008,VisTouch_brass_f9_r1_v1_seg01a,brass_f9_r1_v1,brass,0,9,test,rise,4.000,1607152518.380,1607152518.880
VisTouch_brass_f9_r1_v1_seg01a_c009,VisTouch_brass_f9_r1_v1_seg01a,brass_f9_r1_v1,brass,0,9,test,rise,4.500,1607152518.880,1607152519.380
VisTouch_brass_f9_r1_v1_seg01a_c010,VisTouch_brass_f9_r1_v1_seg01a,brass_f9_r1_v1,brass,0,9,test,rise,5.000,1607152519.380,1607152519.880
VisTouch_brass_f9_r1_v1_seg01a_c011,VisTouch_brass_f9_r1_v1_seg01a,brass_f9_r1_v1,brass,0,9,test,rise,5.500,1607152519.880,1607152520.380
VisTouch_brass_f9_r1_v1_seg01b_c000,VisTouch_brass_f9_r1_v1_seg01b,brass_f9_r1_v1,brass,0,9,test,fall,0.000,1607152520.680,1607152521.180
VisTouch_brass_f9_r1_v1_seg01b_c001,VisTouch_brass_f9_r1_v1_seg01b,brass_f9_r1_v1,brass,0,9,test,fall,0.500,1607152521.180,1607152521.680
VisTouch_brass_f9_r1_v1_seg01b_c002,VisTouch_brass_f9_r1_v1_seg01b,brass_f9_r1_v1,brass,0,9,test,fall,1.000,1607152521.680,1607152522.180
VisTouch_brass_f9_r1_v1_seg01b_c003,VisTouch_brass_f9_r1_v1_seg01b,brass_f9_r1_v1,brass,0,9,test,fall,1.500,1607152522.180,1607152522.680
VisTouch_brass_f9_r1_v1_seg01b_c004,VisTouch_brass_f9_r1_v1_seg01b,brass_f9_r1_v1,brass,0,9,test,fall,2.000,1607152522.680,1607152523.180
VisTouch_brass_f9_r1_v1_seg01b_c005,VisTouch_brass_f9_r1_v1_seg01b,brass_f9_r1_v1,brass,0,9,test,fall,2.500,1607152523.180,1607152523.680
VisTouch_brass_f9_r1_v1_seg01b_c006,VisTouch_brass_f9_r1_v1_seg01b,brass_f9_r1_v1,brass,0,9,test,fall,3.000,1607152523.680,1607152524.180
VisTouch_brass_f9_r1_v1_seg02a_c000,VisTouch_brass_f9_r1_v1_seg02a,brass_f9_r1_v1,brass,0,9,test,rise,0.000,1607152524.560,1607152525.060
VisTouch_brass_f9_r1_v1_seg02a_c001,VisTouch_brass_f9_r1_v1_seg02a,brass_f9_r1_v1,brass,0,9,test,rise,0.500,1607152525.060,1607152525.560
VisTouch_brass_f9_r1_v1_seg02a_c002,VisTouch_brass_f9_r1_v1_seg02a,brass_f9_r1_v1,brass,0,9,test,rise,1.000,1607152525.560,1607152526.060
VisTouch_brass_f9_r1_v1_seg02a_c003,VisTouch_brass_f9_r1_v1_seg02a,brass_f9_r1_v1,brass,0,9,test,rise,1.500,1607152526.060,1607152526.560
VisTouch_brass_f9_r1_v1_seg02a_c004,VisTouch_brass_f9_r1_v1_seg02a,brass_f9_r1_v1,brass,0,9,test,rise,2.000,1607152526.560,1607152527.060
VisTouch_brass_f9_r1_v1_seg02a_c005,VisTouch_brass_f9_r1_v1_seg02a,brass_f9_r1_v1,brass,0,9,test,rise,2.500,1607152527.060,1607152527.560
VisTouch_brass_f9_r1_v1_seg02a_c006,VisTouch_brass_f9_r1_v1_seg02a,brass_f9_r1_v1,brass,0,9,test,rise,3.000,1607152527.560,1607152528.060
VisTouch_brass_f9_r1_v1_seg02a_c007,VisTouch_brass_f9_r1_v1_seg02a,brass_f9_r1_v1,brass,0,9,test,rise,3.500,1607152528.060,1607152528.560
VisTouch_brass_f9_r1_v1_seg02a_c008,VisTouch_brass_f9_r1_v1_seg02a,brass_f9_r1_v1,brass,0,9,test,rise,4.000,1607152528.560,1607152529.060
VisTouch_brass_f9_r1_v1_seg02a_c009,VisTouch_brass_f9_r1_v1_seg02a,brass_f9_r1_v1,brass,0,9,test,rise,4.500,1607152529.060,1607152529.560
VisTouch_brass_f9_r1_v1_seg02a_c010,VisTouch_brass_f9_r1_v1_seg02a,brass_f9_r1_v1,brass,0,9,test,rise,5.000,1607152529.560,1607152530.060
VisTouch_brass_f9_r1_v1_seg02a_c011,VisTouch_brass_f9_r1_v1_seg02a,brass_f9_r1_v1,brass,0,9,test,rise,5.500,1607152530.060,1607152530.560
VisTouch_brass_f9_r1_v1_seg02b_c000,VisTouch_brass_f9_r1_v1_seg02b,brass_f9_r1_v1,brass,0,9,test,fall,0.000,1607152530.860,1607152531.360
VisTouch_brass_f9_r1_v1_seg02b_c001,VisTouch_brass_f9_r1_v1_seg02b,brass_f9_r1_v1,brass,0,9,test,fall,0.500,1607152531.360,1607152531.860
VisTouch_brass_f9_r1_v1_seg02b_c002,VisTouch_brass_f9_r1_v1_seg02b,brass_f9_r1_v1,brass,0,9,test,fall,1.000,1607152531.860,1607152532.360
VisTouch_brass_f9_r1_v1_seg02b_c003,VisTouch_brass_f9_r1_v1_seg02b,brass_f9_r1_v1,brass,0,9,test,fall,1.500,1607152532.360,1607152532.860
VisTouch_brass_f9_r1_v1_seg02b_c004,VisTouch_brass_f9_r1_v1_seg02b,brass_f9_r1_v1,brass,0,9,test,fall,2.000,1607152532.860,1607152533.360
VisTouch_brass_f9_r1_v1_seg02b_c005,VisTouch_brass_f9_r1_v1_seg02b,brass_f9_r1_v1,brass,0,9,test,fall,2.500,1607152533.360,1607152533.860
VisTouch_brass_f9_r1_v1_seg02b_c006,VisTouch_brass_f9_r1_v1_seg02b,brass_f9_r1_v1,brass,0,9,test,fall,3.000,1607152533.860,1607152534.360
VisTouch_brass_f9_r1_v1_seg03a_c000,VisTouch_brass_f9_r1_v1_seg03a,brass_f9_r1_v1,brass,0,9,test,rise,0.000,1607152534.740,1607152535.240
VisTouch_brass_f9_r1_v1_seg03a_c001,VisTouch_brass_f9_r1_v1_seg03a,brass_f9_r1_v1,brass,0,9,test,rise,0.500,1607152535.240,1607152535.740
VisTouch_brass_f9_r1_v1_seg03a_c002,VisTouch_brass_f9_r1_v1_seg03a,brass_f9_r1_v1,brass,0,9,test,rise,1.000,1607152535.740,1607152536.240
VisTouch_brass_f9_r1_v1_seg03a_c003,VisTouch_brass_f9_r1_v1_seg03a,brass_f9_r1_v1,brass,0,9,test,rise,1.500,1607152536.240,1607152536.740
VisTouch_brass_f9_r1_v1_seg03a_c004,VisTouch_brass_f9_r1_v1_seg03a,brass_f9_r1_v1,brass,0,9,test,rise,2.000,1607152536.740,1607152537.240
VisTouch_brass_f9_r1_v1_seg03a_c005,VisTouch_brass_f9_r1_v1_seg03a,brass_f9_r1_v1,brass,0,9,test,rise,2.500,1607152537.240,1607152537.740
VisTouch_brass_f9_r1_v1_seg03a_c006,VisTouch_brass_f9_r1_v1_seg03a,brass_f9_r1_v1,brass,0,9,test,rise,3.000,1607152537.740,1607152538.240
VisTouch_brass_f9_r1_v1_seg03a_c007,VisTouch_brass_f9_r1_v1_seg03a,brass_f9_r1_v1,brass,0,9,test,rise,3.500,1607152538.240,1607152538.740
VisTouch_brass_f9_r1_v1_seg03a_c008,VisTouch_brass_f9_r1_v1_seg03a,brass_f9_r1_v1,brass,0,9,test,rise,4.000,1607152538.740,1607152539.240
VisTouch_brass_f9_r1_v1_seg03a_c009,VisTouch_brass_f9_r1_v1_seg03a,brass_f9_r1_v1,brass,0,9,test,rise,4.500,1607152539.240,1607152539.740
VisTouch_brass_f9_r1_v1_seg03a_c010,VisTouch_brass_f9_r1_v1_seg03a,brass_f9_r1_v1,brass,0,9,test,rise,5.000,1607152539.740,1607152540.240
VisTouch_brass_f9_r1_v1_seg03a_c011,VisTouch_brass_f9_r1_v1_seg03a,brass_f9_r1_v1,brass,0,9,test,rise,5.500,1607152540.240,1607152540.740
VisTouch_brass_f9_r1_v1_seg03b_c000,VisTouch_brass_f9_r1_v1_seg03b,brass_f9_r1_v1,brass,0,9,test,fall,0.000,1607152541.060,1607152541.560
VisTouch_brass_f9_r1_v1_seg03b_c001,VisTouch_brass_f9_r1_v1_seg03b,brass_f9_r1_v1,brass,0,9,test,fall,0.500,1607152541.560,1607152542.060
VisTouch_brass_f9_r1_v1_seg03b_c002,VisTouch_brass_f9_r1_v1_seg03b,brass_f9_r1_v1,brass,0,9,test,fall,1.000,1607152542.060,1607152542.560
VisTouch_brass_f9_r1_v1_seg03b_c003,VisTouch_brass_f9_r1_v1_seg03b,brass_f9_r1_v1,brass,0,9,test,fall,1.500,1607152542.560,1607152543.060
VisTouch_brass_f9_r1_v1_seg03b_c004,VisTouch_brass_f9_r1_v1_seg03b,brass_f9_r1_v1,brass,0,9,test,fall,2.000,1607152543.060,1607152543.560
VisTouch_brass_f9_r1_v1_seg03b_c005,VisTouch_brass_f9_r1_v1_seg03b,brass_f9_r1_v1,brass,0,9,test,fall,2.500,1607152543.560,1607152544.060
VisTouch_brass_f9_r1_v1_seg03b_c006,VisTouch_brass_f9_r1_v1_seg03b,brass_f9_r1_v1,brass,0,9,test,fall,3.000,1607152544.060,1607152544.560
VisTouch_brass_f9_r1_v1_seg04a_c000,VisTouch_brass_f9_r1_v1_seg04a,brass_f9_r1_v1,brass,0,9,test,rise,0.000,1607152544.920,1607152545.420
VisTouch_brass_f9_r1_v1_seg04a_c001,VisTouch_brass_f9_r1_v1_seg04a,brass_f9_r1_v1,brass,0,9,test,rise,0.500,1607152545.420,1607152545.920
VisTouch_brass_f9_r1_v1_seg04a_c002,VisTouch_brass_f9_r1_v1_seg04a,brass_f9_r1_v1,brass,0,9,test,rise,1.000,1607152545.920,1607152546.420
VisTouch_brass_f9_r1_v1_seg04a_c003,VisTouch_brass_f9_r1_v1_seg04a,brass_f9_r1_v1,brass,0,9,test,rise,1.500,1607152546.420,1607152546.920
VisTouch_brass_f9_r1_v1_seg04a_c004,VisTouch_brass_f9_r1_v1_seg04a,brass_f9_r1_v1,brass,0,9,test,rise,2.000,1607152546.920,1607152547.420
VisTouch_brass_f9_r1_v1_seg04a_c005,VisTouch_brass_f9_r1_v1_seg04a,brass_f9_r1_v1,brass,0,9,test,rise,2.500,1607152547.420,1607152547.920
VisTouch_brass_f9_r1_v1_seg04a_c006,VisTouch_brass_f9_r1_v1_seg04a,brass_f9_r1_v1,brass,0,9,test,rise,3.000,1607152547.920,1607152548.420
VisTouch_brass_f9_r1_v1_seg04a_c007,VisTouch_brass_f9_r1_v1_seg04a,brass_f9_r1_v1,brass,0,9,test,rise,3.500,1607152548.420,1607152548.920
VisTouch_brass_f9_r1_v1_seg04a_c008,VisTouch_brass_f9_r1_v1_seg04a,brass_f9_r1_v1,brass,0,9,test,rise,4.000,1607152548.920,1607152549.420
VisTouch_brass_f9_r1_v1_seg04a_c009,VisTouch_brass_f9_r1_v1_seg04a,brass_f9_r1_v1,brass,0,9,test,rise,4.500,1607152549.420,1607152549.920
VisTouch_brass_f9_r1_v1_seg04a_c010,VisTouch_brass_f9_r1_v1_seg04a,brass_f9_r1_v1,brass,0,9,test,rise,5.000,1607152549.920,1607152550.420
VisTouch_brass_f9_r1_v1_seg04a_c011,VisTouch_brass_f9_r1_v1_seg04a,brass_f9_r1_v1,brass,0,9,test,rise,5.500,1607152550.420,1607152550.920
VisTouch_brass_f9_r1_v1_seg04b_c000,VisTouch_brass_f9_r1_v1_seg04b,brass_f9_r1_v1,brass,0,9,test,fall,0.000,1607152551.270,1607152551.770
VisTouch_brass_f9_r1_v1_seg04b_c001,VisTouch_brass_f9_r1_v1_seg04b,brass_f9_r1_v1,brass,0,9,test,fall,0.500,1607152551.770,1607152552.270
VisTouch_brass_f9_r1_v1_seg04b_c002,VisTouch_brass_f9_r1_v1_seg04b,brass_f9_r1_v1,brass,0,9,test,fall,1.000,1607152552.270,1607152552.770
VisTouch_brass_f9_r1_v1_seg04b_c003,VisTouch_brass_f9_r1_v1_seg04b,brass_f9_r1_v1,brass,0,9,test,fall,1.500,1607152552.770,1607152553.270
VisTouch_brass_f9_r1_v1_seg04b_c004,VisTouch_brass_f9_r1_v1_seg04b,brass_f9_r1_v1,brass,0,9,test,fall,2.000,1607152553.270,1607152553.770
VisTouch_brass_f9_r1_v1_seg04b_c005,VisTouch_brass_f9_r1_v1_seg04b,brass_f9_r1_v1,brass,0,9,test,fall,2.500,1607152553.770,1607152554.270
VisTouch_brass_f9_r1_v1_seg04b_c006,VisTouch_brass_f9_r1_v1_seg04b,brass_f9_r1_v1,brass,0,9,test,fall,3.000,1607152554.270,1607152554.770
VisTouch_brass_f9_r1_v1_seg05a_c000,VisTouch_brass_f9_r1_v1_seg05a,brass_f9_r1_v1,brass,0,9,test,rise,0.000,1607152555.140,1607152555.640
VisTouch_brass_f9_r1_v1_seg05a_c001,VisTouch_brass_f9_r1_v1_seg05a,brass_f9_r1_v1,brass,0,9,test,rise,0.500,1607152555.640,1607152556.140
VisTouch_brass_f9_r1_v1_seg05a_c002,VisTouch_brass_f9_r1_v1_seg05a,brass_f9_r1_v1,brass,0,9,test,rise,1.000,1607152556.140,1607152556.640
VisTouch_brass_f9_r1_v1_seg05a_c003,VisTouch_brass_f9_r1_v1_seg05a,brass_f9_r1_v1,brass,0,9,test,rise,1.500,1607152556.640,1607152557.140
VisTouch_brass_f9_r1_v1_seg05a_c004,VisTouch_brass_f9_r1_v1_seg05a,brass_f9_r1_v1,brass,0,9,test,rise,2.000,1607152557.140,1607152557.640
VisTouch_brass_f9_r1_v1_seg05a_c005,VisTouch_brass_f9_r1_v1_seg05a,brass_f9_r1_v1,brass,0,9,test,rise,2.500,1607152557.640,1607152558.140
VisTouch_brass_f9_r1_v1_seg05a_c006,VisTouch_brass_f9_r1_v1_seg05a,brass_f9_r1_v1,brass,0,9,test,rise,3.000,1607152558.140,1607152558.640
VisTouch_brass_f9_r1_v1_seg05a_c007,VisTouch_brass_f9_r1_v1_seg05a,brass_f9_r1_v1,brass,0,9,test,rise,3.500,1607152558.640,1607152559.140
VisTouch_brass_f9_r1_v1_seg05a_c008,VisTouch_brass_f9_r1_v1_seg05a,brass_f9_r1_v1,brass,0,9,test,rise,4.000,1607152559.140,1607152559.640
VisTouch_brass_f9_r1_v1_seg05a_c009,VisTouch_brass_f9_r1_v1_seg05a,brass_f9_r1_v1,brass,0,9,test,rise,4.500,1607152559.640,1607152560.140
VisTouch_brass_f9_r1_v1_seg05a_c010,VisTouch_brass_f9_r1_v1_seg05a,brass_f9_r1_v1,brass,0,9,test,rise,5.000,1607152560.140,1607152560.640
VisTouch_brass_f9_r1_v1_seg05a_c011,VisTouch_brass_f9_r1_v1_seg05a,brass_f9_r1_v1,brass,0,9,test,rise,5.500,1607152560.640,1607152561.140
VisTouch_brass_f9_r1_v1_seg05b_c000,VisTouch_brass_f9_r1_v1_seg05b,brass_f9_r1_v1,brass,0,9,test,fall,0.000,1607152561.440,1607152561.940
VisTouch_brass_f9_r1_v1_seg05b_c001,VisTouch_brass_f9_r1_v1_seg05b,brass_f9_r1_v1,brass,0,9,test,fall,0.500,1607152561.940,1607152562.440
VisTouch_brass_f9_r1_v1_seg05b_c002,VisTouch_brass_f9_r1_v1_seg05b,brass_f9_r1_v1,brass,0,9,test,fall,1.000,1607152562.440,1607152562.940
VisTouch_brass_f9_r1_v1_seg05b_c003,VisTouch_brass_f9_r1_v1_seg05b,brass_f9_r1_v1,brass,0,9,test,fall,1.500,1607152562.940,1607152563.440
VisTouch_brass_f9_r1_v1_seg05b_c004,VisTouch_brass_f9_r1_v1_seg05b,brass_f9_r1_v1,brass,0,9,test,fall,2.000,1607152563.440,1607152563.940
VisTouch_brass_f9_r1_v1_seg05b_c005,VisTouch_brass_f9_r1_v1_seg05b,brass_f9_r1_v1,brass,0,9,test,fall,2.500,1607152563.940,1607152564.440
VisTouch_brass_f9_r1_v1_seg05b_c006,VisTouch_brass_f9_r1_v1_seg05b,brass_f9_r1_v1,brass,0,9,test,fall,3.000,1607152564.440,1607152564.940
VisTouch_brass_f9_r1_v1_idle02_c000,VisTouch_brass_f9_r1_v1_idle02,brass_f9_r1_v1,brass,0,9,test,idle,0.000,1607152565.320,1607152565.820
VisTouch_brass_f9_r1_v1_idle02_c001,VisTouch_brass_f9_r1_v1_idle02,brass_f9_r1_v1,brass,0,9,test,idle,0.500,1607152565.820,1607152566.320
VisTouch_brass_f9_r1_v1_idle02_c002,VisTouch_brass_f9_r1_v1_idle02,brass_f9_r1_v1,brass,0,9,test,idle,1.000,1607152566.320,1607152566.820
VisTouch_brass_f9_r1_v1_idle02_c003,VisTouch_brass_f9_r1_v1_idle02,brass_f9_r1_v1,brass,0,9,test,idle,1.500,1607152566.820,1607152567.320
VisTouch_brass_f9_r1_v1_idle02_c004,VisTouch_brass_f9_r1_v1_idle02,brass_f9_r1_v1,brass,0,9,test,idle,2.000,1607152567.320,1607152567.820
VisTouch_brass_f9_r1_v1_idle02_c005,VisTouch_brass_f9_r1_v1_idle02,brass_f9_r1_v1,brass,0,9,test,idle,2.500,1607152567.820,1607152568.320
VisTouch_brass_f9_r1_v1_idle02_c006,VisTouch_brass_f9_r1_v1_idle02,brass_f9_r1_v1,brass,0,9,test,idle,3.000,1607152568.320,1607152568.820
VisTouch_brass_f9_r1_v1_idle02_c007,VisTouch_brass_f9_r1_v1_idle02,brass_f9_r1_v1,brass,0,9,test,idle,3.500,1607152568.820,1607152569.320
VisTouch_brass_f9_r1_v1_idle02_c008,VisTouch_brass_f9_r1_v1_idle02,brass_f9_r1_v1,brass,0,9,test,idle,4.000,1607152569.320,1607152569.820
VisTouch_brass_f9_r1_v1_idle02_c009,VisTouch_brass_f9_r1_v1_idle02,brass_f9_r1_v1,brass,0,9,test,idle,4.500,1607152569.820,1607152570.320
VisTouch_brass_f9_r1_v1_idle02_c010,VisTouch_brass_f9_r1_v1_idle02,brass_f9_r1_v1,brass,0,9,test,idle,5.000,1607152570.320,1607152570.820
VisTouch_brass_f9_r1_v1_idle03_c000,VisTouch_brass_f9_r1_v1_idle03,brass_f9_r1_v1,brass,0,9,test,idle,0.000,1607152571.160,1607152571.660
VisTouch_brass_f9_r1_v1_idle03_c001,VisTouch_brass_f9_r1_v1_idle03,brass_f9_r1_v1,brass,0,9,test,idle,0.500,1607152571.660,1607152572.160
VisTouch_brass_f9_r1_v1_idle03_c002,VisTouch_brass_f9_r1_v1_idle03,brass_f9_r1_v1,brass,0,9,test,idle,1.000,1607152572.160,1607152572.660
VisTouch_brass_f9_r1_v1_idle03_c003,VisTouch_brass_f9_r1_v1_idle03,brass_f9_r1_v1,brass,0,9,test,idle,1.500,1607152572.660,1607152573.160
VisTouch_brass_f9_r1_v1_idle03_c004,VisTouch_brass_f9_r1_v1_idle03,brass_f9_r1_v1,brass,0,9,test,idle,2.000,1607152573.160,1607152573.660
VisTouch_brass_f9_r1_v1_idle03_c005,VisTouch_brass_f9_r1_v1_idle03,brass_f9_r1_v1,brass,0,9,test,idle,2.500,1607152573.660,1607152574.160
VisTouch_brass_f9_r1_v1_idle03_c006,VisTouch_brass_f9_r1_v1_idle03,brass_f9_r1_v1,brass,0,9,test,idle,3.000,1607152574.160,1607152574.660
VisTouch_brass_f9_r1_v1_idle03_c007,VisTouch_brass_f9_r1_v1_idle03,brass_f9_r1_v1,brass,0,9,test,idle,3.500,1607152574.660,1607152575.160
VisTouch_brass_f9_r1_v1_idle03_c008,VisTouch_brass_f9_r1_v1_idle03,brass_f9_r1_v1,brass,0,9,test,idle,4.000,1607152575.160,1607152575.660
VisTouch_brass_f9_r1_v1_idle03_c009,VisTouch_brass_f9_r1_v1_idle03,brass_f9_r1_v1,brass,0,9,test,idle,4.500,1607152575.660,1607152576.160
VisTouch_brass_f9_r1_v1_idle03_c010,VisTouch_brass_f9_r1_v1_idle03,brass_f9_r1_v1,brass,0,9,test,idle,5.000,1607152576.160,1607152576.660
VisTouch_linen_f3_r1_v1_idle01_c000,VisTouch_linen_f3_r1_v1_idle01,linen_f3_r1_v1,linen,1,3,train,idle,0.000,1607135154.000,1607135154.500
VisTouch_linen_f3_r1_v1_idle01_c001,VisTouch_linen_f3_r1_v1_idle01,linen_f3_r1_v1,linen,1,3,train,idle,0.500,1607135154.500,1607135155.000
VisTouch_linen_f3_r1_v1_idle01_c002,VisTouch_linen_f3_r1_v1_idle01,linen_f3_r1_v1,linen,1,3,train,idle,1.000,1607135155.000,1607135155.500
VisTouch_linen_f3_r1_v1_idle01_c003,VisTouch_linen_f3_r1_v1_idle01,linen_f3_r1_v1,linen,1,3,train,idle,1.500,1607135155.500,1607135156.000
VisTouch_linen_f3_r1_v1_idle01_c004,VisTouch_linen_f3_r1_v1_idle01,linen_f3_r1_v1,linen,1,3,train,idle,2.000,1607135156.000,1607135156.500
VisTouch_linen_f3_r1_v1_idle01_c005,VisTouch_linen_f3_r1_v1_idle01,linen_f3_r1_v1,linen,1,3,train,idle,2.500,1607135156.500,1607135157.000
VisTouch_linen_f3_r1_v1_idle01_c006,VisTouch_linen_f3_r1_v1_idle01,linen_f3_r1_v1,linen,1,3,train,idle,3.000,1607135157.000,1607135157.500
VisTouch_linen_f3_r1_v1_idle01_c007,VisTouch_linen_f3_r1_v1_idle01,linen_f3_r1_v1,linen,1,3,train,idle,3.500,1607135157.500,1607135158.000
VisTouch_linen_f3_r1_v1_idle01_c008,VisTouch_linen_f3_r1_v1_idle01,linen_f3_r1_v1,linen,1,3,train,idle,4.000,1607135158.000,1607135158.500
VisTouch_linen_f3_r1_v1_idle01_c009,VisTouch_linen_f3_r1_v1_idle01,linen_f3_r1_v1,linen,1,3,train,idle,4.500,1607135158.500,1607135159.000
VisTouch_linen_f3_r1_v1_idle01_c010,VisTouch_linen_f3_r1_v1_idle01,linen_f3_r1_v1,linen,1,3,train,idle,5.000,1607135159.000,1607135159.500
VisTouch_linen_f3_r1_v1_idle01_c011,VisTouch_linen_f3_r1_v1_idle01,linen_f3_r1_v1,linen,1,3,train,idle,5.500,1607135159.500,1607135160.000
VisTouch_linen_f3_r1_v1_idle01_c012,VisTouch_linen_f3_r1_v1_idle01,linen_f3_r1_v1,linen,1,3,train,idle,6.000,1607135160.000,1607135160.500
VisTouch_linen_f3_r1_v1_idle01_c013,VisTouch_linen_f3_r1_v1_idle01,linen_f3_r1_v1,linen,1,3,train,idle,6.500,1607135160.500,1607135161.000
VisTouch_linen_f3_r1_v1_idle01_c014,VisTouch_linen_f3_r1_v1_idle01,linen_f3_r1_v1,linen,1,3,train,idle,7.000,1607135161.000,1607135161.500
VisTouch_linen_f3_r1_v1_idle01_c015,VisTouch_linen_f3_r1_v1_idle01,linen_f3_r1_v1,linen,1,3,train,idle,7.500,1607135161.500,1607135162.000
VisTouch_linen_f3_r1_v1_seg01a_c000,VisTouch_linen_f3_r1_v1_seg01a,linen_f3_r1_v1,linen,1,3,train,rise,0.000,1607135162.180,1607135162.680
VisTouch_linen_f3_r1_v1_seg01a_c001,VisTouch_linen_f3_r1_v1_seg01a,linen_f3_r1_v1,linen,1,3,train,rise,0.500,1607135162.680,1607135163.180
VisTouch_linen_f3_r1_v1_seg01a_c002,VisTouch_linen_f3_r1_v1_seg01a,linen_f3_r1_v1,linen,1,3,train,rise,1.000,1607135163.180,1607135163.680
VisTouch_linen_f3_r1_v1_seg01a_c003,VisTouch_linen_f3_r1_v1_seg01a,linen_f3_r1_v1,linen,1,3,train,rise,1.500,1607135163.680,1607135164.180
VisTouch_linen_f3_r1_v1_seg01a_c004,VisTouch_linen_f3_r1_v1_seg01a,linen_f3_r1_v1,linen,1,3,train,rise,2.000,1607135164.180,1607135164.680
VisTouch_linen_f3_r1_v1_seg01a_c005,VisTouch_linen_f3_r1_v1_seg01a,linen_f3_r1_v1,linen,1,3,train,rise,2.500,1607135164.680,1607135165.180
VisTouch_linen_f3_r1_v1_seg01a_c006,VisTouch_linen_f3_r1_v1_seg01a,linen_f3_r1_v1,linen,1,3,train,rise,3.000,1607135165.180,1607135165.680
VisTouch_linen_f3_r1_v1_seg01a_c007,VisTouch_linen_f3_r1_v1_seg01a,linen_f3_r1_v1,linen,1,3,train,rise,3.500,1607135165.680,1607135166.180
VisTouch_linen_f3_r1_v1_seg01a_c008,VisTouch_linen_f3_r1_v1_seg01a,linen_f3_r1_v1,linen,1,3,train,rise,4.000,1607135166.180,1607135166.680
VisTouch_linen_f3_r1_v1_seg01a_c009,VisTouch_linen_f3_r1_v1_seg01a,linen_f3_r1_v1,linen,1,3,train,rise,4.500,1607135166.680,1607135167.180
VisTouch_linen_f3_r1_v1_seg01a_c010,VisTouch_linen_f3_r1_v1_seg01a,linen_f3_r1_v1,linen,1,3,train,rise,5.000,1607135167.180,1607135167.680
VisTouch_linen_f3_r1_v1_seg01a_c011,VisTouch_linen_f3_r1_v1_seg01a,linen_f3_r1_v1,linen,1,3,train,rise,5.500,1607135167.680,1607135168.180
VisTouch_linen_f3_r1_v1_seg01b_c000,VisTouch_linen_f3_r1_v1_seg01b,linen_f3_r1_v1,linen,1,3,train,fall,0.000,1607135168.640,1607135169.140
VisTouch_linen_f3_r1_v1_seg01b_c001,VisTouch_linen_f3_r1_v1_seg01b,linen_f3_r1_v1,linen,1,3,train,fall,0.500,1607135169.140,1607135169.640
VisTouch_linen_f3_r1_v1_seg01b_c002,VisTouch_linen_f3_r1_v1_seg01b,linen_f3_r1_v1,linen,1,3,train,fall,1.000,1607135169.640,1607135170.140
VisTouch_linen_f3_r1_v1_seg01b_c003,VisTouch_linen_f3_r1_v1_seg01b,linen_f3_r1_v1,linen,1,3,train,fall,1.500,1607135170.140,1607135170.640
VisTouch_linen_f3_r1_v1_seg01b_c004,VisTouch_linen_f3_r1_v1_seg01b,linen_f3_r1_v1,linen,1,3,train,fall,2.000,1607135170.640,1607135171.140
VisTouch_linen_f3_r1_v1_seg01b_c005,VisTouch_linen_f3_r1_v1_seg01b,linen_f3_r1_v1,linen,1,3,train,fall,2.500,1607135171.140,1607135171.640
VisTouch_linen_f3_r1_v1_seg01b_c006,VisTouch_linen_f3_r1_v1_seg01b,linen_f3_r1_v1,linen,1,3,train,fall,3.000,1607135171.640,1607135172.140
VisTouch_linen_f3_r1_v1_seg01b_c007,VisTouch_linen_f3_r1_v1_seg01b,linen_f3_r1_v1,linen,1,3,train,fall,3.500,1607135172.140,1607135172.640
VisTouch_linen_f3_r1_v1_seg02a_c000,VisTouch_linen_f3_r1_v1_seg02a,linen_f3_r1_v1,linen,1,3,train,rise,0.000,1607135172.740,1607135173.240
VisTouch_linen_f3_r1_v1_seg02a_c001,VisTouch_linen_f3_r1_v1_seg02a,linen_f3_r1_v1,linen,1,3,train,rise,0.500,1607135173.240,1607135173.740
VisTouch_linen_f3_r1_v1_seg02a_c002,VisTouch_linen_f3_r1_v1_seg02a,linen_f3_r1_v1,linen,1,3,train,rise,1.000,1607135173.740,1607135174.240
VisTouch_linen_f3_r1_v1_seg02a_c003,VisTouch_linen_f3_r1_v1_seg02a,linen_f3_r1_v1,linen,1,3,train,rise,1.500,1607135174.240,1607135174.740
VisTouch_linen_f3_r1_v1_seg02a_c004,VisTouch_linen_f3_r1_v1_seg02a,linen_f3_r1_v1,linen,1,3,train,rise,2.000,1607135174.740,1607135175.240
VisTouch_linen_f3_r1_v1_seg02a_c005,VisTouch_linen_f3_r1_v1_seg02a,linen_f3_r1_v1,linen,1,3,train,rise,2.500,1607135175.240,1607135175.740
VisTouch_linen_f3_r1_v1_seg02a_c006,VisTouch_linen_f3_r1_v1_seg02a,linen_f3_r1_v1,linen,1,3,train,rise,3.000,1607135175.740,1607135176.240
VisTouch_linen_f3_r1_v1_seg02a_c007,VisTouch_linen_f3_r1_v1_seg02a,linen_f3_r1_v1,linen,1,3,train,rise,3.500,1607135176.240,1607135176.740
VisTouch_linen_f3_r1_v1_seg02a_c008,VisTouch_linen_f3_r1_v1_seg02a,linen_f3_r1_v1,linen,1,3,train,rise,4.000,1607135176.740,1607135177.240
VisTouch_linen_f3_r1_v1_seg02a_c009,VisTouch_linen_f3_r1_v1_seg02a,linen_f3_r1_v1,linen,1,3,train,rise,4.500,1607135177.240,1607135177.740
VisTouch_linen_f3_r1_v1_seg02a_c010,VisTouch_linen_f3_r1_v1_seg02a,linen_f3_r1_v1,linen,1,3,train,rise,5.000,1607135177.740,1607135178.240
VisTouch_linen_f3_r1_v1_seg02a_c011,VisTouch_linen_f3_r1_v1_seg02a,linen_f3_r1_v1,linen,1,3,train,rise,5.500,1607135178.240,1607135178.740
VisTouch_linen_f3_r1_v1_seg02b_c000,VisTouch_linen_f3_r1_v1_seg02b,linen_f3_r1_v1,linen,1,3,train,fall,0.000,1607135179.160,1607135179.660
VisTouch_linen_f3_r1_v1_seg02b_c001,VisTouch_linen_f3_r1_v1_seg02b,linen_f3_r1_v1,linen,1,3,train,fall,0.500,1607135179.660,1607135180.160
VisTouch_linen_f3_r1_v1_seg02b_c002,VisTouch_linen_f3_r1_v1_seg02b,linen_f3_r1_v1,linen,1,3,train,fall,1.000,1607135180.160,1607135180.660
VisTouch_linen_f3_r1_v1_seg02b_c003,VisTouch_linen_f3_r1_v1_seg02b,linen_f3_r1_v1,linen,1,3,train,fall,1.500,1607135180.660,1607135181.160
VisTouch_linen_f3_r1_v1_seg02b_c004,VisTouch_linen_f3_r1_v1_seg02b,linen_f3_r1_v1,linen,1,3,train,fall,2.000,1607135181.160,1607135181.660
VisTouch_linen_f3_r1_v1_seg02b_c005,VisTouch_linen_f3_r1_v1_seg02b,linen_f3_r1_v1,linen,1,3,train,fall,2.500,1607135181.660,1607135182.160
VisTouch_linen_f3_r1_v1_seg02b_c006,VisTouch_linen_f3_r1_v1_seg02b,linen_f3_r1_v1,linen,1,3,train,fall,3.000,1607135182.160,1607135182.660
VisTouch_linen_f3_r1_v1_seg02b_c007,VisTouch_linen_f3_r1_v1_seg02b,linen_f3_r1_v1,linen,1,3,train,fall,3.500,1607135182.660,1607135183.160
VisTouch_linen_f3_r1_v1_seg03a_c000,VisTouch_linen_f3_r1_v1_seg03a,linen_f3_r1_v1,linen,1,3,train,rise,0.000,1607135183.240,1607135183.740
VisTouch_linen_f3_r1_v1_seg03a_c001,VisTouch_linen_f3_r1_v1_seg03a,linen_f3_r1_v1,linen,1,3,train,rise,0.500,1607135183.740,1607135184.240
VisTouch_linen_f3_r1_v1_seg03a_c002,VisTouch_linen_f3_r1_v1_seg03a,linen_f3_r1_v1,linen,1,3,train,rise,1.000,1607135184.240,1607135184.740
VisTouch_linen_f3_r1_v1_seg03a_c003,VisTouch_linen_f3_r1_v1_seg03a,linen_f3_r1_v1,linen,1,3,train,rise,1.500,1607135184.740,1607135185.240
VisTouch_linen_f3_r1_v1_seg03a_c004,VisTouch_linen_f3_r1_v1_seg03a,linen_f3_r1_v1,linen,1,3,train,rise,2.000,1607135185.240,1607135185.740
VisTouch_linen_f3_r1_v1_seg03a_c005,VisTouch_linen_f3_r1_v1_seg03a,linen_f3_r1_v1,linen,1,3,train,rise,2.500,1607135185.740,1607135186.240
VisTouch_linen_f3_r1_v1_seg03a_c006,VisTouch_linen_f3_r1_v1_seg03a,linen_f3_r1_v1,linen,1,3,train,rise,3.000,1607135186.240,1607135186.740
VisTouch_linen_f3_r1_v1_seg03a_c007,VisTouch_linen_f3_r1_v1_seg03a,linen_f3_r1_v1,linen,1,3,train,rise,3.500,1607135186.740,1607135187.240
VisTouch_linen_f3_r1_v1_seg03a_c008,VisTouch_linen_f3_r1_v1_seg03a,linen_f3_r1_v1,linen,1,3,train,rise,4.000,1607135187.240,1607135187.740
VisTouch_linen_f3_r1_v1_seg03a_c009,VisTouch_linen_f3_r1_v1_seg03a,linen_f3_r1_v1,linen,1,3,train,rise,4.500,1607135187.740,1607135188.240
VisTouch_linen_f3_r1_v1_seg03a_c010,VisTouch_linen_f3_r1_v1_seg03a,linen_f3_r1_v1,linen,1,3,train,rise,5.000,1607135188.240,1607135188.740
VisTouch_linen_f3_r1_v1_seg03a_c011,VisTouch_linen_f3_r1_v1_seg03a,linen_f3_r1_v1,linen,1,3,train,rise,5.500,1607135188.740,1607135189.240
VisTouch_linen_f3_r1_v1_seg03b_c000,VisTouch_linen_f3_r1_v1_seg03b,linen_f3_r1_v1,linen,1,3,train,fall,0.000,1607135189.680,1607135190.180
VisTouch_linen_f3_r1_v1_seg03b_c001,VisTouch_linen_f3_r1_v1_seg03b,linen_f3_r1_v1,linen,1,3,train,fall,0.500,1607135190.180,1607135190.680
VisTouch_linen_f3_r1_v1_seg03b_c002,VisTouch_linen_f3_r1_v1_seg03b,linen_f3_r1_v1,linen,1,3,train,fall,1.000,1607135190.680,1607135191.180
VisTouch_linen_f3_r1_v1_seg03b_c003,VisTouch_linen_f3_r1_v1_seg03b,linen_f3_r1_v1,linen,1,3,train,fall,1.500,1607135191.180,1607135191.680
VisTouch_linen_f3_r1_v1_seg03b_c004,VisTouch_linen_f3_r1_v1_seg03b,linen_f3_r1_v1,linen,1,3,train,fall,2.000,1607135191.680,1607135192.180
VisTouch_linen_f3_r1_v1_seg03b_c005,VisTouch_linen_f3_r1_v1_seg03b,linen_f3_r1_v1,linen,1,3,train,fall,2.500,1607135192.180,1607135192.680
VisTouch_linen_f3_r1_v1_seg03b_c006,VisTouch_linen_f3_r1_v1_seg03b,linen_f3_r1_v1,linen,1,3,train,fall,3.000,1607135192.680,1607135193.180
VisTouch_linen_f3_r1_v1_seg03b_c007,VisTouch_linen_f3_r1_v1_seg03b,linen_f3_r1_v1,linen,1,3,train,fall,3.500,1607135193.180,1607135193.680
VisTouch_linen_f3_r1_v1_seg04a_c000,VisTouch_linen_f3_r1_v1_seg04a,linen_f3_r1_v1,linen,1,3,train,rise,0.000,1607135193.780,1607135194.280
VisTouch_linen_f3_r1_v1_seg04a_c001,VisTouch_linen_f3_r1_v1_seg04a,linen_f3_r1_v1,linen,1,3,train,rise,0.500,1607135194.280,1607135194.780
VisTouch_linen_f3_r1_v1_seg04a_c002,VisTouch_linen_f3_r1_v1_seg04a,linen_f3_r1_v1,linen,1,3,train,rise,1.000,1607135194.780,1607135195.280
VisTouch_linen_f3_r1_v1_seg04a_c003,VisTouch_linen_f3_r1_v1_seg04a,linen_f3_r1_v1,linen,1,3,train,rise,1.500,1607135195.280,1607135195.780
VisTouch_linen_f3_r1_v1_seg04a_c004,VisTouch_linen_f3_r1_v1_seg04a,linen_f3_r1_v1,linen,1,3,train,rise,2.000,1607135195.780,1607135196.280
VisTouch_linen_f3_r1_v1_seg04a_c005,VisTouch_linen_f3_r1_v1_seg04a,linen_f3_r1_v1,linen,1,3,train,rise,2.500,1607135196.280,1607135196.780
VisTouch_linen_f3_r1_v1_seg04a_c006,VisTouch_linen_f3_r1_v1_seg04a,linen_f3_r1_v1,linen,1,3,train,rise,3.000,1607135196.780,1607135197.280
VisTouch_linen_f3_r1_v1_seg04a_c007,VisTouch_linen_f3_r1_v1_seg04a,linen_f3_r1_v1,linen,1,3,train,rise,3.500,1607135197.280,1607135197.780
VisTouch_linen_f3_r1_v1_seg04a_c008,VisTouch_linen_f3_r1_v1_seg04a,linen_f3_r1_v1,linen,1,3,train,rise,4.000,1607135197.780,1607135198.280
VisTouch_linen_f3_r1_v1_seg04a_c009,VisTouch_linen_f3_r1_v1_seg04a,linen_f3_r1_v1,linen,1,3,train,rise,4.500,1607135198.280,1607135198.780
VisTouch_linen_f3_r1_v1_seg04a_c010,VisTouch_linen_f3_r1_v1_seg04a,linen_f3_r1_v1,linen,1,3,train,rise,5.000,1607135198.780,1607135199.280
VisTouch_linen_f3_r1_v1_seg04a_c011,VisTouch_linen_f3_r1_v1_seg04a,linen_f3_r1_v1,linen,1,3,train,rise,5.500,1607135199.280,1607135199.780
VisTouch_linen_f3_r1_v1_seg04b_c000,VisTouch_linen_f3_r1_v1_seg04b,linen_f3_r1_v1,linen,1,3,train,fall,0.000,1607135200.240,1607135200.740
VisTouch_linen_f3_r1_v1_seg04b_c001,VisTouch_linen_f3_r1_v1_seg04b,linen_f3_r1_v1,linen,1,3,train,fall,0.500,1607135200.740,1607135201.240
VisTouch_linen_f3_r1_v1_seg04b_c002,VisTouch_linen_f3_r1_v1_seg04b,linen_f3_r1_v1,linen,1,3,train,fall,1.000,1607135201.240,1607135201.740
VisTouch_linen_f3_r1_v1_seg04b_c003,VisTouch_linen_f3_r1_v1_seg04b,linen_f3_r1_v1,linen,1,3,train,fall,1.500,1607135201.740,1607135202.240
VisTouch_linen_f3_r1_v1_seg04b_c004,VisTouch_linen_f3_r1_v1_seg04b,linen_f3_r1_v1,linen,1,3,train,fall,2.000,1607135202.240,1607135202.740
VisTouch_linen_f3_r1_v1_seg04b_c005,VisTouch_linen_f3_r1_v1_seg04b,linen_f3_r1_v1,linen,1,3,train,fall,2.500,1607135202.740,1607135203.240
VisTouch_linen_f3_r1_v1_seg04b_c006,VisTouch_linen_f3_r1_v1_seg04b,linen_f3_r1_v1,linen,1,3,train,fall,3.000,1607135203.240,1607135203.740
VisTouch_linen_f3_r1_v1_seg04b_c007,VisTouch_linen_f3_r1_v1_seg04b,linen_f3_r1_v1,linen,1,3,train,fall,3.500,1607135203.740,1607135204.240
VisTouch_linen_f3_r1_v1_seg05a_c000,VisTouch_linen_f3_r1_v1_seg05a,linen_f3_r1_v1,linen,1,3,train,rise,0.000,1607135204.340,1607135204.840
VisTouch_linen_f3_r1_v1_seg05a_c001,VisTouch_linen_f3_r1_v1_seg05a,linen_f3_r1_v1,linen,1,3,train,rise,0.500,1607135204.840,1607135205.340
VisTouch_linen_f3_r1_v1_seg05a_c002,VisTouch_linen_f3_r1_v1_seg05a,linen_f3_r1_v1,linen,1,3,train,rise,1.000,1607135205.340,1607135205.840
VisTouch_linen_f3_r1_v1_seg05a_c003,VisTouch_linen_f3_r1_v1_seg05a,linen_f3_r1_v1,linen,1,3,train,rise,1.500,1607135205.840,1607135206.340
VisTouch_linen_f3_r1_v1_seg05a_c004,VisTouch_linen_f3_r1_v1_seg05a,linen_f3_r1_v1,linen,1,3,train,rise,2.000,1607135206.340,1607135206.840
VisTouch_linen_f3_r1_v1_seg05a_c005,VisTouch_linen_f3_r1_v1_seg05a,linen_f3_r1_v1,linen,1,3,train,rise,2.500,1607135206.840,1607135207.340
VisTouch_linen_f3_r1_v1_seg05a_c006,VisTouch_linen_f3_r1_v1_seg05a,linen_f3_r1_v1,linen,1,3,train,rise,3.000,1607135207.340,1607135207.840
VisTouch_linen_f3_r1_v1_seg05a_c007,VisTouch_linen_f3_r1_v1_seg05a,linen_f3_r1_v1,linen,1,3,train,rise,3.500,1607135207.840,1607135208.340
VisTouch_linen_f3_r1_v1_seg05a_c008,VisTouch_linen_f3_r1_v1_seg05a,linen_f3_r1_v1,linen,1,3,train,rise,4.000,1607135208.340,1607135208.840
VisTouch_linen_f3_r1_v1_seg05a_c009,VisTouch_linen_f3_r1_v1_seg05a,linen_f3_r1_v1,linen,1,3,train,rise,4.500,1607135208.840,1607135209.340
VisTouch_linen_f3_r1_v1_seg05a_c010,VisTouch_linen_f3_r1_v1_seg05a,linen_f3_r1_v1,linen,1,3,train,rise,5.000,1607135209.340,1607135209.840
VisTouch_linen_f3_r1_v1_seg05a_c011,VisTouch_linen_f3_r1_v1_seg05a,linen_f3_r1_v1,linen,1,3,train,rise,5.500,1607135209.840,1607135210.340
VisTouch_linen_f3_r1_v1_seg05b_c000,VisTouch_linen_f3_r1_v1_seg05b,linen_f3_r1_v1,linen,1,3,train,fall,0.000,1607135210.780,1607135211.280
VisTouch_linen_f3_r1_v1_seg05b_c001,VisTouch_linen_f3_r1_v1_seg05b,linen_f3_r1_v1,linen,1,3,train,fall,0.500,1607135211.280,1607135211.780
VisTouch_linen_f3_r1_v1_seg05b_c002,VisTouch_linen_f3_r1_v1_seg05b,linen_f3_r1_v1,linen,1,3,train,fall,1.000,1607135211.780,1607135212.280
VisTouch_linen_f3_r1_v1_seg05b_c003,VisTouch_linen_f3_r1_v1_seg05b,linen_f3_r1_v1,linen,1,3,train,fall,1.500,1607135212.280,1607135212.780
VisTouch_linen_f3_r1_v1_seg05b_c004,VisTouch_linen_f3_r1_v1_seg05b,linen_f3_r1_v1,linen,1,3,train,fall,2.000,1607135212.780,1607135213.280
VisTouch_linen_f3_r1_v1_seg05b_c005,VisTouch_linen_f3_r1_v1_seg05b,linen_f3_r1_v1,linen,1,3,train,fall,2.500,1607135213.280,1607135213.780
VisTouch_linen_f3_r1_v1_seg05b_c006,VisTouch_linen_f3_r1_v1_seg05b,linen_f3_r1_v1,linen,1,3,train,fall,3.000,1607135213.780,1607135214.280
VisTouch_linen_f3_r1_v1_seg05b_c007,VisTouch_linen_f3_r1_v1_seg05b,linen_f3_r1_v1,linen,1,3,train,fall,3.500,1607135214.280,1607135214.780
VisTouch_linen_f3_r1_v1_idle02_c000,VisTouch_linen_f3_r1_v1_idle02,linen_f3_r1_v1,linen,1,3,train,idle,0.000,1607135214.880,1607135215.380
VisTouch_linen_f3_r1_v1_idle02_c001,VisTouch_linen_f3_r1_v1_idle02,linen_f3_r1_v1,linen,1,3,train,idle,0.500,1607135215.380,1607135215.880
VisTouch_linen_f3_r1_v1_idle02_c002,VisTouch_linen_f3_r1_v1_idle02,linen_f3_r1_v1,linen,1,3,train,idle,1.000,1607135215.880,1607135216.380
VisTouch_linen_f3_r1_v1_idle02_c003,VisTouch_linen_f3_r1_v1_idle02,linen_f3_r1_v1,linen,1,3,train,idle,1.500,1607135216.380,1607135216.880
VisTouch_linen_f3_r1_v1_idle02_c004,VisTouch_linen_f3_r1_v1_idle02,linen_f3_r1_v1,linen,1,3,train,idle,2.000,1607135216.880,1607135217.380
VisTouch_linen_f3_r1_v1_idle02_c005,VisTouch_linen_f3_r1_v1_idle02,linen_f3_r1_v1,linen,1,3,train,idle,2.500,1607135217.380,1607135217.880
VisTouch_linen_f3_r1_v1_idle02_c006,VisTouch_linen_f3_r1_v1_idle02,linen_f3_r1_v1,linen,1,3,train,idle,3.000,1607135217.880,1607135218.380
VisTouch_linen_f3_r1_v1_idle02_c007,VisTouch_linen_f3_r1_v1_idle02,linen_f3_r1_v1,linen,1,3,train,idle,3.500,1607135218.380,1607135218.880
VisTouch_linen_f3_r1_v1_idle02_c008,VisTouch_linen_f3_r1_v1_idle02,linen_f3_r1_v1,linen,1,3,train,idle,4.000,1607135218.880,1607135219.380
VisTouch_linen_f3_r1_v1_idle02_c009,VisTouch_linen_f3_r1_v1_idle02,linen_f3_r1_v1,linen,1,3,train,idle,4.500,1607135219.380,1607135219.880
VisTouch_linen_f3_r1_v1_idle02_c010,VisTouch_linen_f3_r1_v1_idle02,linen_f3_r1_v1,linen,1,3,train,idle,5.000,1607135219.880,1607135220.380
VisTouch_linen_f3_r1_v1_idle02_c011,VisTouch_linen_f3_r1_v1_idle02,linen_f3_r1_v1,linen,1,3,train,idle,5.500,1607135220.380,1607135220.880
VisTouch_linen_f3_r1_v1_idle02_c012,VisTouch_linen_f3_r1_v1_idle02,linen_f3_r1_v1,linen,1,3,train,idle,6.000,1607135220.880,1607135221.380
VisTouch_linen_f3_r1_v1_idle03_c000,VisTouch_linen_f3_r1_v1_idle03,linen_f3_r1_v1,linen,1,3,train,idle,0.000,1607135221.873,1607135222.373
VisTouch_linen_f3_r1_v1_idle03_c001,VisTouch_linen_f3_r1_v1_idle03,linen_f3_r1_v1,linen,1,3,train,idle,0.500,1607135222.373,1607135222.873
VisTouch_linen_f3_r1_v1_idle03_c002,VisTouch_linen_f3_r1_v1_idle03,linen_f3_r1_v1,linen,1,3,train,idle,1.000,1607135222.873,1607135223.373
VisTouch_linen_f3_r1_v1_idle03_c003,VisTouch_linen_f3_r1_v1_idle03,linen_f3_r1_v1,linen,1,3,train,idle,1.500,1607135223.373,1607135223.873
VisTouch_linen_f3_r1_v1_idle03_c004,VisTouch_linen_f3_r1_v1_idle03,linen_f3_r1_v1,linen,1,3,train,idle,2.000,1607135223.873,1607135224.373
VisTouch_linen_f3_r1_v1_idle03_c005,VisTouch_linen_f3_r1_v1_idle03,linen_f3_r1_v1,linen,1,3,train,idle,2.500,1607135224.373,1607135224.873
VisTouch_linen_f3_r1_v1_idle03_c006,VisTouch_linen_f3_r1_v1_idle03,linen_f3_r1_v1,linen,1,3,train,idle,3.000,1607135224.873,1607135225.373
VisTouch_linen_f3_r1_v1_idle03_c007,VisTouch_linen_f3_r1_v1_idle03,linen_f3_r1_v1,linen,1,3,train,idle,3.500,1607135225.373,1607135225.873
VisTouch_linen_f3_r1_v1_idle03_c008,VisTouch_linen_f3_r1_v1_idle03,linen_f3_r1_v1,linen,1,3,train,idle,4.000,1607135225.873,1607135226.373
VisTouch_linen_f3_r1_v1_idle03_c009,VisTouch_linen_f3_r1_v1_idle03,linen_f3_r1_v1,linen,1,3,train,idle,4.500,1607135226.373,1607135226.873
VisTouch_linen_f3_r1_v1_idle03_c010,VisTouch_linen_f3_r1_v1_idle03,linen_f3_r1_v1,linen,1,3,train,idle,5.000,1607135226.873,1607135227.373
VisTouch_linen_f3_r1_v1_idle03_c011,VisTouch_linen_f3_r1_v1_idle03,linen_f3_r1_v1,linen,1,3,train,idle,5.500,1607135227.373,1607135227.873
VisTouch_linen_f3_r1_v1_idle03_c012,VisTouch_linen_f3_r1_v1_idle03,linen_f3_r1_v1,linen,1,3,train,idle,6.000,1607135227.873,1607135228.373
VisTouch_linen_f6_r1_v1_idle01_c000,VisTouch_linen_f6_r1_v1_idle01,linen_f6_r1_v1,linen,1,6,train,idle,0.000,1607135340.000,1607135340.500
VisTouch_linen_f6_r1_v1_idle01_c001,VisTouch_linen_f6_r1_v1_idle01,linen_f6_r1_v1,linen,1,6,train,idle,0.500,1607135340.500,1607135341.000
VisTouch_linen_f6_r1_v1_idle01_c002,VisTouch_linen_f6_r1_v1_idle01,linen_f6_r1_v1,linen,1,6,train,idle,1.000,1607135341.000,1607135341.500
VisTouch_linen_f6_r1_v1_idle01_c003,VisTouch_linen_f6_r1_v1_idle01,linen_f6_r1_v1,linen,1,6,train,idle,1.500,1607135341.500,1607135342.000
VisTouch_linen_f6_r1_v1_idle01_c004,VisTouch_linen_f6_r1_v1_idle01,linen_f6_r1_v1,linen,1,6,train,idle,2.000,1607135342.000,1607135342.500
VisTouch_linen_f6_r1_v1_idle01_c005,VisTouch_linen_f6_r1_v1_idle01,linen_f6_r1_v1,linen,1,6,train,idle,2.500,1607135342.500,1607135343.000
VisTouch_linen_f6_r1_v1_idle01_c006,VisTouch_linen_f6_r1_v1_idle01,linen_f6_r1_v1,linen,1,6,train,idle,3.000,1607135343.000,1607135343.500
VisTouch_linen_f6_r1_v1_idle01_c007,VisTouch_linen_f6_r1_v1_idle01,linen_f6_r1_v1,linen,1,6,train,idle,3.500,1607135343.500,1607135344.000
VisTouch_linen_f6_r1_v1_idle01_c008,VisTouch_linen_f6_r1_v1_idle01,linen_f6_r1_v1,linen,1,6,train,idle,4.000,1607135344.000,1607135344.500
VisTouch_linen_f6_r1_v1_idle01_c009,VisTouch_linen_f6_r1_v1_idle01,linen_f6_r1_v1,linen,1,6,train,idle,4.500,1607135344.500,1607135345.000
VisTouch_linen_f6_r1_v1_idle01_c010,VisTouch_linen_f6_r1_v1_idle01,linen_f6_r1_v1,linen,1,6,train,idle,5.000,1607135345.000,1607135345.500
VisTouch_linen_f6_r1_v1_idle01_c011,VisTouch_linen_f6_r1_v1_idle01,linen_f6_r1_v1,linen,1,6,train,idle,5.500,1607135345.500,1607135346.000
VisTouch_linen_f6_r1_v1_idle01_c012,VisTouch_linen_f6_r1_v1_idle01,linen_f6_r1_v1,linen,1,6,train,idle,6.000,1607135346.000,1607135346.500
VisTouch_linen_f6_r1_v1_seg01a_c000,VisTouch_linen_f6_r1_v1_seg01a,linen_f6_r1_v1,linen,1,6,train,rise,0.000,1607135346.740,1607135347.240
VisTouch_linen_f6_r1_v1_seg01a_c001,VisTouch_linen_f6_r1_v1_seg01a,linen_f6_r1_v1,linen,1,6,train,rise,0.500,1607135347.240,1607135347.740
VisTouch_linen_f6_r1_v1_seg01a_c002,VisTouch_linen_f6_r1_v1_seg01a,linen_f6_r1_v1,linen,1,6,train,rise,1.000,1607135347.740,1607135348.240
VisTouch_linen_f6_r1_v1_seg01a_c003,VisTouch_linen_f6_r1_v1_seg01a,linen_f6_r1_v1,linen,1,6,train,rise,1.500,1607135348.240,1607135348.740
VisTouch_linen_f6_r1_v1_seg01a_c004,VisTouch_linen_f6_r1_v1_seg01a,linen_f6_r1_v1,linen,1,6,train,rise,2.000,1607135348.740,1607135349.240
VisTouch_linen_f6_r1_v1_seg01a_c005,VisTouch_linen_f6_r1_v1_seg01a,linen_f6_r1_v1,linen,1,6,train,rise,2.500,1607135349.240,1607135349.740
VisTouch_linen_f6_r1_v1_seg01a_c006,VisTouch_linen_f6_r1_v1_seg01a,linen_f6_r1_v1,linen,1,6,train,rise,3.000,1607135349.740,1607135350.240
VisTouch_linen_f6_r1_v1_seg01a_c007,VisTouch_linen_f6_r1_v1_seg01a,linen_f6_r1_v1,linen,1,6,train,rise,3.500,1607135350.240,1607135350.740
VisTouch_linen_f6_r1_v1_seg01a_c008,VisTouch_linen_f6_r1_v1_seg01a,linen_f6_r1_v1,linen,1,6,train,rise,4.000,1607135350.740,1607135351.240
VisTouch_linen_f6_r1_v1_seg01a_c009,VisTouch_linen_f6_r1_v1_seg01a,linen_f6_r1_v1,linen,1,6,train,rise,4.500,1607135351.240,1607135351.740
VisTouch_linen_f6_r1_v1_seg01a_c010,VisTouch_linen_f6_r1_v1_seg01a,linen_f6_r1_v1,linen,1,6,train,rise,5.000,1607135351.740,1607135352.240
VisTouch_linen_f6_r1_v1_seg01a_c011,VisTouch_linen_f6_r1_v1_seg01a,linen_f6_r1_v1,linen,1,6,train,rise,5.500,1607135352.240,1607135352.740
VisTouch_linen_f6_r1_v1_seg01b_c000,VisTouch_linen_f6_r1_v1_seg01b,linen_f6_r1_v1,linen,1,6,train,fall,0.000,1607135353.190,1607135353.690
VisTouch_linen_f6_r1_v1_seg01b_c001,VisTouch_linen_f6_r1_v1_seg01b,linen_f6_r1_v1,linen,1,6,train,fall,0.500,1607135353.690,1607135354.190
VisTouch_linen_f6_r1_v1_seg01b_c002,VisTouch_linen_f6_r1_v1_seg01b,linen_f6_r1_v1,linen,1,6,train,fall,1.000,1607135354.190,1607135354.690
VisTouch_linen_f6_r1_v1_seg01b_c003,VisTouch_linen_f6_r1_v1_seg01b,linen_f6_r1_v1,linen,1,6,train,fall,1.500,1607135354.690,1607135355.190
VisTouch_linen_f6_r1_v1_seg01b_c004,VisTouch_linen_f6_r1_v1_seg01b,linen_f6_r1_v1,linen,1,6,train,fall,2.000,1607135355.190,1607135355.690
VisTouch_linen_f6_r1_v1_seg01b_c005,VisTouch_linen_f6_r1_v1_seg01b,linen_f6_r1_v1,linen,1,6,train,fall,2.500,1607135355.690,1607135356.190
VisTouch_linen_f6_r1_v1_seg01b_c006,VisTouch_linen_f6_r1_v1_seg01b,linen_f6_r1_v1,linen,1,6,train,fall,3.000,1607135356.190,1607135356.690
VisTouch_linen_f6_r1_v1_seg01b_c007,VisTouch_linen_f6_r1_v1_seg01b,linen_f6_r1_v1,linen,1,6,train,fall,3.500,1607135356.690,1607135357.190
VisTouch_linen_f6_r1_v1_seg02a_c000,VisTouch_linen_f6_r1_v1_seg02a,linen_f6_r1_v1,linen,1,6,train,rise,0.000,1607135357.340,1607135357.840
VisTouch_linen_f6_r1_v1_seg02a_c001,VisTouch_linen_f6_r1_v1_seg02a,linen_f6_r1_v1,linen,1,6,train,rise,0.500,1607135357.840,1607135358.340
VisTouch_linen_f6_r1_v1_seg02a_c002,VisTouch_linen_f6_r1_v1_seg02a,linen_f6_r1_v1,linen,1,6,train,rise,1.000,1607135358.340,1607135358.840
VisTouch_linen_f6_r1_v1_seg02a_c003,VisTouch_linen_f6_r1_v1_seg02a,linen_f6_r1_v1,linen,1,6,train,rise,1.500,1607135358.840,1607135359.340
VisTouch_linen_f6_r1_v1_seg02a_c004,VisTouch_linen_f6_r1_v1_seg02a,linen_f6_r1_v1,linen,1,6,train,rise,2.000,1607135359.340,1607135359.840
VisTouch_linen_f6_r1_v1_seg02a_c005,VisTouch_linen_f6_r1_v1_seg02a,linen_f6_r1_v1,linen,1,6,train,rise,2.500,1607135359.840,1607135360.340
VisTouch_linen_f6_r1_v1_seg02a_c006,VisTouch_linen_f6_r1_v1_seg02a,linen_f6_r1_v1,linen,1,6,train,rise,3.000,1607135360.340,1607135360.840
VisTouch_linen_f6_r1_v1_seg02a_c007,VisTouch_linen_f6_r1_v1_seg02a,linen_f6_r1_v1,linen,1,6,train,rise,3.500,1607135360.840,1607135361.340
VisTouch_linen_f6_r1_v1_seg02a_c008,VisTouch_linen_f6_r1_v1_seg02a,linen_f6_r1_v1,linen,1,6,train,rise,4.000,1607135361.340,1607135361.840
VisTouch_linen_f6_r1_v1_seg02a_c009,VisTouch_linen_f6_r1_v1_seg02a,linen_f6_r1_v1,linen,1,6,train,rise,4.500,1607135361.840,1607135362.340
VisTouch_linen_f6_r1_v1_seg02a_c010,VisTouch_linen_f6_r1_v1_seg02a,linen_f6_r1_v1,linen,1,6,train,rise,5.000,1607135362.340,1607135362.840
VisTouch_linen_f6_r1_v1_seg02a_c011,VisTouch_linen_f6_r1_v1_seg02a,linen_f6_r1_v1,linen,1,6,train,rise,5.500,1607135362.840,1607135363.340
VisTouch_linen_f6_r1_v1_seg02b_c000,VisTouch_linen_f6_r1_v1_seg02b,linen_f6_r1_v1,linen,1,6,train,fall,0.000,1607135363.750,1607135364.250
VisTouch_linen_f6_r1_v1_seg02b_c001,VisTouch_linen_f6_r1_v1_seg02b,linen_f6_r1_v1,linen,1,6,train,fall,0.500,1607135364.250,1607135364.750
VisTouch_linen_f6_r1_v1_seg02b_c002,VisTouch_linen_f6_r1_v1_seg02b,linen_f6_r1_v1,linen,1,6,train,fall,1.000,1607135364.750,1607135365.250
VisTouch_linen_f6_r1_v1_seg02b_c003,VisTouch_linen_f6_r1_v1_seg02b,linen_f6_r1_v1,linen,1,6,train,fall,1.500,1607135365.250,1607135365.750
VisTouch_linen_f6_r1_v1_seg02b_c004,VisTouch_linen_f6_r1_v1_seg02b,linen_f6_r1_v1,linen,1,6,train,fall,2.000,1607135365.750,1607135366.250
VisTouch_linen_f6_r1_v1_seg02b_c005,VisTouch_linen_f6_r1_v1_seg02b,linen_f6_r1_v1,linen,1,6,train,fall,2.500,1607135366.250,1607135366.750
VisTouch_linen_f6_r1_v1_seg02b_c006,VisTouch_linen_f6_r1_v1_seg02b,linen_f6_r1_v1,linen,1,6,train,fall,3.000,1607135366.750,1607135367.250
VisTouch_linen_f6_r1_v1_seg02b_c007,VisTouch_linen_f6_r1_v1_seg02b,linen_f6_r1_v1,linen,1,6,train,fall,3.500,1607135367.250,1607135367.750
VisTouch_linen_f6_r1_v1_seg03a_c000,VisTouch_linen_f6_r1_v1_seg03a,linen_f6_r1_v1,linen,1,6,train,rise,0.000,1607135367.920,1607135368.420
VisTouch_linen_f6_r1_v1_seg03a_c001,VisTouch_linen_f6_r1_v1_seg03a,linen_f6_r1_v1,linen,1,6,train,rise,0.500,1607135368.420,1607135368.920
VisTouch_linen_f6_r1_v1_seg03a_c002,VisTouch_linen_f6_r1_v1_seg03a,linen_f6_r1_v1,linen,1,6,train,rise,1.000,1607135368.920,1607135369.420
VisTouch_linen_f6_r1_v1_seg03a_c003,VisTouch_linen_f6_r1_v1_seg03a,linen_f6_r1_v1,linen,1,6,train,rise,1.500,1607135369.420,1607135369.920
VisTouch_linen_f6_r1_v1_seg03a_c004,VisTouch_linen_f6_r1_v1_seg03a,linen_f6_r1_v1,linen,1,6,train,rise,2.000,1607135369.920,1607135370.420
VisTouch_linen_f6_r1_v1_seg03a_c005,VisTouch_linen_f6_r1_v1_seg03a,linen_f6_r1_v1,linen,1,6,train,rise,2.500,1607135370.420,1607135370.920
VisTouch_linen_f6_r1_v1_seg03a_c006,VisTouch_linen_f6_r1_v1_seg03a,linen_f6_r1_v1,linen,1,6,train,rise,3.000,1607135370.920,1607135371.420
VisTouch_linen_f6_r1_v1_seg03a_c007,VisTouch_linen_f6_r1_v1_seg03a,linen_f6_r1_v1,linen,1,6,train,rise,3.500,1607135371.420,1607135371.920
VisTouch_linen_f6_r1_v1_seg03a_c008,VisTouch_linen_f6_r1_v1_seg03a,linen_f6_r1_v1,linen,1,6,train,rise,4.000,1607135371.920,1607135372.420
VisTouch_linen_f6_r1_v1_seg03a_c009,VisTouch_linen_f6_r1_v1_seg03a,linen_f6_r1_v1,linen,1,6,train,rise,4.500,1607135372.420,1607135372.920
VisTouch_linen_f6_r1_v1_seg03a_c010,VisTouch_linen_f6_r1_v1_seg03a,linen_f6_r1_v1,linen,1,6,train,rise,5.000,1607135372.920,1607135373.420
VisTouch_linen_f6_r1_v1_seg03a_c011,VisTouch_linen_f6_r1_v1_seg03a,linen_f6_r1_v1,linen,1,6,train,rise,5.500,1607135373.420,1607135373.920
VisTouch_linen_f6_r1_v1_seg03b_c000,VisTouch_linen_f6_r1_v1_seg03b,linen_f6_r1_v1,linen,1,6,train,fall,0.000,1607135374.390,1607135374.890
VisTouch_linen_f6_r1_v1_seg03b_c001,VisTouch_linen_f6_r1_v1_seg03b,linen_f6_r1_v1,linen,1,6,train,fall,0.500,1607135374.890,1607135375.390
VisTouch_linen_f6_r1_v1_seg03b_c002,VisTouch_linen_f6_r1_v1_seg03b,linen_f6_r1_v1,linen,1,6,train,fall,1.000,1607135375.390,1607135375.890
VisTouch_linen_f6_r1_v1_seg03b_c003,VisTouch_linen_f6_r1_v1_seg03b,linen_f6_r1_v1,linen,1,6,train,fall,1.500,1607135375.890,1607135376.390
VisTouch_linen_f6_r1_v1_seg03b_c004,VisTouch_linen_f6_r1_v1_seg03b,linen_f6_r1_v1,linen,1,6,train,fall,2.000,1607135376.390,1607135376.890
VisTouch_linen_f6_r1_v1_seg03b_c005,VisTouch_linen_f6_r1_v1_seg03b,linen_f6_r1_v1,linen,1,6,train,fall,2.500,1607135376.890,1607135377.390
VisTouch_linen_f6_r1_v1_seg03b_c006,VisTouch_linen_f6_r1_v1_seg03b,linen_f6_r1_v1,linen,1,6,train,fall,3.000,1607135377.390,1607135377.890
VisTouch_linen_f6_r1_v1_seg03b_c007,VisTouch_linen_f6_r1_v1_seg03b,linen_f6_r1_v1,linen,1,6,train,fall,3.500,1607135377.890,1607135378.390
VisTouch_linen_f6_r1_v1_seg04a_c000,VisTouch_linen_f6_r1_v1_seg04a,linen_f6_r1_v1,linen,1,6,train,rise,0.000,1607135378.540,1607135379.040
VisTouch_linen_f6_r1_v1_seg04a_c001,VisTouch_linen_f6_r1_v1_seg04a,linen_f6_r1_v1,linen,1,6,train,rise,0.500,1607135379.040,1607135379.540
VisTouch_linen_f6_r1_v1_seg04a_c002,VisTouch_linen_f6_r1_v1_seg04a,linen_f6_r1_v1,linen,1,6,train,rise,1.000,1607135379.540,1607135380.040
VisTouch_linen_f6_r1_v1_seg04a_c003,VisTouch_linen_f6_r1_v1_seg04a,linen_f6_r1_v1,linen,1,6,train,rise,1.500,1607135380.040,1607135380.540
VisTouch_linen_f6_r1_v1_seg04a_c004,VisTouch_linen_f6_r1_v1_seg04a,linen_f6_r1_v1,linen,1,6,train,rise,2.000,1607135380.540,1607135381.040
VisTouch_linen_f6_r1_v1_seg04a_c005,VisTouch_linen_f6_r1_v1_seg04a,linen_f6_r1_v1,linen,1,6,train,rise,2.500,1607135381.040,1607135381.540
VisTouch_linen_f6_r1_v1_seg04a_c006,VisTouch_linen_f6_r1_v1_seg04a,linen_f6_r1_v1,linen,1,6,train,rise,3.000,1607135381.540,1607135382.040
VisTouch_linen_f6_r1_v1_seg04a_c007,VisTouch_linen_f6_r1_v1_seg04a,linen_f6_r1_v1,linen,1,6,train,rise,3.500,1607135382.040,1607135382.540
VisTouch_linen_f6_r1_v1_seg04a_c008,VisTouch_linen_f6_r1_v1_seg04a,linen_f6_r1_v1,linen,1,6,train,rise,4.000,1607135382.540,1607135383.040
VisTouch_linen_f6_r1_v1_seg04a_c009,VisTouch_linen_f6_r1_v1_seg04a,linen_f6_r1_v1,linen,1,6,train,rise,4.500,1607135383.040,1607135383.540
VisTouch_linen_f6_r1_v1_seg04a_c010,VisTouch_linen_f6_r1_v1_seg04a,linen_f6_r1_v1,linen,1,6,train,rise,5.000,1607135383.540,1607135384.040
VisTouch_linen_f6_r1_v1_seg04a_c011,VisTouch_linen_f6_r1_v1_seg04a,linen_f6_r1_v1,linen,1,6,train,rise,5.500,1607135384.040,1607135384.540
VisTouch_linen_f6_r1_v1_seg04b_c000,VisTouch_linen_f6_r1_v1_seg04b,linen_f6_r1_v1,linen,1,6,train,fall,0.000,1607135384.960,1607135385.460
VisTouch_linen_f6_r1_v1_seg04b_c001,VisTouch_linen_f6_r1_v1_seg04b,linen_f6_r1_v1,linen,1,6,train,fall,0.500,1607135385.460,1607135385.960
VisTouch_linen_f6_r1_v1_seg04b_c002,VisTouch_linen_f6_r1_v1_seg04b,linen_f6_r1_v1,linen,1,6,train,fall,1.000,1607135385.960,1607135386.460
VisTouch_linen_f6_r1_v1_seg04b_c003,VisTouch_linen_f6_r1_v1_seg04b,linen_f6_r1_v1,linen,1,6,train,fall,1.500,1607135386.460,1607135386.960
VisTouch_linen_f6_r1_v1_seg04b_c004,VisTouch_linen_f6_r1_v1_seg04b,linen_f6_r1_v1,linen,1,6,train,fall,2.000,1607135386.960,1607135387.460
VisTouch_linen_f6_r1_v1_seg04b_c005,VisTouch_linen_f6_r1_v1_seg04b,linen_f6_r1_v1,linen,1,6,train,fall,2.500,1607135387.460,1607135387.960
VisTouch_linen_f6_r1_v1_seg04b_c006,VisTouch_linen_f6_r1_v1_seg04b,linen_f6_r1_v1,linen,1,6,train,fall,3.000,1607135387.960,1607135388.460
VisTouch_linen_f6_r1_v1_seg04b_c007,VisTouch_linen_f6_r1_v1_seg04b,linen_f6_r1_v1,linen,1,6,train,fall,3.500,1607135388.460,1607135388.960
VisTouch_linen_f6_r1_v1_seg05a_c000,VisTouch_linen_f6_r1_v1_seg05a,linen_f6_r1_v1,linen,1,6,train,rise,0.000,1607135389.140,1607135389.640
VisTouch_linen_f6_r1_v1_seg05a_c001,VisTouch_linen_f6_r1_v1_seg05a,linen_f6_r1_v1,linen,1,6,train,rise,0.500,1607135389.640,1607135390.140
VisTouch_linen_f6_r1_v1_seg05a_c002,VisTouch_linen_f6_r1_v1_seg05a,linen_f6_r1_v1,linen,1,6,train,rise,1.000,1607135390.140,1607135390.640
VisTouch_linen_f6_r1_v1_seg05a_c003,VisTouch_linen_f6_r1_v1_seg05a,linen_f6_r1_v1,linen,1,6,train,rise,1.500,1607135390.640,1607135391.140
VisTouch_linen_f6_r1_v1_seg05a_c004,VisTouch_linen_f6_r1_v1_seg05a,linen_f6_r1_v1,linen,1,6,train,rise,2.000,1607135391.140,1607135391.640
VisTouch_linen_f6_r1_v1_seg05a_c005,VisTouch_linen_f6_r1_v1_seg05a,linen_f6_r1_v1,linen,1,6,train,rise,2.500,1607135391.640,1607135392.140
VisTouch_linen_f6_r1_v1_seg05a_c006,VisTouch_linen_f6_r1_v1_seg05a,linen_f6_r1_v1,linen,1,6,train,rise,3.000,1607135392.140,1607135392.640
VisTouch_linen_f6_r1_v1_seg05a_c007,VisTouch_linen_f6_r1_v1_seg05a,linen_f6_r1_v1,linen,1,6,train,rise,3.500,1607135392.640,1607135393.140
VisTouch_linen_f6_r1_v1_seg05a_c008,VisTouch_linen_f6_r1_v1_seg05a,linen_f6_r1_v1,linen,1,6,train,rise,4.000,1607135393.140,1607135393.640
VisTouch_linen_f6_r1_v1_seg05a_c009,VisTouch_linen_f6_r1_v1_seg05a,linen_f6_r1_v1,linen,1,6,train,rise,4.500,1607135393.640,1607135394.140
VisTouch_linen_f6_r1_v1_seg05a_c010,VisTouch_linen_f6_r1_v1_seg05a,linen_f6_r1_v1,linen,1,6,train,rise,5.000,1607135394.140,1607135394.640
VisTouch_linen_f6_r1_v1_seg05a_c011,VisTouch_linen_f6_r1_v1_seg05a,linen_f6_r1_v1,linen,1,6,train,rise,5.500,1607135394.640,1607135395.140
VisTouch_linen_f6_r1_v1_seg05a_c012,VisTouch_linen_f6_r1_v1_seg05a,linen_f6_r1_v1,linen,1,6,train,rise,6.000,1607135395.140,1607135395.640
VisTouch_linen_f6_r1_v1_seg05b_c000,VisTouch_linen_f6_r1_v1_seg05b,linen_f6_r1_v1,linen,1,6,train,fall,0.000,1607135395.650,1607135396.150
VisTouch_linen_f6_r1_v1_seg05b_c001,VisTouch_linen_f6_r1_v1_seg05b,linen_f6_r1_v1,linen,1,6,train,fall,0.500,1607135396.150,1607135396.650
VisTouch_linen_f6_r1_v1_seg05b_c002,VisTouch_linen_f6_r1_v1_seg05b,linen_f6_r1_v1,linen,1,6,train,fall,1.000,1607135396.650,1607135397.150
VisTouch_linen_f6_r1_v1_seg05b_c003,VisTouch_linen_f6_r1_v1_seg05b,linen_f6_r1_v1,linen,1,6,train,fall,1.500,1607135397.150,1607135397.650
VisTouch_linen_f6_r1_v1_seg05b_c004,VisTouch_linen_f6_r1_v1_seg05b,linen_f6_r1_v1,linen,1,6,train,fall,2.000,1607135397.650,1607135398.150
VisTouch_linen_f6_r1_v1_seg05b_c005,VisTouch_linen_f6_r1_v1_seg05b,linen_f6_r1_v1,linen,1,6,train,fall,2.500,1607135398.150,1607135398.650
VisTouch_linen_f6_r1_v1_seg05b_c006,VisTouch_linen_f6_r1_v1_seg05b,linen_f6_r1_v1,linen,1,6,train,fall,3.000,1607135398.650,1607135399.150
VisTouch_linen_f6_r1_v1_seg05b_c007,VisTouch_linen_f6_r1_v1_seg05b,linen_f6_r1_v1,linen,1,6,train,fall,3.500,1607135399.150,1607135399.650
VisTouch_linen_f6_r1_v1_idle02_c000,VisTouch_linen_f6_r1_v1_idle02,linen_f6_r1_v1,linen,1,6,train,idle,0.000,1607135399.760,1607135400.260
VisTouch_linen_f6_r1_v1_idle02_c001,VisTouch_linen_f6_r1_v1_idle02,linen_f6_r1_v1,linen,1,6,train,idle,0.500,1607135400.260,1607135400.760
VisTouch_linen_f6_r1_v1_idle02_c002,VisTouch_linen_f6_r1_v1_idle02,linen_f6_r1_v1,linen,1,6,train,idle,1.000,1607135400.760,1607135401.260
VisTouch_linen_f6_r1_v1_idle02_c003,VisTouch_linen_f6_r1_v1_idle02,linen_f6_r1_v1,linen,1,6,train,idle,1.500,1607135401.260,1607135401.760
VisTouch_linen_f6_r1_v1_idle02_c004,VisTouch_linen_f6_r1_v1_idle02,linen_f6_r1_v1,linen,1,6,train,idle,2.000,1607135401.760,1607135402.260
VisTouch_linen_f6_r1_v1_idle02_c005,VisTouch_linen_f6_r1_v1_idle02,linen_f6_r1_v1,linen,1,6,train,idle,2.500,1607135402.260,1607135402.760
VisTouch_linen_f6_r1_v1_idle02_c006,VisTouch_linen_f6_r1_v1_idle02,linen_f6_r1_v1,linen,1,6,train,idle,3.000,1607135402.760,1607135403.260
VisTouch_linen_f6_r1_v1_idle02_c007,VisTouch_linen_f6_r1_v1_idle02,linen_f6_r1_v1,linen,1,6,train,idle,3.500,1607135403.260,1607135403.760
VisTouch_linen_f6_r1_v1_idle02_c008,VisTouch_linen_f6_r1_v1_idle02,linen_f6_r1_v1,linen,1,6,train,idle,4.000,1607135403.760,1607135404.260
VisTouch_linen_f6_r1_v1_idle02_c009,VisTouch_linen_f6_r1_v1_idle02,linen_f6_r1_v1,linen,1,6,train,idle,4.500,1607135404.260,1607135404.760
VisTouch_linen_f6_r1_v1_idle02_c010,VisTouch_linen_f6_r1_v1_idle02,linen_f6_r1_v1,linen,1,6,train,idle,5.000,1607135404.760,1607135405.260
VisTouch_linen_f6_r1_v1_idle02_c011,VisTouch_linen_f6_r1_v1_idle02,linen_f6_r1_v1,linen,1,6,train,idle,5.500,1607135405.260,1607135405.760
VisTouch_linen_f6_r1_v1_idle02_c012,VisTouch_linen_f6_r1_v1_idle02,linen_f6_r1_v1,linen,1,6,train,idle,6.000,1607135405.760,1607135406.260
VisTouch_linen_f6_r1_v1_idle02_c013,VisTouch_linen_f6_r1_v1_idle02,linen_f6_r1_v1,linen,1,6,train,idle,6.500,1607135406.260,1607135406.760
VisTouch_linen_f6_r1_v1_idle03_c000,VisTouch_linen_f6_r1_v1_idle03,linen_f6_r1_v1,linen,1,6,train,idle,0.000,1607135407.163,1607135407.663
VisTouch_linen_f6_r1_v1_idle03_c001,VisTouch_linen_f6_r1_v1_idle03,linen_f6_r1_v1,linen,1,6,train,idle,0.500,1607135407.663,1607135408.163
VisTouch_linen_f6_r1_v1_idle03_c002,VisTouch_linen_f6_r1_v1_idle03,linen_f6_r1_v1,linen,1,6,train,idle,1.000,1607135408.163,1607135408.663
VisTouch_linen_f6_r1_v1_idle03_c003,VisTouch_linen_f6_r1_v1_idle03,linen_f6_r1_v1,linen,1,6,train,idle,1.500,1607135408.663,1607135409.163
VisTouch_linen_f6_r1_v1_idle03_c004,VisTouch_linen_f6_r1_v1_idle03,linen_f6_r1_v1,linen,1,6,train,idle,2.000,1607135409.163,1607135409.663
VisTouch_linen_f6_r1_v1_idle03_c005,VisTouch_linen_f6_r1_v1_idle03,linen_f6_r1_v1,linen,1,6,train,idle,2.500,1607135409.663,1607135410.163
VisTouch_linen_f6_r1_v1_idle03_c006,VisTouch_linen_f6_r1_v1_idle03,linen_f6_r1_v1,linen,1,6,train,idle,3.000,1607135410.163,1607135410.663
VisTouch_linen_f6_r1_v1_idle03_c007,VisTouch_linen_f6_r1_v1_idle03,linen_f6_r1_v1,linen,1,6,train,idle,3.500,1607135410.663,1607135411.163
VisTouch_linen_f6_r1_v1_idle03_c008,VisTouch_linen_f6_r1_v1_idle03,linen_f6_r1_v1,linen,1,6,train,idle,4.000,1607135411.163,1607135411.663
VisTouch_linen_f6_r1_v1_idle03_c009,VisTouch_linen_f6_r1_v1_idle03,linen_f6_r1_v1,linen,1,6,train,idle,4.500,1607135411.663,1607135412.163
VisTouch_linen_f6_r1_v1_idle03_c010,VisTouch_linen_f6_r1_v1_idle03,linen_f6_r1_v1,linen,1,6,train,idle,5.000,1607135412.163,1607135412.663
VisTouch_linen_f6_r1_v1_idle03_c011,VisTouch_linen_f6_r1_v1_idle03,linen_f6_r1_v1,linen,1,6,train,idle,5.500,1607135412.663,1607135413.163
VisTouch_linen_f6_r1_v1_idle03_c012,VisTouch_linen_f6_r1_v1_idle03,linen_f6_r1_v1,linen,1,6,train,idle,6.000,1607135413.163,1607135413.663
VisTouch_linen_f6_r1_v1_idle03_c013,VisTouch_linen_f6_r1_v1_idle03,linen_f6_r1_v1,linen,1,6,train,idle,6.500,1607135413.663,1607135414.163
VisTouch_linen_f9_r1_v1_idle01_c000,VisTouch_linen_f9_r1_v1_idle01,linen_f9_r1_v1,linen,1,9,test,idle,0.000,1607135572.000,1607135572.500
VisTouch_linen_f9_r1_v1_idle01_c001,VisTouch_linen_f9_r1_v1_idle01,linen_f9_r1_v1,linen,1,9,test,idle,0.500,1607135572.500,1607135573.000
VisTouch_linen_f9_r1_v1_idle01_c002,VisTouch_linen_f9_r1_v1_idle01,linen_f9_r1_v1,linen,1,9,test,idle,1.000,1607135573.000,1607135573.500
VisTouch_linen_f9_r1_v1_idle01_c003,VisTouch_linen_f9_r1_v1_idle01,linen_f9_r1_v1,linen,1,9,test,idle,1.500,1607135573.500,1607135574.000
VisTouch_linen_f9_r1_v1_idle01_c004,VisTouch_linen_f9_r1_v1_idle01,linen_f9_r1_v1,linen,1,9,test,idle,2.000,1607135574.000,1607135574.500
VisTouch_linen_f9_r1_v1_idle01_c005,VisTouch_linen_f9_r1_v1_idle01,linen_f9_r1_v1,linen,1,9,test,idle,2.500,1607135574.500,1607135575.000
VisTouch_linen_f9_r1_v1_idle01_c006,VisTouch_linen_f9_r1_v1_idle01,linen_f9_r1_v1,linen,1,9,test,idle,3.000,1607135575.000,1607135575.500
VisTouch_linen_f9_r1_v1_idle01_c007,VisTouch_linen_f9_r1_v1_idle01,linen_f9_r1_v1,linen,1,9,test,idle,3.500,1607135575.500,1607135576.000
VisTouch_linen_f9_r1_v1_idle01_c008,VisTouch_linen_f9_r1_v1_idle01,linen_f9_r1_v1,linen,1,9,test,idle,4.000,1607135576.000,1607135576.500
VisTouch_linen_f9_r1_v1_idle01_c009,VisTouch_linen_f9_r1_v1_idle01,linen_f9_r1_v1,linen,1,9,test,idle,4.500,1607135576.500,1607135577.000
VisTouch_linen_f9_r1_v1_idle01_c010,VisTouch_linen_f9_r1_v1_idle01,linen_f9_r1_v1,linen,1,9,test,idle,5.000,1607135577.000,1607135577.500
VisTouch_linen_f9_r1_v1_idle01_c011,VisTouch_linen_f9_r1_v1_idle01,linen_f9_r1_v1,linen,1,9,test,idle,5.500,1607135577.500,1607135578.000
VisTouch_linen_f9_r1_v1_idle01_c012,VisTouch_linen_f9_r1_v1_idle01,linen_f9_r1_v1,linen,1,9,test,idle,6.000,1607135578.000,1607135578.500
VisTouch_linen_f9_r1_v1_idle01_c013,VisTouch_linen_f9_r1_v1_idle01,linen_f9_r1_v1,linen,1,9,test,idle,6.500,1607135578.500,1607135579.000
VisTouch_linen_f9_r1_v1_seg01a_c000,VisTouch_linen_f9_r1_v1_seg01a,linen_f9_r1_v1,linen,1,9,test,rise,0.000,1607135579.200,1607135579.700
VisTouch_linen_f9_r1_v1_seg01a_c001,VisTouch_linen_f9_r1_v1_seg01a,linen_f9_r1_v1,linen,1,9,test,rise,0.500,1607135579.700,1607135580.200
VisTouch_linen_f9_r1_v1_seg01a_c002,VisTouch_linen_f9_r1_v1_seg01a,linen_f9_r1_v1,linen,1,9,test,rise,1.000,1607135580.200,1607135580.700
VisTouch_linen_f9_r1_v1_seg01a_c003,VisTouch_linen_f9_r1_v1_seg01a,linen_f9_r1_v1,linen,1,9,test,rise,1.500,1607135580.700,1607135581.200
VisTouch_linen_f9_r1_v1_seg01a_c004,VisTouch_linen_f9_r1_v1_seg01a,linen_f9_r1_v1,linen,1,9,test,rise,2.000,1607135581.200,1607135581.700
VisTouch_linen_f9_r1_v1_seg01a_c005,VisTouch_linen_f9_r1_v1_seg01a,linen_f9_r1_v1,linen,1,9,test,rise,2.500,1607135581.700,1607135582.200
VisTouch_linen_f9_r1_v1_seg01a_c006,VisTouch_linen_f9_r1_v1_seg01a,linen_f9_r1_v1,linen,1,9,test,rise,3.000,1607135582.200,1607135582.700
VisTouch_linen_f9_r1_v1_seg01a_c007,VisTouch_linen_f9_r1_v1_seg01a,linen_f9_r1_v1,linen,1,9,test,rise,3.500,1607135582.700,1607135583.200
VisTouch_linen_f9_r1_v1_seg01a_c008,VisTouch_linen_f9_r1_v1_seg01a,linen_f9_r1_v1,linen,1,9,test,rise,4.000,1607135583.200,1607135583.700
VisTouch_linen_f9_r1_v1_seg01a_c009,VisTouch_linen_f9_r1_v1_seg01a,linen_f9_r1_v1,linen,1,9,test,rise,4.500,1607135583.700,1607135584.200
VisTouch_linen_f9_r1_v1_seg01a_c010,VisTouch_linen_f9_r1_v1_seg01a,linen_f9_r1_v1,linen,1,9,test,rise,5.000,1607135584.200,1607135584.700
VisTouch_linen_f9_r1_v1_seg01a_c011,VisTouch_linen_f9_r1_v1_seg01a,linen_f9_r1_v1,linen,1,9,test,rise,5.500,1607135584.700,1607135585.200
VisTouch_linen_f9_r1_v1_seg01a_c012,VisTouch_linen_f9_r1_v1_seg01a,linen_f9_r1_v1,linen,1,9,test,rise,6.000,1607135585.200,1607135585.700
VisTouch_linen_f9_r1_v1_seg01b_c000,VisTouch_linen_f9_r1_v1_seg01b,linen_f9_r1_v1,linen,1,9,test,fall,0.000,1607135585.780,1607135586.280
VisTouch_linen_f9_r1_v1_seg01b_c001,VisTouch_linen_f9_r1_v1_seg01b,linen_f9_r1_v1,linen,1,9,test,fall,0.500,1607135586.280,1607135586.780
VisTouch_linen_f9_r1_v1_seg01b_c002,VisTouch_linen_f9_r1_v1_seg01b,linen_f9_r1_v1,linen,1,9,test,fall,1.000,1607135586.780,1607135587.280
VisTouch_linen_f9_r1_v1_seg01b_c003,VisTouch_linen_f9_r1_v1_seg01b,linen_f9_r1_v1,linen,1,9,test,fall,1.500,1607135587.280,1607135587.780
VisTouch_linen_f9_r1_v1_seg01b_c004,VisTouch_linen_f9_r1_v1_seg01b,linen_f9_r1_v1,linen,1,9,test,fall,2.000,1607135587.780,1607135588.280
VisTouch_linen_f9_r1_v1_seg01b_c005,VisTouch_linen_f9_r1_v1_seg01b,linen_f9_r1_v1,linen,1,9,test,fall,2.500,1607135588.280,1607135588.780
VisTouch_linen_f9_r1_v1_seg01b_c006,VisTouch_linen_f9_r1_v1_seg01b,linen_f9_r1_v1,linen,1,9,test,fall,3.000,1607135588.780,1607135589.280
VisTouch_linen_f9_r1_v1_seg01b_c007,VisTouch_linen_f9_r1_v1_seg01b,linen_f9_r1_v1,linen,1,9,test,fall,3.500,1607135589.280,1607135589.780
VisTouch_linen_f9_r1_v1_seg02a_c000,VisTouch_linen_f9_r1_v1_seg02a,linen_f9_r1_v1,linen,1,9,test,rise,0.000,1607135589.860,1607135590.360
VisTouch_linen_f9_r1_v1_seg02a_c001,VisTouch_linen_f9_r1_v1_seg02a,linen_f9_r1_v1,linen,1,9,test,rise,0.500,1607135590.360,1607135590.860
VisTouch_linen_f9_r1_v1_seg02a_c002,VisTouch_linen_f9_r1_v1_seg02a,linen_f9_r1_v1,linen,1,9,test,rise,1.000,1607135590.860,1607135591.360
VisTouch_linen_f9_r1_v1_seg02a_c003,VisTouch_linen_f9_r1_v1_seg02a,linen_f9_r1_v1,linen,1,9,test,rise,1.500,1607135591.360,1607135591.860
VisTouch_linen_f9_r1_v1_seg02a_c004,VisTouch_linen_f9_r1_v1_seg02a,linen_f9_r1_v1,linen,1,9,test,rise,2.000,1607135591.860,1607135592.360
VisTouch_linen_f9_r1_v1_seg02a_c005,VisTouch_linen_f9_r1_v1_seg02a,linen_f9_r1_v1,linen,1,9,test,rise,2.500,1607135592.360,1607135592.860
VisTouch_linen_f9_r1_v1_seg02a_c006,VisTouch_linen_f9_r1_v1_seg02a,linen_f9_r1_v1,linen,1,9,test,rise,3.000,1607135592.860,1607135593.360
VisTouch_linen_f9_r1_v1_seg02a_c007,VisTouch_linen_f9_r1_v1_seg02a,linen_f9_r1_v1,linen,1,9,test,rise,3.500,1607135593.360,1607135593.860
VisTouch_linen_f9_r1_v1_seg02a_c008,VisTouch_linen_f9_r1_v1_seg02a,linen_f9_r1_v1,linen,1,9,test,rise,4.000,1607135593.860,1607135594.360
VisTouch_linen_f9_r1_v1_seg02a_c009,VisTouch_linen_f9_r1_v1_seg02a,linen_f9_r1_v1,linen,1,9,test,rise,4.500,1607135594.360,1607135594.860
VisTouch_linen_f9_r1_v1_seg02a_c010,VisTouch_linen_f9_r1_v1_seg02a,linen_f9_r1_v1,linen,1,9,test,rise,5.000,1607135594.860,1607135595.360
VisTouch_linen_f9_r1_v1_seg02a_c011,VisTouch_linen_f9_r1_v1_seg02a,linen_f9_r1_v1,linen,1,9,test,rise,5.500,1607135595.360,1607135595.860
VisTouch_linen_f9_r1_v1_seg02a_c012,VisTouch_linen_f9_r1_v1_seg02a,linen_f9_r1_v1,linen,1,9,test,rise,6.000,1607135595.860,1607135596.360
VisTouch_linen_f9_r1_v1_seg02b_c000,VisTouch_linen_f9_r1_v1_seg02b,linen_f9_r1_v1,linen,1,9,test,fall,0.000,1607135596.440,1607135596.940
VisTouch_linen_f9_r1_v1_seg02b_c001,VisTouch_linen_f9_r1_v1_seg02b,linen_f9_r1_v1,linen,1,9,test,fall,0.500,1607135596.940,1607135597.440
VisTouch_linen_f9_r1_v1_seg02b_c002,VisTouch_linen_f9_r1_v1_seg02b,linen_f9_r1_v1,linen,1,9,test,fall,1.000,1607135597.440,1607135597.940
VisTouch_linen_f9_r1_v1_seg02b_c003,VisTouch_linen_f9_r1_v1_seg02b,linen_f9_r1_v1,linen,1,9,test,fall,1.500,1607135597.940,1607135598.440
VisTouch_linen_f9_r1_v1_seg02b_c004,VisTouch_linen_f9_r1_v1_seg02b,linen_f9_r1_v1,linen,1,9,test,fall,2.000,1607135598.440,1607135598.940
VisTouch_linen_f9_r1_v1_seg02b_c005,VisTouch_linen_f9_r1_v1_seg02b,linen_f9_r1_v1,linen,1,9,test,fall,2.500,1607135598.940,1607135599.440
VisTouch_linen_f9_r1_v1_seg02b_c006,VisTouch_linen_f9_r1_v1_seg02b,linen_f9_r1_v1,linen,1,9,test,fall,3.000,1607135599.440,1607135599.940
VisTouch_linen_f9_r1_v1_seg02b_c007,VisTouch_linen_f9_r1_v1_seg02b,linen_f9_r1_v1,linen,1,9,test,fall,3.500,1607135599.940,1607135600.440
VisTouch_linen_f9_r1_v1_seg03a_c000,VisTouch_linen_f9_r1_v1_seg03a,linen_f9_r1_v1,linen,1,9,test,rise,0.000,1607135600.540,1607135601.040
VisTouch_linen_f9_r1_v1_seg03a_c001,VisTouch_linen_f9_r1_v1_seg03a,linen_f9_r1_v1,linen,1,9,test,rise,0.500,1607135601.040,1607135601.540
VisTouch_linen_f9_r1_v1_seg03a_c002,VisTouch_linen_f9_r1_v1_seg03a,linen_f9_r1_v1,linen,1,9,test,rise,1.000,1607135601.540,1607135602.040
VisTouch_linen_f9_r1_v1_seg03a_c003,VisTouch_linen_f9_r1_v1_seg03a,linen_f9_r1_v1,linen,1,9,test,rise,1.500,1607135602.040,1607135602.540
VisTouch_linen_f9_r1_v1_seg03a_c004,VisTouch_linen_f9_r1_v1_seg03a,linen_f9_r1_v1,linen,1,9,test,rise,2.000,1607135602.540,1607135603.040
VisTouch_linen_f9_r1_v1_seg03a_c005,VisTouch_linen_f9_r1_v1_seg03a,linen_f9_r1_v1,linen,1,9,test,rise,2.500,1607135603.040,1607135603.540
VisTouch_linen_f9_r1_v1_seg03a_c006,VisTouch_linen_f9_r1_v1_seg03a,linen_f9_r1_v1,linen,1,9,test,rise,3.000,1607135603.540,1607135604.040
VisTouch_linen_f9_r1_v1_seg03a_c007,VisTouch_linen_f9_r1_v1_seg03a,linen_f9_r1_v1,linen,1,9,test,rise,3.500,1607135604.040,1607135604.540
VisTouch_linen_f9_r1_v1_seg03a_c008,VisTouch_linen_f9_r1_v1_seg03a,linen_f9_r1_v1,linen,1,9,test,rise,4.000,1607135604.540,1607135605.040
VisTouch_linen_f9_r1_v1_seg03a_c009,VisTouch_linen_f9_r1_v1_seg03a,linen_f9_r1_v1,linen,1,9,test,rise,4.500,1607135605.040,1607135605.540
VisTouch_linen_f9_r1_v1_seg03a_c010,VisTouch_linen_f9_r1_v1_seg03a,linen_f9_r1_v1,linen,1,9,test,rise,5.000,1607135605.540,1607135606.040
VisTouch_linen_f9_r1_v1_seg03a_c011,VisTouch_linen_f9_r1_v1_seg03a,linen_f9_r1_v1,linen,1,9,test,rise,5.500,1607135606.040,1607135606.540
VisTouch_linen_f9_r1_v1_seg03a_c012,VisTouch_linen_f9_r1_v1_seg03a,linen_f9_r1_v1,linen,1,9,test,rise,6.000,1607135606.540,1607135607.040
VisTouch_linen_f9_r1_v1_seg03b_c000,VisTouch_linen_f9_r1_v1_seg03b,linen_f9_r1_v1,linen,1,9,test,fall,0.000,1607135607.080,1607135607.580
VisTouch_linen_f9_r1_v1_seg03b_c001,VisTouch_linen_f9_r1_v1_seg03b,linen_f9_r1_v1,linen,1,9,test,fall,0.500,1607135607.580,1607135608.080
VisTouch_linen_f9_r1_v1_seg03b_c002,VisTouch_linen_f9_r1_v1_seg03b,linen_f9_r1_v1,linen,1,9,test,fall,1.000,1607135608.080,1607135608.580
VisTouch_linen_f9_r1_v1_seg03b_c003,VisTouch_linen_f9_r1_v1_seg03b,linen_f9_r1_v1,linen,1,9,test,fall,1.500,1607135608.580,1607135609.080
VisTouch_linen_f9_r1_v1_seg03b_c004,VisTouch_linen_f9_r1_v1_seg03b,linen_f9_r1_v1,linen,1,9,test,fall,2.000,1607135609.080,1607135609.580
VisTouch_linen_f9_r1_v1_seg03b_c005,VisTouch_linen_f9_r1_v1_seg03b,linen_f9_r1_v1,linen,1,9,test,fall,2.500,1607135609.580,1607135610.080
VisTouch_linen_f9_r1_v1_seg03b_c006,VisTouch_linen_f9_r1_v1_seg03b,linen_f9_r1_v1,linen,1,9,test,fall,3.000,1607135610.080,1607135610.580
VisTouch_linen_f9_r1_v1_seg03b_c007,VisTouch_linen_f9_r1_v1_seg03b,linen_f9_r1_v1,linen,1,9,test,fall,3.500,1607135610.580,1607135611.080
VisTouch_linen_f9_r1_v1_seg04a_c000,VisTouch_linen_f9_r1_v1_seg04a,linen_f9_r1_v1,linen,1,9,test,rise,0.000,1607135611.220,1607135611.720
VisTouch_linen_f9_r1_v1_seg04a_c001,VisTouch_linen_f9_r1_v1_seg04a,linen_f9_r1_v1,linen,1,9,test,rise,0.500,1607135611.720,1607135612.220
VisTouch_linen_f9_r1_v1_seg04a_c002,VisTouch_linen_f9_r1_v1_seg04a,linen_f9_r1_v1,linen,1,9,test,rise,1.000,1607135612.220,1607135612.720
VisTouch_linen_f9_r1_v1_seg04a_c003,VisTouch_linen_f9_r1_v1_seg04a,linen_f9_r1_v1,linen,1,9,test,rise,1.500,1607135612.720,1607135613.220
VisTouch_linen_f9_r1_v1_seg04a_c004,VisTouch_linen_f9_r1_v1_seg04a,linen_f9_r1_v1,linen,1,9,test,rise,2.000,1607135613.220,1607135613.720
VisTouch_linen_f9_r1_v1_seg04a_c005,VisTouch_linen_f9_r1_v1_seg04a,linen_f9_r1_v1,linen,1,9,test,rise,2.500,1607135613.720,1607135614.220
VisTouch_linen_f9_r1_v1_seg04a_c006,VisTouch_linen_f9_r1_v1_seg04a,linen_f9_r1_v1,linen,1,9,test,rise,3.000,1607135614.220,1607135614.720
VisTouch_linen_f9_r1_v1_seg04a_c007,VisTouch_linen_f9_r1_v1_seg04a,linen_f9_r1_v1,linen,1,9,test,rise,3.500,1607135614.720,1607135615.220
VisTouch_linen_f9_r1_v1_seg04a_c008,VisTouch_linen_f9_r1_v1_seg04a,linen_f9_r1_v1,linen,1,9,test,rise,4.000,1607135615.220,1607135615.720
VisTouch_linen_f9_r1_v1_seg04a_c009,VisTouch_linen_f9_r1_v1_seg04a,linen_f9_r1_v1,linen,1,9,test,rise,4.500,1607135615.720,1607135616.220
VisTouch_linen_f9_r1_v1_seg04a_c010,VisTouch_linen_f9_r1_v1_seg04a,linen_f9_r1_v1,linen,1,9,test,rise,5.000,1607135616.220,1607135616.720
VisTouch_linen_f9_r1_v1_seg04a_c011,VisTouch_linen_f9_r1_v1_seg04a,linen_f9_r1_v1,linen,1,9,test,rise,5.500,1607135616.720,1607135617.220
VisTouch_linen_f9_r1_v1_seg04b_c000,VisTouch_linen_f9_r1_v1_seg04b,linen_f9_r1_v1,linen,1,9,test,fall,0.000,1607135617.230,1607135617.730
VisTouch_linen_f9_r1_v1_seg04b_c001,VisTouch_linen_f9_r1_v1_seg04b,linen_f9_r1_v1,linen,1,9,test,fall,0.500,1607135617.730,1607135618.230
VisTouch_linen_f9_r1_v1_seg04b_c002,VisTouch_linen_f9_r1_v1_seg04b,linen_f9_r1_v1,linen,1,9,test,fall,1.000,1607135618.230,1607135618.730
VisTouch_linen_f9_r1_v1_seg04b_c003,VisTouch_linen_f9_r1_v1_seg04b,linen_f9_r1_v1,linen,1,9,test,fall,1.500,1607135618.730,1607135619.230
VisTouch_linen_f9_r1_v1_seg04b_c004,VisTouch_linen_f9_r1_v1_seg04b,linen_f9_r1_v1,linen,1,9,test,fall,2.000,1607135619.230,1607135619.730
VisTouch_linen_f9_r1_v1_seg04b_c005,VisTouch_linen_f9_r1_v1_seg04b,linen_f9_r1_v1,linen,1,9,test,fall,2.500,1607135619.730,1607135620.230
VisTouch_linen_f9_r1_v1_seg04b_c006,VisTouch_linen_f9_r1_v1_seg04b,linen_f9_r1_v1,linen,1,9,test,fall,3.000,1607135620.230,1607135620.730
VisTouch_linen_f9_r1_v1_seg04b_c007,VisTouch_linen_f9_r1_v1_seg04b,linen_f9_r1_v1,linen,1,9,test,fall,3.500,1607135620.730,1607135621.230
VisTouch_linen_f9_r1_v1_seg04b_c008,VisTouch_linen_f9_r1_v1_seg04b,linen_f9_r1_v1,linen,1,9,test,fall,4.000,1607135621.230,1607135621.730
VisTouch_linen_f9_r1_v1_seg05a_c000,VisTouch_linen_f9_r1_v1_seg05a,linen_f9_r1_v1,linen,1,9,test,rise,0.000,1607135621.840,1607135622.340
VisTouch_linen_f9_r1_v1_seg05a_c001,VisTouch_linen_f9_r1_v1_seg05a,linen_f9_r1_v1,linen,1,9,test,rise,0.500,1607135622.340,1607135622.840
VisTouch_linen_f9_r1_v1_seg05a_c002,VisTouch_linen_f9_r1_v1_seg05a,linen_f9_r1_v1,linen,1,9,test,rise,1.000,1607135622.840,1607135623.340
VisTouch_linen_f9_r1_v1_seg05a_c003,VisTouch_linen_f9_r1_v1_seg05a,linen_f9_r1_v1,linen,1,9,test,rise,1.500,1607135623.340,1607135623.840
VisTouch_linen_f9_r1_v1_seg05a_c004,VisTouch_linen_f9_r1_v1_seg05a,linen_f9_r1_v1,linen,1,9,test,rise,2.000,1607135623.840,1607135624.340
VisTouch_linen_f9_r1_v1_seg05a_c005,VisTouch_linen_f9_r1_v1_seg05a,linen_f9_r1_v1,linen,1,9,test,rise,2.500,1607135624.340,1607135624.840
VisTouch_linen_f9_r1_v1_seg05a_c006,VisTouch_linen_f9_r1_v1_seg05a,linen_f9_r1_v1,linen,1,9,test,rise,3.000,1607135624.840,1607135625.340
VisTouch_linen_f9_r1_v1_seg05a_c007,VisTouch_linen_f9_r1_v1_seg05a,linen_f9_r1_v1,linen,1,9,test,rise,3.500,1607135625.340,1607135625.840
VisTouch_linen_f9_r1_v1_seg05a_c008,VisTouch_linen_f9_r1_v1_seg05a,linen_f9_r1_v1,linen,1,9,test,rise,4.000,1607135625.840,1607135626.340
VisTouch_linen_f9_r1_v1_seg05a_c009,VisTouch_linen_f9_r1_v1_seg05a,linen_f9_r1_v1,linen,1,9,test,rise,4.500,1607135626.340,1607135626.840
VisTouch_linen_f9_r1_v1_seg05a_c010,VisTouch_linen_f9_r1_v1_seg05a,linen_f9_r1_v1,linen,1,9,test,rise,5.000,1607135626.840,1607135627.340
VisTouch_linen_f9_r1_v1_seg05a_c011,VisTouch_linen_f9_r1_v1_seg05a,linen_f9_r1_v1,linen,1,9,test,rise,5.500,1607135627.340,1607135627.840
VisTouch_linen_f9_r1_v1_seg05b_c000,VisTouch_linen_f9_r1_v1_seg05b,linen_f9_r1_v1,linen,1,9,test,fall,0.000,1607135628.160,1607135628.660
VisTouch_linen_f9_r1_v1_seg05b_c001,VisTouch_linen_f9_r1_v1_seg05b,linen_f9_r1_v1,linen,1,9,test,fall,0.500,1607135628.660,1607135629.160
VisTouch_linen_f9_r1_v1_seg05b_c002,VisTouch_linen_f9_r1_v1_seg05b,linen_f9_r1_v1,linen,1,9,test,fall,1.000,1607135629.160,1607135629.660
VisTouch_linen_f9_r1_v1_seg05b_c003,VisTouch_linen_f9_r1_v1_seg05b,linen_f9_r1_v1,linen,1,9,test,fall,1.500,1607135629.660,1607135630.160
VisTouch_linen_f9_r1_v1_seg05b_c004,VisTouch_linen_f9_r1_v1_seg05b,linen_f9_r1_v1,linen,1,9,test,fall,2.000,1607135630.160,1607135630.660
VisTouch_linen_f9_r1_v1_seg05b_c005,VisTouch_linen_f9_r1_v1_seg05b,linen_f9_r1_v1,linen,1,9,test,fall,2.500,1607135630.660,1607135631.160
VisTouch_linen_f9_r1_v1_seg05b_c006,VisTouch_linen_f9_r1_v1_seg05b,linen_f9_r1_v1,linen,1,9,test,fall,3.000,1607135631.160,1607135631.660
VisTouch_linen_f9_r1_v1_seg05b_c007,VisTouch_linen_f9_r1_v1_seg05b,linen_f9_r1_v1,linen,1,9,test,fall,3.500,1607135631.660,1607135632.160
VisTouch_linen_f9_r1_v1_idle02_c000,VisTouch_linen_f9_r1_v1_idle02,linen_f9_r1_v1,linen,1,9,test,idle,0.000,1607135632.520,1607135633.020
VisTouch_linen_f9_r1_v1_idle02_c001,VisTouch_linen_f9_r1_v1_idle02,linen_f9_r1_v1,linen,1,9,test,idle,0.500,1607135633.020,1607135633.520
VisTouch_linen_f9_r1_v1_idle02_c002,VisTouch_linen_f9_r1_v1_idle02,linen_f9_r1_v1,linen,1,9,test,idle,1.000,1607135633.520,1607135634.020
VisTouch_linen_f9_r1_v1_idle02_c003,VisTouch_linen_f9_r1_v1_idle02,linen_f9_r1_v1,linen,1,9,test,idle,1.500,1607135634.020,1607135634.520
VisTouch_linen_f9_r1_v1_idle02_c004,VisTouch_linen_f9_r1_v1_idle02,linen_f9_r1_v1,linen,1,9,test,idle,2.000,1607135634.520,1607135635.020
VisTouch_linen_f9_r1_v1_idle02_c005,VisTouch_linen_f9_r1_v1_idle02,linen_f9_r1_v1,linen,1,9,test,idle,2.500,1607135635.020,1607135635.520
VisTouch_linen_f9_r1_v1_idle02_c006,VisTouch_linen_f9_r1_v1_idle02,linen_f9_r1_v1,linen,1,9,test,idle,3.000,1607135635.520,1607135636.020
VisTouch_linen_f9_r1_v1_idle02_c007,VisTouch_linen_f9_r1_v1_idle02,linen_f9_r1_v1,linen,1,9,test,idle,3.500,1607135636.020,1607135636.520
VisTouch_linen_f9_r1_v1_idle02_c008,VisTouch_linen_f9_r1_v1_idle02,linen_f9_r1_v1,linen,1,9,test,idle,4.000,1607135636.520,1607135637.020
VisTouch_linen_f9_r1_v1_idle02_c009,VisTouch_linen_f9_r1_v1_idle02,linen_f9_r1_v1,linen,1,9,test,idle,4.500,1607135637.020,1607135637.520
VisTouch_linen_f9_r1_v1_idle02_c010,VisTouch_linen_f9_r1_v1_idle02,linen_f9_r1_v1,linen,1,9,test,idle,5.000,1607135637.520,1607135638.020
VisTouch_linen_f9_r1_v1_idle02_c011,VisTouch_linen_f9_r1_v1_idle02,linen_f9_r1_v1,linen,1,9,test,idle,5.500,1607135638.020,1607135638.520
VisTouch_linen_f9_r1_v1_idle03_c000,VisTouch_linen_f9_r1_v1_idle03,linen_f9_r1_v1,linen,1,9,test,idle,0.000,1607135638.756,1607135639.256
VisTouch_linen_f9_r1_v1_idle03_c001,VisTouch_linen_f9_r1_v1_idle03,linen_f9_r1_v1,linen,1,9,test,idle,0.500,1607135639.256,1607135639.756
VisTouch_linen_f9_r1_v1_idle03_c002,VisTouch_linen_f9_r1_v1_idle03,linen_f9_r1_v1,linen,1,9,test,idle,1.000,1607135639.756,1607135640.256
VisTouch_linen_f9_r1_v1_idle03_c003,VisTouch_linen_f9_r1_v1_idle03,linen_f9_r1_v1,linen,1,9,test,idle,1.500,1607135640.256,1607135640.756
VisTouch_linen_f9_r1_v1_idle03_c004,VisTouch_linen_f9_r1_v1_idle03,linen_f9_r1_v1,linen,1,9,test,idle,2.000,1607135640.756,1607135641.256
VisTouch_linen_f9_r1_v1_idle03_c005,VisTouch_linen_f9_r1_v1_idle03,linen_f9_r1_v1,linen,1,9,test,idle,2.500,1607135641.256,1607135641.756
VisTouch_linen_f9_r1_v1_idle03_c006,VisTouch_linen_f9_r1_v1_idle03,linen_f9_r1_v1,linen,1,9,test,idle,3.000,1607135641.756,1607135642.256
VisTouch_linen_f9_r1_v1_idle03_c007,VisTouch_linen_f9_r1_v1_idle03,linen_f9_r1_v1,linen,1,9,test,idle,3.500,1607135642.256,1607135642.756
VisTouch_linen_f9_r1_v1_idle03_c008,VisTouch_linen_f9_r1_v1_idle03,linen_f9_r1_v1,linen,1,9,test,idle,4.000,1607135642.756,1607135643.256
VisTouch_linen_f9_r1_v1_idle03_c009,VisTouch_linen_f9_r1_v1_idle03,linen_f9_r1_v1,linen,1,9,test,idle,4.500,1607135643.256,1607135643.756
VisTouch_linen_f9_r1_v1_idle03_c010,VisTouch_linen_f9_r1_v1_idle03,linen_f9_r1_v1,linen,1,9,test,idle,5.000,1607135643.756,1607135644.256
VisTouch_linen_f9_r1_v1_idle03_c011,VisTouch_linen_f9_r1_v1_idle03,linen_f9_r1_v1,linen,1,9,test,idle,5.500,1607135644.256,1607135644.756
VisTouch_paper_f3_r1_v1_idle01_c000,VisTouch_paper_f3_r1_v1_idle01,paper_f3_r1_v1,paper,2,3,train,idle,0.000,1607158614.000,1607158614.500
VisTouch_paper_f3_r1_v1_idle01_c001,VisTouch_paper_f3_r1_v1_idle01,paper_f3_r1_v1,paper,2,3,train,idle,0.500,1607158614.500,1607158615.000
VisTouch_paper_f3_r1_v1_idle01_c002,VisTouch_paper_f3_r1_v1_idle01,paper_f3_r1_v1,paper,2,3,train,idle,1.000,1607158615.000,1607158615.500
VisTouch_paper_f3_r1_v1_idle01_c003,VisTouch_paper_f3_r1_v1_idle01,paper_f3_r1_v1,paper,2,3,train,idle,1.500,1607158615.500,1607158616.000
VisTouch_paper_f3_r1_v1_idle01_c004,VisTouch_paper_f3_r1_v1_idle01,paper_f3_r1_v1,paper,2,3,train,idle,2.000,1607158616.000,1607158616.500
VisTouch_paper_f3_r1_v1_idle01_c005,VisTouch_paper_f3_r1_v1_idle01,paper_f3_r1_v1,paper,2,3,train,idle,2.500,1607158616.500,1607158617.000
VisTouch_paper_f3_r1_v1_idle01_c006,VisTouch_paper_f3_r1_v1_idle01,paper_f3_r1_v1,paper,2,3,train,idle,3.000,1607158617.000,1607158617.500
VisTouch_paper_f3_r1_v1_idle01_c007,VisTouch_paper_f3_r1_v1_idle01,paper_f3_r1_v1,paper,2,3,train,idle,3.500,1607158617.500,1607158618.000
VisTouch_paper_f3_r1_v1_idle01_c008,VisTouch_paper_f3_r1_v1_idle01,paper_f3_r1_v1,paper,2,3,train,idle,4.000,1607158618.000,1607158618.500
VisTouch_paper_f3_r1_v1_idle01_c009,VisTouch_paper_f3_r1_v1_idle01,paper_f3_r1_v1,paper,2,3,train,idle,4.500,1607158618.500,1607158619.000
VisTouch_paper_f3_r1_v1_idle01_c010,VisTouch_paper_f3_r1_v1_idle01,paper_f3_r1_v1,paper,2,3,train,idle,5.000,1607158619.000,1607158619.500
VisTouch_paper_f3_r1_v1_seg01a_c000,VisTouch_paper_f3_r1_v1_seg01a,paper_f3_r1_v1,paper,2,3,train,rise,0.000,1607158619.980,1607158620.480
VisTouch_paper_f3_r1_v1_seg01a_c001,VisTouch_paper_f3_r1_v1_seg01a,paper_f3_r1_v1,paper,2,3,train,rise,0.500,1607158620.480,1607158620.980
VisTouch_paper_f3_r1_v1_seg01a_c002,VisTouch_paper_f3_r1_v1_seg01a,paper_f3_r1_v1,paper,2,3,train,rise,1.000,1607158620.980,1607158621.480
VisTouch_paper_f3_r1_v1_seg01a_c003,VisTouch_paper_f3_r1_v1_seg01a,paper_f3_r1_v1,paper,2,3,train,rise,1.500,1607158621.480,1607158621.980
VisTouch_paper_f3_r1_v1_seg01a_c004,VisTouch_paper_f3_r1_v1_seg01a,paper_f3_r1_v1,paper,2,3,train,rise,2.000,1607158621.980,1607158622.480
VisTouch_paper_f3_r1_v1_seg01a_c005,VisTouch_paper_f3_r1_v1_seg01a,paper_f3_r1_v1,paper,2,3,train,rise,2.500,1607158622.480,1607158622.980
VisTouch_paper_f3_r1_v1_seg01a_c006,VisTouch_paper_f3_r1_v1_seg01a,paper_f3_r1_v1,paper,2,3,train,rise,3.000,1607158622.980,1607158623.480
VisTouch_paper_f3_r1_v1_seg01a_c007,VisTouch_paper_f3_r1_v1_seg01a,paper_f3_r1_v1,paper,2,3,train,rise,3.500,1607158623.480,1607158623.980
VisTouch_paper_f3_r1_v1_seg01a_c008,VisTouch_paper_f3_r1_v1_seg01a,paper_f3_r1_v1,paper,2,3,train,rise,4.000,1607158623.980,1607158624.480
VisTouch_paper_f3_r1_v1_seg01a_c009,VisTouch_paper_f3_r1_v1_seg01a,paper_f3_r1_v1,paper,2,3,train,rise,4.500,1607158624.480,1607158624.980
VisTouch_paper_f3_r1_v1_seg01a_c010,VisTouch_paper_f3_r1_v1_seg01a,paper_f3_r1_v1,paper,2,3,train,rise,5.000,1607158624.980,1607158625.480
VisTouch_paper_f3_r1_v1_seg01a_c011,VisTouch_paper_f3_r1_v1_seg01a,paper_f3_r1_v1,paper,2,3,train,rise,5.500,1607158625.480,1607158625.980
VisTouch_paper_f3_r1_v1_seg01b_c000,VisTouch_paper_f3_r1_v1_seg01b,paper_f3_r1_v1,paper,2,3,train,fall,0.000,1607158626.380,1607158626.880
VisTouch_paper_f3_r1_v1_seg01b_c001,VisTouch_paper_f3_r1_v1_seg01b,paper_f3_r1_v1,paper,2,3,train,fall,0.500,1607158626.880,1607158627.380
VisTouch_paper_f3_r1_v1_seg01b_c002,VisTouch_paper_f3_r1_v1_seg01b,paper_f3_r1_v1,paper,2,3,train,fall,1.000,1607158627.380,1607158627.880
VisTouch_paper_f3_r1_v1_seg01b_c003,VisTouch_paper_f3_r1_v1_seg01b,paper_f3_r1_v1,paper,2,3,train,fall,1.500,1607158627.880,1607158628.380
VisTouch_paper_f3_r1_v1_seg01b_c004,VisTouch_paper_f3_r1_v1_seg01b,paper_f3_r1_v1,paper,2,3,train,fall,2.000,1607158628.380,1607158628.880
VisTouch_paper_f3_r1_v1_seg01b_c005,VisTouch_paper_f3_r1_v1_seg01b,paper_f3_r1_v1,paper,2,3,train,fall,2.500,1607158628.880,1607158629.380
VisTouch_paper_f3_r1_v1_seg01b_c006,VisTouch_paper_f3_r1_v1_seg01b,paper_f3_r1_v1,paper,2,3,train,fall,3.000,1607158629.380,1607158629.880
VisTouch_paper_f3_r1_v1_seg02a_c000,VisTouch_paper_f3_r1_v1_seg02a,paper_f3_r1_v1,paper,2,3,train,rise,0.000,1607158630.280,1607158630.780
VisTouch_paper_f3_r1_v1_seg02a_c001,VisTouch_paper_f3_r1_v1_seg02a,paper_f3_r1_v1,paper,2,3,train,rise,0.500,1607158630.780,1607158631.280
VisTouch_paper_f3_r1_v1_seg02a_c002,VisTouch_paper_f3_r1_v1_seg02a,paper_f3_r1_v1,paper,2,3,train,rise,1.000,1607158631.280,1607158631.780
VisTouch_paper_f3_r1_v1_seg02a_c003,VisTouch_paper_f3_r1_v1_seg02a,paper_f3_r1_v1,paper,2,3,train,rise,1.500,1607158631.780,1607158632.280
VisTouch_paper_f3_r1_v1_seg02a_c004,VisTouch_paper_f3_r1_v1_seg02a,paper_f3_r1_v1,paper,2,3,train,rise,2.000,1607158632.280,1607158632.780
VisTouch_paper_f3_r1_v1_seg02a_c005,VisTouch_paper_f3_r1_v1_seg02a,paper_f3_r1_v1,paper,2,3,train,rise,2.500,1607158632.780,1607158633.280
VisTouch_paper_f3_r1_v1_seg02a_c006,VisTouch_paper_f3_r1_v1_seg02a,paper_f3_r1_v1,paper,2,3,train,rise,3.000,1607158633.280,1607158633.780
VisTouch_paper_f3_r1_v1_seg02a_c007,VisTouch_paper_f3_r1_v1_seg02a,paper_f3_r1_v1,paper,2,3,train,rise,3.500,1607158633.780,1607158634.280
VisTouch_paper_f3_r1_v1_seg02a_c008,VisTouch_paper_f3_r1_v1_seg02a,paper_f3_r1_v1,paper,2,3,train,rise,4.000,1607158634.280,1607158634.780
VisTouch_paper_f3_r1_v1_seg02a_c009,VisTouch_paper_f3_r1_v1_seg02a,paper_f3_r1_v1,paper,2,3,train,rise,4.500,1607158634.780,1607158635.280
VisTouch_paper_f3_r1_v1_seg02a_c010,VisTouch_paper_f3_r1_v1_seg02a,paper_f3_r1_v1,paper,2,3,train,rise,5.000,1607158635.280,1607158635.780
VisTouch_paper_f3_r1_v1_seg02a_c011,VisTouch_paper_f3_r1_v1_seg02a,paper_f3_r1_v1,paper,2,3,train,rise,5.500,1607158635.780,1607158636.280
VisTouch_paper_f3_r1_v1_seg02b_c000,VisTouch_paper_f3_r1_v1_seg02b,paper_f3_r1_v1,paper,2,3,train,fall,0.000,1607158636.620,1607158637.120
VisTouch_paper_f3_r1_v1_seg02b_c001,VisTouch_paper_f3_r1_v1_seg02b,paper_f3_r1_v1,paper,2,3,train,fall,0.500,1607158637.120,1607158637.620
VisTouch_paper_f3_r1_v1_seg02b_c002,VisTouch_paper_f3_r1_v1_seg02b,paper_f3_r1_v1,paper,2,3,train,fall,1.000,1607158637.620,1607158638.120
VisTouch_paper_f3_r1_v1_seg02b_c003,VisTouch_paper_f3_r1_v1_seg02b,paper_f3_r1_v1,paper,2,3,train,fall,1.500,1607158638.120,1607158638.620
VisTouch_paper_f3_r1_v1_seg02b_c004,VisTouch_paper_f3_r1_v1_seg02b,paper_f3_r1_v1,paper,2,3,train,fall,2.000,1607158638.620,1607158639.120
VisTouch_paper_f3_r1_v1_seg02b_c005,VisTouch_paper_f3_r1_v1_seg02b,paper_f3_r1_v1,paper,2,3,train,fall,2.500,1607158639.120,1607158639.620
VisTouch_paper_f3_r1_v1_seg02b_c006,VisTouch_paper_f3_r1_v1_seg02b,paper_f3_r1_v1,paper,2,3,train,fall,3.000,1607158639.620,1607158640.120
VisTouch_paper_f3_r1_v1_seg03a_c000,VisTouch_paper_f3_r1_v1_seg03a,paper_f3_r1_v1,paper,2,3,train,rise,0.000,1607158640.560,1607158641.060
VisTouch_paper_f3_r1_v1_seg03a_c001,VisTouch_paper_f3_r1_v1_seg03a,paper_f3_r1_v1,paper,2,3,train,rise,0.500,1607158641.060,1607158641.560
VisTouch_paper_f3_r1_v1_seg03a_c002,VisTouch_paper_f3_r1_v1_seg03a,paper_f3_r1_v1,paper,2,3,train,rise,1.000,1607158641.560,1607158642.060
VisTouch_paper_f3_r1_v1_seg03a_c003,VisTouch_paper_f3_r1_v1_seg03a,paper_f3_r1_v1,paper,2,3,train,rise,1.500,1607158642.060,1607158642.560
VisTouch_paper_f3_r1_v1_seg03a_c004,VisTouch_paper_f3_r1_v1_seg03a,paper_f3_r1_v1,paper,2,3,train,rise,2.000,1607158642.560,1607158643.060
VisTouch_paper_f3_r1_v1_seg03a_c005,VisTouch_paper_f3_r1_v1_seg03a,paper_f3_r1_v1,paper,2,3,train,rise,2.500,1607158643.060,1607158643.560
VisTouch_paper_f3_r1_v1_seg03a_c006,VisTouch_paper_f3_r1_v1_seg03a,paper_f3_r1_v1,paper,2,3,train,rise,3.000,1607158643.560,1607158644.060
VisTouch_paper_f3_r1_v1_seg03a_c007,VisTouch_paper_f3_r1_v1_seg03a,paper_f3_r1_v1,paper,2,3,train,rise,3.500,1607158644.060,1607158644.560
VisTouch_paper_f3_r1_v1_seg03a_c008,VisTouch_paper_f3_r1_v1_seg03a,paper_f3_r1_v1,paper,2,3,train,rise,4.000,1607158644.560,1607158645.060
VisTouch_paper_f3_r1_v1_seg03a_c009,VisTouch_paper_f3_r1_v1_seg03a,paper_f3_r1_v1,paper,2,3,train,rise,4.500,1607158645.060,1607158645.560
VisTouch_paper_f3_r1_v1_seg03a_c010,VisTouch_paper_f3_r1_v1_seg03a,paper_f3_r1_v1,paper,2,3,train,rise,5.000,1607158645.560,1607158646.060
VisTouch_paper_f3_r1_v1_seg03a_c011,VisTouch_paper_f3_r1_v1_seg03a,paper_f3_r1_v1,paper,2,3,train,rise,5.500,1607158646.060,1607158646.560
VisTouch_paper_f3_r1_v1_seg03b_c000,VisTouch_paper_f3_r1_v1_seg03b,paper_f3_r1_v1,paper,2,3,train,fall,0.000,1607158646.910,1607158647.410
VisTouch_paper_f3_r1_v1_seg03b_c001,VisTouch_paper_f3_r1_v1_seg03b,paper_f3_r1_v1,paper,2,3,train,fall,0.500,1607158647.410,1607158647.910
VisTouch_paper_f3_r1_v1_seg03b_c002,VisTouch_paper_f3_r1_v1_seg03b,paper_f3_r1_v1,paper,2,3,train,fall,1.000,1607158647.910,1607158648.410
VisTouch_paper_f3_r1_v1_seg03b_c003,VisTouch_paper_f3_r1_v1_seg03b,paper_f3_r1_v1,paper,2,3,train,fall,1.500,1607158648.410,1607158648.910
VisTouch_paper_f3_r1_v1_seg03b_c004,VisTouch_paper_f3_r1_v1_seg03b,paper_f3_r1_v1,paper,2,3,train,fall,2.000,1607158648.910,1607158649.410
VisTouch_paper_f3_r1_v1_seg03b_c005,VisTouch_paper_f3_r1_v1_seg03b,paper_f3_r1_v1,paper,2,3,train,fall,2.500,1607158649.410,1607158649.910
VisTouch_paper_f3_r1_v1_seg03b_c006,VisTouch_paper_f3_r1_v1_seg03b,paper_f3_r1_v1,paper,2,3,train,fall,3.000,1607158649.910,1607158650.410
VisTouch_paper_f3_r1_v1_seg04a_c000,VisTouch_paper_f3_r1_v1_seg04a,paper_f3_r1_v1,paper,2,3,train,rise,0.000,1607158650.860,1607158651.360
VisTouch_paper_f3_r1_v1_seg04a_c001,VisTouch_paper_f3_r1_v1_seg04a,paper_f3_r1_v1,paper,2,3,train,rise,0.500,1607158651.360,1607158651.860
VisTouch_paper_f3_r1_v1_seg04a_c002,VisTouch_paper_f3_r1_v1_seg04a,paper_f3_r1_v1,paper,2,3,train,rise,1.000,1607158651.860,1607158652.360
VisTouch_paper_f3_r1_v1_seg04a_c003,VisTouch_paper_f3_r1_v1_seg04a,paper_f3_r1_v1,paper,2,3,train,rise,1.500,1607158652.360,1607158652.860
VisTouch_paper_f3_r1_v1_seg04a_c004,VisTouch_paper_f3_r1_v1_seg04a,paper_f3_r1_v1,paper,2,3,train,rise,2.000,1607158652.860,1607158653.360
VisTouch_paper_f3_r1_v1_seg04a_c005,VisTouch_paper_f3_r1_v1_seg04a,paper_f3_r1_v1,paper,2,3,train,rise,2.500,1607158653.360,1607158653.860
VisTouch_paper_f3_r1_v1_seg04a_c006,VisTouch_paper_f3_r1_v1_seg04a,paper_f3_r1_v1,paper,2,3,train,rise,3.000,1607158653.860,1607158654.360
VisTouch_paper_f3_r1_v1_seg04a_c007,VisTouch_paper_f3_r1_v1_seg04a,paper_f3_r1_v1,paper,2,3,train,rise,3.500,1607158654.360,1607158654.860
VisTouch_paper_f3_r1_v1_seg04a_c008,VisTouch_paper_f3_r1_v1_seg04a,paper_f3_r1_v1,paper,2,3,train,rise,4.000,1607158654.860,1607158655.360
VisTouch_paper_f3_r1_v1_seg04a_c009,VisTouch_paper_f3_r1_v1_seg04a,paper_f3_r1_v1,paper,2,3,train,rise,4.500,1607158655.360,1607158655.860
VisTouch_paper_f3_r1_v1_seg04a_c010,VisTouch_paper_f3_r1_v1_seg04a,paper_f3_r1_v1,paper,2,3,train,rise,5.000,1607158655.860,1607158656.360
VisTouch_paper_f3_r1_v1_seg04a_c011,VisTouch_paper_f3_r1_v1_seg04a,paper_f3_r1_v1,paper,2,3,train,rise,5.500,1607158656.360,1607158656.860
VisTouch_paper_f3_r1_v1_seg04b_c000,VisTouch_paper_f3_r1_v1_seg04b,paper_f3_r1_v1,paper,2,3,train,fall,0.000,1607158657.210,1607158657.710
VisTouch_paper_f3_r1_v1_seg04b_c001,VisTouch_paper_f3_r1_v1_seg04b,paper_f3_r1_v1,paper,2,3,train,fall,0.500,1607158657.710,1607158658.210
VisTouch_paper_f3_r1_v1_seg04b_c002,VisTouch_paper_f3_r1_v1_seg04b,paper_f3_r1_v1,paper,2,3,train,fall,1.000,1607158658.210,1607158658.710
VisTouch_paper_f3_r1_v1_seg04b_c003,VisTouch_paper_f3_r1_v1_seg04b,paper_f3_r1_v1,paper,2,3,train,fall,1.500,1607158658.710,1607158659.210
VisTouch_paper_f3_r1_v1_seg04b_c004,VisTouch_paper_f3_r1_v1_seg04b,paper_f3_r1_v1,paper,2,3,train,fall,2.000,1607158659.210,1607158659.710
VisTouch_paper_f3_r1_v1_seg04b_c005,VisTouch_paper_f3_r1_v1_seg04b,paper_f3_r1_v1,paper,2,3,train,fall,2.500,1607158659.710,1607158660.210
VisTouch_paper_f3_r1_v1_seg04b_c006,VisTouch_paper_f3_r1_v1_seg04b,paper_f3_r1_v1,paper,2,3,train,fall,3.000,1607158660.210,1607158660.710
VisTouch_paper_f3_r1_v1_seg05a_c000,VisTouch_paper_f3_r1_v1_seg05a,paper_f3_r1_v1,paper,2,3,train,rise,0.000,1607158661.160,1607158661.660
VisTouch_paper_f3_r1_v1_seg05a_c001,VisTouch_paper_f3_r1_v1_seg05a,paper_f3_r1_v1,paper,2,3,train,rise,0.500,1607158661.660,1607158662.160
VisTouch_paper_f3_r1_v1_seg05a_c002,VisTouch_paper_f3_r1_v1_seg05a,paper_f3_r1_v1,paper,2,3,train,rise,1.000,1607158662.160,1607158662.660
VisTouch_paper_f3_r1_v1_seg05a_c003,VisTouch_paper_f3_r1_v1_seg05a,paper_f3_r1_v1,paper,2,3,train,rise,1.500,1607158662.660,1607158663.160
VisTouch_paper_f3_r1_v1_seg05a_c004,VisTouch_paper_f3_r1_v1_seg05a,paper_f3_r1_v1,paper,2,3,train,rise,2.000,1607158663.160,1607158663.660
VisTouch_paper_f3_r1_v1_seg05a_c005,VisTouch_paper_f3_r1_v1_seg05a,paper_f3_r1_v1,paper,2,3,train,rise,2.500,1607158663.660,1607158664.160
VisTouch_paper_f3_r1_v1_seg05a_c006,VisTouch_paper_f3_r1_v1_seg05a,paper_f3_r1_v1,paper,2,3,train,rise,3.000,1607158664.160,1607158664.660
VisTouch_paper_f3_r1_v1_seg05a_c007,VisTouch_paper_f3_r1_v1_seg05a,paper_f3_r1_v1,paper,2,3,train,rise,3.500,1607158664.660,1607158665.160
VisTouch_paper_f3_r1_v1_seg05a_c008,VisTouch_paper_f3_r1_v1_seg05a,paper_f3_r1_v1,paper,2,3,train,rise,4.000,1607158665.160,1607158665.660
VisTouch_paper_f3_r1_v1_seg05a_c009,VisTouch_paper_f3_r1_v1_seg05a,paper_f3_r1_v1,paper,2,3,train,rise,4.500,1607158665.660,1607158666.160
VisTouch_paper_f3_r1_v1_seg05a_c010,VisTouch_paper_f3_r1_v1_seg05a,paper_f3_r1_v1,paper,2,3,train,rise,5.000,1607158666.160,1607158666.660
VisTouch_paper_f3_r1_v1_seg05a_c011,VisTouch_paper_f3_r1_v1_seg05a,paper_f3_r1_v1,paper,2,3,train,rise,5.500,1607158666.660,1607158667.160
VisTouch_paper_f3_r1_v1_seg05b_c000,VisTouch_paper_f3_r1_v1_seg05b,paper_f3_r1_v1,paper,2,3,train,fall,0.000,1607158667.480,1607158667.980
VisTouch_paper_f3_r1_v1_seg05b_c001,VisTouch_paper_f3_r1_v1_seg05b,paper_f3_r1_v1,paper,2,3,train,fall,0.500,1607158667.980,1607158668.480
VisTouch_paper_f3_r1_v1_seg05b_c002,VisTouch_paper_f3_r1_v1_seg05b,paper_f3_r1_v1,paper,2,3,train,fall,1.000,1607158668.480,1607158668.980
VisTouch_paper_f3_r1_v1_seg05b_c003,VisTouch_paper_f3_r1_v1_seg05b,paper_f3_r1_v1,paper,2,3,train,fall,1.500,1607158668.980,1607158669.480
VisTouch_paper_f3_r1_v1_seg05b_c004,VisTouch_paper_f3_r1_v1_seg05b,paper_f3_r1_v1,paper,2,3,train,fall,2.000,1607158669.480,1607158669.980
VisTouch_paper_f3_r1_v1_seg05b_c005,VisTouch_paper_f3_r1_v1_seg05b,paper_f3_r1_v1,paper,2,3,train,fall,2.500,1607158669.980,1607158670.480
VisTouch_paper_f3_r1_v1_seg05b_c006,VisTouch_paper_f3_r1_v1_seg05b,paper_f3_r1_v1,paper,2,3,train,fall,3.000,1607158670.480,1607158670.980
VisTouch_paper_f3_r1_v1_idle02_c000,VisTouch_paper_f3_r1_v1_idle02,paper_f3_r1_v1,paper,2,3,train,idle,0.000,1607158671.440,1607158671.940
VisTouch_paper_f3_r1_v1_idle02_c001,VisTouch_paper_f3_r1_v1_idle02,paper_f3_r1_v1,paper,2,3,train,idle,0.500,1607158671.940,1607158672.440
VisTouch_paper_f3_r1_v1_idle02_c002,VisTouch_paper_f3_r1_v1_idle02,paper_f3_r1_v1,paper,2,3,train,idle,1.000,1607158672.440,1607158672.940
VisTouch_paper_f3_r1_v1_idle02_c003,VisTouch_paper_f3_r1_v1_idle02,paper_f3_r1_v1,paper,2,3,train,idle,1.500,1607158672.940,1607158673.440
VisTouch_paper_f3_r1_v1_idle02_c004,VisTouch_paper_f3_r1_v1_idle02,paper_f3_r1_v1,paper,2,3,train,idle,2.000,1607158673.440,1607158673.940
VisTouch_paper_f3_r1_v1_idle02_c005,VisTouch_paper_f3_r1_v1_idle02,paper_f3_r1_v1,paper,2,3,train,idle,2.500,1607158673.940,1607158674.440
VisTouch_paper_f3_r1_v1_idle02_c006,VisTouch_paper_f3_r1_v1_idle02,paper_f3_r1_v1,paper,2,3,train,idle,3.000,1607158674.440,1607158674.940
VisTouch_paper_f3_r1_v1_idle02_c007,VisTouch_paper_f3_r1_v1_idle02,paper_f3_r1_v1,paper,2,3,train,idle,3.500,1607158674.940,1607158675.440
VisTouch_paper_f3_r1_v1_idle02_c008,VisTouch_paper_f3_r1_v1_idle02,paper_f3_r1_v1,paper,2,3,train,idle,4.000,1607158675.440,1607158675.940
VisTouch_paper_f3_r1_v1_idle02_c009,VisTouch_paper_f3_r1_v1_idle02,paper_f3_r1_v1,paper,2,3,train,idle,4.500,1607158675.940,1607158676.440
VisTouch_paper_f3_r1_v1_idle03_c000,VisTouch_paper_f3_r1_v1_idle03,paper_f3_r1_v1,paper,2,3,train,idle,0.000,1607158676.715,1607158677.215
VisTouch_paper_f3_r1_v1_idle03_c001,VisTouch_paper_f3_r1_v1_idle03,paper_f3_r1_v1,paper,2,3,train,idle,0.500,1607158677.215,1607158677.715
VisTouch_paper_f3_r1_v1_idle03_c002,VisTouch_paper_f3_r1_v1_idle03,paper_f3_r1_v1,paper,2,3,train,idle,1.000,1607158677.715,1607158678.215
VisTouch_paper_f3_r1_v1_idle03_c003,VisTouch_paper_f3_r1_v1_idle03,paper_f3_r1_v1,paper,2,3,train,idle,1.500,1607158678.215,1607158678.715
VisTouch_paper_f3_r1_v1_idle03_c004,VisTouch_paper_f3_r1_v1_idle03,paper_f3_r1_v1,paper,2,3,train,idle,2.000,1607158678.715,1607158679.215
VisTouch_paper_f3_r1_v1_idle03_c005,VisTouch_paper_f3_r1_v1_idle03,paper_f3_r1_v1,paper,2,3,train,idle,2.500,1607158679.215,1607158679.715
VisTouch_paper_f3_r1_v1_idle03_c006,VisTouch_paper_f3_r1_v1_idle03,paper_f3_r1_v1,paper,2,3,train,idle,3.000,1607158679.715,1607158680.215
VisTouch_paper_f3_r1_v1_idle03_c007,VisTouch_paper_f3_r1_v1_idle03,paper_f3_r1_v1,paper,2,3,train,idle,3.500,1607158680.215,1607158680.715
VisTouch_paper_f3_r1_v1_idle03_c008,VisTouch_paper_f3_r1_v1_idle03,paper_f3_r1_v1,paper,2,3,train,idle,4.000,1607158680.715,1607158681.215
VisTouch_paper_f3_r1_v1_idle03_c009,VisTouch_paper_f3_r1_v1_idle03,paper_f3_r1_v1,paper,2,3,train,idle,4.500,1607158681.215,1607158681.715
VisTouch_paper_f6_r1_v1_idle01_c000,VisTouch_paper_f6_r1_v1_idle01,paper_f6_r1_v1,paper,2,6,train,idle,0.000,1607158249.000,1607158249.500
VisTouch_paper_f6_r1_v1_idle01_c001,VisTouch_paper_f6_r1_v1_idle01,paper_f6_r1_v1,paper,2,6,train,idle,0.500,1607158249.500,1607158250.000
VisTouch_paper_f6_r1_v1_idle01_c002,VisTouch_paper_f6_r1_v1_idle01,paper_f6_r1_v1,paper,2,6,train,idle,1.000,1607158250.000,1607158250.500
VisTouch_paper_f6_r1_v1_idle01_c003,VisTouch_paper_f6_r1_v1_idle01,paper_f6_r1_v1,paper,2,6,train,idle,1.500,1607158250.500,1607158251.000
VisTouch_paper_f6_r1_v1_idle01_c004,VisTouch_paper_f6_r1_v1_idle01,paper_f6_r1_v1,paper,2,6,train,idle,2.000,1607158251.000,1607158251.500
VisTouch_paper_f6_r1_v1_idle01_c005,VisTouch_paper_f6_r1_v1_idle01,paper_f6_r1_v1,paper,2,6,train,idle,2.500,1607158251.500,1607158252.000
VisTouch_paper_f6_r1_v1_idle01_c006,VisTouch_paper_f6_r1_v1_idle01,paper_f6_r1_v1,paper,2,6,train,idle,3.000,1607158252.000,1607158252.500
VisTouch_paper_f6_r1_v1_idle01_c007,VisTouch_paper_f6_r1_v1_idle01,paper_f6_r1_v1,paper,2,6,train,idle,3.500,1607158252.500,1607158253.000
VisTouch_paper_f6_r1_v1_idle01_c008,VisTouch_paper_f6_r1_v1_idle01,paper_f6_r1_v1,paper,2,6,train,idle,4.000,1607158253.000,1607158253.500
VisTouch_paper_f6_r1_v1_idle01_c009,VisTouch_paper_f6_r1_v1_idle01,paper_f6_r1_v1,paper,2,6,train,idle,4.500,1607158253.500,1607158254.000
VisTouch_paper_f6_r1_v1_idle01_c010,VisTouch_paper_f6_r1_v1_idle01,paper_f6_r1_v1,paper,2,6,train,idle,5.000,1607158254.000,1607158254.500
VisTouch_paper_f6_r1_v1_idle01_c011,VisTouch_paper_f6_r1_v1_idle01,paper_f6_r1_v1,paper,2,6,train,idle,5.500,1607158254.500,1607158255.000
VisTouch_paper_f6_r1_v1_idle01_c012,VisTouch_paper_f6_r1_v1_idle01,paper_f6_r1_v1,paper,2,6,train,idle,6.000,1607158255.000,1607158255.500
VisTouch_paper_f6_r1_v1_seg01a_c000,VisTouch_paper_f6_r1_v1_seg01a,paper_f6_r1_v1,paper,2,6,train,rise,0.000,1607158255.500,1607158256.000
VisTouch_paper_f6_r1_v1_seg01a_c001,VisTouch_paper_f6_r1_v1_seg01a,paper_f6_r1_v1,paper,2,6,train,rise,0.500,1607158256.000,1607158256.500
VisTouch_paper_f6_r1_v1_seg01a_c002,VisTouch_paper_f6_r1_v1_seg01a,paper_f6_r1_v1,paper,2,6,train,rise,1.000,1607158256.500,1607158257.000
VisTouch_paper_f6_r1_v1_seg01a_c003,VisTouch_paper_f6_r1_v1_seg01a,paper_f6_r1_v1,paper,2,6,train,rise,1.500,1607158257.000,1607158257.500
VisTouch_paper_f6_r1_v1_seg01a_c004,VisTouch_paper_f6_r1_v1_seg01a,paper_f6_r1_v1,paper,2,6,train,rise,2.000,1607158257.500,1607158258.000
VisTouch_paper_f6_r1_v1_seg01a_c005,VisTouch_paper_f6_r1_v1_seg01a,paper_f6_r1_v1,paper,2,6,train,rise,2.500,1607158258.000,1607158258.500
VisTouch_paper_f6_r1_v1_seg01a_c006,VisTouch_paper_f6_r1_v1_seg01a,paper_f6_r1_v1,paper,2,6,train,rise,3.000,1607158258.500,1607158259.000
VisTouch_paper_f6_r1_v1_seg01a_c007,VisTouch_paper_f6_r1_v1_seg01a,paper_f6_r1_v1,paper,2,6,train,rise,3.500,1607158259.000,1607158259.500
VisTouch_paper_f6_r1_v1_seg01a_c008,VisTouch_paper_f6_r1_v1_seg01a,paper_f6_r1_v1,paper,2,6,train,rise,4.000,1607158259.500,1607158260.000
VisTouch_paper_f6_r1_v1_seg01a_c009,VisTouch_paper_f6_r1_v1_seg01a,paper_f6_r1_v1,paper,2,6,train,rise,4.500,1607158260.000,1607158260.500
VisTouch_paper_f6_r1_v1_seg01a_c010,VisTouch_paper_f6_r1_v1_seg01a,paper_f6_r1_v1,paper,2,6,train,rise,5.000,1607158260.500,1607158261.000
VisTouch_paper_f6_r1_v1_seg01a_c011,VisTouch_paper_f6_r1_v1_seg01a,paper_f6_r1_v1,paper,2,6,train,rise,5.500,1607158261.000,1607158261.500
VisTouch_paper_f6_r1_v1_seg01b_c000,VisTouch_paper_f6_r1_v1_seg01b,paper_f6_r1_v1,paper,2,6,train,fall,0.000,1607158261.880,1607158262.380
VisTouch_paper_f6_r1_v1_seg01b_c001,VisTouch_paper_f6_r1_v1_seg01b,paper_f6_r1_v1,paper,2,6,train,fall,0.500,1607158262.380,1607158262.880
VisTouch_paper_f6_r1_v1_seg01b_c002,VisTouch_paper_f6_r1_v1_seg01b,paper_f6_r1_v1,paper,2,6,train,fall,1.000,1607158262.880,1607158263.380
VisTouch_paper_f6_r1_v1_seg01b_c003,VisTouch_paper_f6_r1_v1_seg01b,paper_f6_r1_v1,paper,2,6,train,fall,1.500,1607158263.380,1607158263.880
VisTouch_paper_f6_r1_v1_seg01b_c004,VisTouch_paper_f6_r1_v1_seg01b,paper_f6_r1_v1,paper,2,6,train,fall,2.000,1607158263.880,1607158264.380
VisTouch_paper_f6_r1_v1_seg01b_c005,VisTouch_paper_f6_r1_v1_seg01b,paper_f6_r1_v1,paper,2,6,train,fall,2.500,1607158264.380,1607158264.880
VisTouch_paper_f6_r1_v1_seg01b_c006,VisTouch_paper_f6_r1_v1_seg01b,paper_f6_r1_v1,paper,2,6,train,fall,3.000,1607158264.880,1607158265.380
VisTouch_paper_f6_r1_v1_seg02a_c000,VisTouch_paper_f6_r1_v1_seg02a,paper_f6_r1_v1,paper,2,6,train,rise,0.000,1607158265.760,1607158266.260
VisTouch_paper_f6_r1_v1_seg02a_c001,VisTouch_paper_f6_r1_v1_seg02a,paper_f6_r1_v1,paper,2,6,train,rise,0.500,1607158266.260,1607158266.760
VisTouch_paper_f6_r1_v1_seg02a_c002,VisTouch_paper_f6_r1_v1_seg02a,paper_f6_r1_v1,paper,2,6,train,rise,1.000,1607158266.760,1607158267.260
VisTouch_paper_f6_r1_v1_seg02a_c003,VisTouch_paper_f6_r1_v1_seg02a,paper_f6_r1_v1,paper,2,6,train,rise,1.500,1607158267.260,1607158267.760
VisTouch_paper_f6_r1_v1_seg02a_c004,VisTouch_paper_f6_r1_v1_seg02a,paper_f6_r1_v1,paper,2,6,train,rise,2.000,1607158267.760,1607158268.260
VisTouch_paper_f6_r1_v1_seg02a_c005,VisTouch_paper_f6_r1_v1_seg02a,paper_f6_r1_v1,paper,2,6,train,rise,2.500,1607158268.260,1607158268.760
VisTouch_paper_f6_r1_v1_seg02a_c006,VisTouch_paper_f6_r1_v1_seg02a,paper_f6_r1_v1,paper,2,6,train,rise,3.000,1607158268.760,1607158269.260
VisTouch_paper_f6_r1_v1_seg02a_c007,VisTouch_paper_f6_r1_v1_seg02a,paper_f6_r1_v1,paper,2,6,train,rise,3.500,1607158269.260,1607158269.760
VisTouch_paper_f6_r1_v1_seg02a_c008,VisTouch_paper_f6_r1_v1_seg02a,paper_f6_r1_v1,paper,2,6,train,rise,4.000,1607158269.760,1607158270.260
VisTouch_paper_f6_r1_v1_seg02a_c009,VisTouch_paper_f6_r1_v1_seg02a,paper_f6_r1_v1,paper,2,6,train,rise,4.500,1607158270.260,1607158270.760
VisTouch_paper_f6_r1_v1_seg02a_c010,VisTouch_paper_f6_r1_v1_seg02a,paper_f6_r1_v1,paper,2,6,train,rise,5.000,1607158270.760,1607158271.260
VisTouch_paper_f6_r1_v1_seg02a_c011,VisTouch_paper_f6_r1_v1_seg02a,paper_f6_r1_v1,paper,2,6,train,rise,5.500,1607158271.260,1607158271.760
VisTouch_paper_f6_r1_v1_seg02b_c000,VisTouch_paper_f6_r1_v1_seg02b,paper_f6_r1_v1,paper,2,6,train,fall,0.000,1607158272.040,1607158272.540
VisTouch_paper_f6_r1_v1_seg02b_c001,VisTouch_paper_f6_r1_v1_seg02b,paper_f6_r1_v1,paper,2,6,train,fall,0.500,1607158272.540,1607158273.040
VisTouch_paper_f6_r1_v1_seg02b_c002,VisTouch_paper_f6_r1_v1_seg02b,paper_f6_r1_v1,paper,2,6,train,fall,1.000,1607158273.040,1607158273.540
VisTouch_paper_f6_r1_v1_seg02b_c003,VisTouch_paper_f6_r1_v1_seg02b,paper_f6_r1_v1,paper,2,6,train,fall,1.500,1607158273.540,1607158274.040
VisTouch_paper_f6_r1_v1_seg02b_c004,VisTouch_paper_f6_r1_v1_seg02b,paper_f6_r1_v1,paper,2,6,train,fall,2.000,1607158274.040,1607158274.540
VisTouch_paper_f6_r1_v1_seg02b_c005,VisTouch_paper_f6_r1_v1_seg02b,paper_f6_r1_v1,paper,2,6,train,fall,2.500,1607158274.540,1607158275.040
VisTouch_paper_f6_r1_v1_seg02b_c006,VisTouch_paper_f6_r1_v1_seg02b,paper_f6_r1_v1,paper,2,6,train,fall,3.000,1607158275.040,1607158275.540
VisTouch_paper_f6_r1_v1_seg03a_c000,VisTouch_paper_f6_r1_v1_seg03a,paper_f6_r1_v1,paper,2,6,train,rise,0.000,1607158275.980,1607158276.480
VisTouch_paper_f6_r1_v1_seg03a_c001,VisTouch_paper_f6_r1_v1_seg03a,paper_f6_r1_v1,paper,2,6,train,rise,0.500,1607158276.480,1607158276.980
VisTouch_paper_f6_r1_v1_seg03a_c002,VisTouch_paper_f6_r1_v1_seg03a,paper_f6_r1_v1,paper,2,6,train,rise,1.000,1607158276.980,1607158277.480
VisTouch_paper_f6_r1_v1_seg03a_c003,VisTouch_paper_f6_r1_v1_seg03a,paper_f6_r1_v1,paper,2,6,train,rise,1.500,1607158277.480,1607158277.980
VisTouch_paper_f6_r1_v1_seg03a_c004,VisTouch_paper_f6_r1_v1_seg03a,paper_f6_r1_v1,paper,2,6,train,rise,2.000,1607158277.980,1607158278.480
VisTouch_paper_f6_r1_v1_seg03a_c005,VisTouch_paper_f6_r1_v1_seg03a,paper_f6_r1_v1,paper,2,6,train,rise,2.500,1607158278.480,1607158278.980
VisTouch_paper_f6_r1_v1_seg03a_c006,VisTouch_paper_f6_r1_v1_seg03a,paper_f6_r1_v1,paper,2,6,train,rise,3.000,1607158278.980,1607158279.480
VisTouch_paper_f6_r1_v1_seg03a_c007,VisTouch_paper_f6_r1_v1_seg03a,paper_f6_r1_v1,paper,2,6,train,rise,3.500,1607158279.480,1607158279.980
VisTouch_paper_f6_r1_v1_seg03a_c008,VisTouch_paper_f6_r1_v1_seg03a,paper_f6_r1_v1,paper,2,6,train,rise,4.000,1607158279.980,1607158280.480
VisTouch_paper_f6_r1_v1_seg03a_c009,VisTouch_paper_f6_r1_v1_seg03a,paper_f6_r1_v1,paper,2,6,train,rise,4.500,1607158280.480,1607158280.980
VisTouch_paper_f6_r1_v1_seg03a_c010,VisTouch_paper_f6_r1_v1_seg03a,paper_f6_r1_v1,paper,2,6,train,rise,5.000,1607158280.980,1607158281.480
VisTouch_paper_f6_r1_v1_seg03a_c011,VisTouch_paper_f6_r1_v1_seg03a,paper_f6_r1_v1,paper,2,6,train,rise,5.500,1607158281.480,1607158281.980
VisTouch_paper_f6_r1_v1_seg03b_c000,VisTouch_paper_f6_r1_v1_seg03b,paper_f6_r1_v1,paper,2,6,train,fall,0.000,1607158282.350,1607158282.850
VisTouch_paper_f6_r1_v1_seg03b_c001,VisTouch_paper_f6_r1_v1_seg03b,paper_f6_r1_v1,paper,2,6,train,fall,0.500,1607158282.850,1607158283.350
VisTouch_paper_f6_r1_v1_seg03b_c002,VisTouch_paper_f6_r1_v1_seg03b,paper_f6_r1_v1,paper,2,6,train,fall,1.000,1607158283.350,1607158283.850
VisTouch_paper_f6_r1_v1_seg03b_c003,VisTouch_paper_f6_r1_v1_seg03b,paper_f6_r1_v1,paper,2,6,train,fall,1.500,1607158283.850,1607158284.350
VisTouch_paper_f6_r1_v1_seg03b_c004,VisTouch_paper_f6_r1_v1_seg03b,paper_f6_r1_v1,paper,2,6,train,fall,2.000,1607158284.350,1607158284.850
VisTouch_paper_f6_r1_v1_seg03b_c005,VisTouch_paper_f6_r1_v1_seg03b,paper_f6_r1_v1,paper,2,6,train,fall,2.500,1607158284.850,1607158285.350
VisTouch_paper_f6_r1_v1_seg03b_c006,VisTouch_paper_f6_r1_v1_seg03b,paper_f6_r1_v1,paper,2,6,train,fall,3.000,1607158285.350,1607158285.850
VisTouch_paper_f6_r1_v1_seg04a_c000,VisTouch_paper_f6_r1_v1_seg04a,paper_f6_r1_v1,paper,2,6,train,rise,0.000,1607158286.200,1607158286.700
VisTouch_paper_f6_r1_v1_seg04a_c001,VisTouch_paper_f6_r1_v1_seg04a,paper_f6_r1_v1,paper,2,6,train,rise,0.500,1607158286.700,1607158287.200
VisTouch_paper_f6_r1_v1_seg04a_c002,VisTouch_paper_f6_r1_v1_seg04a,paper_f6_r1_v1,paper,2,6,train,rise,1.000,1607158287.200,1607158287.700
VisTouch_paper_f6_r1_v1_seg04a_c003,VisTouch_paper_f6_r1_v1_seg04a,paper_f6_r1_v1,paper,2,6,train,rise,1.500,1607158287.700,1607158288.200
VisTouch_paper_f6_r1_v1_seg04a_c004,VisTouch_paper_f6_r1_v1_seg04a,paper_f6_r1_v1,paper,2,6,train,rise,2.000,1607158288.200,1607158288.700
VisTouch_paper_f6_r1_v1_seg04a_c005,VisTouch_paper_f6_r1_v1_seg04a,paper_f6_r1_v1,paper,2,6,train,rise,2.500,1607158288.700,1607158289.200
VisTouch_paper_f6_r1_v1_seg04a_c006,VisTouch_paper_f6_r1_v1_seg04a,paper_f6_r1_v1,paper,2,6,train,rise,3.000,1607158289.200,1607158289.700
VisTouch_paper_f6_r1_v1_seg04a_c007,VisTouch_paper_f6_r1_v1_seg04a,paper_f6_r1_v1,paper,2,6,train,rise,3.500,1607158289.700,1607158290.200
VisTouch_paper_f6_r1_v1_seg04a_c008,VisTouch_paper_f6_r1_v1_seg04a,paper_f6_r1_v1,paper,2,6,train,rise,4.000,1607158290.200,1607158290.700
VisTouch_paper_f6_r1_v1_seg04a_c009,VisTouch_paper_f6_r1_v1_seg04a,paper_f6_r1_v1,paper,2,6,train,rise,4.500,1607158290.700,1607158291.200
VisTouch_paper_f6_r1_v1_seg04a_c010,VisTouch_paper_f6_r1_v1_seg04a,paper_f6_r1_v1,paper,2,6,train,rise,5.000,1607158291.200,1607158291.700
VisTouch_paper_f6_r1_v1_seg04a_c011,VisTouch_paper_f6_r1_v1_seg04a,paper_f6_r1_v1,paper,2,6,train,rise,5.500,1607158291.700,1607158292.200
VisTouch_paper_f6_r1_v1_seg04b_c000,VisTouch_paper_f6_r1_v1_seg04b,paper_f6_r1_v1,paper,2,6,train,fall,0.000,1607158292.590,1607158293.090
VisTouch_paper_f6_r1_v1_seg04b_c001,VisTouch_paper_f6_r1_v1_seg04b,paper_f6_r1_v1,paper,2,6,train,fall,0.500,1607158293.090,1607158293.590
VisTouch_paper_f6_r1_v1_seg04b_c002,VisTouch_paper_f6_r1_v1_seg04b,paper_f6_r1_v1,paper,2,6,train,fall,1.000,1607158293.590,1607158294.090
VisTouch_paper_f6_r1_v1_seg04b_c003,VisTouch_paper_f6_r1_v1_seg04b,paper_f6_r1_v1,paper,2,6,train,fall,1.500,1607158294.090,1607158294.590
VisTouch_paper_f6_r1_v1_seg04b_c004,VisTouch_paper_f6_r1_v1_seg04b,paper_f6_r1_v1,paper,2,6,train,fall,2.000,1607158294.590,1607158295.090
VisTouch_paper_f6_r1_v1_seg04b_c005,VisTouch_paper_f6_r1_v1_seg04b,paper_f6_r1_v1,paper,2,6,train,fall,2.500,1607158295.090,1607158295.590
VisTouch_paper_f6_r1_v1_seg04b_c006,VisTouch_paper_f6_r1_v1_seg04b,paper_f6_r1_v1,paper,2,6,train,fall,3.000,1607158295.590,1607158296.090
VisTouch_paper_f6_r1_v1_seg05a_c000,VisTouch_paper_f6_r1_v1_seg05a,paper_f6_r1_v1,paper,2,6,train,rise,0.000,1607158296.460,1607158296.960
VisTouch_paper_f6_r1_v1_seg05a_c001,VisTouch_paper_f6_r1_v1_seg05a,paper_f6_r1_v1,paper,2,6,train,rise,0.500,1607158296.960,1607158297.460
VisTouch_paper_f6_r1_v1_seg05a_c002,VisTouch_paper_f6_r1_v1_seg05a,paper_f6_r1_v1,paper,2,6,train,rise,1.000,1607158297.460,1607158297.960
VisTouch_paper_f6_r1_v1_seg05a_c003,VisTouch_paper_f6_r1_v1_seg05a,paper_f6_r1_v1,paper,2,6,train,rise,1.500,1607158297.960,1607158298.460
VisTouch_paper_f6_r1_v1_seg05a_c004,VisTouch_paper_f6_r1_v1_seg05a,paper_f6_r1_v1,paper,2,6,train,rise,2.000,1607158298.460,1607158298.960
VisTouch_paper_f6_r1_v1_seg05a_c005,VisTouch_paper_f6_r1_v1_seg05a,paper_f6_r1_v1,paper,2,6,train,rise,2.500,1607158298.960,1607158299.460
VisTouch_paper_f6_r1_v1_seg05a_c006,VisTouch_paper_f6_r1_v1_seg05a,paper_f6_r1_v1,paper,2,6,train,rise,3.000,1607158299.460,1607158299.960
VisTouch_paper_f6_r1_v1_seg05a_c007,VisTouch_paper_f6_r1_v1_seg05a,paper_f6_r1_v1,paper,2,6,train,rise,3.500,1607158299.960,1607158300.460
VisTouch_paper_f6_r1_v1_seg05a_c008,VisTouch_paper_f6_r1_v1_seg05a,paper_f6_r1_v1,paper,2,6,train,rise,4.000,1607158300.460,1607158300.960
VisTouch_paper_f6_r1_v1_seg05a_c009,VisTouch_paper_f6_r1_v1_seg05a,paper_f6_r1_v1,paper,2,6,train,rise,4.500,1607158300.960,1607158301.460
VisTouch_paper_f6_r1_v1_seg05a_c010,VisTouch_paper_f6_r1_v1_seg05a,paper_f6_r1_v1,paper,2,6,train,rise,5.000,1607158301.460,1607158301.960
VisTouch_paper_f6_r1_v1_seg05a_c011,VisTouch_paper_f6_r1_v1_seg05a,paper_f6_r1_v1,paper,2,6,train,rise,5.500,1607158301.960,1607158302.460
VisTouch_paper_f6_r1_v1_seg05b_c000,VisTouch_paper_f6_r1_v1_seg05b,paper_f6_r1_v1,paper,2,6,train,fall,0.000,1607158302.790,1607158303.290
VisTouch_paper_f6_r1_v1_seg05b_c001,VisTouch_paper_f6_r1_v1_seg05b,paper_f6_r1_v1,paper,2,6,train,fall,0.500,1607158303.290,1607158303.790
VisTouch_paper_f6_r1_v1_seg05b_c002,VisTouch_paper_f6_r1_v1_seg05b,paper_f6_r1_v1,paper,2,6,train,fall,1.000,1607158303.790,1607158304.290
VisTouch_paper_f6_r1_v1_seg05b_c003,VisTouch_paper_f6_r1_v1_seg05b,paper_f6_r1_v1,paper,2,6,train,fall,1.500,1607158304.290,1607158304.790
VisTouch_paper_f6_r1_v1_seg05b_c004,VisTouch_paper_f6_r1_v1_seg05b,paper_f6_r1_v1,paper,2,6,train,fall,2.000,1607158304.790,1607158305.290
VisTouch_paper_f6_r1_v1_seg05b_c005,VisTouch_paper_f6_r1_v1_seg05b,paper_f6_r1_v1,paper,2,6,train,fall,2.500,1607158305.290,1607158305.790
VisTouch_paper_f6_r1_v1_seg05b_c006,VisTouch_paper_f6_r1_v1_seg05b,paper_f6_r1_v1,paper,2,6,train,fall,3.000,1607158305.790,1607158306.290
VisTouch_paper_f6_r1_v1_idle02_c000,VisTouch_paper_f6_r1_v1_idle02,paper_f6_r1_v1,paper,2,6,train,idle,0.000,1607158306.680,1607158307.180
VisTouch_paper_f6_r1_v1_idle02_c001,VisTouch_paper_f6_r1_v1_idle02,paper_f6_r1_v1,paper,2,6,train,idle,0.500,1607158307.180,1607158307.680
VisTouch_paper_f6_r1_v1_idle02_c002,VisTouch_paper_f6_r1_v1_idle02,paper_f6_r1_v1,paper,2,6,train,idle,1.000,1607158307.680,1607158308.180
VisTouch_paper_f6_r1_v1_idle02_c003,VisTouch_paper_f6_r1_v1_idle02,paper_f6_r1_v1,paper,2,6,train,idle,1.500,1607158308.180,1607158308.680
VisTouch_paper_f6_r1_v1_idle02_c004,VisTouch_paper_f6_r1_v1_idle02,paper_f6_r1_v1,paper,2,6,train,idle,2.000,1607158308.680,1607158309.180
VisTouch_paper_f6_r1_v1_idle02_c005,VisTouch_paper_f6_r1_v1_idle02,paper_f6_r1_v1,paper,2,6,train,idle,2.500,1607158309.180,1607158309.680
VisTouch_paper_f6_r1_v1_idle02_c006,VisTouch_paper_f6_r1_v1_idle02,paper_f6_r1_v1,paper,2,6,train,idle,3.000,1607158309.680,1607158310.180
VisTouch_paper_f6_r1_v1_idle02_c007,VisTouch_paper_f6_r1_v1_idle02,paper_f6_r1_v1,paper,2,6,train,idle,3.500,1607158310.180,1607158310.680
VisTouch_paper_f6_r1_v1_idle02_c008,VisTouch_paper_f6_r1_v1_idle02,paper_f6_r1_v1,paper,2,6,train,idle,4.000,1607158310.680,1607158311.180
VisTouch_paper_f6_r1_v1_idle02_c009,VisTouch_paper_f6_r1_v1_idle02,paper_f6_r1_v1,paper,2,6,train,idle,4.500,1607158311.180,1607158311.680
VisTouch_paper_f6_r1_v1_idle02_c010,VisTouch_paper_f6_r1_v1_idle02,paper_f6_r1_v1,paper,2,6,train,idle,5.000,1607158311.680,1607158312.180
VisTouch_paper_f6_r1_v1_idle02_c011,VisTouch_paper_f6_r1_v1_idle02,paper_f6_r1_v1,paper,2,6,train,idle,5.500,1607158312.180,1607158312.680
VisTouch_paper_f6_r1_v1_idle03_c000,VisTouch_paper_f6_r1_v1_idle03,paper_f6_r1_v1,paper,2,6,train,idle,0.000,1607158312.835,1607158313.335
VisTouch_paper_f6_r1_v1_idle03_c001,VisTouch_paper_f6_r1_v1_idle03,paper_f6_r1_v1,paper,2,6,train,idle,0.500,1607158313.335,1607158313.835
VisTouch_paper_f6_r1_v1_idle03_c002,VisTouch_paper_f6_r1_v1_idle03,paper_f6_r1_v1,paper,2,6,train,idle,1.000,1607158313.835,1607158314.335
VisTouch_paper_f6_r1_v1_idle03_c003,VisTouch_paper_f6_r1_v1_idle03,paper_f6_r1_v1,paper,2,6,train,idle,1.500,1607158314.335,1607158314.835
VisTouch_paper_f6_r1_v1_idle03_c004,VisTouch_paper_f6_r1_v1_idle03,paper_f6_r1_v1,paper,2,6,train,idle,2.000,1607158314.835,1607158315.335
VisTouch_paper_f6_r1_v1_idle03_c005,VisTouch_paper_f6_r1_v1_idle03,paper_f6_r1_v1,paper,2,6,train,idle,2.500,1607158315.335,1607158315.835
VisTouch_paper_f6_r1_v1_idle03_c006,VisTouch_paper_f6_r1_v1_idle03,paper_f6_r1_v1,paper,2,6,train,idle,3.000,1607158315.835,1607158316.335
VisTouch_paper_f6_r1_v1_idle03_c007,VisTouch_paper_f6_r1_v1_idle03,paper_f6_r1_v1,paper,2,6,train,idle,3.500,1607158316.335,1607158316.835
VisTouch_paper_f6_r1_v1_idle03_c008,VisTouch_paper_f6_r1_v1_idle03,paper_f6_r1_v1,paper,2,6,train,idle,4.000,1607158316.835,1607158317.335
VisTouch_paper_f6_r1_v1_idle03_c009,VisTouch_paper_f6_r1_v1_idle03,paper_f6_r1_v1,paper,2,6,train,idle,4.500,1607158317.335,1607158317.835
VisTouch_paper_f6_r1_v1_idle03_c010,VisTouch_paper_f6_r1_v1_idle03,paper_f6_r1_v1,paper,2,6,train,idle,5.000,1607158317.835,1607158318.335
VisTouch_paper_f6_r1_v1_idle03_c011,VisTouch_paper_f6_r1_v1_idle03,paper_f6_r1_v1,paper,2,6,train,idle,5.500,1607158318.335,1607158318.835
VisTouch_paper_f9_r1_v1_idle01_c000,VisTouch_paper_f9_r1_v1_idle01,paper_f9_r1_v1,paper,2,9,test,idle,0.000,1607158447.000,1607158447.500
VisTouch_paper_f9_r1_v1_idle01_c001,VisTouch_paper_f9_r1_v1_idle01,paper_f9_r1_v1,paper,2,9,test,idle,0.500,1607158447.500,1607158448.000
VisTouch_paper_f9_r1_v1_idle01_c002,VisTouch_paper_f9_r1_v1_idle01,paper_f9_r1_v1,paper,2,9,test,idle,1.000,1607158448.000,1607158448.500
VisTouch_paper_f9_r1_v1_idle01_c003,VisTouch_paper_f9_r1_v1_idle01,paper_f9_r1_v1,paper,2,9,test,idle,1.500,1607158448.500,1607158449.000
VisTouch_paper_f9_r1_v1_idle01_c004,VisTouch_paper_f9_r1_v1_idle01,paper_f9_r1_v1,paper,2,9,test,idle,2.000,1607158449.000,1607158449.500
VisTouch_paper_f9_r1_v1_idle01_c005,VisTouch_paper_f9_r1_v1_idle01,paper_f9_r1_v1,paper,2,9,test,idle,2.500,1607158449.500,1607158450.000
VisTouch_paper_f9_r1_v1_idle01_c006,VisTouch_paper_f9_r1_v1_idle01,paper_f9_r1_v1,paper,2,9,test,idle,3.000,1607158450.000,1607158450.500
VisTouch_paper_f9_r1_v1_idle01_c007,VisTouch_paper_f9_r1_v1_idle01,paper_f9_r1_v1,paper,2,9,test,idle,3.500,1607158450.500,1607158451.000
VisTouch_paper_f9_r1_v1_idle01_c008,VisTouch_paper_f9_r1_v1_idle01,paper_f9_r1_v1,paper,2,9,test,idle,4.000,1607158451.000,1607158451.500
VisTouch_paper_f9_r1_v1_idle01_c009,VisTouch_paper_f9_r1_v1_idle01,paper_f9_r1_v1,paper,2,9,test,idle,4.500,1607158451.500,1607158452.000
VisTouch_paper_f9_r1_v1_idle01_c010,VisTouch_paper_f9_r1_v1_idle01,paper_f9_r1_v1,paper,2,9,test,idle,5.000,1607158452.000,1607158452.500
VisTouch_paper_f9_r1_v1_idle01_c011,VisTouch_paper_f9_r1_v1_idle01,paper_f9_r1_v1,paper,2,9,test,idle,5.500,1607158452.500,1607158453.000
VisTouch_paper_f9_r1_v1_idle01_c012,VisTouch_paper_f9_r1_v1_idle01,paper_f9_r1_v1,paper,2,9,test,idle,6.000,1607158453.000,1607158453.500
VisTouch_paper_f9_r1_v1_idle01_c013,VisTouch_paper_f9_r1_v1_idle01,paper_f9_r1_v1,paper,2,9,test,idle,6.500,1607158453.500,1607158454.000
VisTouch_paper_f9_r1_v1_idle01_c014,VisTouch_paper_f9_r1_v1_idle01,paper_f9_r1_v1,paper,2,9,test,idle,7.000,1607158454.000,1607158454.500
VisTouch_paper_f9_r1_v1_idle01_c015,VisTouch_paper_f9_r1_v1_idle01,paper_f9_r1_v1,paper,2,9,test,idle,7.500,1607158454.500,1607158455.000
VisTouch_paper_f9_r1_v1_seg01a_c000,VisTouch_paper_f9_r1_v1_seg01a,paper_f9_r1_v1,paper,2,9,test,rise,0.000,1607158455.380,1607158455.880
VisTouch_paper_f9_r1_v1_seg01a_c001,VisTouch_paper_f9_r1_v1_seg01a,paper_f9_r1_v1,paper,2,9,test,rise,0.500,1607158455.880,1607158456.380
VisTouch_paper_f9_r1_v1_seg01a_c002,VisTouch_paper_f9_r1_v1_seg01a,paper_f9_r1_v1,paper,2,9,test,rise,1.000,1607158456.380,1607158456.880
VisTouch_paper_f9_r1_v1_seg01a_c003,VisTouch_paper_f9_r1_v1_seg01a,paper_f9_r1_v1,paper,2,9,test,rise,1.500,1607158456.880,1607158457.380
VisTouch_paper_f9_r1_v1_seg01a_c004,VisTouch_paper_f9_r1_v1_seg01a,paper_f9_r1_v1,paper,2,9,test,rise,2.000,1607158457.380,1607158457.880
VisTouch_paper_f9_r1_v1_seg01a_c005,VisTouch_paper_f9_r1_v1_seg01a,paper_f9_r1_v1,paper,2,9,test,rise,2.500,1607158457.880,1607158458.380
VisTouch_paper_f9_r1_v1_seg01a_c006,VisTouch_paper_f9_r1_v1_seg01a,paper_f9_r1_v1,paper,2,9,test,rise,3.000,1607158458.380,1607158458.880
VisTouch_paper_f9_r1_v1_seg01a_c007,VisTouch_paper_f9_r1_v1_seg01a,paper_f9_r1_v1,paper,2,9,test,rise,3.500,1607158458.880,1607158459.380
VisTouch_paper_f9_r1_v1_seg01a_c008,VisTouch_paper_f9_r1_v1_seg01a,paper_f9_r1_v1,paper,2,9,test,rise,4.000,1607158459.380,1607158459.880
VisTouch_paper_f9_r1_v1_seg01a_c009,VisTouch_paper_f9_r1_v1_seg01a,paper_f9_r1_v1,paper,2,9,test,rise,4.500,1607158459.880,1607158460.380
VisTouch_paper_f9_r1_v1_seg01a_c010,VisTouch_paper_f9_r1_v1_seg01a,paper_f9_r1_v1,paper,2,9,test,rise,5.000,1607158460.380,1607158460.880
VisTouch_paper_f9_r1_v1_seg01a_c011,VisTouch_paper_f9_r1_v1_seg01a,paper_f9_r1_v1,paper,2,9,test,rise,5.500,1607158460.880,1607158461.380
VisTouch_paper_f9_r1_v1_seg01b_c000,VisTouch_paper_f9_r1_v1_seg01b,paper_f9_r1_v1,paper,2,9,test,fall,0.000,1607158461.720,1607158462.220
VisTouch_paper_f9_r1_v1_seg01b_c001,VisTouch_paper_f9_r1_v1_seg01b,paper_f9_r1_v1,paper,2,9,test,fall,0.500,1607158462.220,1607158462.720
VisTouch_paper_f9_r1_v1_seg01b_c002,VisTouch_paper_f9_r1_v1_seg01b,paper_f9_r1_v1,paper,2,9,test,fall,1.000,1607158462.720,1607158463.220
VisTouch_paper_f9_r1_v1_seg01b_c003,VisTouch_paper_f9_r1_v1_seg01b,paper_f9_r1_v1,paper,2,9,test,fall,1.500,1607158463.220,1607158463.720
VisTouch_paper_f9_r1_v1_seg01b_c004,VisTouch_paper_f9_r1_v1_seg01b,paper_f9_r1_v1,paper,2,9,test,fall,2.000,1607158463.720,1607158464.220
VisTouch_paper_f9_r1_v1_seg01b_c005,VisTouch_paper_f9_r1_v1_seg01b,paper_f9_r1_v1,paper,2,9,test,fall,2.500,1607158464.220,1607158464.720
VisTouch_paper_f9_r1_v1_seg01b_c006,VisTouch_paper_f9_r1_v1_seg01b,paper_f9_r1_v1,paper,2,9,test,fall,3.000,1607158464.720,1607158465.220
VisTouch_paper_f9_r1_v1_seg02a_c000,VisTouch_paper_f9_r1_v1_seg02a,paper_f9_r1_v1,paper,2,9,test,rise,0.000,1607158465.580,1607158466.080
VisTouch_paper_f9_r1_v1_seg02a_c001,VisTouch_paper_f9_r1_v1_seg02a,paper_f9_r1_v1,paper,2,9,test,rise,0.500,1607158466.080,1607158466.580
VisTouch_paper_f9_r1_v1_seg02a_c002,VisTouch_paper_f9_r1_v1_seg02a,paper_f9_r1_v1,paper,2,9,test,rise,1.000,1607158466.580,1607158467.080
VisTouch_paper_f9_r1_v1_seg02a_c003,VisTouch_paper_f9_r1_v1_seg02a,paper_f9_r1_v1,paper,2,9,test,rise,1.500,1607158467.080,1607158467.580
VisTouch_paper_f9_r1_v1_seg02a_c004,VisTouch_paper_f9_r1_v1_seg02a,paper_f9_r1_v1,paper,2,9,test,rise,2.000,1607158467.580,1607158468.080
VisTouch_paper_f9_r1_v1_seg02a_c005,VisTouch_paper_f9_r1_v1_seg02a,paper_f9_r1_v1,paper,2,9,test,rise,2.500,1607158468.080,1607158468.580
VisTouch_paper_f9_r1_v1_seg02a_c006,VisTouch_paper_f9_r1_v1_seg02a,paper_f9_r1_v1,paper,2,9,test,rise,3.000,1607158468.580,1607158469.080
VisTouch_paper_f9_r1_v1_seg02a_c007,VisTouch_paper_f9_r1_v1_seg02a,paper_f9_r1_v1,paper,2,9,test,rise,3.500,1607158469.080,1607158469.580
VisTouch_paper_f9_r1_v1_seg02a_c008,VisTouch_paper_f9_r1_v1_seg02a,paper_f9_r1_v1,paper,2,9,test,rise,4.000,1607158469.580,1607158470.080
VisTouch_paper_f9_r1_v1_seg02a_c009,VisTouch_paper_f9_r1_v1_seg02a,paper_f9_r1_v1,paper,2,9,test,rise,4.500,1607158470.080,1607158470.580
VisTouch_paper_f9_r1_v1_seg02a_c010,VisTouch_paper_f9_r1_v1_seg02a,paper_f9_r1_v1,paper,2,9,test,rise,5.000,1607158470.580,1607158471.080
VisTouch_paper_f9_r1_v1_seg02a_c011,VisTouch_paper_f9_r1_v1_seg02a,paper_f9_r1_v1,paper,2,9,test,rise,5.500,1607158471.080,1607158471.580
VisTouch_paper_f9_r1_v1_seg02b_c000,VisTouch_paper_f9_r1_v1_seg02b,paper_f9_r1_v1,paper,2,9,test,fall,0.000,1607158471.920,1607158472.420
VisTouch_paper_f9_r1_v1_seg02b_c001,VisTouch_paper_f9_r1_v1_seg02b,paper_f9_r1_v1,paper,2,9,test,fall,0.500,1607158472.420,1607158472.920
VisTouch_paper_f9_r1_v1_seg02b_c002,VisTouch_paper_f9_r1_v1_seg02b,paper_f9_r1_v1,paper,2,9,test,fall,1.000,1607158472.920,1607158473.420
VisTouch_paper_f9_r1_v1_seg02b_c003,VisTouch_paper_f9_r1_v1_seg02b,paper_f9_r1_v1,paper,2,9,test,fall,1.500,1607158473.420,1607158473.920
VisTouch_paper_f9_r1_v1_seg02b_c004,VisTouch_paper_f9_r1_v1_seg02b,paper_f9_r1_v1,paper,2,9,test,fall,2.000,1607158473.920,1607158474.420
VisTouch_paper_f9_r1_v1_seg02b_c005,VisTouch_paper_f9_r1_v1_seg02b,paper_f9_r1_v1,paper,2,9,test,fall,2.500,1607158474.420,1607158474.920
VisTouch_paper_f9_r1_v1_seg02b_c006,VisTouch_paper_f9_r1_v1_seg02b,paper_f9_r1_v1,paper,2,9,test,fall,3.000,1607158474.920,1607158475.420
VisTouch_paper_f9_r1_v1_seg03a_c000,VisTouch_paper_f9_r1_v1_seg03a,paper_f9_r1_v1,paper,2,9,test,rise,0.000,1607158475.780,1607158476.280
VisTouch_paper_f9_r1_v1_seg03a_c001,VisTouch_paper_f9_r1_v1_seg03a,paper_f9_r1_v1,paper,2,9,test,rise,0.500,1607158476.280,1607158476.780
VisTouch_paper_f9_r1_v1_seg03a_c002,VisTouch_paper_f9_r1_v1_seg03a,paper_f9_r1_v1,paper,2,9,test,rise,1.000,1607158476.780,1607158477.280
VisTouch_paper_f9_r1_v1_seg03a_c003,VisTouch_paper_f9_r1_v1_seg03a,paper_f9_r1_v1,paper,2,9,test,rise,1.500,1607158477.280,1607158477.780
VisTouch_paper_f9_r1_v1_seg03a_c004,VisTouch_paper_f9_r1_v1_seg03a,paper_f9_r1_v1,paper,2,9,test,rise,2.000,1607158477.780,1607158478.280
VisTouch_paper_f9_r1_v1_seg03a_c005,VisTouch_paper_f9_r1_v1_seg03a,paper_f9_r1_v1,paper,2,9,test,rise,2.500,1607158478.280,1607158478.780
VisTouch_paper_f9_r1_v1_seg03a_c006,VisTouch_paper_f9_r1_v1_seg03a,paper_f9_r1_v1,paper,2,9,test,rise,3.000,1607158478.780,1607158479.280
VisTouch_paper_f9_r1_v1_seg03a_c007,VisTouch_paper_f9_r1_v1_seg03a,paper_f9_r1_v1,paper,2,9,test,rise,3.500,1607158479.280,1607158479.780
VisTouch_paper_f9_r1_v1_seg03a_c008,VisTouch_paper_f9_r1_v1_seg03a,paper_f9_r1_v1,paper,2,9,test,rise,4.000,1607158479.780,1607158480.280
VisTouch_paper_f9_r1_v1_seg03a_c009,VisTouch_paper_f9_r1_v1_seg03a,paper_f9_r1_v1,paper,2,9,test,rise,4.500,1607158480.280,1607158480.780
VisTouch_paper_f9_r1_v1_seg03a_c010,VisTouch_paper_f9_r1_v1_seg03a,paper_f9_r1_v1,paper,2,9,test,rise,5.000,1607158480.780,1607158481.280
VisTouch_paper_f9_r1_v1_seg03a_c011,VisTouch_paper_f9_r1_v1_seg03a,paper_f9_r1_v1,paper,2,9,test,rise,5.500,1607158481.280,1607158481.780
VisTouch_paper_f9_r1_v1_seg03b_c000,VisTouch_paper_f9_r1_v1_seg03b,paper_f9_r1_v1,paper,2,9,test,fall,0.000,1607158482.060,1607158482.560
VisTouch_paper_f9_r1_v1_seg03b_c001,VisTouch_paper_f9_r1_v1_seg03b,paper_f9_r1_v1,paper,2,9,test,fall,0.500,1607158482.560,1607158483.060
VisTouch_paper_f9_r1_v1_seg03b_c002,VisTouch_paper_f9_r1_v1_seg03b,paper_f9_r1_v1,paper,2,9,test,fall,1.000,1607158483.060,1607158483.560
VisTouch_paper_f9_r1_v1_seg03b_c003,VisTouch_paper_f9_r1_v1_seg03b,paper_f9_r1_v1,paper,2,9,test,fall,1.500,1607158483.560,1607158484.060
VisTouch_paper_f9_r1_v1_seg03b_c004,VisTouch_paper_f9_r1_v1_seg03b,paper_f9_r1_v1,paper,2,9,test,fall,2.000,1607158484.060,1607158484.560
VisTouch_paper_f9_r1_v1_seg03b_c005,VisTouch_paper_f9_r1_v1_seg03b,paper_f9_r1_v1,paper,2,9,test,fall,2.500,1607158484.560,1607158485.060
VisTouch_paper_f9_r1_v1_seg03b_c006,VisTouch_paper_f9_r1_v1_seg03b,paper_f9_r1_v1,paper,2,9,test,fall,3.000,1607158485.060,1607158485.560
VisTouch_paper_f9_r1_v1_seg04a_c000,VisTouch_paper_f9_r1_v1_seg04a,paper_f9_r1_v1,paper,2,9,test,rise,0.000,1607158485.960,1607158486.460
VisTouch_paper_f9_r1_v1_seg04a_c001,VisTouch_paper_f9_r1_v1_seg04a,paper_f9_r1_v1,paper,2,9,test,rise,0.500,1607158486.460,1607158486.960
VisTouch_paper_f9_r1_v1_seg04a_c002,VisTouch_paper_f9_r1_v1_seg04a,paper_f9_r1_v1,paper,2,9,test,rise,1.000,1607158486.960,1607158487.460
VisTouch_paper_f9_r1_v1_seg04a_c003,VisTouch_paper_f9_r1_v1_seg04a,paper_f9_r1_v1,paper,2,9,test,rise,1.500,1607158487.460,1607158487.960
VisTouch_paper_f9_r1_v1_seg04a_c004,VisTouch_paper_f9_r1_v1_seg04a,paper_f9_r1_v1,paper,2,9,test,rise,2.000,1607158487.960,1607158488.460
VisTouch_paper_f9_r1_v1_seg04a_c005,VisTouch_paper_f9_r1_v1_seg04a,paper_f9_r1_v1,paper,2,9,test,rise,2.500,1607158488.460,1607158488.960
VisTouch_paper_f9_r1_v1_seg04a_c006,VisTouch_paper_f9_r1_v1_seg04a,paper_f9_r1_v1,paper,2,9,test,rise,3.000,1607158488.960,1607158489.460
VisTouch_paper_f9_r1_v1_seg04a_c007,VisTouch_paper_f9_r1_v1_seg04a,paper_f9_r1_v1,paper,2,9,test,rise,3.500,1607158489.460,1607158489.960
VisTouch_paper_f9_r1_v1_seg04a_c008,VisTouch_paper_f9_r1_v1_seg04a,paper_f9_r1_v1,paper,2,9,test,rise,4.000,1607158489.960,1607158490.460
VisTouch_paper_f9_r1_v1_seg04a_c009,VisTouch_paper_f9_r1_v1_seg04a,paper_f9_r1_v1,paper,2,9,test,rise,4.500,1607158490.460,1607158490.960
VisTouch_paper_f9_r1_v1_seg04a_c010,VisTouch_paper_f9_r1_v1_seg04a,paper_f9_r1_v1,paper,2,9,test,rise,5.000,1607158490.960,1607158491.460
VisTouch_paper_f9_r1_v1_seg04a_c011,VisTouch_paper_f9_r1_v1_seg04a,paper_f9_r1_v1,paper,2,9,test,rise,5.500,1607158491.460,1607158491.960
VisTouch_paper_f9_r1_v1_seg04b_c000,VisTouch_paper_f9_r1_v1_seg04b,paper_f9_r1_v1,paper,2,9,test,fall,0.000,1607158492.260,1607158492.760
VisTouch_paper_f9_r1_v1_seg04b_c001,VisTouch_paper_f9_r1_v1_seg04b,paper_f9_r1_v1,paper,2,9,test,fall,0.500,1607158492.760,1607158493.260
VisTouch_paper_f9_r1_v1_seg04b_c002,VisTouch_paper_f9_r1_v1_seg04b,paper_f9_r1_v1,paper,2,9,test,fall,1.000,1607158493.260,1607158493.760
VisTouch_paper_f9_r1_v1_seg04b_c003,VisTouch_paper_f9_r1_v1_seg04b,paper_f9_r1_v1,paper,2,9,test,fall,1.500,1607158493.760,1607158494.260
VisTouch_paper_f9_r1_v1_seg04b_c004,VisTouch_paper_f9_r1_v1_seg04b,paper_f9_r1_v1,paper,2,9,test,fall,2.000,1607158494.260,1607158494.760
VisTouch_paper_f9_r1_v1_seg04b_c005,VisTouch_paper_f9_r1_v1_seg04b,paper_f9_r1_v1,paper,2,9,test,fall,2.500,1607158494.760,1607158495.260
VisTouch_paper_f9_r1_v1_seg04b_c006,VisTouch_paper_f9_r1_v1_seg04b,paper_f9_r1_v1,paper,2,9,test,fall,3.000,1607158495.260,1607158495.760
VisTouch_paper_f9_r1_v1_seg05a_c000,VisTouch_paper_f9_r1_v1_seg05a,paper_f9_r1_v1,paper,2,9,test,rise,0.000,1607158496.120,1607158496.620
VisTouch_paper_f9_r1_v1_seg05a_c001,VisTouch_paper_f9_r1_v1_seg05a,paper_f9_r1_v1,paper,2,9,test,rise,0.500,1607158496.620,1607158497.120
VisTouch_paper_f9_r1_v1_seg05a_c002,VisTouch_paper_f9_r1_v1_seg05a,paper_f9_r1_v1,paper,2,9,test,rise,1.000,1607158497.120,1607158497.620
VisTouch_paper_f9_r1_v1_seg05a_c003,VisTouch_paper_f9_r1_v1_seg05a,paper_f9_r1_v1,paper,2,9,test,rise,1.500,1607158497.620,1607158498.120
VisTouch_paper_f9_r1_v1_seg05a_c004,VisTouch_paper_f9_r1_v1_seg05a,paper_f9_r1_v1,paper,2,9,test,rise,2.000,1607158498.120,1607158498.620
VisTouch_paper_f9_r1_v1_seg05a_c005,VisTouch_paper_f9_r1_v1_seg05a,paper_f9_r1_v1,paper,2,9,test,rise,2.500,1607158498.620,1607158499.120
VisTouch_paper_f9_r1_v1_seg05a_c006,VisTouch_paper_f9_r1_v1_seg05a,paper_f9_r1_v1,paper,2,9,test,rise,3.000,1607158499.120,1607158499.620
VisTouch_paper_f9_r1_v1_seg05a_c007,VisTouch_paper_f9_r1_v1_seg05a,paper_f9_r1_v1,paper,2,9,test,rise,3.500,1607158499.620,1607158500.120
VisTouch_paper_f9_r1_v1_seg05a_c008,VisTouch_paper_f9_r1_v1_seg05a,paper_f9_r1_v1,paper,2,9,test,rise,4.000,1607158500.120,1607158500.620
VisTouch_paper_f9_r1_v1_seg05a_c009,VisTouch_paper_f9_r1_v1_seg05a,paper_f9_r1_v1,paper,2,9,test,rise,4.500,1607158500.620,1607158501.120
VisTouch_paper_f9_r1_v1_seg05a_c010,VisTouch_paper_f9_r1_v1_seg05a,paper_f9_r1_v1,paper,2,9,test,rise,5.000,1607158501.120,1607158501.620
VisTouch_paper_f9_r1_v1_seg05a_c011,VisTouch_paper_f9_r1_v1_seg05a,paper_f9_r1_v1,paper,2,9,test,rise,5.500,1607158501.620,1607158502.120
VisTouch_paper_f9_r1_v1_seg05b_c000,VisTouch_paper_f9_r1_v1_seg05b,paper_f9_r1_v1,paper,2,9,test,fall,0.000,1607158502.430,1607158502.930
VisTouch_paper_f9_r1_v1_seg05b_c001,VisTouch_paper_f9_r1_v1_seg05b,paper_f9_r1_v1,paper,2,9,test,fall,0.500,1607158502.930,1607158503.430
VisTouch_paper_f9_r1_v1_seg05b_c002,VisTouch_paper_f9_r1_v1_seg05b,paper_f9_r1_v1,paper,2,9,test,fall,1.000,1607158503.430,1607158503.930
VisTouch_paper_f9_r1_v1_seg05b_c003,VisTouch_paper_f9_r1_v1_seg05b,paper_f9_r1_v1,paper,2,9,test,fall,1.500,1607158503.930,1607158504.430
VisTouch_paper_f9_r1_v1_seg05b_c004,VisTouch_paper_f9_r1_v1_seg05b,paper_f9_r1_v1,paper,2,9,test,fall,2.000,1607158504.430,1607158504.930
VisTouch_paper_f9_r1_v1_seg05b_c005,VisTouch_paper_f9_r1_v1_seg05b,paper_f9_r1_v1,paper,2,9,test,fall,2.500,1607158504.930,1607158505.430
VisTouch_paper_f9_r1_v1_seg05b_c006,VisTouch_paper_f9_r1_v1_seg05b,paper_f9_r1_v1,paper,2,9,test,fall,3.000,1607158505.430,1607158505.930
VisTouch_paper_f9_r1_v1_idle02_c000,VisTouch_paper_f9_r1_v1_idle02,paper_f9_r1_v1,paper,2,9,test,idle,0.000,1607158506.300,1607158506.800
VisTouch_paper_f9_r1_v1_idle02_c001,VisTouch_paper_f9_r1_v1_idle02,paper_f9_r1_v1,paper,2,9,test,idle,0.500,1607158506.800,1607158507.300
VisTouch_paper_f9_r1_v1_idle02_c002,VisTouch_paper_f9_r1_v1_idle02,paper_f9_r1_v1,paper,2,9,test,idle,1.000,1607158507.300,1607158507.800
VisTouch_paper_f9_r1_v1_idle02_c003,VisTouch_paper_f9_r1_v1_idle02,paper_f9_r1_v1,paper,2,9,test,idle,1.500,1607158507.800,1607158508.300
VisTouch_paper_f9_r1_v1_idle02_c004,VisTouch_paper_f9_r1_v1_idle02,paper_f9_r1_v1,paper,2,9,test,idle,2.000,1607158508.300,1607158508.800
VisTouch_paper_f9_r1_v1_idle02_c005,VisTouch_paper_f9_r1_v1_idle02,paper_f9_r1_v1,paper,2,9,test,idle,2.500,1607158508.800,1607158509.300
VisTouch_paper_f9_r1_v1_idle02_c006,VisTouch_paper_f9_r1_v1_idle02,paper_f9_r1_v1,paper,2,9,test,idle,3.000,1607158509.300,1607158509.800
VisTouch_paper_f9_r1_v1_idle02_c007,VisTouch_paper_f9_r1_v1_idle02,paper_f9_r1_v1,paper,2,9,test,idle,3.500,1607158509.800,1607158510.300
VisTouch_paper_f9_r1_v1_idle02_c008,VisTouch_paper_f9_r1_v1_idle02,paper_f9_r1_v1,paper,2,9,test,idle,4.000,1607158510.300,1607158510.800
VisTouch_paper_f9_r1_v1_idle02_c009,VisTouch_paper_f9_r1_v1_idle02,paper_f9_r1_v1,paper,2,9,test,idle,4.500,1607158510.800,1607158511.300
VisTouch_paper_f9_r1_v1_idle03_c000,VisTouch_paper_f9_r1_v1_idle03,paper_f9_r1_v1,paper,2,9,test,idle,0.000,1607158511.632,1607158512.132
VisTouch_paper_f9_r1_v1_idle03_c001,VisTouch_paper_f9_r1_v1_idle03,paper_f9_r1_v1,paper,2,9,test,idle,0.500,1607158512.132,1607158512.632
VisTouch_paper_f9_r1_v1_idle03_c002,VisTouch_paper_f9_r1_v1_idle03,paper_f9_r1_v1,paper,2,9,test,idle,1.000,1607158512.632,1607158513.132
VisTouch_paper_f9_r1_v1_idle03_c003,VisTouch_paper_f9_r1_v1_idle03,paper_f9_r1_v1,paper,2,9,test,idle,1.500,1607158513.132,1607158513.632
VisTouch_paper_f9_r1_v1_idle03_c004,VisTouch_paper_f9_r1_v1_idle03,paper_f9_r1_v1,paper,2,9,test,idle,2.000,1607158513.632,1607158514.132
VisTouch_paper_f9_r1_v1_idle03_c005,VisTouch_paper_f9_r1_v1_idle03,paper_f9_r1_v1,paper,2,9,test,idle,2.500,1607158514.132,1607158514.632
VisTouch_paper_f9_r1_v1_idle03_c006,VisTouch_paper_f9_r1_v1_idle03,paper_f9_r1_v1,paper,2,9,test,idle,3.000,1607158514.632,1607158515.132
VisTouch_paper_f9_r1_v1_idle03_c007,VisTouch_paper_f9_r1_v1_idle03,paper_f9_r1_v1,paper,2,9,test,idle,3.500,1607158515.132,1607158515.632
VisTouch_paper_f9_r1_v1_idle03_c008,VisTouch_paper_f9_r1_v1_idle03,paper_f9_r1_v1,paper,2,9,test,idle,4.000,1607158515.632,1607158516.132
VisTouch_paper_f9_r1_v1_idle03_c009,VisTouch_paper_f9_r1_v1_idle03,paper_f9_r1_v1,paper,2,9,test,idle,4.500,1607158516.132,1607158516.632
VisTouch_polyester_f3_r1_v1_idle01_c000,VisTouch_polyester_f3_r1_v1_idle01,polyester_f3_r1_v1,polyester,3,3,train,idle,0.000,1607155498.000,1607155498.500
VisTouch_polyester_f3_r1_v1_idle01_c001,VisTouch_polyester_f3_r1_v1_idle01,polyester_f3_r1_v1,polyester,3,3,train,idle,0.500,1607155498.500,1607155499.000
VisTouch_polyester_f3_r1_v1_idle01_c002,VisTouch_polyester_f3_r1_v1_idle01,polyester_f3_r1_v1,polyester,3,3,train,idle,1.000,1607155499.000,1607155499.500
VisTouch_polyester_f3_r1_v1_idle01_c003,VisTouch_polyester_f3_r1_v1_idle01,polyester_f3_r1_v1,polyester,3,3,train,idle,1.500,1607155499.500,1607155500.000
VisTouch_polyester_f3_r1_v1_idle01_c004,VisTouch_polyester_f3_r1_v1_idle01,polyester_f3_r1_v1,polyester,3,3,train,idle,2.000,1607155500.000,1607155500.500
VisTouch_polyester_f3_r1_v1_idle01_c005,VisTouch_polyester_f3_r1_v1_idle01,polyester_f3_r1_v1,polyester,3,3,train,idle,2.500,1607155500.500,1607155501.000
VisTouch_polyester_f3_r1_v1_idle01_c006,VisTouch_polyester_f3_r1_v1_idle01,polyester_f3_r1_v1,polyester,3,3,train,idle,3.000,1607155501.000,1607155501.500
VisTouch_polyester_f3_r1_v1_idle01_c007,VisTouch_polyester_f3_r1_v1_idle01,polyester_f3_r1_v1,polyester,3,3,train,idle,3.500,1607155501.500,1607155502.000
VisTouch_polyester_f3_r1_v1_idle01_c008,VisTouch_polyester_f3_r1_v1_idle01,polyester_f3_r1_v1,polyester,3,3,train,idle,4.000,1607155502.000,1607155502.500
VisTouch_polyester_f3_r1_v1_idle01_c009,VisTouch_polyester_f3_r1_v1_idle01,polyester_f3_r1_v1,polyester,3,3,train,idle,4.500,1607155502.500,1607155503.000
VisTouch_polyester_f3_r1_v1_idle01_c010,VisTouch_polyester_f3_r1_v1_idle01,polyester_f3_r1_v1,polyester,3,3,train,idle,5.000,1607155503.000,1607155503.500
VisTouch_polyester_f3_r1_v1_idle01_c011,VisTouch_polyester_f3_r1_v1_idle01,polyester_f3_r1_v1,polyester,3,3,train,idle,5.500,1607155503.500,1607155504.000
VisTouch_polyester_f3_r1_v1_idle01_c012,VisTouch_polyester_f3_r1_v1_idle01,polyester_f3_r1_v1,polyester,3,3,train,idle,6.000,1607155504.000,1607155504.500
VisTouch_polyester_f3_r1_v1_idle01_c013,VisTouch_polyester_f3_r1_v1_idle01,polyester_f3_r1_v1,polyester,3,3,train,idle,6.500,1607155504.500,1607155505.000
VisTouch_polyester_f3_r1_v1_seg01a_c000,VisTouch_polyester_f3_r1_v1_seg01a,polyester_f3_r1_v1,polyester,3,3,train,rise,0.000,1607155505.360,1607155505.860
VisTouch_polyester_f3_r1_v1_seg01a_c001,VisTouch_polyester_f3_r1_v1_seg01a,polyester_f3_r1_v1,polyester,3,3,train,rise,0.500,1607155505.860,1607155506.360
VisTouch_polyester_f3_r1_v1_seg01a_c002,VisTouch_polyester_f3_r1_v1_seg01a,polyester_f3_r1_v1,polyester,3,3,train,rise,1.000,1607155506.360,1607155506.860
VisTouch_polyester_f3_r1_v1_seg01a_c003,VisTouch_polyester_f3_r1_v1_seg01a,polyester_f3_r1_v1,polyester,3,3,train,rise,1.500,1607155506.860,1607155507.360
VisTouch_polyester_f3_r1_v1_seg01a_c004,VisTouch_polyester_f3_r1_v1_seg01a,polyester_f3_r1_v1,polyester,3,3,train,rise,2.000,1607155507.360,1607155507.860
VisTouch_polyester_f3_r1_v1_seg01a_c005,VisTouch_polyester_f3_r1_v1_seg01a,polyester_f3_r1_v1,polyester,3,3,train,rise,2.500,1607155507.860,1607155508.360
VisTouch_polyester_f3_r1_v1_seg01a_c006,VisTouch_polyester_f3_r1_v1_seg01a,polyester_f3_r1_v1,polyester,3,3,train,rise,3.000,1607155508.360,1607155508.860
VisTouch_polyester_f3_r1_v1_seg01a_c007,VisTouch_polyester_f3_r1_v1_seg01a,polyester_f3_r1_v1,polyester,3,3,train,rise,3.500,1607155508.860,1607155509.360
VisTouch_polyester_f3_r1_v1_seg01a_c008,VisTouch_polyester_f3_r1_v1_seg01a,polyester_f3_r1_v1,polyester,3,3,train,rise,4.000,1607155509.360,1607155509.860
VisTouch_polyester_f3_r1_v1_seg01a_c009,VisTouch_polyester_f3_r1_v1_seg01a,polyester_f3_r1_v1,polyester,3,3,train,rise,4.500,1607155509.860,1607155510.360
VisTouch_polyester_f3_r1_v1_seg01a_c010,VisTouch_polyester_f3_r1_v1_seg01a,polyester_f3_r1_v1,polyester,3,3,train,rise,5.000,1607155510.360,1607155510.860
VisTouch_polyester_f3_r1_v1_seg01a_c011,VisTouch_polyester_f3_r1_v1_seg01a,polyester_f3_r1_v1,polyester,3,3,train,rise,5.500,1607155510.860,1607155511.360
VisTouch_polyester_f3_r1_v1_seg01b_c000,VisTouch_polyester_f3_r1_v1_seg01b,polyester_f3_r1_v1,polyester,3,3,train,fall,0.000,1607155511.720,1607155512.220
VisTouch_polyester_f3_r1_v1_seg01b_c001,VisTouch_polyester_f3_r1_v1_seg01b,polyester_f3_r1_v1,polyester,3,3,train,fall,0.500,1607155512.220,1607155512.720
VisTouch_polyester_f3_r1_v1_seg01b_c002,VisTouch_polyester_f3_r1_v1_seg01b,polyester_f3_r1_v1,polyester,3,3,train,fall,1.000,1607155512.720,1607155513.220
VisTouch_polyester_f3_r1_v1_seg01b_c003,VisTouch_polyester_f3_r1_v1_seg01b,polyester_f3_r1_v1,polyester,3,3,train,fall,1.500,1607155513.220,1607155513.720
VisTouch_polyester_f3_r1_v1_seg01b_c004,VisTouch_polyester_f3_r1_v1_seg01b,polyester_f3_r1_v1,polyester,3,3,train,fall,2.000,1607155513.720,1607155514.220
VisTouch_polyester_f3_r1_v1_seg01b_c005,VisTouch_polyester_f3_r1_v1_seg01b,polyester_f3_r1_v1,polyester,3,3,train,fall,2.500,1607155514.220,1607155514.720
VisTouch_polyester_f3_r1_v1_seg01b_c006,VisTouch_polyester_f3_r1_v1_seg01b,polyester_f3_r1_v1,polyester,3,3,train,fall,3.000,1607155514.720,1607155515.220
VisTouch_polyester_f3_r1_v1_seg02a_c000,VisTouch_polyester_f3_r1_v1_seg02a,polyester_f3_r1_v1,polyester,3,3,train,rise,0.000,1607155515.700,1607155516.200
VisTouch_polyester_f3_r1_v1_seg02a_c001,VisTouch_polyester_f3_r1_v1_seg02a,polyester_f3_r1_v1,polyester,3,3,train,rise,0.500,1607155516.200,1607155516.700
VisTouch_polyester_f3_r1_v1_seg02a_c002,VisTouch_polyester_f3_r1_v1_seg02a,polyester_f3_r1_v1,polyester,3,3,train,rise,1.000,1607155516.700,1607155517.200
VisTouch_polyester_f3_r1_v1_seg02a_c003,VisTouch_polyester_f3_r1_v1_seg02a,polyester_f3_r1_v1,polyester,3,3,train,rise,1.500,1607155517.200,1607155517.700
VisTouch_polyester_f3_r1_v1_seg02a_c004,VisTouch_polyester_f3_r1_v1_seg02a,polyester_f3_r1_v1,polyester,3,3,train,rise,2.000,1607155517.700,1607155518.200
VisTouch_polyester_f3_r1_v1_seg02a_c005,VisTouch_polyester_f3_r1_v1_seg02a,polyester_f3_r1_v1,polyester,3,3,train,rise,2.500,1607155518.200,1607155518.700
VisTouch_polyester_f3_r1_v1_seg02a_c006,VisTouch_polyester_f3_r1_v1_seg02a,polyester_f3_r1_v1,polyester,3,3,train,rise,3.000,1607155518.700,1607155519.200
VisTouch_polyester_f3_r1_v1_seg02a_c007,VisTouch_polyester_f3_r1_v1_seg02a,polyester_f3_r1_v1,polyester,3,3,train,rise,3.500,1607155519.200,1607155519.700
VisTouch_polyester_f3_r1_v1_seg02a_c008,VisTouch_polyester_f3_r1_v1_seg02a,polyester_f3_r1_v1,polyester,3,3,train,rise,4.000,1607155519.700,1607155520.200
VisTouch_polyester_f3_r1_v1_seg02a_c009,VisTouch_polyester_f3_r1_v1_seg02a,polyester_f3_r1_v1,polyester,3,3,train,rise,4.500,1607155520.200,1607155520.700
VisTouch_polyester_f3_r1_v1_seg02a_c010,VisTouch_polyester_f3_r1_v1_seg02a,polyester_f3_r1_v1,polyester,3,3,train,rise,5.000,1607155520.700,1607155521.200
VisTouch_polyester_f3_r1_v1_seg02a_c011,VisTouch_polyester_f3_r1_v1_seg02a,polyester_f3_r1_v1,polyester,3,3,train,rise,5.500,1607155521.200,1607155521.700
VisTouch_polyester_f3_r1_v1_seg02b_c000,VisTouch_polyester_f3_r1_v1_seg02b,polyester_f3_r1_v1,polyester,3,3,train,fall,0.000,1607155522.040,1607155522.540
VisTouch_polyester_f3_r1_v1_seg02b_c001,VisTouch_polyester_f3_r1_v1_seg02b,polyester_f3_r1_v1,polyester,3,3,train,fall,0.500,1607155522.540,1607155523.040
VisTouch_polyester_f3_r1_v1_seg02b_c002,VisTouch_polyester_f3_r1_v1_seg02b,polyester_f3_r1_v1,polyester,3,3,train,fall,1.000,1607155523.040,1607155523.540
VisTouch_polyester_f3_r1_v1_seg02b_c003,VisTouch_polyester_f3_r1_v1_seg02b,polyester_f3_r1_v1,polyester,3,3,train,fall,1.500,1607155523.540,1607155524.040
VisTouch_polyester_f3_r1_v1_seg02b_c004,VisTouch_polyester_f3_r1_v1_seg02b,polyester_f3_r1_v1,polyester,3,3,train,fall,2.000,1607155524.040,1607155524.540
VisTouch_polyester_f3_r1_v1_seg02b_c005,VisTouch_polyester_f3_r1_v1_seg02b,polyester_f3_r1_v1,polyester,3,3,train,fall,2.500,1607155524.540,1607155525.040
VisTouch_polyester_f3_r1_v1_seg02b_c006,VisTouch_polyester_f3_r1_v1_seg02b,polyester_f3_r1_v1,polyester,3,3,train,fall,3.000,1607155525.040,1607155525.540
VisTouch_polyester_f3_r1_v1_seg03a_c000,VisTouch_polyester_f3_r1_v1_seg03a,polyester_f3_r1_v1,polyester,3,3,train,rise,0.000,1607155525.880,1607155526.380
VisTouch_polyester_f3_r1_v1_seg03a_c001,VisTouch_polyester_f3_r1_v1_seg03a,polyester_f3_r1_v1,polyester,3,3,train,rise,0.500,1607155526.380,1607155526.880
VisTouch_polyester_f3_r1_v1_seg03a_c002,VisTouch_polyester_f3_r1_v1_seg03a,polyester_f3_r1_v1,polyester,3,3,train,rise,1.000,1607155526.880,1607155527.380
VisTouch_polyester_f3_r1_v1_seg03a_c003,VisTouch_polyester_f3_r1_v1_seg03a,polyester_f3_r1_v1,polyester,3,3,train,rise,1.500,1607155527.380,1607155527.880
VisTouch_polyester_f3_r1_v1_seg03a_c004,VisTouch_polyester_f3_r1_v1_seg03a,polyester_f3_r1_v1,polyester,3,3,train,rise,2.000,1607155527.880,1607155528.380
VisTouch_polyester_f3_r1_v1_seg03a_c005,VisTouch_polyester_f3_r1_v1_seg03a,polyester_f3_r1_v1,polyester,3,3,train,rise,2.500,1607155528.380,1607155528.880
VisTouch_polyester_f3_r1_v1_seg03a_c006,VisTouch_polyester_f3_r1_v1_seg03a,polyester_f3_r1_v1,polyester,3,3,train,rise,3.000,1607155528.880,1607155529.380
VisTouch_polyester_f3_r1_v1_seg03a_c007,VisTouch_polyester_f3_r1_v1_seg03a,polyester_f3_r1_v1,polyester,3,3,train,rise,3.500,1607155529.380,1607155529.880
VisTouch_polyester_f3_r1_v1_seg03a_c008,VisTouch_polyester_f3_r1_v1_seg03a,polyester_f3_r1_v1,polyester,3,3,train,rise,4.000,1607155529.880,1607155530.380
VisTouch_polyester_f3_r1_v1_seg03a_c009,VisTouch_polyester_f3_r1_v1_seg03a,polyester_f3_r1_v1,polyester,3,3,train,rise,4.500,1607155530.380,1607155530.880
VisTouch_polyester_f3_r1_v1_seg03a_c010,VisTouch_polyester_f3_r1_v1_seg03a,polyester_f3_r1_v1,polyester,3,3,train,rise,5.000,1607155530.880,1607155531.380
VisTouch_polyester_f3_r1_v1_seg03a_c011,VisTouch_polyester_f3_r1_v1_seg03a,polyester_f3_r1_v1,polyester,3,3,train,rise,5.500,1607155531.380,1607155531.880
VisTouch_polyester_f3_r1_v1_seg03b_c000,VisTouch_polyester_f3_r1_v1_seg03b,polyester_f3_r1_v1,polyester,3,3,train,fall,0.000,1607155532.290,1607155532.790
VisTouch_polyester_f3_r1_v1_seg03b_c001,VisTouch_polyester_f3_r1_v1_seg03b,polyester_f3_r1_v1,polyester,3,3,train,fall,0.500,1607155532.790,1607155533.290
VisTouch_polyester_f3_r1_v1_seg03b_c002,VisTouch_polyester_f3_r1_v1_seg03b,polyester_f3_r1_v1,polyester,3,3,train,fall,1.000,1607155533.290,1607155533.790
VisTouch_polyester_f3_r1_v1_seg03b_c003,VisTouch_polyester_f3_r1_v1_seg03b,polyester_f3_r1_v1,polyester,3,3,train,fall,1.500,1607155533.790,1607155534.290
VisTouch_polyester_f3_r1_v1_seg03b_c004,VisTouch_polyester_f3_r1_v1_seg03b,polyester_f3_r1_v1,polyester,3,3,train,fall,2.000,1607155534.290,1607155534.790
VisTouch_polyester_f3_r1_v1_seg03b_c005,VisTouch_polyester_f3_r1_v1_seg03b,polyester_f3_r1_v1,polyester,3,3,train,fall,2.500,1607155534.790,1607155535.290
VisTouch_polyester_f3_r1_v1_seg03b_c006,VisTouch_polyester_f3_r1_v1_seg03b,polyester_f3_r1_v1,polyester,3,3,train,fall,3.000,1607155535.290,1607155535.790
VisTouch_polyester_f3_r1_v1_seg04a_c000,VisTouch_polyester_f3_r1_v1_seg04a,polyester_f3_r1_v1,polyester,3,3,train,rise,0.000,1607155536.200,1607155536.700
VisTouch_polyester_f3_r1_v1_seg04a_c001,VisTouch_polyester_f3_r1_v1_seg04a,polyester_f3_r1_v1,polyester,3,3,train,rise,0.500,1607155536.700,1607155537.200
VisTouch_polyester_f3_r1_v1_seg04a_c002,VisTouch_polyester_f3_r1_v1_seg04a,polyester_f3_r1_v1,polyester,3,3,train,rise,1.000,1607155537.200,1607155537.700
VisTouch_polyester_f3_r1_v1_seg04a_c003,VisTouch_polyester_f3_r1_v1_seg04a,polyester_f3_r1_v1,polyester,3,3,train,rise,1.500,1607155537.700,1607155538.200
VisTouch_polyester_f3_r1_v1_seg04a_c004,VisTouch_polyester_f3_r1_v1_seg04a,polyester_f3_r1_v1,polyester,3,3,train,rise,2.000,1607155538.200,1607155538.700
VisTouch_polyester_f3_r1_v1_seg04a_c005,VisTouch_polyester_f3_r1_v1_seg04a,polyester_f3_r1_v1,polyester,3,3,train,rise,2.500,1607155538.700,1607155539.200
VisTouch_polyester_f3_r1_v1_seg04a_c006,VisTouch_polyester_f3_r1_v1_seg04a,polyester_f3_r1_v1,polyester,3,3,train,rise,3.000,1607155539.200,1607155539.700
VisTouch_polyester_f3_r1_v1_seg04a_c007,VisTouch_polyester_f3_r1_v1_seg04a,polyester_f3_r1_v1,polyester,3,3,train,rise,3.500,1607155539.700,1607155540.200
VisTouch_polyester_f3_r1_v1_seg04a_c008,VisTouch_polyester_f3_r1_v1_seg04a,polyester_f3_r1_v1,polyester,3,3,train,rise,4.000,1607155540.200,1607155540.700
VisTouch_polyester_f3_r1_v1_seg04a_c009,VisTouch_polyester_f3_r1_v1_seg04a,polyester_f3_r1_v1,polyester,3,3,train,rise,4.500,1607155540.700,1607155541.200
VisTouch_polyester_f3_r1_v1_seg04a_c010,VisTouch_polyester_f3_r1_v1_seg04a,polyester_f3_r1_v1,polyester,3,3,train,rise,5.000,1607155541.200,1607155541.700
VisTouch_polyester_f3_r1_v1_seg04a_c011,VisTouch_polyester_f3_r1_v1_seg04a,polyester_f3_r1_v1,polyester,3,3,train,rise,5.500,1607155541.700,1607155542.200
VisTouch_polyester_f3_r1_v1_seg04b_c000,VisTouch_polyester_f3_r1_v1_seg04b,polyester_f3_r1_v1,polyester,3,3,train,fall,0.000,1607155542.540,1607155543.040
VisTouch_polyester_f3_r1_v1_seg04b_c001,VisTouch_polyester_f3_r1_v1_seg04b,polyester_f3_r1_v1,polyester,3,3,train,fall,0.500,1607155543.040,1607155543.540
VisTouch_polyester_f3_r1_v1_seg04b_c002,VisTouch_polyester_f3_r1_v1_seg04b,polyester_f3_r1_v1,polyester,3,3,train,fall,1.000,1607155543.540,1607155544.040
VisTouch_polyester_f3_r1_v1_seg04b_c003,VisTouch_polyester_f3_r1_v1_seg04b,polyester_f3_r1_v1,polyester,3,3,train,fall,1.500,1607155544.040,1607155544.540
VisTouch_polyester_f3_r1_v1_seg04b_c004,VisTouch_polyester_f3_r1_v1_seg04b,polyester_f3_r1_v1,polyester,3,3,train,fall,2.000,1607155544.540,1607155545.040
VisTouch_polyester_f3_r1_v1_seg04b_c005,VisTouch_polyester_f3_r1_v1_seg04b,polyester_f3_r1_v1,polyester,3,3,train,fall,2.500,1607155545.040,1607155545.540
VisTouch_polyester_f3_r1_v1_seg04b_c006,VisTouch_polyester_f3_r1_v1_seg04b,polyester_f3_r1_v1,polyester,3,3,train,fall,3.000,1607155545.540,1607155546.040
VisTouch_polyester_f3_r1_v1_seg05a_c000,VisTouch_polyester_f3_r1_v1_seg05a,polyester_f3_r1_v1,polyester,3,3,train,rise,0.000,1607155546.460,1607155546.960
VisTouch_polyester_f3_r1_v1_seg05a_c001,VisTouch_polyester_f3_r1_v1_seg05a,polyester_f3_r1_v1,polyester,3,3,train,rise,0.500,1607155546.960,1607155547.460
VisTouch_polyester_f3_r1_v1_seg05a_c002,VisTouch_polyester_f3_r1_v1_seg05a,polyester_f3_r1_v1,polyester,3,3,train,rise,1.000,1607155547.460,1607155547.960
VisTouch_polyester_f3_r1_v1_seg05a_c003,VisTouch_polyester_f3_r1_v1_seg05a,polyester_f3_r1_v1,polyester,3,3,train,rise,1.500,1607155547.960,1607155548.460
VisTouch_polyester_f3_r1_v1_seg05a_c004,VisTouch_polyester_f3_r1_v1_seg05a,polyester_f3_r1_v1,polyester,3,3,train,rise,2.000,1607155548.460,1607155548.960
VisTouch_polyester_f3_r1_v1_seg05a_c005,VisTouch_polyester_f3_r1_v1_seg05a,polyester_f3_r1_v1,polyester,3,3,train,rise,2.500,1607155548.960,1607155549.460
VisTouch_polyester_f3_r1_v1_seg05a_c006,VisTouch_polyester_f3_r1_v1_seg05a,polyester_f3_r1_v1,polyester,3,3,train,rise,3.000,1607155549.460,1607155549.960
VisTouch_polyester_f3_r1_v1_seg05a_c007,VisTouch_polyester_f3_r1_v1_seg05a,polyester_f3_r1_v1,polyester,3,3,train,rise,3.500,1607155549.960,1607155550.460
VisTouch_polyester_f3_r1_v1_seg05a_c008,VisTouch_polyester_f3_r1_v1_seg05a,polyester_f3_r1_v1,polyester,3,3,train,rise,4.000,1607155550.460,1607155550.960
VisTouch_polyester_f3_r1_v1_seg05a_c009,VisTouch_polyester_f3_r1_v1_seg05a,polyester_f3_r1_v1,polyester,3,3,train,rise,4.500,1607155550.960,1607155551.460
VisTouch_polyester_f3_r1_v1_seg05a_c010,VisTouch_polyester_f3_r1_v1_seg05a,polyester_f3_r1_v1,polyester,3,3,train,rise,5.000,1607155551.460,1607155551.960
VisTouch_polyester_f3_r1_v1_seg05a_c011,VisTouch_polyester_f3_r1_v1_seg05a,polyester_f3_r1_v1,polyester,3,3,train,rise,5.500,1607155551.960,1607155552.460
VisTouch_polyester_f3_r1_v1_seg05b_c000,VisTouch_polyester_f3_r1_v1_seg05b,polyester_f3_r1_v1,polyester,3,3,train,fall,0.000,1607155552.850,1607155553.350
VisTouch_polyester_f3_r1_v1_seg05b_c001,VisTouch_polyester_f3_r1_v1_seg05b,polyester_f3_r1_v1,polyester,3,3,train,fall,0.500,1607155553.350,1607155553.850
VisTouch_polyester_f3_r1_v1_seg05b_c002,VisTouch_polyester_f3_r1_v1_seg05b,polyester_f3_r1_v1,polyester,3,3,train,fall,1.000,1607155553.850,1607155554.350
VisTouch_polyester_f3_r1_v1_seg05b_c003,VisTouch_polyester_f3_r1_v1_seg05b,polyester_f3_r1_v1,polyester,3,3,train,fall,1.500,1607155554.350,1607155554.850
VisTouch_polyester_f3_r1_v1_seg05b_c004,VisTouch_polyester_f3_r1_v1_seg05b,polyester_f3_r1_v1,polyester,3,3,train,fall,2.000,1607155554.850,1607155555.350
VisTouch_polyester_f3_r1_v1_seg05b_c005,VisTouch_polyester_f3_r1_v1_seg05b,polyester_f3_r1_v1,polyester,3,3,train,fall,2.500,1607155555.350,1607155555.850
VisTouch_polyester_f3_r1_v1_seg05b_c006,VisTouch_polyester_f3_r1_v1_seg05b,polyester_f3_r1_v1,polyester,3,3,train,fall,3.000,1607155555.850,1607155556.350
VisTouch_polyester_f3_r1_v1_idle02_c000,VisTouch_polyester_f3_r1_v1_idle02,polyester_f3_r1_v1,polyester,3,3,train,idle,0.000,1607155556.740,1607155557.240
VisTouch_polyester_f3_r1_v1_idle02_c001,VisTouch_polyester_f3_r1_v1_idle02,polyester_f3_r1_v1,polyester,3,3,train,idle,0.500,1607155557.240,1607155557.740
VisTouch_polyester_f3_r1_v1_idle02_c002,VisTouch_polyester_f3_r1_v1_idle02,polyester_f3_r1_v1,polyester,3,3,train,idle,1.000,1607155557.740,1607155558.240
VisTouch_polyester_f3_r1_v1_idle02_c003,VisTouch_polyester_f3_r1_v1_idle02,polyester_f3_r1_v1,polyester,3,3,train,idle,1.500,1607155558.240,1607155558.740
VisTouch_polyester_f3_r1_v1_idle02_c004,VisTouch_polyester_f3_r1_v1_idle02,polyester_f3_r1_v1,polyester,3,3,train,idle,2.000,1607155558.740,1607155559.240
VisTouch_polyester_f3_r1_v1_idle02_c005,VisTouch_polyester_f3_r1_v1_idle02,polyester_f3_r1_v1,polyester,3,3,train,idle,2.500,1607155559.240,1607155559.740
VisTouch_polyester_f3_r1_v1_idle02_c006,VisTouch_polyester_f3_r1_v1_idle02,polyester_f3_r1_v1,polyester,3,3,train,idle,3.000,1607155559.740,1607155560.240
VisTouch_polyester_f3_r1_v1_idle02_c007,VisTouch_polyester_f3_r1_v1_idle02,polyester_f3_r1_v1,polyester,3,3,train,idle,3.500,1607155560.240,1607155560.740
VisTouch_polyester_f3_r1_v1_idle02_c008,VisTouch_polyester_f3_r1_v1_idle02,polyester_f3_r1_v1,polyester,3,3,train,idle,4.000,1607155560.740,1607155561.240
VisTouch_polyester_f3_r1_v1_idle02_c009,VisTouch_polyester_f3_r1_v1_idle02,polyester_f3_r1_v1,polyester,3,3,train,idle,4.500,1607155561.240,1607155561.740
VisTouch_polyester_f3_r1_v1_idle02_c010,VisTouch_polyester_f3_r1_v1_idle02,polyester_f3_r1_v1,polyester,3,3,train,idle,5.000,1607155561.740,1607155562.240
VisTouch_polyester_f3_r1_v1_idle02_c011,VisTouch_polyester_f3_r1_v1_idle02,polyester_f3_r1_v1,polyester,3,3,train,idle,5.500,1607155562.240,1607155562.740
VisTouch_polyester_f3_r1_v1_idle03_c000,VisTouch_polyester_f3_r1_v1_idle03,polyester_f3_r1_v1,polyester,3,3,train,idle,0.000,1607155562.864,1607155563.364
VisTouch_polyester_f3_r1_v1_idle03_c001,VisTouch_polyester_f3_r1_v1_idle03,polyester_f3_r1_v1,polyester,3,3,train,idle,0.500,1607155563.364,1607155563.864
VisTouch_polyester_f3_r1_v1_idle03_c002,VisTouch_polyester_f3_r1_v1_idle03,polyester_f3_r1_v1,polyester,3,3,train,idle,1.000,1607155563.864,1607155564.364
VisTouch_polyester_f3_r1_v1_idle03_c003,VisTouch_polyester_f3_r1_v1_idle03,polyester_f3_r1_v1,polyester,3,3,train,idle,1.500,1607155564.364,1607155564.864
VisTouch_polyester_f3_r1_v1_idle03_c004,VisTouch_polyester_f3_r1_v1_idle03,polyester_f3_r1_v1,polyester,3,3,train,idle,2.000,1607155564.864,1607155565.364
VisTouch_polyester_f3_r1_v1_idle03_c005,VisTouch_polyester_f3_r1_v1_idle03,polyester_f3_r1_v1,polyester,3,3,train,idle,2.500,1607155565.364,1607155565.864
VisTouch_polyester_f3_r1_v1_idle03_c006,VisTouch_polyester_f3_r1_v1_idle03,polyester_f3_r1_v1,polyester,3,3,train,idle,3.000,1607155565.864,1607155566.364
VisTouch_polyester_f3_r1_v1_idle03_c007,VisTouch_polyester_f3_r1_v1_idle03,polyester_f3_r1_v1,polyester,3,3,train,idle,3.500,1607155566.364,1607155566.864
VisTouch_polyester_f3_r1_v1_idle03_c008,VisTouch_polyester_f3_r1_v1_idle03,polyester_f3_r1_v1,polyester,3,3,train,idle,4.000,1607155566.864,1607155567.364
VisTouch_polyester_f3_r1_v1_idle03_c009,VisTouch_polyester_f3_r1_v1_idle03,polyester_f3_r1_v1,polyester,3,3,train,idle,4.500,1607155567.364,1607155567.864
VisTouch_polyester_f3_r1_v1_idle03_c010,VisTouch_polyester_f3_r1_v1_idle03,polyester_f3_r1_v1,polyester,3,3,train,idle,5.000,1607155567.864,1607155568.364
VisTouch_polyester_f3_r1_v1_idle03_c011,VisTouch_polyester_f3_r1_v1_idle03,polyester_f3_r1_v1,polyester,3,3,train,idle,5.500,1607155568.364,1607155568.864
VisTouch_polyester_f6_r1_v1_idle01_c000,VisTouch_polyester_f6_r1_v1_idle01,polyester_f6_r1_v1,polyester,3,6,train,idle,0.000,1607155716.000,1607155716.500
VisTouch_polyester_f6_r1_v1_idle01_c001,VisTouch_polyester_f6_r1_v1_idle01,polyester_f6_r1_v1,polyester,3,6,train,idle,0.500,1607155716.500,1607155717.000
VisTouch_polyester_f6_r1_v1_idle01_c002,VisTouch_polyester_f6_r1_v1_idle01,polyester_f6_r1_v1,polyester,3,6,train,idle,1.000,1607155717.000,1607155717.500
VisTouch_polyester_f6_r1_v1_idle01_c003,VisTouch_polyester_f6_r1_v1_idle01,polyester_f6_r1_v1,polyester,3,6,train,idle,1.500,1607155717.500,1607155718.000
VisTouch_polyester_f6_r1_v1_idle01_c004,VisTouch_polyester_f6_r1_v1_idle01,polyester_f6_r1_v1,polyester,3,6,train,idle,2.000,1607155718.000,1607155718.500
VisTouch_polyester_f6_r1_v1_idle01_c005,VisTouch_polyester_f6_r1_v1_idle01,polyester_f6_r1_v1,polyester,3,6,train,idle,2.500,1607155718.500,1607155719.000
VisTouch_polyester_f6_r1_v1_idle01_c006,VisTouch_polyester_f6_r1_v1_idle01,polyester_f6_r1_v1,polyester,3,6,train,idle,3.000,1607155719.000,1607155719.500
VisTouch_polyester_f6_r1_v1_idle01_c007,VisTouch_polyester_f6_r1_v1_idle01,polyester_f6_r1_v1,polyester,3,6,train,idle,3.500,1607155719.500,1607155720.000
VisTouch_polyester_f6_r1_v1_idle01_c008,VisTouch_polyester_f6_r1_v1_idle01,polyester_f6_r1_v1,polyester,3,6,train,idle,4.000,1607155720.000,1607155720.500
VisTouch_polyester_f6_r1_v1_idle01_c009,VisTouch_polyester_f6_r1_v1_idle01,polyester_f6_r1_v1,polyester,3,6,train,idle,4.500,1607155720.500,1607155721.000
VisTouch_polyester_f6_r1_v1_idle01_c010,VisTouch_polyester_f6_r1_v1_idle01,polyester_f6_r1_v1,polyester,3,6,train,idle,5.000,1607155721.000,1607155721.500
VisTouch_polyester_f6_r1_v1_idle01_c011,VisTouch_polyester_f6_r1_v1_idle01,polyester_f6_r1_v1,polyester,3,6,train,idle,5.500,1607155721.500,1607155722.000
VisTouch_polyester_f6_r1_v1_idle01_c012,VisTouch_polyester_f6_r1_v1_idle01,polyester_f6_r1_v1,polyester,3,6,train,idle,6.000,1607155722.000,1607155722.500
VisTouch_polyester_f6_r1_v1_seg01a_c000,VisTouch_polyester_f6_r1_v1_seg01a,polyester_f6_r1_v1,polyester,3,6,train,rise,0.000,1607155722.920,1607155723.420
VisTouch_polyester_f6_r1_v1_seg01a_c001,VisTouch_polyester_f6_r1_v1_seg01a,polyester_f6_r1_v1,polyester,3,6,train,rise,0.500,1607155723.420,1607155723.920
VisTouch_polyester_f6_r1_v1_seg01a_c002,VisTouch_polyester_f6_r1_v1_seg01a,polyester_f6_r1_v1,polyester,3,6,train,rise,1.000,1607155723.920,1607155724.420
VisTouch_polyester_f6_r1_v1_seg01a_c003,VisTouch_polyester_f6_r1_v1_seg01a,polyester_f6_r1_v1,polyester,3,6,train,rise,1.500,1607155724.420,1607155724.920
VisTouch_polyester_f6_r1_v1_seg01a_c004,VisTouch_polyester_f6_r1_v1_seg01a,polyester_f6_r1_v1,polyester,3,6,train,rise,2.000,1607155724.920,1607155725.420
VisTouch_polyester_f6_r1_v1_seg01a_c005,VisTouch_polyester_f6_r1_v1_seg01a,polyester_f6_r1_v1,polyester,3,6,train,rise,2.500,1607155725.420,1607155725.920
VisTouch_polyester_f6_r1_v1_seg01a_c006,VisTouch_polyester_f6_r1_v1_seg01a,polyester_f6_r1_v1,polyester,3,6,train,rise,3.000,1607155725.920,1607155726.420
VisTouch_polyester_f6_r1_v1_seg01a_c007,VisTouch_polyester_f6_r1_v1_seg01a,polyester_f6_r1_v1,polyester,3,6,train,rise,3.500,1607155726.420,1607155726.920
VisTouch_polyester_f6_r1_v1_seg01a_c008,VisTouch_polyester_f6_r1_v1_seg01a,polyester_f6_r1_v1,polyester,3,6,train,rise,4.000,1607155726.920,1607155727.420
VisTouch_polyester_f6_r1_v1_seg01a_c009,VisTouch_polyester_f6_r1_v1_seg01a,polyester_f6_r1_v1,polyester,3,6,train,rise,4.500,1607155727.420,1607155727.920
VisTouch_polyester_f6_r1_v1_seg01a_c010,VisTouch_polyester_f6_r1_v1_seg01a,polyester_f6_r1_v1,polyester,3,6,train,rise,5.000,1607155727.920,1607155728.420
VisTouch_polyester_f6_r1_v1_seg01a_c011,VisTouch_polyester_f6_r1_v1_seg01a,polyester_f6_r1_v1,polyester,3,6,train,rise,5.500,1607155728.420,1607155728.920
VisTouch_polyester_f6_r1_v1_seg01b_c000,VisTouch_polyester_f6_r1_v1_seg01b,polyester_f6_r1_v1,polyester,3,6,train,fall,0.000,1607155729.370,1607155729.870
VisTouch_polyester_f6_r1_v1_seg01b_c001,VisTouch_polyester_f6_r1_v1_seg01b,polyester_f6_r1_v1,polyester,3,6,train,fall,0.500,1607155729.870,1607155730.370
VisTouch_polyester_f6_r1_v1_seg01b_c002,VisTouch_polyester_f6_r1_v1_seg01b,polyester_f6_r1_v1,polyester,3,6,train,fall,1.000,1607155730.370,1607155730.870
VisTouch_polyester_f6_r1_v1_seg01b_c003,VisTouch_polyester_f6_r1_v1_seg01b,polyester_f6_r1_v1,polyester,3,6,train,fall,1.500,1607155730.870,1607155731.370
VisTouch_polyester_f6_r1_v1_seg01b_c004,VisTouch_polyester_f6_r1_v1_seg01b,polyester_f6_r1_v1,polyester,3,6,train,fall,2.000,1607155731.370,1607155731.870
VisTouch_polyester_f6_r1_v1_seg01b_c005,VisTouch_polyester_f6_r1_v1_seg01b,polyester_f6_r1_v1,polyester,3,6,train,fall,2.500,1607155731.870,1607155732.370
VisTouch_polyester_f6_r1_v1_seg01b_c006,VisTouch_polyester_f6_r1_v1_seg01b,polyester_f6_r1_v1,polyester,3,6,train,fall,3.000,1607155732.370,1607155732.870
VisTouch_polyester_f6_r1_v1_seg02a_c000,VisTouch_polyester_f6_r1_v1_seg02a,polyester_f6_r1_v1,polyester,3,6,train,rise,0.000,1607155733.180,1607155733.680
VisTouch_polyester_f6_r1_v1_seg02a_c001,VisTouch_polyester_f6_r1_v1_seg02a,polyester_f6_r1_v1,polyester,3,6,train,rise,0.500,1607155733.680,1607155734.180
VisTouch_polyester_f6_r1_v1_seg02a_c002,VisTouch_polyester_f6_r1_v1_seg02a,polyester_f6_r1_v1,polyester,3,6,train,rise,1.000,1607155734.180,1607155734.680
VisTouch_polyester_f6_r1_v1_seg02a_c003,VisTouch_polyester_f6_r1_v1_seg02a,polyester_f6_r1_v1,polyester,3,6,train,rise,1.500,1607155734.680,1607155735.180
VisTouch_polyester_f6_r1_v1_seg02a_c004,VisTouch_polyester_f6_r1_v1_seg02a,polyester_f6_r1_v1,polyester,3,6,train,rise,2.000,1607155735.180,1607155735.680
VisTouch_polyester_f6_r1_v1_seg02a_c005,VisTouch_polyester_f6_r1_v1_seg02a,polyester_f6_r1_v1,polyester,3,6,train,rise,2.500,1607155735.680,1607155736.180
VisTouch_polyester_f6_r1_v1_seg02a_c006,VisTouch_polyester_f6_r1_v1_seg02a,polyester_f6_r1_v1,polyester,3,6,train,rise,3.000,1607155736.180,1607155736.680
VisTouch_polyester_f6_r1_v1_seg02a_c007,VisTouch_polyester_f6_r1_v1_seg02a,polyester_f6_r1_v1,polyester,3,6,train,rise,3.500,1607155736.680,1607155737.180
VisTouch_polyester_f6_r1_v1_seg02a_c008,VisTouch_polyester_f6_r1_v1_seg02a,polyester_f6_r1_v1,polyester,3,6,train,rise,4.000,1607155737.180,1607155737.680
VisTouch_polyester_f6_r1_v1_seg02a_c009,VisTouch_polyester_f6_r1_v1_seg02a,polyester_f6_r1_v1,polyester,3,6,train,rise,4.500,1607155737.680,1607155738.180
VisTouch_polyester_f6_r1_v1_seg02a_c010,VisTouch_polyester_f6_r1_v1_seg02a,polyester_f6_r1_v1,polyester,3,6,train,rise,5.000,1607155738.180,1607155738.680
VisTouch_polyester_f6_r1_v1_seg02a_c011,VisTouch_polyester_f6_r1_v1_seg02a,polyester_f6_r1_v1,polyester,3,6,train,rise,5.500,1607155738.680,1607155739.180
VisTouch_polyester_f6_r1_v1_seg02b_c000,VisTouch_polyester_f6_r1_v1_seg02b,polyester_f6_r1_v1,polyester,3,6,train,fall,0.000,1607155739.590,1607155740.090
VisTouch_polyester_f6_r1_v1_seg02b_c001,VisTouch_polyester_f6_r1_v1_seg02b,polyester_f6_r1_v1,polyester,3,6,train,fall,0.500,1607155740.090,1607155740.590
VisTouch_polyester_f6_r1_v1_seg02b_c002,VisTouch_polyester_f6_r1_v1_seg02b,polyester_f6_r1_v1,polyester,3,6,train,fall,1.000,1607155740.590,1607155741.090
VisTouch_polyester_f6_r1_v1_seg02b_c003,VisTouch_polyester_f6_r1_v1_seg02b,polyester_f6_r1_v1,polyester,3,6,train,fall,1.500,1607155741.090,1607155741.590
VisTouch_polyester_f6_r1_v1_seg02b_c004,VisTouch_polyester_f6_r1_v1_seg02b,polyester_f6_r1_v1,polyester,3,6,train,fall,2.000,1607155741.590,1607155742.090
VisTouch_polyester_f6_r1_v1_seg02b_c005,VisTouch_polyester_f6_r1_v1_seg02b,polyester_f6_r1_v1,polyester,3,6,train,fall,2.500,1607155742.090,1607155742.590
VisTouch_polyester_f6_r1_v1_seg02b_c006,VisTouch_polyester_f6_r1_v1_seg02b,polyester_f6_r1_v1,polyester,3,6,train,fall,3.000,1607155742.590,1607155743.090
VisTouch_polyester_f6_r1_v1_seg03a_c000,VisTouch_polyester_f6_r1_v1_seg03a,polyester_f6_r1_v1,polyester,3,6,train,rise,0.000,1607155743.400,1607155743.900
VisTouch_polyester_f6_r1_v1_seg03a_c001,VisTouch_polyester_f6_r1_v1_seg03a,polyester_f6_r1_v1,polyester,3,6,train,rise,0.500,1607155743.900,1607155744.400
VisTouch_polyester_f6_r1_v1_seg03a_c002,VisTouch_polyester_f6_r1_v1_seg03a,polyester_f6_r1_v1,polyester,3,6,train,rise,1.000,1607155744.400,1607155744.900
VisTouch_polyester_f6_r1_v1_seg03a_c003,VisTouch_polyester_f6_r1_v1_seg03a,polyester_f6_r1_v1,polyester,3,6,train,rise,1.500,1607155744.900,1607155745.400
VisTouch_polyester_f6_r1_v1_seg03a_c004,VisTouch_polyester_f6_r1_v1_seg03a,polyester_f6_r1_v1,polyester,3,6,train,rise,2.000,1607155745.400,1607155745.900
VisTouch_polyester_f6_r1_v1_seg03a_c005,VisTouch_polyester_f6_r1_v1_seg03a,polyester_f6_r1_v1,polyester,3,6,train,rise,2.500,1607155745.900,1607155746.400
VisTouch_polyester_f6_r1_v1_seg03a_c006,VisTouch_polyester_f6_r1_v1_seg03a,polyester_f6_r1_v1,polyester,3,6,train,rise,3.000,1607155746.400,1607155746.900
VisTouch_polyester_f6_r1_v1_seg03a_c007,VisTouch_polyester_f6_r1_v1_seg03a,polyester_f6_r1_v1,polyester,3,6,train,rise,3.500,1607155746.900,1607155747.400
VisTouch_polyester_f6_r1_v1_seg03a_c008,VisTouch_polyester_f6_r1_v1_seg03a,polyester_f6_r1_v1,polyester,3,6,train,rise,4.000,1607155747.400,1607155747.900
VisTouch_polyester_f6_r1_v1_seg03a_c009,VisTouch_polyester_f6_r1_v1_seg03a,polyester_f6_r1_v1,polyester,3,6,train,rise,4.500,1607155747.900,1607155748.400
VisTouch_polyester_f6_r1_v1_seg03a_c010,VisTouch_polyester_f6_r1_v1_seg03a,polyester_f6_r1_v1,polyester,3,6,train,rise,5.000,1607155748.400,1607155748.900
VisTouch_polyester_f6_r1_v1_seg03a_c011,VisTouch_polyester_f6_r1_v1_seg03a,polyester_f6_r1_v1,polyester,3,6,train,rise,5.500,1607155748.900,1607155749.400
VisTouch_polyester_f6_r1_v1_seg03b_c000,VisTouch_polyester_f6_r1_v1_seg03b,polyester_f6_r1_v1,polyester,3,6,train,fall,0.000,1607155749.850,1607155750.350
VisTouch_polyester_f6_r1_v1_seg03b_c001,VisTouch_polyester_f6_r1_v1_seg03b,polyester_f6_r1_v1,polyester,3,6,train,fall,0.500,1607155750.350,1607155750.850
VisTouch_polyester_f6_r1_v1_seg03b_c002,VisTouch_polyester_f6_r1_v1_seg03b,polyester_f6_r1_v1,polyester,3,6,train,fall,1.000,1607155750.850,1607155751.350
VisTouch_polyester_f6_r1_v1_seg03b_c003,VisTouch_polyester_f6_r1_v1_seg03b,polyester_f6_r1_v1,polyester,3,6,train,fall,1.500,1607155751.350,1607155751.850
VisTouch_polyester_f6_r1_v1_seg03b_c004,VisTouch_polyester_f6_r1_v1_seg03b,polyester_f6_r1_v1,polyester,3,6,train,fall,2.000,1607155751.850,1607155752.350
VisTouch_polyester_f6_r1_v1_seg03b_c005,VisTouch_polyester_f6_r1_v1_seg03b,polyester_f6_r1_v1,polyester,3,6,train,fall,2.500,1607155752.350,1607155752.850
VisTouch_polyester_f6_r1_v1_seg03b_c006,VisTouch_polyester_f6_r1_v1_seg03b,polyester_f6_r1_v1,polyester,3,6,train,fall,3.000,1607155752.850,1607155753.350
VisTouch_polyester_f6_r1_v1_seg04a_c000,VisTouch_polyester_f6_r1_v1_seg04a,polyester_f6_r1_v1,polyester,3,6,train,rise,0.000,1607155753.640,1607155754.140
VisTouch_polyester_f6_r1_v1_seg04a_c001,VisTouch_polyester_f6_r1_v1_seg04a,polyester_f6_r1_v1,polyester,3,6,train,rise,0.500,1607155754.140,1607155754.640
VisTouch_polyester_f6_r1_v1_seg04a_c002,VisTouch_polyester_f6_r1_v1_seg04a,polyester_f6_r1_v1,polyester,3,6,train,rise,1.000,1607155754.640,1607155755.140
VisTouch_polyester_f6_r1_v1_seg04a_c003,VisTouch_polyester_f6_r1_v1_seg04a,polyester_f6_r1_v1,polyester,3,6,train,rise,1.500,1607155755.140,1607155755.640
VisTouch_polyester_f6_r1_v1_seg04a_c004,VisTouch_polyester_f6_r1_v1_seg04a,polyester_f6_r1_v1,polyester,3,6,train,rise,2.000,1607155755.640,1607155756.140
VisTouch_polyester_f6_r1_v1_seg04a_c005,VisTouch_polyester_f6_r1_v1_seg04a,polyester_f6_r1_v1,polyester,3,6,train,rise,2.500,1607155756.140,1607155756.640
VisTouch_polyester_f6_r1_v1_seg04a_c006,VisTouch_polyester_f6_r1_v1_seg04a,polyester_f6_r1_v1,polyester,3,6,train,rise,3.000,1607155756.640,1607155757.140
VisTouch_polyester_f6_r1_v1_seg04a_c007,VisTouch_polyester_f6_r1_v1_seg04a,polyester_f6_r1_v1,polyester,3,6,train,rise,3.500,1607155757.140,1607155757.640
VisTouch_polyester_f6_r1_v1_seg04a_c008,VisTouch_polyester_f6_r1_v1_seg04a,polyester_f6_r1_v1,polyester,3,6,train,rise,4.000,1607155757.640,1607155758.140
VisTouch_polyester_f6_r1_v1_seg04a_c009,VisTouch_polyester_f6_r1_v1_seg04a,polyester_f6_r1_v1,polyester,3,6,train,rise,4.500,1607155758.140,1607155758.640
VisTouch_polyester_f6_r1_v1_seg04a_c010,VisTouch_polyester_f6_r1_v1_seg04a,polyester_f6_r1_v1,polyester,3,6,train,rise,5.000,1607155758.640,1607155759.140
VisTouch_polyester_f6_r1_v1_seg04a_c011,VisTouch_polyester_f6_r1_v1_seg04a,polyester_f6_r1_v1,polyester,3,6,train,rise,5.500,1607155759.140,1607155759.640
VisTouch_polyester_f6_r1_v1_seg04b_c000,VisTouch_polyester_f6_r1_v1_seg04b,polyester_f6_r1_v1,polyester,3,6,train,fall,0.000,1607155760.060,1607155760.560
VisTouch_polyester_f6_r1_v1_seg04b_c001,VisTouch_polyester_f6_r1_v1_seg04b,polyester_f6_r1_v1,polyester,3,6,train,fall,0.500,1607155760.560,1607155761.060
VisTouch_polyester_f6_r1_v1_seg04b_c002,VisTouch_polyester_f6_r1_v1_seg04b,polyester_f6_r1_v1,polyester,3,6,train,fall,1.000,1607155761.060,1607155761.560
VisTouch_polyester_f6_r1_v1_seg04b_c003,VisTouch_polyester_f6_r1_v1_seg04b,polyester_f6_r1_v1,polyester,3,6,train,fall,1.500,1607155761.560,1607155762.060
VisTouch_polyester_f6_r1_v1_seg04b_c004,VisTouch_polyester_f6_r1_v1_seg04b,polyester_f6_r1_v1,polyester,3,6,train,fall,2.000,1607155762.060,1607155762.560
VisTouch_polyester_f6_r1_v1_seg04b_c005,VisTouch_polyester_f6_r1_v1_seg04b,polyester_f6_r1_v1,polyester,3,6,train,fall,2.500,1607155762.560,1607155763.060
VisTouch_polyester_f6_r1_v1_seg04b_c006,VisTouch_polyester_f6_r1_v1_seg04b,polyester_f6_r1_v1,polyester,3,6,train,fall,3.000,1607155763.060,1607155763.560
VisTouch_polyester_f6_r1_v1_seg05a_c000,VisTouch_polyester_f6_r1_v1_seg05a,polyester_f6_r1_v1,polyester,3,6,train,rise,0.000,1607155763.880,1607155764.380
VisTouch_polyester_f6_r1_v1_seg05a_c001,VisTouch_polyester_f6_r1_v1_seg05a,polyester_f6_r1_v1,polyester,3,6,train,rise,0.500,1607155764.380,1607155764.880
VisTouch_polyester_f6_r1_v1_seg05a_c002,VisTouch_polyester_f6_r1_v1_seg05a,polyester_f6_r1_v1,polyester,3,6,train,rise,1.000,1607155764.880,1607155765.380
VisTouch_polyester_f6_r1_v1_seg05a_c003,VisTouch_polyester_f6_r1_v1_seg05a,polyester_f6_r1_v1,polyester,3,6,train,rise,1.500,1607155765.380,1607155765.880
VisTouch_polyester_f6_r1_v1_seg05a_c004,VisTouch_polyester_f6_r1_v1_seg05a,polyester_f6_r1_v1,polyester,3,6,train,rise,2.000,1607155765.880,1607155766.380
VisTouch_polyester_f6_r1_v1_seg05a_c005,VisTouch_polyester_f6_r1_v1_seg05a,polyester_f6_r1_v1,polyester,3,6,train,rise,2.500,1607155766.380,1607155766.880
VisTouch_polyester_f6_r1_v1_seg05a_c006,VisTouch_polyester_f6_r1_v1_seg05a,polyester_f6_r1_v1,polyester,3,6,train,rise,3.000,1607155766.880,1607155767.380
VisTouch_polyester_f6_r1_v1_seg05a_c007,VisTouch_polyester_f6_r1_v1_seg05a,polyester_f6_r1_v1,polyester,3,6,train,rise,3.500,1607155767.380,1607155767.880
VisTouch_polyester_f6_r1_v1_seg05a_c008,VisTouch_polyester_f6_r1_v1_seg05a,polyester_f6_r1_v1,polyester,3,6,train,rise,4.000,1607155767.880,1607155768.380
VisTouch_polyester_f6_r1_v1_seg05a_c009,VisTouch_polyester_f6_r1_v1_seg05a,polyester_f6_r1_v1,polyester,3,6,train,rise,4.500,1607155768.380,1607155768.880
VisTouch_polyester_f6_r1_v1_seg05a_c010,VisTouch_polyester_f6_r1_v1_seg05a,polyester_f6_r1_v1,polyester,3,6,train,rise,5.000,1607155768.880,1607155769.380
VisTouch_polyester_f6_r1_v1_seg05a_c011,VisTouch_polyester_f6_r1_v1_seg05a,polyester_f6_r1_v1,polyester,3,6,train,rise,5.500,1607155769.380,1607155769.880
VisTouch_polyester_f6_r1_v1_seg05b_c000,VisTouch_polyester_f6_r1_v1_seg05b,polyester_f6_r1_v1,polyester,3,6,train,fall,0.000,1607155770.300,1607155770.800
VisTouch_polyester_f6_r1_v1_seg05b_c001,VisTouch_polyester_f6_r1_v1_seg05b,polyester_f6_r1_v1,polyester,3,6,train,fall,0.500,1607155770.800,1607155771.300
VisTouch_polyester_f6_r1_v1_seg05b_c002,VisTouch_polyester_f6_r1_v1_seg05b,polyester_f6_r1_v1,polyester,3,6,train,fall,1.000,1607155771.300,1607155771.800
VisTouch_polyester_f6_r1_v1_seg05b_c003,VisTouch_polyester_f6_r1_v1_seg05b,polyester_f6_r1_v1,polyester,3,6,train,fall,1.500,1607155771.800,1607155772.300
VisTouch_polyester_f6_r1_v1_seg05b_c004,VisTouch_polyester_f6_r1_v1_seg05b,polyester_f6_r1_v1,polyester,3,6,train,fall,2.000,1607155772.300,1607155772.800
VisTouch_polyester_f6_r1_v1_seg05b_c005,VisTouch_polyester_f6_r1_v1_seg05b,polyester_f6_r1_v1,polyester,3,6,train,fall,2.500,1607155772.800,1607155773.300
VisTouch_polyester_f6_r1_v1_seg05b_c006,VisTouch_polyester_f6_r1_v1_seg05b,polyester_f6_r1_v1,polyester,3,6,train,fall,3.000,1607155773.300,1607155773.800
VisTouch_polyester_f6_r1_v1_idle02_c000,VisTouch_polyester_f6_r1_v1_idle02,polyester_f6_r1_v1,polyester,3,6,train,idle,0.000,1607155774.120,1607155774.620
VisTouch_polyester_f6_r1_v1_idle02_c001,VisTouch_polyester_f6_r1_v1_idle02,polyester_f6_r1_v1,polyester,3,6,train,idle,0.500,1607155774.620,1607155775.120
VisTouch_polyester_f6_r1_v1_idle02_c002,VisTouch_polyester_f6_r1_v1_idle02,polyester_f6_r1_v1,polyester,3,6,train,idle,1.000,1607155775.120,1607155775.620
VisTouch_polyester_f6_r1_v1_idle02_c003,VisTouch_polyester_f6_r1_v1_idle02,polyester_f6_r1_v1,polyester,3,6,train,idle,1.500,1607155775.620,1607155776.120
VisTouch_polyester_f6_r1_v1_idle02_c004,VisTouch_polyester_f6_r1_v1_idle02,polyester_f6_r1_v1,polyester,3,6,train,idle,2.000,1607155776.120,1607155776.620
VisTouch_polyester_f6_r1_v1_idle02_c005,VisTouch_polyester_f6_r1_v1_idle02,polyester_f6_r1_v1,polyester,3,6,train,idle,2.500,1607155776.620,1607155777.120
VisTouch_polyester_f6_r1_v1_idle02_c006,VisTouch_polyester_f6_r1_v1_idle02,polyester_f6_r1_v1,polyester,3,6,train,idle,3.000,1607155777.120,1607155777.620
VisTouch_polyester_f6_r1_v1_idle02_c007,VisTouch_polyester_f6_r1_v1_idle02,polyester_f6_r1_v1,polyester,3,6,train,idle,3.500,1607155777.620,1607155778.120
VisTouch_polyester_f6_r1_v1_idle02_c008,VisTouch_polyester_f6_r1_v1_idle02,polyester_f6_r1_v1,polyester,3,6,train,idle,4.000,1607155778.120,1607155778.620
VisTouch_polyester_f6_r1_v1_idle02_c009,VisTouch_polyester_f6_r1_v1_idle02,polyester_f6_r1_v1,polyester,3,6,train,idle,4.500,1607155778.620,1607155779.120
VisTouch_polyester_f6_r1_v1_idle02_c010,VisTouch_polyester_f6_r1_v1_idle02,polyester_f6_r1_v1,polyester,3,6,train,idle,5.000,1607155779.120,1607155779.620
VisTouch_polyester_f6_r1_v1_idle03_c000,VisTouch_polyester_f6_r1_v1_idle03,polyester_f6_r1_v1,polyester,3,6,train,idle,0.000,1607155780.043,1607155780.543
VisTouch_polyester_f6_r1_v1_idle03_c001,VisTouch_polyester_f6_r1_v1_idle03,polyester_f6_r1_v1,polyester,3,6,train,idle,0.500,1607155780.543,1607155781.043
VisTouch_polyester_f6_r1_v1_idle03_c002,VisTouch_polyester_f6_r1_v1_idle03,polyester_f6_r1_v1,polyester,3,6,train,idle,1.000,1607155781.043,1607155781.543
VisTouch_polyester_f6_r1_v1_idle03_c003,VisTouch_polyester_f6_r1_v1_idle03,polyester_f6_r1_v1,polyester,3,6,train,idle,1.500,1607155781.543,1607155782.043
VisTouch_polyester_f6_r1_v1_idle03_c004,VisTouch_polyester_f6_r1_v1_idle03,polyester_f6_r1_v1,polyester,3,6,train,idle,2.000,1607155782.043,1607155782.543
VisTouch_polyester_f6_r1_v1_idle03_c005,VisTouch_polyester_f6_r1_v1_idle03,polyester_f6_r1_v1,polyester,3,6,train,idle,2.500,1607155782.543,1607155783.043
VisTouch_polyester_f6_r1_v1_idle03_c006,VisTouch_polyester_f6_r1_v1_idle03,polyester_f6_r1_v1,polyester,3,6,train,idle,3.000,1607155783.043,1607155783.543
VisTouch_polyester_f6_r1_v1_idle03_c007,VisTouch_polyester_f6_r1_v1_idle03,polyester_f6_r1_v1,polyester,3,6,train,idle,3.500,1607155783.543,1607155784.043
VisTouch_polyester_f6_r1_v1_idle03_c008,VisTouch_polyester_f6_r1_v1_idle03,polyester_f6_r1_v1,polyester,3,6,train,idle,4.000,1607155784.043,1607155784.543
VisTouch_polyester_f6_r1_v1_idle03_c009,VisTouch_polyester_f6_r1_v1_idle03,polyester_f6_r1_v1,polyester,3,6,train,idle,4.500,1607155784.543,1607155785.043
VisTouch_polyester_f6_r1_v1_idle03_c010,VisTouch_polyester_f6_r1_v1_idle03,polyester_f6_r1_v1,polyester,3,6,train,idle,5.000,1607155785.043,1607155785.543
VisTouch_polyester_f9_r1_v1_idle01_c000,VisTouch_polyester_f9_r1_v1_idle01,polyester_f9_r1_v1,polyester,3,9,test,idle,0.000,1607155860.000,1607155860.500
VisTouch_polyester_f9_r1_v1_idle01_c001,VisTouch_polyester_f9_r1_v1_idle01,polyester_f9_r1_v1,polyester,3,9,test,idle,0.500,1607155860.500,1607155861.000
VisTouch_polyester_f9_r1_v1_idle01_c002,VisTouch_polyester_f9_r1_v1_idle01,polyester_f9_r1_v1,polyester,3,9,test,idle,1.000,1607155861.000,1607155861.500
VisTouch_polyester_f9_r1_v1_idle01_c003,VisTouch_polyester_f9_r1_v1_idle01,polyester_f9_r1_v1,polyester,3,9,test,idle,1.500,1607155861.500,1607155862.000
VisTouch_polyester_f9_r1_v1_idle01_c004,VisTouch_polyester_f9_r1_v1_idle01,polyester_f9_r1_v1,polyester,3,9,test,idle,2.000,1607155862.000,1607155862.500
VisTouch_polyester_f9_r1_v1_idle01_c005,VisTouch_polyester_f9_r1_v1_idle01,polyester_f9_r1_v1,polyester,3,9,test,idle,2.500,1607155862.500,1607155863.000
VisTouch_polyester_f9_r1_v1_idle01_c006,VisTouch_polyester_f9_r1_v1_idle01,polyester_f9_r1_v1,polyester,3,9,test,idle,3.000,1607155863.000,1607155863.500
VisTouch_polyester_f9_r1_v1_idle01_c007,VisTouch_polyester_f9_r1_v1_idle01,polyester_f9_r1_v1,polyester,3,9,test,idle,3.500,1607155863.500,1607155864.000
VisTouch_polyester_f9_r1_v1_idle01_c008,VisTouch_polyester_f9_r1_v1_idle01,polyester_f9_r1_v1,polyester,3,9,test,idle,4.000,1607155864.000,1607155864.500
VisTouch_polyester_f9_r1_v1_idle01_c009,VisTouch_polyester_f9_r1_v1_idle01,polyester_f9_r1_v1,polyester,3,9,test,idle,4.500,1607155864.500,1607155865.000
VisTouch_polyester_f9_r1_v1_idle01_c010,VisTouch_polyester_f9_r1_v1_idle01,polyester_f9_r1_v1,polyester,3,9,test,idle,5.000,1607155865.000,1607155865.500
VisTouch_polyester_f9_r1_v1_idle01_c011,VisTouch_polyester_f9_r1_v1_idle01,polyester_f9_r1_v1,polyester,3,9,test,idle,5.500,1607155865.500,1607155866.000
VisTouch_polyester_f9_r1_v1_seg01a_c000,VisTouch_polyester_f9_r1_v1_seg01a,polyester_f9_r1_v1,polyester,3,9,test,rise,0.000,1607155866.420,1607155866.920
VisTouch_polyester_f9_r1_v1_seg01a_c001,VisTouch_polyester_f9_r1_v1_seg01a,polyester_f9_r1_v1,polyester,3,9,test,rise,0.500,1607155866.920,1607155867.420
VisTouch_polyester_f9_r1_v1_seg01a_c002,VisTouch_polyester_f9_r1_v1_seg01a,polyester_f9_r1_v1,polyester,3,9,test,rise,1.000,1607155867.420,1607155867.920
VisTouch_polyester_f9_r1_v1_seg01a_c003,VisTouch_polyester_f9_r1_v1_seg01a,polyester_f9_r1_v1,polyester,3,9,test,rise,1.500,1607155867.920,1607155868.420
VisTouch_polyester_f9_r1_v1_seg01a_c004,VisTouch_polyester_f9_r1_v1_seg01a,polyester_f9_r1_v1,polyester,3,9,test,rise,2.000,1607155868.420,1607155868.920
VisTouch_polyester_f9_r1_v1_seg01a_c005,VisTouch_polyester_f9_r1_v1_seg01a,polyester_f9_r1_v1,polyester,3,9,test,rise,2.500,1607155868.920,1607155869.420
VisTouch_polyester_f9_r1_v1_seg01a_c006,VisTouch_polyester_f9_r1_v1_seg01a,polyester_f9_r1_v1,polyester,3,9,test,rise,3.000,1607155869.420,1607155869.920
VisTouch_polyester_f9_r1_v1_seg01a_c007,VisTouch_polyester_f9_r1_v1_seg01a,polyester_f9_r1_v1,polyester,3,9,test,rise,3.500,1607155869.920,1607155870.420
VisTouch_polyester_f9_r1_v1_seg01a_c008,VisTouch_polyester_f9_r1_v1_seg01a,polyester_f9_r1_v1,polyester,3,9,test,rise,4.000,1607155870.420,1607155870.920
VisTouch_polyester_f9_r1_v1_seg01a_c009,VisTouch_polyester_f9_r1_v1_seg01a,polyester_f9_r1_v1,polyester,3,9,test,rise,4.500,1607155870.920,1607155871.420
VisTouch_polyester_f9_r1_v1_seg01a_c010,VisTouch_polyester_f9_r1_v1_seg01a,polyester_f9_r1_v1,polyester,3,9,test,rise,5.000,1607155871.420,1607155871.920
VisTouch_polyester_f9_r1_v1_seg01a_c011,VisTouch_polyester_f9_r1_v1_seg01a,polyester_f9_r1_v1,polyester,3,9,test,rise,5.500,1607155871.920,1607155872.420
VisTouch_polyester_f9_r1_v1_seg01b_c000,VisTouch_polyester_f9_r1_v1_seg01b,polyester_f9_r1_v1,polyester,3,9,test,fall,0.000,1607155872.890,1607155873.390
VisTouch_polyester_f9_r1_v1_seg01b_c001,VisTouch_polyester_f9_r1_v1_seg01b,polyester_f9_r1_v1,polyester,3,9,test,fall,0.500,1607155873.390,1607155873.890
VisTouch_polyester_f9_r1_v1_seg01b_c002,VisTouch_polyester_f9_r1_v1_seg01b,polyester_f9_r1_v1,polyester,3,9,test,fall,1.000,1607155873.890,1607155874.390
VisTouch_polyester_f9_r1_v1_seg01b_c003,VisTouch_polyester_f9_r1_v1_seg01b,polyester_f9_r1_v1,polyester,3,9,test,fall,1.500,1607155874.390,1607155874.890
VisTouch_polyester_f9_r1_v1_seg01b_c004,VisTouch_polyester_f9_r1_v1_seg01b,polyester_f9_r1_v1,polyester,3,9,test,fall,2.000,1607155874.890,1607155875.390
VisTouch_polyester_f9_r1_v1_seg01b_c005,VisTouch_polyester_f9_r1_v1_seg01b,polyester_f9_r1_v1,polyester,3,9,test,fall,2.500,1607155875.390,1607155875.890
VisTouch_polyester_f9_r1_v1_seg01b_c006,VisTouch_polyester_f9_r1_v1_seg01b,polyester_f9_r1_v1,polyester,3,9,test,fall,3.000,1607155875.890,1607155876.390
VisTouch_polyester_f9_r1_v1_seg02a_c000,VisTouch_polyester_f9_r1_v1_seg02a,polyester_f9_r1_v1,polyester,3,9,test,rise,0.000,1607155876.620,1607155877.120
VisTouch_polyester_f9_r1_v1_seg02a_c001,VisTouch_polyester_f9_r1_v1_seg02a,polyester_f9_r1_v1,polyester,3,9,test,rise,0.500,1607155877.120,1607155877.620
VisTouch_polyester_f9_r1_v1_seg02a_c002,VisTouch_polyester_f9_r1_v1_seg02a,polyester_f9_r1_v1,polyester,3,9,test,rise,1.000,1607155877.620,1607155878.120
VisTouch_polyester_f9_r1_v1_seg02a_c003,VisTouch_polyester_f9_r1_v1_seg02a,polyester_f9_r1_v1,polyester,3,9,test,rise,1.500,1607155878.120,1607155878.620
VisTouch_polyester_f9_r1_v1_seg02a_c004,VisTouch_polyester_f9_r1_v1_seg02a,polyester_f9_r1_v1,polyester,3,9,test,rise,2.000,1607155878.620,1607155879.120
VisTouch_polyester_f9_r1_v1_seg02a_c005,VisTouch_polyester_f9_r1_v1_seg02a,polyester_f9_r1_v1,polyester,3,9,test,rise,2.500,1607155879.120,1607155879.620
VisTouch_polyester_f9_r1_v1_seg02a_c006,VisTouch_polyester_f9_r1_v1_seg02a,polyester_f9_r1_v1,polyester,3,9,test,rise,3.000,1607155879.620,1607155880.120
VisTouch_polyester_f9_r1_v1_seg02a_c007,VisTouch_polyester_f9_r1_v1_seg02a,polyester_f9_r1_v1,polyester,3,9,test,rise,3.500,1607155880.120,1607155880.620
VisTouch_polyester_f9_r1_v1_seg02a_c008,VisTouch_polyester_f9_r1_v1_seg02a,polyester_f9_r1_v1,polyester,3,9,test,rise,4.000,1607155880.620,1607155881.120
VisTouch_polyester_f9_r1_v1_seg02a_c009,VisTouch_polyester_f9_r1_v1_seg02a,polyester_f9_r1_v1,polyester,3,9,test,rise,4.500,1607155881.120,1607155881.620
VisTouch_polyester_f9_r1_v1_seg02a_c010,VisTouch_polyester_f9_r1_v1_seg02a,polyester_f9_r1_v1,polyester,3,9,test,rise,5.000,1607155881.620,1607155882.120
VisTouch_polyester_f9_r1_v1_seg02a_c011,VisTouch_polyester_f9_r1_v1_seg02a,polyester_f9_r1_v1,polyester,3,9,test,rise,5.500,1607155882.120,1607155882.620
VisTouch_polyester_f9_r1_v1_seg02b_c000,VisTouch_polyester_f9_r1_v1_seg02b,polyester_f9_r1_v1,polyester,3,9,test,fall,0.000,1607155882.970,1607155883.470
VisTouch_polyester_f9_r1_v1_seg02b_c001,VisTouch_polyester_f9_r1_v1_seg02b,polyester_f9_r1_v1,polyester,3,9,test,fall,0.500,1607155883.470,1607155883.970
VisTouch_polyester_f9_r1_v1_seg02b_c002,VisTouch_polyester_f9_r1_v1_seg02b,polyester_f9_r1_v1,polyester,3,9,test,fall,1.000,1607155883.970,1607155884.470
VisTouch_polyester_f9_r1_v1_seg02b_c003,VisTouch_polyester_f9_r1_v1_seg02b,polyester_f9_r1_v1,polyester,3,9,test,fall,1.500,1607155884.470,1607155884.970
VisTouch_polyester_f9_r1_v1_seg02b_c004,VisTouch_polyester_f9_r1_v1_seg02b,polyester_f9_r1_v1,polyester,3,9,test,fall,2.000,1607155884.970,1607155885.470
VisTouch_polyester_f9_r1_v1_seg02b_c005,VisTouch_polyester_f9_r1_v1_seg02b,polyester_f9_r1_v1,polyester,3,9,test,fall,2.500,1607155885.470,1607155885.970
VisTouch_polyester_f9_r1_v1_seg02b_c006,VisTouch_polyester_f9_r1_v1_seg02b,polyester_f9_r1_v1,polyester,3,9,test,fall,3.000,1607155885.970,1607155886.470
VisTouch_polyester_f9_r1_v1_seg03a_c000,VisTouch_polyester_f9_r1_v1_seg03a,polyester_f9_r1_v1,polyester,3,9,test,rise,0.000,1607155886.740,1607155887.240
VisTouch_polyester_f9_r1_v1_seg03a_c001,VisTouch_polyester_f9_r1_v1_seg03a,polyester_f9_r1_v1,polyester,3,9,test,rise,0.500,1607155887.240,1607155887.740
VisTouch_polyester_f9_r1_v1_seg03a_c002,VisTouch_polyester_f9_r1_v1_seg03a,polyester_f9_r1_v1,polyester,3,9,test,rise,1.000,1607155887.740,1607155888.240
VisTouch_polyester_f9_r1_v1_seg03a_c003,VisTouch_polyester_f9_r1_v1_seg03a,polyester_f9_r1_v1,polyester,3,9,test,rise,1.500,1607155888.240,1607155888.740
VisTouch_polyester_f9_r1_v1_seg03a_c004,VisTouch_polyester_f9_r1_v1_seg03a,polyester_f9_r1_v1,polyester,3,9,test,rise,2.000,1607155888.740,1607155889.240
VisTouch_polyester_f9_r1_v1_seg03a_c005,VisTouch_polyester_f9_r1_v1_seg03a,polyester_f9_r1_v1,polyester,3,9,test,rise,2.500,1607155889.240,1607155889.740
VisTouch_polyester_f9_r1_v1_seg03a_c006,VisTouch_polyester_f9_r1_v1_seg03a,polyester_f9_r1_v1,polyester,3,9,test,rise,3.000,1607155889.740,1607155890.240
VisTouch_polyester_f9_r1_v1_seg03a_c007,VisTouch_polyester_f9_r1_v1_seg03a,polyester_f9_r1_v1,polyester,3,9,test,rise,3.500,1607155890.240,1607155890.740
VisTouch_polyester_f9_r1_v1_seg03a_c008,VisTouch_polyester_f9_r1_v1_seg03a,polyester_f9_r1_v1,polyester,3,9,test,rise,4.000,1607155890.740,1607155891.240
VisTouch_polyester_f9_r1_v1_seg03a_c009,VisTouch_polyester_f9_r1_v1_seg03a,polyester_f9_r1_v1,polyester,3,9,test,rise,4.500,1607155891.240,1607155891.740
VisTouch_polyester_f9_r1_v1_seg03a_c010,VisTouch_polyester_f9_r1_v1_seg03a,polyester_f9_r1_v1,polyester,3,9,test,rise,5.000,1607155891.740,1607155892.240
VisTouch_polyester_f9_r1_v1_seg03a_c011,VisTouch_polyester_f9_r1_v1_seg03a,polyester_f9_r1_v1,polyester,3,9,test,rise,5.500,1607155892.240,1607155892.740
VisTouch_polyester_f9_r1_v1_seg03b_c000,VisTouch_polyester_f9_r1_v1_seg03b,polyester_f9_r1_v1,polyester,3,9,test,fall,0.000,1607155892.990,1607155893.490
VisTouch_polyester_f9_r1_v1_seg03b_c001,VisTouch_polyester_f9_r1_v1_seg03b,polyester_f9_r1_v1,polyester,3,9,test,fall,0.500,1607155893.490,1607155893.990
VisTouch_polyester_f9_r1_v1_seg03b_c002,VisTouch_polyester_f9_r1_v1_seg03b,polyester_f9_r1_v1,polyester,3,9,test,fall,1.000,1607155893.990,1607155894.490
VisTouch_polyester_f9_r1_v1_seg03b_c003,VisTouch_polyester_f9_r1_v1_seg03b,polyester_f9_r1_v1,polyester,3,9,test,fall,1.500,1607155894.490,1607155894.990
VisTouch_polyester_f9_r1_v1_seg03b_c004,VisTouch_polyester_f9_r1_v1_seg03b,polyester_f9_r1_v1,polyester,3,9,test,fall,2.000,1607155894.990,1607155895.490
VisTouch_polyester_f9_r1_v1_seg03b_c005,VisTouch_polyester_f9_r1_v1_seg03b,polyester_f9_r1_v1,polyester,3,9,test,fall,2.500,1607155895.490,1607155895.990
VisTouch_polyester_f9_r1_v1_seg03b_c006,VisTouch_polyester_f9_r1_v1_seg03b,polyester_f9_r1_v1,polyester,3,9,test,fall,3.000,1607155895.990,1607155896.490
VisTouch_polyester_f9_r1_v1_seg04a_c000,VisTouch_polyester_f9_r1_v1_seg04a,polyester_f9_r1_v1,polyester,3,9,test,rise,0.000,1607155896.940,1607155897.440
VisTouch_polyester_f9_r1_v1_seg04a_c001,VisTouch_polyester_f9_r1_v1_seg04a,polyester_f9_r1_v1,polyester,3,9,test,rise,0.500,1607155897.440,1607155897.940
VisTouch_polyester_f9_r1_v1_seg04a_c002,VisTouch_polyester_f9_r1_v1_seg04a,polyester_f9_r1_v1,polyester,3,9,test,rise,1.000,1607155897.940,1607155898.440
VisTouch_polyester_f9_r1_v1_seg04a_c003,VisTouch_polyester_f9_r1_v1_seg04a,polyester_f9_r1_v1,polyester,3,9,test,rise,1.500,1607155898.440,1607155898.940
VisTouch_polyester_f9_r1_v1_seg04a_c004,VisTouch_polyester_f9_r1_v1_seg04a,polyester_f9_r1_v1,polyester,3,9,test,rise,2.000,1607155898.940,1607155899.440
VisTouch_polyester_f9_r1_v1_seg04a_c005,VisTouch_polyester_f9_r1_v1_seg04a,polyester_f9_r1_v1,polyester,3,9,test,rise,2.500,1607155899.440,1607155899.940
VisTouch_polyester_f9_r1_v1_seg04a_c006,VisTouch_polyester_f9_r1_v1_seg04a,polyester_f9_r1_v1,polyester,3,9,test,rise,3.000,1607155899.940,1607155900.440
VisTouch_polyester_f9_r1_v1_seg04a_c007,VisTouch_polyester_f9_r1_v1_seg04a,polyester_f9_r1_v1,polyester,3,9,test,rise,3.500,1607155900.440,1607155900.940
VisTouch_polyester_f9_r1_v1_seg04a_c008,VisTouch_polyester_f9_r1_v1_seg04a,polyester_f9_r1_v1,polyester,3,9,test,rise,4.000,1607155900.940,1607155901.440
VisTouch_polyester_f9_r1_v1_seg04a_c009,VisTouch_polyester_f9_r1_v1_seg04a,polyester_f9_r1_v1,polyester,3,9,test,rise,4.500,1607155901.440,1607155901.940
VisTouch_polyester_f9_r1_v1_seg04a_c010,VisTouch_polyester_f9_r1_v1_seg04a,polyester_f9_r1_v1,polyester,3,9,test,rise,5.000,1607155901.940,1607155902.440
VisTouch_polyester_f9_r1_v1_seg04a_c011,VisTouch_polyester_f9_r1_v1_seg04a,polyester_f9_r1_v1,polyester,3,9,test,rise,5.500,1607155902.440,1607155902.940
VisTouch_polyester_f9_r1_v1_seg04b_c000,VisTouch_polyester_f9_r1_v1_seg04b,polyester_f9_r1_v1,polyester,3,9,test,fall,0.000,1607155903.360,1607155903.860
VisTouch_polyester_f9_r1_v1_seg04b_c001,VisTouch_polyester_f9_r1_v1_seg04b,polyester_f9_r1_v1,polyester,3,9,test,fall,0.500,1607155903.860,1607155904.360
VisTouch_polyester_f9_r1_v1_seg04b_c002,VisTouch_polyester_f9_r1_v1_seg04b,polyester_f9_r1_v1,polyester,3,9,test,fall,1.000,1607155904.360,1607155904.860
VisTouch_polyester_f9_r1_v1_seg04b_c003,VisTouch_polyester_f9_r1_v1_seg04b,polyester_f9_r1_v1,polyester,3,9,test,fall,1.500,1607155904.860,1607155905.360
VisTouch_polyester_f9_r1_v1_seg04b_c004,VisTouch_polyester_f9_r1_v1_seg04b,polyester_f9_r1_v1,polyester,3,9,test,fall,2.000,1607155905.360,1607155905.860
VisTouch_polyester_f9_r1_v1_seg04b_c005,VisTouch_polyester_f9_r1_v1_seg04b,polyester_f9_r1_v1,polyester,3,9,test,fall,2.500,1607155905.860,1607155906.360
VisTouch_polyester_f9_r1_v1_seg04b_c006,VisTouch_polyester_f9_r1_v1_seg04b,polyester_f9_r1_v1,polyester,3,9,test,fall,3.000,1607155906.360,1607155906.860
VisTouch_polyester_f9_r1_v1_seg05a_c000,VisTouch_polyester_f9_r1_v1_seg05a,polyester_f9_r1_v1,polyester,3,9,test,rise,0.000,1607155907.120,1607155907.620
VisTouch_polyester_f9_r1_v1_seg05a_c001,VisTouch_polyester_f9_r1_v1_seg05a,polyester_f9_r1_v1,polyester,3,9,test,rise,0.500,1607155907.620,1607155908.120
VisTouch_polyester_f9_r1_v1_seg05a_c002,VisTouch_polyester_f9_r1_v1_seg05a,polyester_f9_r1_v1,polyester,3,9,test,rise,1.000,1607155908.120,1607155908.620
VisTouch_polyester_f9_r1_v1_seg05a_c003,VisTouch_polyester_f9_r1_v1_seg05a,polyester_f9_r1_v1,polyester,3,9,test,rise,1.500,1607155908.620,1607155909.120
VisTouch_polyester_f9_r1_v1_seg05a_c004,VisTouch_polyester_f9_r1_v1_seg05a,polyester_f9_r1_v1,polyester,3,9,test,rise,2.000,1607155909.120,1607155909.620
VisTouch_polyester_f9_r1_v1_seg05a_c005,VisTouch_polyester_f9_r1_v1_seg05a,polyester_f9_r1_v1,polyester,3,9,test,rise,2.500,1607155909.620,1607155910.120
VisTouch_polyester_f9_r1_v1_seg05a_c006,VisTouch_polyester_f9_r1_v1_seg05a,polyester_f9_r1_v1,polyester,3,9,test,rise,3.000,1607155910.120,1607155910.620
VisTouch_polyester_f9_r1_v1_seg05a_c007,VisTouch_polyester_f9_r1_v1_seg05a,polyester_f9_r1_v1,polyester,3,9,test,rise,3.500,1607155910.620,1607155911.120
VisTouch_polyester_f9_r1_v1_seg05a_c008,VisTouch_polyester_f9_r1_v1_seg05a,polyester_f9_r1_v1,polyester,3,9,test,rise,4.000,1607155911.120,1607155911.620
VisTouch_polyester_f9_r1_v1_seg05a_c009,VisTouch_polyester_f9_r1_v1_seg05a,polyester_f9_r1_v1,polyester,3,9,test,rise,4.500,1607155911.620,1607155912.120
VisTouch_polyester_f9_r1_v1_seg05a_c010,VisTouch_polyester_f9_r1_v1_seg05a,polyester_f9_r1_v1,polyester,3,9,test,rise,5.000,1607155912.120,1607155912.620
VisTouch_polyester_f9_r1_v1_seg05a_c011,VisTouch_polyester_f9_r1_v1_seg05a,polyester_f9_r1_v1,polyester,3,9,test,rise,5.500,1607155912.620,1607155913.120
VisTouch_polyester_f9_r1_v1_seg05b_c000,VisTouch_polyester_f9_r1_v1_seg05b,polyester_f9_r1_v1,polyester,3,9,test,fall,0.000,1607155913.410,1607155913.910
VisTouch_polyester_f9_r1_v1_seg05b_c001,VisTouch_polyester_f9_r1_v1_seg05b,polyester_f9_r1_v1,polyester,3,9,test,fall,0.500,1607155913.910,1607155914.410
VisTouch_polyester_f9_r1_v1_seg05b_c002,VisTouch_polyester_f9_r1_v1_seg05b,polyester_f9_r1_v1,polyester,3,9,test,fall,1.000,1607155914.410,1607155914.910
VisTouch_polyester_f9_r1_v1_seg05b_c003,VisTouch_polyester_f9_r1_v1_seg05b,polyester_f9_r1_v1,polyester,3,9,test,fall,1.500,1607155914.910,1607155915.410
VisTouch_polyester_f9_r1_v1_seg05b_c004,VisTouch_polyester_f9_r1_v1_seg05b,polyester_f9_r1_v1,polyester,3,9,test,fall,2.000,1607155915.410,1607155915.910
VisTouch_polyester_f9_r1_v1_seg05b_c005,VisTouch_polyester_f9_r1_v1_seg05b,polyester_f9_r1_v1,polyester,3,9,test,fall,2.500,1607155915.910,1607155916.410
VisTouch_polyester_f9_r1_v1_seg05b_c006,VisTouch_polyester_f9_r1_v1_seg05b,polyester_f9_r1_v1,polyester,3,9,test,fall,3.000,1607155916.410,1607155916.910
VisTouch_polyester_f9_r1_v1_idle02_c000,VisTouch_polyester_f9_r1_v1_idle02,polyester_f9_r1_v1,polyester,3,9,test,idle,0.000,1607155917.280,1607155917.780
VisTouch_polyester_f9_r1_v1_idle02_c001,VisTouch_polyester_f9_r1_v1_idle02,polyester_f9_r1_v1,polyester,3,9,test,idle,0.500,1607155917.780,1607155918.280
VisTouch_polyester_f9_r1_v1_idle02_c002,VisTouch_polyester_f9_r1_v1_idle02,polyester_f9_r1_v1,polyester,3,9,test,idle,1.000,1607155918.280,1607155918.780
VisTouch_polyester_f9_r1_v1_idle02_c003,VisTouch_polyester_f9_r1_v1_idle02,polyester_f9_r1_v1,polyester,3,9,test,idle,1.500,1607155918.780,1607155919.280
VisTouch_polyester_f9_r1_v1_idle02_c004,VisTouch_polyester_f9_r1_v1_idle02,polyester_f9_r1_v1,polyester,3,9,test,idle,2.000,1607155919.280,1607155919.780
VisTouch_polyester_f9_r1_v1_idle02_c005,VisTouch_polyester_f9_r1_v1_idle02,polyester_f9_r1_v1,polyester,3,9,test,idle,2.500,1607155919.780,1607155920.280
VisTouch_polyester_f9_r1_v1_idle02_c006,VisTouch_polyester_f9_r1_v1_idle02,polyester_f9_r1_v1,polyester,3,9,test,idle,3.000,1607155920.280,1607155920.780
VisTouch_polyester_f9_r1_v1_idle02_c007,VisTouch_polyester_f9_r1_v1_idle02,polyester_f9_r1_v1,polyester,3,9,test,idle,3.500,1607155920.780,1607155921.280
VisTouch_polyester_f9_r1_v1_idle02_c008,VisTouch_polyester_f9_r1_v1_idle02,polyester_f9_r1_v1,polyester,3,9,test,idle,4.000,1607155921.280,1607155921.780
VisTouch_polyester_f9_r1_v1_idle02_c009,VisTouch_polyester_f9_r1_v1_idle02,polyester_f9_r1_v1,polyester,3,9,test,idle,4.500,1607155921.780,1607155922.280
VisTouch_polyester_f9_r1_v1_idle02_c010,VisTouch_polyester_f9_r1_v1_idle02,polyester_f9_r1_v1,polyester,3,9,test,idle,5.000,1607155922.280,1607155922.780
VisTouch_polyester_f9_r1_v1_idle03_c000,VisTouch_polyester_f9_r1_v1_idle03,polyester_f9_r1_v1,polyester,3,9,test,idle,0.000,1607155923.135,1607155923.635
VisTouch_polyester_f9_r1_v1_idle03_c001,VisTouch_polyester_f9_r1_v1_idle03,polyester_f9_r1_v1,polyester,3,9,test,idle,0.500,1607155923.635,1607155924.135
VisTouch_polyester_f9_r1_v1_idle03_c002,VisTouch_polyester_f9_r1_v1_idle03,polyester_f9_r1_v1,polyester,3,9,test,idle,1.000,1607155924.135,1607155924.635
VisTouch_polyester_f9_r1_v1_idle03_c003,VisTouch_polyester_f9_r1_v1_idle03,polyester_f9_r1_v1,polyester,3,9,test,idle,1.500,1607155924.635,1607155925.135
VisTouch_polyester_f9_r1_v1_idle03_c004,VisTouch_polyester_f9_r1_v1_idle03,polyester_f9_r1_v1,polyester,3,9,test,idle,2.000,1607155925.135,1607155925.635
VisTouch_polyester_f9_r1_v1_idle03_c005,VisTouch_polyester_f9_r1_v1_idle03,polyester_f9_r1_v1,polyester,3,9,test,idle,2.500,1607155925.635,1607155926.135
VisTouch_polyester_f9_r1_v1_idle03_c006,VisTouch_polyester_f9_r1_v1_idle03,polyester_f9_r1_v1,polyester,3,9,test,idle,3.000,1607155926.135,1607155926.635
VisTouch_polyester_f9_r1_v1_idle03_c007,VisTouch_polyester_f9_r1_v1_idle03,polyester_f9_r1_v1,polyester,3,9,test,idle,3.500,1607155926.635,1607155927.135
VisTouch_polyester_f9_r1_v1_idle03_c008,VisTouch_polyester_f9_r1_v1_idle03,polyester_f9_r1_v1,polyester,3,9,test,idle,4.000,1607155927.135,1607155927.635
VisTouch_polyester_f9_r1_v1_idle03_c009,VisTouch_polyester_f9_r1_v1_idle03,polyester_f9_r1_v1,polyester,3,9,test,idle,4.500,1607155927.635,1607155928.135
VisTouch_polyester_f9_r1_v1_idle03_c010,VisTouch_polyester_f9_r1_v1_idle03,polyester_f9_r1_v1,polyester,3,9,test,idle,5.000,1607155928.135,1607155928.635
VisTouch_silk_f3_r1_v1_idle01_c000,VisTouch_silk_f3_r1_v1_idle01,silk_f3_r1_v1,silk,4,3,train,idle,0.000,1607154128.000,1607154128.500
VisTouch_silk_f3_r1_v1_idle01_c001,VisTouch_silk_f3_r1_v1_idle01,silk_f3_r1_v1,silk,4,3,train,idle,0.500,1607154128.500,1607154129.000
VisTouch_silk_f3_r1_v1_idle01_c002,VisTouch_silk_f3_r1_v1_idle01,silk_f3_r1_v1,silk,4,3,train,idle,1.000,1607154129.000,1607154129.500
VisTouch_silk_f3_r1_v1_idle01_c003,VisTouch_silk_f3_r1_v1_idle01,silk_f3_r1_v1,silk,4,3,train,idle,1.500,1607154129.500,1607154130.000
VisTouch_silk_f3_r1_v1_idle01_c004,VisTouch_silk_f3_r1_v1_idle01,silk_f3_r1_v1,silk,4,3,train,idle,2.000,1607154130.000,1607154130.500
VisTouch_silk_f3_r1_v1_idle01_c005,VisTouch_silk_f3_r1_v1_idle01,silk_f3_r1_v1,silk,4,3,train,idle,2.500,1607154130.500,1607154131.000
VisTouch_silk_f3_r1_v1_idle01_c006,VisTouch_silk_f3_r1_v1_idle01,silk_f3_r1_v1,silk,4,3,train,idle,3.000,1607154131.000,1607154131.500
VisTouch_silk_f3_r1_v1_idle01_c007,VisTouch_silk_f3_r1_v1_idle01,silk_f3_r1_v1,silk,4,3,train,idle,3.500,1607154131.500,1607154132.000
VisTouch_silk_f3_r1_v1_idle01_c008,VisTouch_silk_f3_r1_v1_idle01,silk_f3_r1_v1,silk,4,3,train,idle,4.000,1607154132.000,1607154132.500
VisTouch_silk_f3_r1_v1_idle01_c009,VisTouch_silk_f3_r1_v1_idle01,silk_f3_r1_v1,silk,4,3,train,idle,4.500,1607154132.500,1607154133.000
VisTouch_silk_f3_r1_v1_idle01_c010,VisTouch_silk_f3_r1_v1_idle01,silk_f3_r1_v1,silk,4,3,train,idle,5.000,1607154133.000,1607154133.500
VisTouch_silk_f3_r1_v1_idle01_c011,VisTouch_silk_f3_r1_v1_idle01,silk_f3_r1_v1,silk,4,3,train,idle,5.500,1607154133.500,1607154134.000
VisTouch_silk_f3_r1_v1_idle01_c012,VisTouch_silk_f3_r1_v1_idle01,silk_f3_r1_v1,silk,4,3,train,idle,6.000,1607154134.000,1607154134.500
VisTouch_silk_f3_r1_v1_seg01a_c000,VisTouch_silk_f3_r1_v1_seg01a,silk_f3_r1_v1,silk,4,3,train,rise,0.000,1607154134.720,1607154135.220
VisTouch_silk_f3_r1_v1_seg01a_c001,VisTouch_silk_f3_r1_v1_seg01a,silk_f3_r1_v1,silk,4,3,train,rise,0.500,1607154135.220,1607154135.720
VisTouch_silk_f3_r1_v1_seg01a_c002,VisTouch_silk_f3_r1_v1_seg01a,silk_f3_r1_v1,silk,4,3,train,rise,1.000,1607154135.720,1607154136.220
VisTouch_silk_f3_r1_v1_seg01a_c003,VisTouch_silk_f3_r1_v1_seg01a,silk_f3_r1_v1,silk,4,3,train,rise,1.500,1607154136.220,1607154136.720
VisTouch_silk_f3_r1_v1_seg01a_c004,VisTouch_silk_f3_r1_v1_seg01a,silk_f3_r1_v1,silk,4,3,train,rise,2.000,1607154136.720,1607154137.220
VisTouch_silk_f3_r1_v1_seg01a_c005,VisTouch_silk_f3_r1_v1_seg01a,silk_f3_r1_v1,silk,4,3,train,rise,2.500,1607154137.220,1607154137.720
VisTouch_silk_f3_r1_v1_seg01a_c006,VisTouch_silk_f3_r1_v1_seg01a,silk_f3_r1_v1,silk,4,3,train,rise,3.000,1607154137.720,1607154138.220
VisTouch_silk_f3_r1_v1_seg01a_c007,VisTouch_silk_f3_r1_v1_seg01a,silk_f3_r1_v1,silk,4,3,train,rise,3.500,1607154138.220,1607154138.720
VisTouch_silk_f3_r1_v1_seg01a_c008,VisTouch_silk_f3_r1_v1_seg01a,silk_f3_r1_v1,silk,4,3,train,rise,4.000,1607154138.720,1607154139.220
VisTouch_silk_f3_r1_v1_seg01a_c009,VisTouch_silk_f3_r1_v1_seg01a,silk_f3_r1_v1,silk,4,3,train,rise,4.500,1607154139.220,1607154139.720
VisTouch_silk_f3_r1_v1_seg01a_c010,VisTouch_silk_f3_r1_v1_seg01a,silk_f3_r1_v1,silk,4,3,train,rise,5.000,1607154139.720,1607154140.220
VisTouch_silk_f3_r1_v1_seg01a_c011,VisTouch_silk_f3_r1_v1_seg01a,silk_f3_r1_v1,silk,4,3,train,rise,5.500,1607154140.220,1607154140.720
VisTouch_silk_f3_r1_v1_seg01b_c000,VisTouch_silk_f3_r1_v1_seg01b,silk_f3_r1_v1,silk,4,3,train,fall,0.000,1607154141.060,1607154141.560
VisTouch_silk_f3_r1_v1_seg01b_c001,VisTouch_silk_f3_r1_v1_seg01b,silk_f3_r1_v1,silk,4,3,train,fall,0.500,1607154141.560,1607154142.060
VisTouch_silk_f3_r1_v1_seg01b_c002,VisTouch_silk_f3_r1_v1_seg01b,silk_f3_r1_v1,silk,4,3,train,fall,1.000,1607154142.060,1607154142.560
VisTouch_silk_f3_r1_v1_seg01b_c003,VisTouch_silk_f3_r1_v1_seg01b,silk_f3_r1_v1,silk,4,3,train,fall,1.500,1607154142.560,1607154143.060
VisTouch_silk_f3_r1_v1_seg01b_c004,VisTouch_silk_f3_r1_v1_seg01b,silk_f3_r1_v1,silk,4,3,train,fall,2.000,1607154143.060,1607154143.560
VisTouch_silk_f3_r1_v1_seg01b_c005,VisTouch_silk_f3_r1_v1_seg01b,silk_f3_r1_v1,silk,4,3,train,fall,2.500,1607154143.560,1607154144.060
VisTouch_silk_f3_r1_v1_seg01b_c006,VisTouch_silk_f3_r1_v1_seg01b,silk_f3_r1_v1,silk,4,3,train,fall,3.000,1607154144.060,1607154144.560
VisTouch_silk_f3_r1_v1_seg02a_c000,VisTouch_silk_f3_r1_v1_seg02a,silk_f3_r1_v1,silk,4,3,train,rise,0.000,1607154145.000,1607154145.500
VisTouch_silk_f3_r1_v1_seg02a_c001,VisTouch_silk_f3_r1_v1_seg02a,silk_f3_r1_v1,silk,4,3,train,rise,0.500,1607154145.500,1607154146.000
VisTouch_silk_f3_r1_v1_seg02a_c002,VisTouch_silk_f3_r1_v1_seg02a,silk_f3_r1_v1,silk,4,3,train,rise,1.000,1607154146.000,1607154146.500
VisTouch_silk_f3_r1_v1_seg02a_c003,VisTouch_silk_f3_r1_v1_seg02a,silk_f3_r1_v1,silk,4,3,train,rise,1.500,1607154146.500,1607154147.000
VisTouch_silk_f3_r1_v1_seg02a_c004,VisTouch_silk_f3_r1_v1_seg02a,silk_f3_r1_v1,silk,4,3,train,rise,2.000,1607154147.000,1607154147.500
VisTouch_silk_f3_r1_v1_seg02a_c005,VisTouch_silk_f3_r1_v1_seg02a,silk_f3_r1_v1,silk,4,3,train,rise,2.500,1607154147.500,1607154148.000
VisTouch_silk_f3_r1_v1_seg02a_c006,VisTouch_silk_f3_r1_v1_seg02a,silk_f3_r1_v1,silk,4,3,train,rise,3.000,1607154148.000,1607154148.500
VisTouch_silk_f3_r1_v1_seg02a_c007,VisTouch_silk_f3_r1_v1_seg02a,silk_f3_r1_v1,silk,4,3,train,rise,3.500,1607154148.500,1607154149.000
VisTouch_silk_f3_r1_v1_seg02a_c008,VisTouch_silk_f3_r1_v1_seg02a,silk_f3_r1_v1,silk,4,3,train,rise,4.000,1607154149.000,1607154149.500
VisTouch_silk_f3_r1_v1_seg02a_c009,VisTouch_silk_f3_r1_v1_seg02a,silk_f3_r1_v1,silk,4,3,train,rise,4.500,1607154149.500,1607154150.000
VisTouch_silk_f3_r1_v1_seg02a_c010,VisTouch_silk_f3_r1_v1_seg02a,silk_f3_r1_v1,silk,4,3,train,rise,5.000,1607154150.000,1607154150.500
VisTouch_silk_f3_r1_v1_seg02a_c011,VisTouch_silk_f3_r1_v1_seg02a,silk_f3_r1_v1,silk,4,3,train,rise,5.500,1607154150.500,1607154151.000
VisTouch_silk_f3_r1_v1_seg02b_c000,VisTouch_silk_f3_r1_v1_seg02b,silk_f3_r1_v1,silk,4,3,train,fall,0.000,1607154151.320,1607154151.820
VisTouch_silk_f3_r1_v1_seg02b_c001,VisTouch_silk_f3_r1_v1_seg02b,silk_f3_r1_v1,silk,4,3,train,fall,0.500,1607154151.820,1607154152.320
VisTouch_silk_f3_r1_v1_seg02b_c002,VisTouch_silk_f3_r1_v1_seg02b,silk_f3_r1_v1,silk,4,3,train,fall,1.000,1607154152.320,1607154152.820
VisTouch_silk_f3_r1_v1_seg02b_c003,VisTouch_silk_f3_r1_v1_seg02b,silk_f3_r1_v1,silk,4,3,train,fall,1.500,1607154152.820,1607154153.320
VisTouch_silk_f3_r1_v1_seg02b_c004,VisTouch_silk_f3_r1_v1_seg02b,silk_f3_r1_v1,silk,4,3,train,fall,2.000,1607154153.320,1607154153.820
VisTouch_silk_f3_r1_v1_seg02b_c005,VisTouch_silk_f3_r1_v1_seg02b,silk_f3_r1_v1,silk,4,3,train,fall,2.500,1607154153.820,1607154154.320
VisTouch_silk_f3_r1_v1_seg02b_c006,VisTouch_silk_f3_r1_v1_seg02b,silk_f3_r1_v1,silk,4,3,train,fall,3.000,1607154154.320,1607154154.820
VisTouch_silk_f3_r1_v1_seg02b_c007,VisTouch_silk_f3_r1_v1_seg02b,silk_f3_r1_v1,silk,4,3,train,fall,3.500,1607154154.820,1607154155.320
VisTouch_silk_f3_r1_v1_seg03a_c000,VisTouch_silk_f3_r1_v1_seg03a,silk_f3_r1_v1,silk,4,3,train,rise,0.000,1607154155.340,1607154155.840
VisTouch_silk_f3_r1_v1_seg03a_c001,VisTouch_silk_f3_r1_v1_seg03a,silk_f3_r1_v1,silk,4,3,train,rise,0.500,1607154155.840,1607154156.340
VisTouch_silk_f3_r1_v1_seg03a_c002,VisTouch_silk_f3_r1_v1_seg03a,silk_f3_r1_v1,silk,4,3,train,rise,1.000,1607154156.340,1607154156.840
VisTouch_silk_f3_r1_v1_seg03a_c003,VisTouch_silk_f3_r1_v1_seg03a,silk_f3_r1_v1,silk,4,3,train,rise,1.500,1607154156.840,1607154157.340
VisTouch_silk_f3_r1_v1_seg03a_c004,VisTouch_silk_f3_r1_v1_seg03a,silk_f3_r1_v1,silk,4,3,train,rise,2.000,1607154157.340,1607154157.840
VisTouch_silk_f3_r1_v1_seg03a_c005,VisTouch_silk_f3_r1_v1_seg03a,silk_f3_r1_v1,silk,4,3,train,rise,2.500,1607154157.840,1607154158.340
VisTouch_silk_f3_r1_v1_seg03a_c006,VisTouch_silk_f3_r1_v1_seg03a,silk_f3_r1_v1,silk,4,3,train,rise,3.000,1607154158.340,1607154158.840
VisTouch_silk_f3_r1_v1_seg03a_c007,VisTouch_silk_f3_r1_v1_seg03a,silk_f3_r1_v1,silk,4,3,train,rise,3.500,1607154158.840,1607154159.340
VisTouch_silk_f3_r1_v1_seg03a_c008,VisTouch_silk_f3_r1_v1_seg03a,silk_f3_r1_v1,silk,4,3,train,rise,4.000,1607154159.340,1607154159.840
VisTouch_silk_f3_r1_v1_seg03a_c009,VisTouch_silk_f3_r1_v1_seg03a,silk_f3_r1_v1,silk,4,3,train,rise,4.500,1607154159.840,1607154160.340
VisTouch_silk_f3_r1_v1_seg03a_c010,VisTouch_silk_f3_r1_v1_seg03a,silk_f3_r1_v1,silk,4,3,train,rise,5.000,1607154160.340,1607154160.840
VisTouch_silk_f3_r1_v1_seg03a_c011,VisTouch_silk_f3_r1_v1_seg03a,silk_f3_r1_v1,silk,4,3,train,rise,5.500,1607154160.840,1607154161.340
VisTouch_silk_f3_r1_v1_seg03b_c000,VisTouch_silk_f3_r1_v1_seg03b,silk_f3_r1_v1,silk,4,3,train,fall,0.000,1607154161.650,1607154162.150
VisTouch_silk_f3_r1_v1_seg03b_c001,VisTouch_silk_f3_r1_v1_seg03b,silk_f3_r1_v1,silk,4,3,train,fall,0.500,1607154162.150,1607154162.650
VisTouch_silk_f3_r1_v1_seg03b_c002,VisTouch_silk_f3_r1_v1_seg03b,silk_f3_r1_v1,silk,4,3,train,fall,1.000,1607154162.650,1607154163.150
VisTouch_silk_f3_r1_v1_seg03b_c003,VisTouch_silk_f3_r1_v1_seg03b,silk_f3_r1_v1,silk,4,3,train,fall,1.500,1607154163.150,1607154163.650
VisTouch_silk_f3_r1_v1_seg03b_c004,VisTouch_silk_f3_r1_v1_seg03b,silk_f3_r1_v1,silk,4,3,train,fall,2.000,1607154163.650,1607154164.150
VisTouch_silk_f3_r1_v1_seg03b_c005,VisTouch_silk_f3_r1_v1_seg03b,silk_f3_r1_v1,silk,4,3,train,fall,2.500,1607154164.150,1607154164.650
VisTouch_silk_f3_r1_v1_seg03b_c006,VisTouch_silk_f3_r1_v1_seg03b,silk_f3_r1_v1,silk,4,3,train,fall,3.000,1607154164.650,1607154165.150
VisTouch_silk_f3_r1_v1_seg04a_c000,VisTouch_silk_f3_r1_v1_seg04a,silk_f3_r1_v1,silk,4,3,train,rise,0.000,1607154165.620,1607154166.120
VisTouch_silk_f3_r1_v1_seg04a_c001,VisTouch_silk_f3_r1_v1_seg04a,silk_f3_r1_v1,silk,4,3,train,rise,0.500,1607154166.120,1607154166.620
VisTouch_silk_f3_r1_v1_seg04a_c002,VisTouch_silk_f3_r1_v1_seg04a,silk_f3_r1_v1,silk,4,3,train,rise,1.000,1607154166.620,1607154167.120
VisTouch_silk_f3_r1_v1_seg04a_c003,VisTouch_silk_f3_r1_v1_seg04a,silk_f3_r1_v1,silk,4,3,train,rise,1.500,1607154167.120,1607154167.620
VisTouch_silk_f3_r1_v1_seg04a_c004,VisTouch_silk_f3_r1_v1_seg04a,silk_f3_r1_v1,silk,4,3,train,rise,2.000,1607154167.620,1607154168.120
VisTouch_silk_f3_r1_v1_seg04a_c005,VisTouch_silk_f3_r1_v1_seg04a,silk_f3_r1_v1,silk,4,3,train,rise,2.500,1607154168.120,1607154168.620
VisTouch_silk_f3_r1_v1_seg04a_c006,VisTouch_silk_f3_r1_v1_seg04a,silk_f3_r1_v1,silk,4,3,train,rise,3.000,1607154168.620,1607154169.120
VisTouch_silk_f3_r1_v1_seg04a_c007,VisTouch_silk_f3_r1_v1_seg04a,silk_f3_r1_v1,silk,4,3,train,rise,3.500,1607154169.120,1607154169.620
VisTouch_silk_f3_r1_v1_seg04a_c008,VisTouch_silk_f3_r1_v1_seg04a,silk_f3_r1_v1,silk,4,3,train,rise,4.000,1607154169.620,1607154170.120
VisTouch_silk_f3_r1_v1_seg04a_c009,VisTouch_silk_f3_r1_v1_seg04a,silk_f3_r1_v1,silk,4,3,train,rise,4.500,1607154170.120,1607154170.620
VisTouch_silk_f3_r1_v1_seg04a_c010,VisTouch_silk_f3_r1_v1_seg04a,silk_f3_r1_v1,silk,4,3,train,rise,5.000,1607154170.620,1607154171.120
VisTouch_silk_f3_r1_v1_seg04a_c011,VisTouch_silk_f3_r1_v1_seg04a,silk_f3_r1_v1,silk,4,3,train,rise,5.500,1607154171.120,1607154171.620
VisTouch_silk_f3_r1_v1_seg04b_c000,VisTouch_silk_f3_r1_v1_seg04b,silk_f3_r1_v1,silk,4,3,train,fall,0.000,1607154171.930,1607154172.430
VisTouch_silk_f3_r1_v1_seg04b_c001,VisTouch_silk_f3_r1_v1_seg04b,silk_f3_r1_v1,silk,4,3,train,fall,0.500,1607154172.430,1607154172.930
VisTouch_silk_f3_r1_v1_seg04b_c002,VisTouch_silk_f3_r1_v1_seg04b,silk_f3_r1_v1,silk,4,3,train,fall,1.000,1607154172.930,1607154173.430
VisTouch_silk_f3_r1_v1_seg04b_c003,VisTouch_silk_f3_r1_v1_seg04b,silk_f3_r1_v1,silk,4,3,train,fall,1.500,1607154173.430,1607154173.930
VisTouch_silk_f3_r1_v1_seg04b_c004,VisTouch_silk_f3_r1_v1_seg04b,silk_f3_r1_v1,silk,4,3,train,fall,2.000,1607154173.930,1607154174.430
VisTouch_silk_f3_r1_v1_seg04b_c005,VisTouch_silk_f3_r1_v1_seg04b,silk_f3_r1_v1,silk,4,3,train,fall,2.500,1607154174.430,1607154174.930
VisTouch_silk_f3_r1_v1_seg04b_c006,VisTouch_silk_f3_r1_v1_seg04b,silk_f3_r1_v1,silk,4,3,train,fall,3.000,1607154174.930,1607154175.430
VisTouch_silk_f3_r1_v1_seg05a_c000,VisTouch_silk_f3_r1_v1_seg05a,silk_f3_r1_v1,silk,4,3,train,rise,0.000,1607154175.880,1607154176.380
VisTouch_silk_f3_r1_v1_seg05a_c001,VisTouch_silk_f3_r1_v1_seg05a,silk_f3_r1_v1,silk,4,3,train,rise,0.500,1607154176.380,1607154176.880
VisTouch_silk_f3_r1_v1_seg05a_c002,VisTouch_silk_f3_r1_v1_seg05a,silk_f3_r1_v1,silk,4,3,train,rise,1.000,1607154176.880,1607154177.380
VisTouch_silk_f3_r1_v1_seg05a_c003,VisTouch_silk_f3_r1_v1_seg05a,silk_f3_r1_v1,silk,4,3,train,rise,1.500,1607154177.380,1607154177.880
VisTouch_silk_f3_r1_v1_seg05a_c004,VisTouch_silk_f3_r1_v1_seg05a,silk_f3_r1_v1,silk,4,3,train,rise,2.000,1607154177.880,1607154178.380
VisTouch_silk_f3_r1_v1_seg05a_c005,VisTouch_silk_f3_r1_v1_seg05a,silk_f3_r1_v1,silk,4,3,train,rise,2.500,1607154178.380,1607154178.880
VisTouch_silk_f3_r1_v1_seg05a_c006,VisTouch_silk_f3_r1_v1_seg05a,silk_f3_r1_v1,silk,4,3,train,rise,3.000,1607154178.880,1607154179.380
VisTouch_silk_f3_r1_v1_seg05a_c007,VisTouch_silk_f3_r1_v1_seg05a,silk_f3_r1_v1,silk,4,3,train,rise,3.500,1607154179.380,1607154179.880
VisTouch_silk_f3_r1_v1_seg05a_c008,VisTouch_silk_f3_r1_v1_seg05a,silk_f3_r1_v1,silk,4,3,train,rise,4.000,1607154179.880,1607154180.380
VisTouch_silk_f3_r1_v1_seg05a_c009,VisTouch_silk_f3_r1_v1_seg05a,silk_f3_r1_v1,silk,4,3,train,rise,4.500,1607154180.380,1607154180.880
VisTouch_silk_f3_r1_v1_seg05a_c010,VisTouch_silk_f3_r1_v1_seg05a,silk_f3_r1_v1,silk,4,3,train,rise,5.000,1607154180.880,1607154181.380
VisTouch_silk_f3_r1_v1_seg05a_c011,VisTouch_silk_f3_r1_v1_seg05a,silk_f3_r1_v1,silk,4,3,train,rise,5.500,1607154181.380,1607154181.880
VisTouch_silk_f3_r1_v1_seg05b_c000,VisTouch_silk_f3_r1_v1_seg05b,silk_f3_r1_v1,silk,4,3,train,fall,0.000,1607154182.200,1607154182.700
VisTouch_silk_f3_r1_v1_seg05b_c001,VisTouch_silk_f3_r1_v1_seg05b,silk_f3_r1_v1,silk,4,3,train,fall,0.500,1607154182.700,1607154183.200
VisTouch_silk_f3_r1_v1_seg05b_c002,VisTouch_silk_f3_r1_v1_seg05b,silk_f3_r1_v1,silk,4,3,train,fall,1.000,1607154183.200,1607154183.700
VisTouch_silk_f3_r1_v1_seg05b_c003,VisTouch_silk_f3_r1_v1_seg05b,silk_f3_r1_v1,silk,4,3,train,fall,1.500,1607154183.700,1607154184.200
VisTouch_silk_f3_r1_v1_seg05b_c004,VisTouch_silk_f3_r1_v1_seg05b,silk_f3_r1_v1,silk,4,3,train,fall,2.000,1607154184.200,1607154184.700
VisTouch_silk_f3_r1_v1_seg05b_c005,VisTouch_silk_f3_r1_v1_seg05b,silk_f3_r1_v1,silk,4,3,train,fall,2.500,1607154184.700,1607154185.200
VisTouch_silk_f3_r1_v1_seg05b_c006,VisTouch_silk_f3_r1_v1_seg05b,silk_f3_r1_v1,silk,4,3,train,fall,3.000,1607154185.200,1607154185.700
VisTouch_silk_f3_r1_v1_seg05b_c007,VisTouch_silk_f3_r1_v1_seg05b,silk_f3_r1_v1,silk,4,3,train,fall,3.500,1607154185.700,1607154186.200
VisTouch_silk_f3_r1_v1_idle02_c000,VisTouch_silk_f3_r1_v1_idle02,silk_f3_r1_v1,silk,4,3,train,idle,0.000,1607154186.200,1607154186.700
VisTouch_silk_f3_r1_v1_idle02_c001,VisTouch_silk_f3_r1_v1_idle02,silk_f3_r1_v1,silk,4,3,train,idle,0.500,1607154186.700,1607154187.200
VisTouch_silk_f3_r1_v1_idle02_c002,VisTouch_silk_f3_r1_v1_idle02,silk_f3_r1_v1,silk,4,3,train,idle,1.000,1607154187.200,1607154187.700
VisTouch_silk_f3_r1_v1_idle02_c003,VisTouch_silk_f3_r1_v1_idle02,silk_f3_r1_v1,silk,4,3,train,idle,1.500,1607154187.700,1607154188.200
VisTouch_silk_f3_r1_v1_idle02_c004,VisTouch_silk_f3_r1_v1_idle02,silk_f3_r1_v1,silk,4,3,train,idle,2.000,1607154188.200,1607154188.700
VisTouch_silk_f3_r1_v1_idle02_c005,VisTouch_silk_f3_r1_v1_idle02,silk_f3_r1_v1,silk,4,3,train,idle,2.500,1607154188.700,1607154189.200
VisTouch_silk_f3_r1_v1_idle02_c006,VisTouch_silk_f3_r1_v1_idle02,silk_f3_r1_v1,silk,4,3,train,idle,3.000,1607154189.200,1607154189.700
VisTouch_silk_f3_r1_v1_idle02_c007,VisTouch_silk_f3_r1_v1_idle02,silk_f3_r1_v1,silk,4,3,train,idle,3.500,1607154189.700,1607154190.200
VisTouch_silk_f3_r1_v1_idle02_c008,VisTouch_silk_f3_r1_v1_idle02,silk_f3_r1_v1,silk,4,3,train,idle,4.000,1607154190.200,1607154190.700
VisTouch_silk_f3_r1_v1_idle02_c009,VisTouch_silk_f3_r1_v1_idle02,silk_f3_r1_v1,silk,4,3,train,idle,4.500,1607154190.700,1607154191.200
VisTouch_silk_f3_r1_v1_idle02_c010,VisTouch_silk_f3_r1_v1_idle02,silk_f3_r1_v1,silk,4,3,train,idle,5.000,1607154191.200,1607154191.700
VisTouch_silk_f3_r1_v1_idle03_c000,VisTouch_silk_f3_r1_v1_idle03,silk_f3_r1_v1,silk,4,3,train,idle,0.000,1607154192.094,1607154192.594
VisTouch_silk_f3_r1_v1_idle03_c001,VisTouch_silk_f3_r1_v1_idle03,silk_f3_r1_v1,silk,4,3,train,idle,0.500,1607154192.594,1607154193.094
VisTouch_silk_f3_r1_v1_idle03_c002,VisTouch_silk_f3_r1_v1_idle03,silk_f3_r1_v1,silk,4,3,train,idle,1.000,1607154193.094,1607154193.594
VisTouch_silk_f3_r1_v1_idle03_c003,VisTouch_silk_f3_r1_v1_idle03,silk_f3_r1_v1,silk,4,3,train,idle,1.500,1607154193.594,1607154194.094
VisTouch_silk_f3_r1_v1_idle03_c004,VisTouch_silk_f3_r1_v1_idle03,silk_f3_r1_v1,silk,4,3,train,idle,2.000,1607154194.094,1607154194.594
VisTouch_silk_f3_r1_v1_idle03_c005,VisTouch_silk_f3_r1_v1_idle03,silk_f3_r1_v1,silk,4,3,train,idle,2.500,1607154194.594,1607154195.094
VisTouch_silk_f3_r1_v1_idle03_c006,VisTouch_silk_f3_r1_v1_idle03,silk_f3_r1_v1,silk,4,3,train,idle,3.000,1607154195.094,1607154195.594
VisTouch_silk_f3_r1_v1_idle03_c007,VisTouch_silk_f3_r1_v1_idle03,silk_f3_r1_v1,silk,4,3,train,idle,3.500,1607154195.594,1607154196.094
VisTouch_silk_f3_r1_v1_idle03_c008,VisTouch_silk_f3_r1_v1_idle03,silk_f3_r1_v1,silk,4,3,train,idle,4.000,1607154196.094,1607154196.594
VisTouch_silk_f3_r1_v1_idle03_c009,VisTouch_silk_f3_r1_v1_idle03,silk_f3_r1_v1,silk,4,3,train,idle,4.500,1607154196.594,1607154197.094
VisTouch_silk_f3_r1_v1_idle03_c010,VisTouch_silk_f3_r1_v1_idle03,silk_f3_r1_v1,silk,4,3,train,idle,5.000,1607154197.094,1607154197.594
VisTouch_silk_f6_r1_v1_idle01_c000,VisTouch_silk_f6_r1_v1_idle01,silk_f6_r1_v1,silk,4,6,train,idle,0.000,1607154290.000,1607154290.500
VisTouch_silk_f6_r1_v1_idle01_c001,VisTouch_silk_f6_r1_v1_idle01,silk_f6_r1_v1,silk,4,6,train,idle,0.500,1607154290.500,1607154291.000
VisTouch_silk_f6_r1_v1_idle01_c002,VisTouch_silk_f6_r1_v1_idle01,silk_f6_r1_v1,silk,4,6,train,idle,1.000,1607154291.000,1607154291.500
VisTouch_silk_f6_r1_v1_idle01_c003,VisTouch_silk_f6_r1_v1_idle01,silk_f6_r1_v1,silk,4,6,train,idle,1.500,1607154291.500,1607154292.000
VisTouch_silk_f6_r1_v1_idle01_c004,VisTouch_silk_f6_r1_v1_idle01,silk_f6_r1_v1,silk,4,6,train,idle,2.000,1607154292.000,1607154292.500
VisTouch_silk_f6_r1_v1_idle01_c005,VisTouch_silk_f6_r1_v1_idle01,silk_f6_r1_v1,silk,4,6,train,idle,2.500,1607154292.500,1607154293.000
VisTouch_silk_f6_r1_v1_idle01_c006,VisTouch_silk_f6_r1_v1_idle01,silk_f6_r1_v1,silk,4,6,train,idle,3.000,1607154293.000,1607154293.500
VisTouch_silk_f6_r1_v1_idle01_c007,VisTouch_silk_f6_r1_v1_idle01,silk_f6_r1_v1,silk,4,6,train,idle,3.500,1607154293.500,1607154294.000
VisTouch_silk_f6_r1_v1_idle01_c008,VisTouch_silk_f6_r1_v1_idle01,silk_f6_r1_v1,silk,4,6,train,idle,4.000,1607154294.000,1607154294.500
VisTouch_silk_f6_r1_v1_idle01_c009,VisTouch_silk_f6_r1_v1_idle01,silk_f6_r1_v1,silk,4,6,train,idle,4.500,1607154294.500,1607154295.000
VisTouch_silk_f6_r1_v1_idle01_c010,VisTouch_silk_f6_r1_v1_idle01,silk_f6_r1_v1,silk,4,6,train,idle,5.000,1607154295.000,1607154295.500
VisTouch_silk_f6_r1_v1_seg01a_c000,VisTouch_silk_f6_r1_v1_seg01a,silk_f6_r1_v1,silk,4,6,train,rise,0.000,1607154295.920,1607154296.420
VisTouch_silk_f6_r1_v1_seg01a_c001,VisTouch_silk_f6_r1_v1_seg01a,silk_f6_r1_v1,silk,4,6,train,rise,0.500,1607154296.420,1607154296.920
VisTouch_silk_f6_r1_v1_seg01a_c002,VisTouch_silk_f6_r1_v1_seg01a,silk_f6_r1_v1,silk,4,6,train,rise,1.000,1607154296.920,1607154297.420
VisTouch_silk_f6_r1_v1_seg01a_c003,VisTouch_silk_f6_r1_v1_seg01a,silk_f6_r1_v1,silk,4,6,train,rise,1.500,1607154297.420,1607154297.920
VisTouch_silk_f6_r1_v1_seg01a_c004,VisTouch_silk_f6_r1_v1_seg01a,silk_f6_r1_v1,silk,4,6,train,rise,2.000,1607154297.920,1607154298.420
VisTouch_silk_f6_r1_v1_seg01a_c005,VisTouch_silk_f6_r1_v1_seg01a,silk_f6_r1_v1,silk,4,6,train,rise,2.500,1607154298.420,1607154298.920
VisTouch_silk_f6_r1_v1_seg01a_c006,VisTouch_silk_f6_r1_v1_seg01a,silk_f6_r1_v1,silk,4,6,train,rise,3.000,1607154298.920,1607154299.420
VisTouch_silk_f6_r1_v1_seg01a_c007,VisTouch_silk_f6_r1_v1_seg01a,silk_f6_r1_v1,silk,4,6,train,rise,3.500,1607154299.420,1607154299.920
VisTouch_silk_f6_r1_v1_seg01a_c008,VisTouch_silk_f6_r1_v1_seg01a,silk_f6_r1_v1,silk,4,6,train,rise,4.000,1607154299.920,1607154300.420
VisTouch_silk_f6_r1_v1_seg01a_c009,VisTouch_silk_f6_r1_v1_seg01a,silk_f6_r1_v1,silk,4,6,train,rise,4.500,1607154300.420,1607154300.920
VisTouch_silk_f6_r1_v1_seg01a_c010,VisTouch_silk_f6_r1_v1_seg01a,silk_f6_r1_v1,silk,4,6,train,rise,5.000,1607154300.920,1607154301.420
VisTouch_silk_f6_r1_v1_seg01a_c011,VisTouch_silk_f6_r1_v1_seg01a,silk_f6_r1_v1,silk,4,6,train,rise,5.500,1607154301.420,1607154301.920
VisTouch_silk_f6_r1_v1_seg01b_c000,VisTouch_silk_f6_r1_v1_seg01b,silk_f6_r1_v1,silk,4,6,train,fall,0.000,1607154302.180,1607154302.680
VisTouch_silk_f6_r1_v1_seg01b_c001,VisTouch_silk_f6_r1_v1_seg01b,silk_f6_r1_v1,silk,4,6,train,fall,0.500,1607154302.680,1607154303.180
VisTouch_silk_f6_r1_v1_seg01b_c002,VisTouch_silk_f6_r1_v1_seg01b,silk_f6_r1_v1,silk,4,6,train,fall,1.000,1607154303.180,1607154303.680
VisTouch_silk_f6_r1_v1_seg01b_c003,VisTouch_silk_f6_r1_v1_seg01b,silk_f6_r1_v1,silk,4,6,train,fall,1.500,1607154303.680,1607154304.180
VisTouch_silk_f6_r1_v1_seg01b_c004,VisTouch_silk_f6_r1_v1_seg01b,silk_f6_r1_v1,silk,4,6,train,fall,2.000,1607154304.180,1607154304.680
VisTouch_silk_f6_r1_v1_seg01b_c005,VisTouch_silk_f6_r1_v1_seg01b,silk_f6_r1_v1,silk,4,6,train,fall,2.500,1607154304.680,1607154305.180
VisTouch_silk_f6_r1_v1_seg01b_c006,VisTouch_silk_f6_r1_v1_seg01b,silk_f6_r1_v1,silk,4,6,train,fall,3.000,1607154305.180,1607154305.680
VisTouch_silk_f6_r1_v1_seg02a_c000,VisTouch_silk_f6_r1_v1_seg02a,silk_f6_r1_v1,silk,4,6,train,rise,0.000,1607154306.140,1607154306.640
VisTouch_silk_f6_r1_v1_seg02a_c001,VisTouch_silk_f6_r1_v1_seg02a,silk_f6_r1_v1,silk,4,6,train,rise,0.500,1607154306.640,1607154307.140
VisTouch_silk_f6_r1_v1_seg02a_c002,VisTouch_silk_f6_r1_v1_seg02a,silk_f6_r1_v1,silk,4,6,train,rise,1.000,1607154307.140,1607154307.640
VisTouch_silk_f6_r1_v1_seg02a_c003,VisTouch_silk_f6_r1_v1_seg02a,silk_f6_r1_v1,silk,4,6,train,rise,1.500,1607154307.640,1607154308.140
VisTouch_silk_f6_r1_v1_seg02a_c004,VisTouch_silk_f6_r1_v1_seg02a,silk_f6_r1_v1,silk,4,6,train,rise,2.000,1607154308.140,1607154308.640
VisTouch_silk_f6_r1_v1_seg02a_c005,VisTouch_silk_f6_r1_v1_seg02a,silk_f6_r1_v1,silk,4,6,train,rise,2.500,1607154308.640,1607154309.140
VisTouch_silk_f6_r1_v1_seg02a_c006,VisTouch_silk_f6_r1_v1_seg02a,silk_f6_r1_v1,silk,4,6,train,rise,3.000,1607154309.140,1607154309.640
VisTouch_silk_f6_r1_v1_seg02a_c007,VisTouch_silk_f6_r1_v1_seg02a,silk_f6_r1_v1,silk,4,6,train,rise,3.500,1607154309.640,1607154310.140
VisTouch_silk_f6_r1_v1_seg02a_c008,VisTouch_silk_f6_r1_v1_seg02a,silk_f6_r1_v1,silk,4,6,train,rise,4.000,1607154310.140,1607154310.640
VisTouch_silk_f6_r1_v1_seg02a_c009,VisTouch_silk_f6_r1_v1_seg02a,silk_f6_r1_v1,silk,4,6,train,rise,4.500,1607154310.640,1607154311.140
VisTouch_silk_f6_r1_v1_seg02a_c010,VisTouch_silk_f6_r1_v1_seg02a,silk_f6_r1_v1,silk,4,6,train,rise,5.000,1607154311.140,1607154311.640
VisTouch_silk_f6_r1_v1_seg02a_c011,VisTouch_silk_f6_r1_v1_seg02a,silk_f6_r1_v1,silk,4,6,train,rise,5.500,1607154311.640,1607154312.140
VisTouch_silk_f6_r1_v1_seg02b_c000,VisTouch_silk_f6_r1_v1_seg02b,silk_f6_r1_v1,silk,4,6,train,fall,0.000,1607154312.460,1607154312.960
VisTouch_silk_f6_r1_v1_seg02b_c001,VisTouch_silk_f6_r1_v1_seg02b,silk_f6_r1_v1,silk,4,6,train,fall,0.500,1607154312.960,1607154313.460
VisTouch_silk_f6_r1_v1_seg02b_c002,VisTouch_silk_f6_r1_v1_seg02b,silk_f6_r1_v1,silk,4,6,train,fall,1.000,1607154313.460,1607154313.960
VisTouch_silk_f6_r1_v1_seg02b_c003,VisTouch_silk_f6_r1_v1_seg02b,silk_f6_r1_v1,silk,4,6,train,fall,1.500,1607154313.960,1607154314.460
VisTouch_silk_f6_r1_v1_seg02b_c004,VisTouch_silk_f6_r1_v1_seg02b,silk_f6_r1_v1,silk,4,6,train,fall,2.000,1607154314.460,1607154314.960
VisTouch_silk_f6_r1_v1_seg02b_c005,VisTouch_silk_f6_r1_v1_seg02b,silk_f6_r1_v1,silk,4,6,train,fall,2.500,1607154314.960,1607154315.460
VisTouch_silk_f6_r1_v1_seg02b_c006,VisTouch_silk_f6_r1_v1_seg02b,silk_f6_r1_v1,silk,4,6,train,fall,3.000,1607154315.460,1607154315.960
VisTouch_silk_f6_r1_v1_seg03a_c000,VisTouch_silk_f6_r1_v1_seg03a,silk_f6_r1_v1,silk,4,6,train,rise,0.000,1607154316.400,1607154316.900
VisTouch_silk_f6_r1_v1_seg03a_c001,VisTouch_silk_f6_r1_v1_seg03a,silk_f6_r1_v1,silk,4,6,train,rise,0.500,1607154316.900,1607154317.400
VisTouch_silk_f6_r1_v1_seg03a_c002,VisTouch_silk_f6_r1_v1_seg03a,silk_f6_r1_v1,silk,4,6,train,rise,1.000,1607154317.400,1607154317.900
VisTouch_silk_f6_r1_v1_seg03a_c003,VisTouch_silk_f6_r1_v1_seg03a,silk_f6_r1_v1,silk,4,6,train,rise,1.500,1607154317.900,1607154318.400
VisTouch_silk_f6_r1_v1_seg03a_c004,VisTouch_silk_f6_r1_v1_seg03a,silk_f6_r1_v1,silk,4,6,train,rise,2.000,1607154318.400,1607154318.900
VisTouch_silk_f6_r1_v1_seg03a_c005,VisTouch_silk_f6_r1_v1_seg03a,silk_f6_r1_v1,silk,4,6,train,rise,2.500,1607154318.900,1607154319.400
VisTouch_silk_f6_r1_v1_seg03a_c006,VisTouch_silk_f6_r1_v1_seg03a,silk_f6_r1_v1,silk,4,6,train,rise,3.000,1607154319.400,1607154319.900
VisTouch_silk_f6_r1_v1_seg03a_c007,VisTouch_silk_f6_r1_v1_seg03a,silk_f6_r1_v1,silk,4,6,train,rise,3.500,1607154319.900,1607154320.400
VisTouch_silk_f6_r1_v1_seg03a_c008,VisTouch_silk_f6_r1_v1_seg03a,silk_f6_r1_v1,silk,4,6,train,rise,4.000,1607154320.400,1607154320.900
VisTouch_silk_f6_r1_v1_seg03a_c009,VisTouch_silk_f6_r1_v1_seg03a,silk_f6_r1_v1,silk,4,6,train,rise,4.500,1607154320.900,1607154321.400
VisTouch_silk_f6_r1_v1_seg03a_c010,VisTouch_silk_f6_r1_v1_seg03a,silk_f6_r1_v1,silk,4,6,train,rise,5.000,1607154321.400,1607154321.900
VisTouch_silk_f6_r1_v1_seg03a_c011,VisTouch_silk_f6_r1_v1_seg03a,silk_f6_r1_v1,silk,4,6,train,rise,5.500,1607154321.900,1607154322.400
VisTouch_silk_f6_r1_v1_seg03b_c000,VisTouch_silk_f6_r1_v1_seg03b,silk_f6_r1_v1,silk,4,6,train,fall,0.000,1607154322.740,1607154323.240
VisTouch_silk_f6_r1_v1_seg03b_c001,VisTouch_silk_f6_r1_v1_seg03b,silk_f6_r1_v1,silk,4,6,train,fall,0.500,1607154323.240,1607154323.740
VisTouch_silk_f6_r1_v1_seg03b_c002,VisTouch_silk_f6_r1_v1_seg03b,silk_f6_r1_v1,silk,4,6,train,fall,1.000,1607154323.740,1607154324.240
VisTouch_silk_f6_r1_v1_seg03b_c003,VisTouch_silk_f6_r1_v1_seg03b,silk_f6_r1_v1,silk,4,6,train,fall,1.500,1607154324.240,1607154324.740
VisTouch_silk_f6_r1_v1_seg03b_c004,VisTouch_silk_f6_r1_v1_seg03b,silk_f6_r1_v1,silk,4,6,train,fall,2.000,1607154324.740,1607154325.240
VisTouch_silk_f6_r1_v1_seg03b_c005,VisTouch_silk_f6_r1_v1_seg03b,silk_f6_r1_v1,silk,4,6,train,fall,2.500,1607154325.240,1607154325.740
VisTouch_silk_f6_r1_v1_seg03b_c006,VisTouch_silk_f6_r1_v1_seg03b,silk_f6_r1_v1,silk,4,6,train,fall,3.000,1607154325.740,1607154326.240
VisTouch_silk_f6_r1_v1_seg04a_c000,VisTouch_silk_f6_r1_v1_seg04a,silk_f6_r1_v1,silk,4,6,train,rise,0.000,1607154326.660,1607154327.160
VisTouch_silk_f6_r1_v1_seg04a_c001,VisTouch_silk_f6_r1_v1_seg04a,silk_f6_r1_v1,silk,4,6,train,rise,0.500,1607154327.160,1607154327.660
VisTouch_silk_f6_r1_v1_seg04a_c002,VisTouch_silk_f6_r1_v1_seg04a,silk_f6_r1_v1,silk,4,6,train,rise,1.000,1607154327.660,1607154328.160
VisTouch_silk_f6_r1_v1_seg04a_c003,VisTouch_silk_f6_r1_v1_seg04a,silk_f6_r1_v1,silk,4,6,train,rise,1.500,1607154328.160,1607154328.660
VisTouch_silk_f6_r1_v1_seg04a_c004,VisTouch_silk_f6_r1_v1_seg04a,silk_f6_r1_v1,silk,4,6,train,rise,2.000,1607154328.660,1607154329.160
VisTouch_silk_f6_r1_v1_seg04a_c005,VisTouch_silk_f6_r1_v1_seg04a,silk_f6_r1_v1,silk,4,6,train,rise,2.500,1607154329.160,1607154329.660
VisTouch_silk_f6_r1_v1_seg04a_c006,VisTouch_silk_f6_r1_v1_seg04a,silk_f6_r1_v1,silk,4,6,train,rise,3.000,1607154329.660,1607154330.160
VisTouch_silk_f6_r1_v1_seg04a_c007,VisTouch_silk_f6_r1_v1_seg04a,silk_f6_r1_v1,silk,4,6,train,rise,3.500,1607154330.160,1607154330.660
VisTouch_silk_f6_r1_v1_seg04a_c008,VisTouch_silk_f6_r1_v1_seg04a,silk_f6_r1_v1,silk,4,6,train,rise,4.000,1607154330.660,1607154331.160
VisTouch_silk_f6_r1_v1_seg04a_c009,VisTouch_silk_f6_r1_v1_seg04a,silk_f6_r1_v1,silk,4,6,train,rise,4.500,1607154331.160,1607154331.660
VisTouch_silk_f6_r1_v1_seg04a_c010,VisTouch_silk_f6_r1_v1_seg04a,silk_f6_r1_v1,silk,4,6,train,rise,5.000,1607154331.660,1607154332.160
VisTouch_silk_f6_r1_v1_seg04a_c011,VisTouch_silk_f6_r1_v1_seg04a,silk_f6_r1_v1,silk,4,6,train,rise,5.500,1607154332.160,1607154332.660
VisTouch_silk_f6_r1_v1_seg04b_c000,VisTouch_silk_f6_r1_v1_seg04b,silk_f6_r1_v1,silk,4,6,train,fall,0.000,1607154332.940,1607154333.440
VisTouch_silk_f6_r1_v1_seg04b_c001,VisTouch_silk_f6_r1_v1_seg04b,silk_f6_r1_v1,silk,4,6,train,fall,0.500,1607154333.440,1607154333.940
VisTouch_silk_f6_r1_v1_seg04b_c002,VisTouch_silk_f6_r1_v1_seg04b,silk_f6_r1_v1,silk,4,6,train,fall,1.000,1607154333.940,1607154334.440
VisTouch_silk_f6_r1_v1_seg04b_c003,VisTouch_silk_f6_r1_v1_seg04b,silk_f6_r1_v1,silk,4,6,train,fall,1.500,1607154334.440,1607154334.940
VisTouch_silk_f6_r1_v1_seg04b_c004,VisTouch_silk_f6_r1_v1_seg04b,silk_f6_r1_v1,silk,4,6,train,fall,2.000,1607154334.940,1607154335.440
VisTouch_silk_f6_r1_v1_seg04b_c005,VisTouch_silk_f6_r1_v1_seg04b,silk_f6_r1_v1,silk,4,6,train,fall,2.500,1607154335.440,1607154335.940
VisTouch_silk_f6_r1_v1_seg04b_c006,VisTouch_silk_f6_r1_v1_seg04b,silk_f6_r1_v1,silk,4,6,train,fall,3.000,1607154335.940,1607154336.440
VisTouch_silk_f6_r1_v1_seg05a_c000,VisTouch_silk_f6_r1_v1_seg05a,silk_f6_r1_v1,silk,4,6,train,rise,0.000,1607154336.920,1607154337.420
VisTouch_silk_f6_r1_v1_seg05a_c001,VisTouch_silk_f6_r1_v1_seg05a,silk_f6_r1_v1,silk,4,6,train,rise,0.500,1607154337.420,1607154337.920
VisTouch_silk_f6_r1_v1_seg05a_c002,VisTouch_silk_f6_r1_v1_seg05a,silk_f6_r1_v1,silk,4,6,train,rise,1.000,1607154337.920,1607154338.420
VisTouch_silk_f6_r1_v1_seg05a_c003,VisTouch_silk_f6_r1_v1_seg05a,silk_f6_r1_v1,silk,4,6,train,rise,1.500,1607154338.420,1607154338.920
VisTouch_silk_f6_r1_v1_seg05a_c004,VisTouch_silk_f6_r1_v1_seg05a,silk_f6_r1_v1,silk,4,6,train,rise,2.000,1607154338.920,1607154339.420
VisTouch_silk_f6_r1_v1_seg05a_c005,VisTouch_silk_f6_r1_v1_seg05a,silk_f6_r1_v1,silk,4,6,train,rise,2.500,1607154339.420,1607154339.920
VisTouch_silk_f6_r1_v1_seg05a_c006,VisTouch_silk_f6_r1_v1_seg05a,silk_f6_r1_v1,silk,4,6,train,rise,3.000,1607154339.920,1607154340.420
VisTouch_silk_f6_r1_v1_seg05a_c007,VisTouch_silk_f6_r1_v1_seg05a,silk_f6_r1_v1,silk,4,6,train,rise,3.500,1607154340.420,1607154340.920
VisTouch_silk_f6_r1_v1_seg05a_c008,VisTouch_silk_f6_r1_v1_seg05a,silk_f6_r1_v1,silk,4,6,train,rise,4.000,1607154340.920,1607154341.420
VisTouch_silk_f6_r1_v1_seg05a_c009,VisTouch_silk_f6_r1_v1_seg05a,silk_f6_r1_v1,silk,4,6,train,rise,4.500,1607154341.420,1607154341.920
VisTouch_silk_f6_r1_v1_seg05a_c010,VisTouch_silk_f6_r1_v1_seg05a,silk_f6_r1_v1,silk,4,6,train,rise,5.000,1607154341.920,1607154342.420
VisTouch_silk_f6_r1_v1_seg05a_c011,VisTouch_silk_f6_r1_v1_seg05a,silk_f6_r1_v1,silk,4,6,train,rise,5.500,1607154342.420,1607154342.920
VisTouch_silk_f6_r1_v1_seg05b_c000,VisTouch_silk_f6_r1_v1_seg05b,silk_f6_r1_v1,silk,4,6,train,fall,0.000,1607154343.220,1607154343.720
VisTouch_silk_f6_r1_v1_seg05b_c001,VisTouch_silk_f6_r1_v1_seg05b,silk_f6_r1_v1,silk,4,6,train,fall,0.500,1607154343.720,1607154344.220
VisTouch_silk_f6_r1_v1_seg05b_c002,VisTouch_silk_f6_r1_v1_seg05b,silk_f6_r1_v1,silk,4,6,train,fall,1.000,1607154344.220,1607154344.720
VisTouch_silk_f6_r1_v1_seg05b_c003,VisTouch_silk_f6_r1_v1_seg05b,silk_f6_r1_v1,silk,4,6,train,fall,1.500,1607154344.720,1607154345.220
VisTouch_silk_f6_r1_v1_seg05b_c004,VisTouch_silk_f6_r1_v1_seg05b,silk_f6_r1_v1,silk,4,6,train,fall,2.000,1607154345.220,1607154345.720
VisTouch_silk_f6_r1_v1_seg05b_c005,VisTouch_silk_f6_r1_v1_seg05b,silk_f6_r1_v1,silk,4,6,train,fall,2.500,1607154345.720,1607154346.220
VisTouch_silk_f6_r1_v1_seg05b_c006,VisTouch_silk_f6_r1_v1_seg05b,silk_f6_r1_v1,silk,4,6,train,fall,3.000,1607154346.220,1607154346.720
VisTouch_silk_f6_r1_v1_idle02_c000,VisTouch_silk_f6_r1_v1_idle02,silk_f6_r1_v1,silk,4,6,train,idle,0.000,1607154347.180,1607154347.680
VisTouch_silk_f6_r1_v1_idle02_c001,VisTouch_silk_f6_r1_v1_idle02,silk_f6_r1_v1,silk,4,6,train,idle,0.500,1607154347.680,1607154348.180
VisTouch_silk_f6_r1_v1_idle02_c002,VisTouch_silk_f6_r1_v1_idle02,silk_f6_r1_v1,silk,4,6,train,idle,1.000,1607154348.180,1607154348.680
VisTouch_silk_f6_r1_v1_idle02_c003,VisTouch_silk_f6_r1_v1_idle02,silk_f6_r1_v1,silk,4,6,train,idle,1.500,1607154348.680,1607154349.180
VisTouch_silk_f6_r1_v1_idle02_c004,VisTouch_silk_f6_r1_v1_idle02,silk_f6_r1_v1,silk,4,6,train,idle,2.000,1607154349.180,1607154349.680
VisTouch_silk_f6_r1_v1_idle02_c005,VisTouch_silk_f6_r1_v1_idle02,silk_f6_r1_v1,silk,4,6,train,idle,2.500,1607154349.680,1607154350.180
VisTouch_silk_f6_r1_v1_idle02_c006,VisTouch_silk_f6_r1_v1_idle02,silk_f6_r1_v1,silk,4,6,train,idle,3.000,1607154350.180,1607154350.680
VisTouch_silk_f6_r1_v1_idle02_c007,VisTouch_silk_f6_r1_v1_idle02,silk_f6_r1_v1,silk,4,6,train,idle,3.500,1607154350.680,1607154351.180
VisTouch_silk_f6_r1_v1_idle02_c008,VisTouch_silk_f6_r1_v1_idle02,silk_f6_r1_v1,silk,4,6,train,idle,4.000,1607154351.180,1607154351.680
VisTouch_silk_f6_r1_v1_idle02_c009,VisTouch_silk_f6_r1_v1_idle02,silk_f6_r1_v1,silk,4,6,train,idle,4.500,1607154351.680,1607154352.180
VisTouch_silk_f6_r1_v1_idle02_c010,VisTouch_silk_f6_r1_v1_idle02,silk_f6_r1_v1,silk,4,6,train,idle,5.000,1607154352.180,1607154352.680
VisTouch_silk_f6_r1_v1_idle03_c000,VisTouch_silk_f6_r1_v1_idle03,silk_f6_r1_v1,silk,4,6,train,idle,0.000,1607154353.081,1607154353.581
VisTouch_silk_f6_r1_v1_idle03_c001,VisTouch_silk_f6_r1_v1_idle03,silk_f6_r1_v1,silk,4,6,train,idle,0.500,1607154353.581,1607154354.081
VisTouch_silk_f6_r1_v1_idle03_c002,VisTouch_silk_f6_r1_v1_idle03,silk_f6_r1_v1,silk,4,6,train,idle,1.000,1607154354.081,1607154354.581
VisTouch_silk_f6_r1_v1_idle03_c003,VisTouch_silk_f6_r1_v1_idle03,silk_f6_r1_v1,silk,4,6,train,idle,1.500,1607154354.581,1607154355.081
VisTouch_silk_f6_r1_v1_idle03_c004,VisTouch_silk_f6_r1_v1_idle03,silk_f6_r1_v1,silk,4,6,train,idle,2.000,1607154355.081,1607154355.581
VisTouch_silk_f6_r1_v1_idle03_c005,VisTouch_silk_f6_r1_v1_idle03,silk_f6_r1_v1,silk,4,6,train,idle,2.500,1607154355.581,1607154356.081
VisTouch_silk_f6_r1_v1_idle03_c006,VisTouch_silk_f6_r1_v1_idle03,silk_f6_r1_v1,silk,4,6,train,idle,3.000,1607154356.081,1607154356.581
VisTouch_silk_f6_r1_v1_idle03_c007,VisTouch_silk_f6_r1_v1_idle03,silk_f6_r1_v1,silk,4,6,train,idle,3.500,1607154356.581,1607154357.081
VisTouch_silk_f6_r1_v1_idle03_c008,VisTouch_silk_f6_r1_v1_idle03,silk_f6_r1_v1,silk,4,6,train,idle,4.000,1607154357.081,1607154357.581
VisTouch_silk_f6_r1_v1_idle03_c009,VisTouch_silk_f6_r1_v1_idle03,silk_f6_r1_v1,silk,4,6,train,idle,4.500,1607154357.581,1607154358.081
VisTouch_silk_f6_r1_v1_idle03_c010,VisTouch_silk_f6_r1_v1_idle03,silk_f6_r1_v1,silk,4,6,train,idle,5.000,1607154358.081,1607154358.581
VisTouch_silk_f9_r1_v1_idle01_c000,VisTouch_silk_f9_r1_v1_idle01,silk_f9_r1_v1,silk,4,9,test,idle,0.000,1607154486.000,1607154486.500
VisTouch_silk_f9_r1_v1_idle01_c001,VisTouch_silk_f9_r1_v1_idle01,silk_f9_r1_v1,silk,4,9,test,idle,0.500,1607154486.500,1607154487.000
VisTouch_silk_f9_r1_v1_idle01_c002,VisTouch_silk_f9_r1_v1_idle01,silk_f9_r1_v1,silk,4,9,test,idle,1.000,1607154487.000,1607154487.500
VisTouch_silk_f9_r1_v1_idle01_c003,VisTouch_silk_f9_r1_v1_idle01,silk_f9_r1_v1,silk,4,9,test,idle,1.500,1607154487.500,1607154488.000
VisTouch_silk_f9_r1_v1_idle01_c004,VisTouch_silk_f9_r1_v1_idle01,silk_f9_r1_v1,silk,4,9,test,idle,2.000,1607154488.000,1607154488.500
VisTouch_silk_f9_r1_v1_idle01_c005,VisTouch_silk_f9_r1_v1_idle01,silk_f9_r1_v1,silk,4,9,test,idle,2.500,1607154488.500,1607154489.000
VisTouch_silk_f9_r1_v1_idle01_c006,VisTouch_silk_f9_r1_v1_idle01,silk_f9_r1_v1,silk,4,9,test,idle,3.000,1607154489.000,1607154489.500
VisTouch_silk_f9_r1_v1_idle01_c007,VisTouch_silk_f9_r1_v1_idle01,silk_f9_r1_v1,silk,4,9,test,idle,3.500,1607154489.500,1607154490.000
VisTouch_silk_f9_r1_v1_idle01_c008,VisTouch_silk_f9_r1_v1_idle01,silk_f9_r1_v1,silk,4,9,test,idle,4.000,1607154490.000,1607154490.500
VisTouch_silk_f9_r1_v1_idle01_c009,VisTouch_silk_f9_r1_v1_idle01,silk_f9_r1_v1,silk,4,9,test,idle,4.500,1607154490.500,1607154491.000
VisTouch_silk_f9_r1_v1_idle01_c010,VisTouch_silk_f9_r1_v1_idle01,silk_f9_r1_v1,silk,4,9,test,idle,5.000,1607154491.000,1607154491.500
VisTouch_silk_f9_r1_v1_idle01_c011,VisTouch_silk_f9_r1_v1_idle01,silk_f9_r1_v1,silk,4,9,test,idle,5.500,1607154491.500,1607154492.000
VisTouch_silk_f9_r1_v1_idle01_c012,VisTouch_silk_f9_r1_v1_idle01,silk_f9_r1_v1,silk,4,9,test,idle,6.000,1607154492.000,1607154492.500
VisTouch_silk_f9_r1_v1_seg01a_c000,VisTouch_silk_f9_r1_v1_seg01a,silk_f9_r1_v1,silk,4,9,test,rise,0.000,1607154492.660,1607154493.160
VisTouch_silk_f9_r1_v1_seg01a_c001,VisTouch_silk_f9_r1_v1_seg01a,silk_f9_r1_v1,silk,4,9,test,rise,0.500,1607154493.160,1607154493.660
VisTouch_silk_f9_r1_v1_seg01a_c002,VisTouch_silk_f9_r1_v1_seg01a,silk_f9_r1_v1,silk,4,9,test,rise,1.000,1607154493.660,1607154494.160
VisTouch_silk_f9_r1_v1_seg01a_c003,VisTouch_silk_f9_r1_v1_seg01a,silk_f9_r1_v1,silk,4,9,test,rise,1.500,1607154494.160,1607154494.660
VisTouch_silk_f9_r1_v1_seg01a_c004,VisTouch_silk_f9_r1_v1_seg01a,silk_f9_r1_v1,silk,4,9,test,rise,2.000,1607154494.660,1607154495.160
VisTouch_silk_f9_r1_v1_seg01a_c005,VisTouch_silk_f9_r1_v1_seg01a,silk_f9_r1_v1,silk,4,9,test,rise,2.500,1607154495.160,1607154495.660
VisTouch_silk_f9_r1_v1_seg01a_c006,VisTouch_silk_f9_r1_v1_seg01a,silk_f9_r1_v1,silk,4,9,test,rise,3.000,1607154495.660,1607154496.160
VisTouch_silk_f9_r1_v1_seg01a_c007,VisTouch_silk_f9_r1_v1_seg01a,silk_f9_r1_v1,silk,4,9,test,rise,3.500,1607154496.160,1607154496.660
VisTouch_silk_f9_r1_v1_seg01a_c008,VisTouch_silk_f9_r1_v1_seg01a,silk_f9_r1_v1,silk,4,9,test,rise,4.000,1607154496.660,1607154497.160
VisTouch_silk_f9_r1_v1_seg01a_c009,VisTouch_silk_f9_r1_v1_seg01a,silk_f9_r1_v1,silk,4,9,test,rise,4.500,1607154497.160,1607154497.660
VisTouch_silk_f9_r1_v1_seg01a_c010,VisTouch_silk_f9_r1_v1_seg01a,silk_f9_r1_v1,silk,4,9,test,rise,5.000,1607154497.660,1607154498.160
VisTouch_silk_f9_r1_v1_seg01a_c011,VisTouch_silk_f9_r1_v1_seg01a,silk_f9_r1_v1,silk,4,9,test,rise,5.500,1607154498.160,1607154498.660
VisTouch_silk_f9_r1_v1_seg01b_c000,VisTouch_silk_f9_r1_v1_seg01b,silk_f9_r1_v1,silk,4,9,test,fall,0.000,1607154498.950,1607154499.450
VisTouch_silk_f9_r1_v1_seg01b_c001,VisTouch_silk_f9_r1_v1_seg01b,silk_f9_r1_v1,silk,4,9,test,fall,0.500,1607154499.450,1607154499.950
VisTouch_silk_f9_r1_v1_seg01b_c002,VisTouch_silk_f9_r1_v1_seg01b,silk_f9_r1_v1,silk,4,9,test,fall,1.000,1607154499.950,1607154500.450
VisTouch_silk_f9_r1_v1_seg01b_c003,VisTouch_silk_f9_r1_v1_seg01b,silk_f9_r1_v1,silk,4,9,test,fall,1.500,1607154500.450,1607154500.950
VisTouch_silk_f9_r1_v1_seg01b_c004,VisTouch_silk_f9_r1_v1_seg01b,silk_f9_r1_v1,silk,4,9,test,fall,2.000,1607154500.950,1607154501.450
VisTouch_silk_f9_r1_v1_seg01b_c005,VisTouch_silk_f9_r1_v1_seg01b,silk_f9_r1_v1,silk,4,9,test,fall,2.500,1607154501.450,1607154501.950
VisTouch_silk_f9_r1_v1_seg01b_c006,VisTouch_silk_f9_r1_v1_seg01b,silk_f9_r1_v1,silk,4,9,test,fall,3.000,1607154501.950,1607154502.450
VisTouch_silk_f9_r1_v1_seg02a_c000,VisTouch_silk_f9_r1_v1_seg02a,silk_f9_r1_v1,silk,4,9,test,rise,0.000,1607154502.840,1607154503.340
VisTouch_silk_f9_r1_v1_seg02a_c001,VisTouch_silk_f9_r1_v1_seg02a,silk_f9_r1_v1,silk,4,9,test,rise,0.500,1607154503.340,1607154503.840
VisTouch_silk_f9_r1_v1_seg02a_c002,VisTouch_silk_f9_r1_v1_seg02a,silk_f9_r1_v1,silk,4,9,test,rise,1.000,1607154503.840,1607154504.340
VisTouch_silk_f9_r1_v1_seg02a_c003,VisTouch_silk_f9_r1_v1_seg02a,silk_f9_r1_v1,silk,4,9,test,rise,1.500,1607154504.340,1607154504.840
VisTouch_silk_f9_r1_v1_seg02a_c004,VisTouch_silk_f9_r1_v1_seg02a,silk_f9_r1_v1,silk,4,9,test,rise,2.000,1607154504.840,1607154505.340
VisTouch_silk_f9_r1_v1_seg02a_c005,VisTouch_silk_f9_r1_v1_seg02a,silk_f9_r1_v1,silk,4,9,test,rise,2.500,1607154505.340,1607154505.840
VisTouch_silk_f9_r1_v1_seg02a_c006,VisTouch_silk_f9_r1_v1_seg02a,silk_f9_r1_v1,silk,4,9,test,rise,3.000,1607154505.840,1607154506.340
VisTouch_silk_f9_r1_v1_seg02a_c007,VisTouch_silk_f9_r1_v1_seg02a,silk_f9_r1_v1,silk,4,9,test,rise,3.500,1607154506.340,1607154506.840
VisTouch_silk_f9_r1_v1_seg02a_c008,VisTouch_silk_f9_r1_v1_seg02a,silk_f9_r1_v1,silk,4,9,test,rise,4.000,1607154506.840,1607154507.340
VisTouch_silk_f9_r1_v1_seg02a_c009,VisTouch_silk_f9_r1_v1_seg02a,silk_f9_r1_v1,silk,4,9,test,rise,4.500,1607154507.340,1607154507.840
VisTouch_silk_f9_r1_v1_seg02a_c010,VisTouch_silk_f9_r1_v1_seg02a,silk_f9_r1_v1,silk,4,9,test,rise,5.000,1607154507.840,1607154508.340
VisTouch_silk_f9_r1_v1_seg02a_c011,VisTouch_silk_f9_r1_v1_seg02a,silk_f9_r1_v1,silk,4,9,test,rise,5.500,1607154508.340,1607154508.840
VisTouch_silk_f9_r1_v1_seg02b_c000,VisTouch_silk_f9_r1_v1_seg02b,silk_f9_r1_v1,silk,4,9,test,fall,0.000,1607154509.200,1607154509.700
VisTouch_silk_f9_r1_v1_seg02b_c001,VisTouch_silk_f9_r1_v1_seg02b,silk_f9_r1_v1,silk,4,9,test,fall,0.500,1607154509.700,1607154510.200
VisTouch_silk_f9_r1_v1_seg02b_c002,VisTouch_silk_f9_r1_v1_seg02b,silk_f9_r1_v1,silk,4,9,test,fall,1.000,1607154510.200,1607154510.700
VisTouch_silk_f9_r1_v1_seg02b_c003,VisTouch_silk_f9_r1_v1_seg02b,silk_f9_r1_v1,silk,4,9,test,fall,1.500,1607154510.700,1607154511.200
VisTouch_silk_f9_r1_v1_seg02b_c004,VisTouch_silk_f9_r1_v1_seg02b,silk_f9_r1_v1,silk,4,9,test,fall,2.000,1607154511.200,1607154511.700
VisTouch_silk_f9_r1_v1_seg02b_c005,VisTouch_silk_f9_r1_v1_seg02b,silk_f9_r1_v1,silk,4,9,test,fall,2.500,1607154511.700,1607154512.200
VisTouch_silk_f9_r1_v1_seg02b_c006,VisTouch_silk_f9_r1_v1_seg02b,silk_f9_r1_v1,silk,4,9,test,fall,3.000,1607154512.200,1607154512.700
VisTouch_silk_f9_r1_v1_seg03a_c000,VisTouch_silk_f9_r1_v1_seg03a,silk_f9_r1_v1,silk,4,9,test,rise,0.000,1607154513.040,1607154513.540
VisTouch_silk_f9_r1_v1_seg03a_c001,VisTouch_silk_f9_r1_v1_seg03a,silk_f9_r1_v1,silk,4,9,test,rise,0.500,1607154513.540,1607154514.040
VisTouch_silk_f9_r1_v1_seg03a_c002,VisTouch_silk_f9_r1_v1_seg03a,silk_f9_r1_v1,silk,4,9,test,rise,1.000,1607154514.040,1607154514.540
VisTouch_silk_f9_r1_v1_seg03a_c003,VisTouch_silk_f9_r1_v1_seg03a,silk_f9_r1_v1,silk,4,9,test,rise,1.500,1607154514.540,1607154515.040
VisTouch_silk_f9_r1_v1_seg03a_c004,VisTouch_silk_f9_r1_v1_seg03a,silk_f9_r1_v1,silk,4,9,test,rise,2.000,1607154515.040,1607154515.540
VisTouch_silk_f9_r1_v1_seg03a_c005,VisTouch_silk_f9_r1_v1_seg03a,silk_f9_r1_v1,silk,4,9,test,rise,2.500,1607154515.540,1607154516.040
VisTouch_silk_f9_r1_v1_seg03a_c006,VisTouch_silk_f9_r1_v1_seg03a,silk_f9_r1_v1,silk,4,9,test,rise,3.000,1607154516.040,1607154516.540
VisTouch_silk_f9_r1_v1_seg03a_c007,VisTouch_silk_f9_r1_v1_seg03a,silk_f9_r1_v1,silk,4,9,test,rise,3.500,1607154516.540,1607154517.040
VisTouch_silk_f9_r1_v1_seg03a_c008,VisTouch_silk_f9_r1_v1_seg03a,silk_f9_r1_v1,silk,4,9,test,rise,4.000,1607154517.040,1607154517.540
VisTouch_silk_f9_r1_v1_seg03a_c009,VisTouch_silk_f9_r1_v1_seg03a,silk_f9_r1_v1,silk,4,9,test,rise,4.500,1607154517.540,1607154518.040
VisTouch_silk_f9_r1_v1_seg03a_c010,VisTouch_silk_f9_r1_v1_seg03a,silk_f9_r1_v1,silk,4,9,test,rise,5.000,1607154518.040,1607154518.540
VisTouch_silk_f9_r1_v1_seg03a_c011,VisTouch_silk_f9_r1_v1_seg03a,silk_f9_r1_v1,silk,4,9,test,rise,5.500,1607154518.540,1607154519.040
VisTouch_silk_f9_r1_v1_seg03b_c000,VisTouch_silk_f9_r1_v1_seg03b,silk_f9_r1_v1,silk,4,9,test,fall,0.000,1607154519.250,1607154519.750
VisTouch_silk_f9_r1_v1_seg03b_c001,VisTouch_silk_f9_r1_v1_seg03b,silk_f9_r1_v1,silk,4,9,test,fall,0.500,1607154519.750,1607154520.250
VisTouch_silk_f9_r1_v1_seg03b_c002,VisTouch_silk_f9_r1_v1_seg03b,silk_f9_r1_v1,silk,4,9,test,fall,1.000,1607154520.250,1607154520.750
VisTouch_silk_f9_r1_v1_seg03b_c003,VisTouch_silk_f9_r1_v1_seg03b,silk_f9_r1_v1,silk,4,9,test,fall,1.500,1607154520.750,1607154521.250
VisTouch_silk_f9_r1_v1_seg03b_c004,VisTouch_silk_f9_r1_v1_seg03b,silk_f9_r1_v1,silk,4,9,test,fall,2.000,1607154521.250,1607154521.750
VisTouch_silk_f9_r1_v1_seg03b_c005,VisTouch_silk_f9_r1_v1_seg03b,silk_f9_r1_v1,silk,4,9,test,fall,2.500,1607154521.750,1607154522.250
VisTouch_silk_f9_r1_v1_seg03b_c006,VisTouch_silk_f9_r1_v1_seg03b,silk_f9_r1_v1,silk,4,9,test,fall,3.000,1607154522.250,1607154522.750
VisTouch_silk_f9_r1_v1_seg04a_c000,VisTouch_silk_f9_r1_v1_seg04a,silk_f9_r1_v1,silk,4,9,test,rise,0.000,1607154523.240,1607154523.740
VisTouch_silk_f9_r1_v1_seg04a_c001,VisTouch_silk_f9_r1_v1_seg04a,silk_f9_r1_v1,silk,4,9,test,rise,0.500,1607154523.740,1607154524.240
VisTouch_silk_f9_r1_v1_seg04a_c002,VisTouch_silk_f9_r1_v1_seg04a,silk_f9_r1_v1,silk,4,9,test,rise,1.000,1607154524.240,1607154524.740
VisTouch_silk_f9_r1_v1_seg04a_c003,VisTouch_silk_f9_r1_v1_seg04a,silk_f9_r1_v1,silk,4,9,test,rise,1.500,1607154524.740,1607154525.240
VisTouch_silk_f9_r1_v1_seg04a_c004,VisTouch_silk_f9_r1_v1_seg04a,silk_f9_r1_v1,silk,4,9,test,rise,2.000,1607154525.240,1607154525.740
VisTouch_silk_f9_r1_v1_seg04a_c005,VisTouch_silk_f9_r1_v1_seg04a,silk_f9_r1_v1,silk,4,9,test,rise,2.500,1607154525.740,1607154526.240
VisTouch_silk_f9_r1_v1_seg04a_c006,VisTouch_silk_f9_r1_v1_seg04a,silk_f9_r1_v1,silk,4,9,test,rise,3.000,1607154526.240,1607154526.740
VisTouch_silk_f9_r1_v1_seg04a_c007,VisTouch_silk_f9_r1_v1_seg04a,silk_f9_r1_v1,silk,4,9,test,rise,3.500,1607154526.740,1607154527.240
VisTouch_silk_f9_r1_v1_seg04a_c008,VisTouch_silk_f9_r1_v1_seg04a,silk_f9_r1_v1,silk,4,9,test,rise,4.000,1607154527.240,1607154527.740
VisTouch_silk_f9_r1_v1_seg04a_c009,VisTouch_silk_f9_r1_v1_seg04a,silk_f9_r1_v1,silk,4,9,test,rise,4.500,1607154527.740,1607154528.240
VisTouch_silk_f9_r1_v1_seg04a_c010,VisTouch_silk_f9_r1_v1_seg04a,silk_f9_r1_v1,silk,4,9,test,rise,5.000,1607154528.240,1607154528.740
VisTouch_silk_f9_r1_v1_seg04a_c011,VisTouch_silk_f9_r1_v1_seg04a,silk_f9_r1_v1,silk,4,9,test,rise,5.500,1607154528.740,1607154529.240
VisTouch_silk_f9_r1_v1_seg04b_c000,VisTouch_silk_f9_r1_v1_seg04b,silk_f9_r1_v1,silk,4,9,test,fall,0.000,1607154529.460,1607154529.960
VisTouch_silk_f9_r1_v1_seg04b_c001,VisTouch_silk_f9_r1_v1_seg04b,silk_f9_r1_v1,silk,4,9,test,fall,0.500,1607154529.960,1607154530.460
VisTouch_silk_f9_r1_v1_seg04b_c002,VisTouch_silk_f9_r1_v1_seg04b,silk_f9_r1_v1,silk,4,9,test,fall,1.000,1607154530.460,1607154530.960
VisTouch_silk_f9_r1_v1_seg04b_c003,VisTouch_silk_f9_r1_v1_seg04b,silk_f9_r1_v1,silk,4,9,test,fall,1.500,1607154530.960,1607154531.460
VisTouch_silk_f9_r1_v1_seg04b_c004,VisTouch_silk_f9_r1_v1_seg04b,silk_f9_r1_v1,silk,4,9,test,fall,2.000,1607154531.460,1607154531.960
VisTouch_silk_f9_r1_v1_seg04b_c005,VisTouch_silk_f9_r1_v1_seg04b,silk_f9_r1_v1,silk,4,9,test,fall,2.500,1607154531.960,1607154532.460
VisTouch_silk_f9_r1_v1_seg04b_c006,VisTouch_silk_f9_r1_v1_seg04b,silk_f9_r1_v1,silk,4,9,test,fall,3.000,1607154532.460,1607154532.960
VisTouch_silk_f9_r1_v1_seg04b_c007,VisTouch_silk_f9_r1_v1_seg04b,silk_f9_r1_v1,silk,4,9,test,fall,3.500,1607154532.960,1607154533.460
VisTouch_silk_f9_r1_v1_seg05a_c000,VisTouch_silk_f9_r1_v1_seg05a,silk_f9_r1_v1,silk,4,9,test,rise,0.000,1607154533.460,1607154533.960
VisTouch_silk_f9_r1_v1_seg05a_c001,VisTouch_silk_f9_r1_v1_seg05a,silk_f9_r1_v1,silk,4,9,test,rise,0.500,1607154533.960,1607154534.460
VisTouch_silk_f9_r1_v1_seg05a_c002,VisTouch_silk_f9_r1_v1_seg05a,silk_f9_r1_v1,silk,4,9,test,rise,1.000,1607154534.460,1607154534.960
VisTouch_silk_f9_r1_v1_seg05a_c003,VisTouch_silk_f9_r1_v1_seg05a,silk_f9_r1_v1,silk,4,9,test,rise,1.500,1607154534.960,1607154535.460
VisTouch_silk_f9_r1_v1_seg05a_c004,VisTouch_silk_f9_r1_v1_seg05a,silk_f9_r1_v1,silk,4,9,test,rise,2.000,1607154535.460,1607154535.960
VisTouch_silk_f9_r1_v1_seg05a_c005,VisTouch_silk_f9_r1_v1_seg05a,silk_f9_r1_v1,silk,4,9,test,rise,2.500,1607154535.960,1607154536.460
VisTouch_silk_f9_r1_v1_seg05a_c006,VisTouch_silk_f9_r1_v1_seg05a,silk_f9_r1_v1,silk,4,9,test,rise,3.000,1607154536.460,1607154536.960
VisTouch_silk_f9_r1_v1_seg05a_c007,VisTouch_silk_f9_r1_v1_seg05a,silk_f9_r1_v1,silk,4,9,test,rise,3.500,1607154536.960,1607154537.460
VisTouch_silk_f9_r1_v1_seg05a_c008,VisTouch_silk_f9_r1_v1_seg05a,silk_f9_r1_v1,silk,4,9,test,rise,4.000,1607154537.460,1607154537.960
VisTouch_silk_f9_r1_v1_seg05a_c009,VisTouch_silk_f9_r1_v1_seg05a,silk_f9_r1_v1,silk,4,9,test,rise,4.500,1607154537.960,1607154538.460
VisTouch_silk_f9_r1_v1_seg05a_c010,VisTouch_silk_f9_r1_v1_seg05a,silk_f9_r1_v1,silk,4,9,test,rise,5.000,1607154538.460,1607154538.960
VisTouch_silk_f9_r1_v1_seg05a_c011,VisTouch_silk_f9_r1_v1_seg05a,silk_f9_r1_v1,silk,4,9,test,rise,5.500,1607154538.960,1607154539.460
VisTouch_silk_f9_r1_v1_seg05b_c000,VisTouch_silk_f9_r1_v1_seg05b,silk_f9_r1_v1,silk,4,9,test,fall,0.000,1607154539.710,1607154540.210
VisTouch_silk_f9_r1_v1_seg05b_c001,VisTouch_silk_f9_r1_v1_seg05b,silk_f9_r1_v1,silk,4,9,test,fall,0.500,1607154540.210,1607154540.710
VisTouch_silk_f9_r1_v1_seg05b_c002,VisTouch_silk_f9_r1_v1_seg05b,silk_f9_r1_v1,silk,4,9,test,fall,1.000,1607154540.710,1607154541.210
VisTouch_silk_f9_r1_v1_seg05b_c003,VisTouch_silk_f9_r1_v1_seg05b,silk_f9_r1_v1,silk,4,9,test,fall,1.500,1607154541.210,1607154541.710
VisTouch_silk_f9_r1_v1_seg05b_c004,VisTouch_silk_f9_r1_v1_seg05b,silk_f9_r1_v1,silk,4,9,test,fall,2.000,1607154541.710,1607154542.210
VisTouch_silk_f9_r1_v1_seg05b_c005,VisTouch_silk_f9_r1_v1_seg05b,silk_f9_r1_v1,silk,4,9,test,fall,2.500,1607154542.210,1607154542.710
VisTouch_silk_f9_r1_v1_seg05b_c006,VisTouch_silk_f9_r1_v1_seg05b,silk_f9_r1_v1,silk,4,9,test,fall,3.000,1607154542.710,1607154543.210
VisTouch_silk_f9_r1_v1_idle02_c000,VisTouch_silk_f9_r1_v1_idle02,silk_f9_r1_v1,silk,4,9,test,idle,0.000,1607154543.640,1607154544.140
VisTouch_silk_f9_r1_v1_idle02_c001,VisTouch_silk_f9_r1_v1_idle02,silk_f9_r1_v1,silk,4,9,test,idle,0.500,1607154544.140,1607154544.640
VisTouch_silk_f9_r1_v1_idle02_c002,VisTouch_silk_f9_r1_v1_idle02,silk_f9_r1_v1,silk,4,9,test,idle,1.000,1607154544.640,1607154545.140
VisTouch_silk_f9_r1_v1_idle02_c003,VisTouch_silk_f9_r1_v1_idle02,silk_f9_r1_v1,silk,4,9,test,idle,1.500,1607154545.140,1607154545.640
VisTouch_silk_f9_r1_v1_idle02_c004,VisTouch_silk_f9_r1_v1_idle02,silk_f9_r1_v1,silk,4,9,test,idle,2.000,1607154545.640,1607154546.140
VisTouch_silk_f9_r1_v1_idle02_c005,VisTouch_silk_f9_r1_v1_idle02,silk_f9_r1_v1,silk,4,9,test,idle,2.500,1607154546.140,1607154546.640
VisTouch_silk_f9_r1_v1_idle02_c006,VisTouch_silk_f9_r1_v1_idle02,silk_f9_r1_v1,silk,4,9,test,idle,3.000,1607154546.640,1607154547.140
VisTouch_silk_f9_r1_v1_idle02_c007,VisTouch_silk_f9_r1_v1_idle02,silk_f9_r1_v1,silk,4,9,test,idle,3.500,1607154547.140,1607154547.640
VisTouch_silk_f9_r1_v1_idle02_c008,VisTouch_silk_f9_r1_v1_idle02,silk_f9_r1_v1,silk,4,9,test,idle,4.000,1607154547.640,1607154548.140
VisTouch_silk_f9_r1_v1_idle02_c009,VisTouch_silk_f9_r1_v1_idle02,silk_f9_r1_v1,silk,4,9,test,idle,4.500,1607154548.140,1607154548.640
VisTouch_silk_f9_r1_v1_idle02_c010,VisTouch_silk_f9_r1_v1_idle02,silk_f9_r1_v1,silk,4,9,test,idle,5.000,1607154548.640,1607154549.140
VisTouch_silk_f9_r1_v1_idle02_c011,VisTouch_silk_f9_r1_v1_idle02,silk_f9_r1_v1,silk,4,9,test,idle,5.500,1607154549.140,1607154549.640
VisTouch_silk_f9_r1_v1_idle03_c000,VisTouch_silk_f9_r1_v1_idle03,silk_f9_r1_v1,silk,4,9,test,idle,0.000,1607154549.784,1607154550.284
VisTouch_silk_f9_r1_v1_idle03_c001,VisTouch_silk_f9_r1_v1_idle03,silk_f9_r1_v1,silk,4,9,test,idle,0.500,1607154550.284,1607154550.784
VisTouch_silk_f9_r1_v1_idle03_c002,VisTouch_silk_f9_r1_v1_idle03,silk_f9_r1_v1,silk,4,9,test,idle,1.000,1607154550.784,1607154551.284
VisTouch_silk_f9_r1_v1_idle03_c003,VisTouch_silk_f9_r1_v1_idle03,silk_f9_r1_v1,silk,4,9,test,idle,1.500,1607154551.284,1607154551.784
VisTouch_silk_f9_r1_v1_idle03_c004,VisTouch_silk_f9_r1_v1_idle03,silk_f9_r1_v1,silk,4,9,test,idle,2.000,1607154551.784,1607154552.284
VisTouch_silk_f9_r1_v1_idle03_c005,VisTouch_silk_f9_r1_v1_idle03,silk_f9_r1_v1,silk,4,9,test,idle,2.500,1607154552.284,1607154552.784
VisTouch_silk_f9_r1_v1_idle03_c006,VisTouch_silk_f9_r1_v1_idle03,silk_f9_r1_v1,silk,4,9,test,idle,3.000,1607154552.784,1607154553.284
VisTouch_silk_f9_r1_v1_idle03_c007,VisTouch_silk_f9_r1_v1_idle03,silk_f9_r1_v1,silk,4,9,test,idle,3.500,1607154553.284,1607154553.784
VisTouch_silk_f9_r1_v1_idle03_c008,VisTouch_silk_f9_r1_v1_idle03,silk_f9_r1_v1,silk,4,9,test,idle,4.000,1607154553.784,1607154554.284
VisTouch_silk_f9_r1_v1_idle03_c009,VisTouch_silk_f9_r1_v1_idle03,silk_f9_r1_v1,silk,4,9,test,idle,4.500,1607154554.284,1607154554.784
VisTouch_silk_f9_r1_v1_idle03_c010,VisTouch_silk_f9_r1_v1_idle03,silk_f9_r1_v1,silk,4,9,test,idle,5.000,1607154554.784,1607154555.284
VisTouch_silk_f9_r1_v1_idle03_c011,VisTouch_silk_f9_r1_v1_idle03,silk_f9_r1_v1,silk,4,9,test,idle,5.500,1607154555.284,1607154555.784
VisTouch_spandex_f3_r1_v1_idle01_c000,VisTouch_spandex_f3_r1_v1_idle01,spandex_f3_r1_v1,spandex,5,3,train,idle,0.000,1607156643.000,1607156643.500
VisTouch_spandex_f3_r1_v1_idle01_c001,VisTouch_spandex_f3_r1_v1_idle01,spandex_f3_r1_v1,spandex,5,3,train,idle,0.500,1607156643.500,1607156644.000
VisTouch_spandex_f3_r1_v1_idle01_c002,VisTouch_spandex_f3_r1_v1_idle01,spandex_f3_r1_v1,spandex,5,3,train,idle,1.000,1607156644.000,1607156644.500
VisTouch_spandex_f3_r1_v1_idle01_c003,VisTouch_spandex_f3_r1_v1_idle01,spandex_f3_r1_v1,spandex,5,3,train,idle,1.500,1607156644.500,1607156645.000
VisTouch_spandex_f3_r1_v1_idle01_c004,VisTouch_spandex_f3_r1_v1_idle01,spandex_f3_r1_v1,spandex,5,3,train,idle,2.000,1607156645.000,1607156645.500
VisTouch_spandex_f3_r1_v1_idle01_c005,VisTouch_spandex_f3_r1_v1_idle01,spandex_f3_r1_v1,spandex,5,3,train,idle,2.500,1607156645.500,1607156646.000
VisTouch_spandex_f3_r1_v1_idle01_c006,VisTouch_spandex_f3_r1_v1_idle01,spandex_f3_r1_v1,spandex,5,3,train,idle,3.000,1607156646.000,1607156646.500
VisTouch_spandex_f3_r1_v1_idle01_c007,VisTouch_spandex_f3_r1_v1_idle01,spandex_f3_r1_v1,spandex,5,3,train,idle,3.500,1607156646.500,1607156647.000
VisTouch_spandex_f3_r1_v1_idle01_c008,VisTouch_spandex_f3_r1_v1_idle01,spandex_f3_r1_v1,spandex,5,3,train,idle,4.000,1607156647.000,1607156647.500
VisTouch_spandex_f3_r1_v1_idle01_c009,VisTouch_spandex_f3_r1_v1_idle01,spandex_f3_r1_v1,spandex,5,3,train,idle,4.500,1607156647.500,1607156648.000
VisTouch_spandex_f3_r1_v1_idle01_c010,VisTouch_spandex_f3_r1_v1_idle01,spandex_f3_r1_v1,spandex,5,3,train,idle,5.000,1607156648.000,1607156648.500
VisTouch_spandex_f3_r1_v1_idle01_c011,VisTouch_spandex_f3_r1_v1_idle01,spandex_f3_r1_v1,spandex,5,3,train,idle,5.500,1607156648.500,1607156649.000
VisTouch_spandex_f3_r1_v1_idle01_c012,VisTouch_spandex_f3_r1_v1_idle01,spandex_f3_r1_v1,spandex,5,3,train,idle,6.000,1607156649.000,1607156649.500
VisTouch_spandex_f3_r1_v1_idle01_c013,VisTouch_spandex_f3_r1_v1_idle01,spandex_f3_r1_v1,spandex,5,3,train,idle,6.500,1607156649.500,1607156650.000
VisTouch_spandex_f3_r1_v1_idle01_c014,VisTouch_spandex_f3_r1_v1_idle01,spandex_f3_r1_v1,spandex,5,3,train,idle,7.000,1607156650.000,1607156650.500
VisTouch_spandex_f3_r1_v1_idle01_c015,VisTouch_spandex_f3_r1_v1_idle01,spandex_f3_r1_v1,spandex,5,3,train,idle,7.500,1607156650.500,1607156651.000
VisTouch_spandex_f3_r1_v1_idle01_c016,VisTouch_spandex_f3_r1_v1_idle01,spandex_f3_r1_v1,spandex,5,3,train,idle,8.000,1607156651.000,1607156651.500
VisTouch_spandex_f3_r1_v1_seg01a_c000,VisTouch_spandex_f3_r1_v1_seg01a,spandex_f3_r1_v1,spandex,5,3,train,rise,0.000,1607156651.740,1607156652.240
VisTouch_spandex_f3_r1_v1_seg01a_c001,VisTouch_spandex_f3_r1_v1_seg01a,spandex_f3_r1_v1,spandex,5,3,train,rise,0.500,1607156652.240,1607156652.740
VisTouch_spandex_f3_r1_v1_seg01a_c002,VisTouch_spandex_f3_r1_v1_seg01a,spandex_f3_r1_v1,spandex,5,3,train,rise,1.000,1607156652.740,1607156653.240
VisTouch_spandex_f3_r1_v1_seg01a_c003,VisTouch_spandex_f3_r1_v1_seg01a,spandex_f3_r1_v1,spandex,5,3,train,rise,1.500,1607156653.240,1607156653.740
VisTouch_spandex_f3_r1_v1_seg01a_c004,VisTouch_spandex_f3_r1_v1_seg01a,spandex_f3_r1_v1,spandex,5,3,train,rise,2.000,1607156653.740,1607156654.240
VisTouch_spandex_f3_r1_v1_seg01a_c005,VisTouch_spandex_f3_r1_v1_seg01a,spandex_f3_r1_v1,spandex,5,3,train,rise,2.500,1607156654.240,1607156654.740
VisTouch_spandex_f3_r1_v1_seg01a_c006,VisTouch_spandex_f3_r1_v1_seg01a,spandex_f3_r1_v1,spandex,5,3,train,rise,3.000,1607156654.740,1607156655.240
VisTouch_spandex_f3_r1_v1_seg01a_c007,VisTouch_spandex_f3_r1_v1_seg01a,spandex_f3_r1_v1,spandex,5,3,train,rise,3.500,1607156655.240,1607156655.740
VisTouch_spandex_f3_r1_v1_seg01a_c008,VisTouch_spandex_f3_r1_v1_seg01a,spandex_f3_r1_v1,spandex,5,3,train,rise,4.000,1607156655.740,1607156656.240
VisTouch_spandex_f3_r1_v1_seg01a_c009,VisTouch_spandex_f3_r1_v1_seg01a,spandex_f3_r1_v1,spandex,5,3,train,rise,4.500,1607156656.240,1607156656.740
VisTouch_spandex_f3_r1_v1_seg01a_c010,VisTouch_spandex_f3_r1_v1_seg01a,spandex_f3_r1_v1,spandex,5,3,train,rise,5.000,1607156656.740,1607156657.240
VisTouch_spandex_f3_r1_v1_seg01a_c011,VisTouch_spandex_f3_r1_v1_seg01a,spandex_f3_r1_v1,spandex,5,3,train,rise,5.500,1607156657.240,1607156657.740
VisTouch_spandex_f3_r1_v1_seg01b_c000,VisTouch_spandex_f3_r1_v1_seg01b,spandex_f3_r1_v1,spandex,5,3,train,fall,0.000,1607156658.070,1607156658.570
VisTouch_spandex_f3_r1_v1_seg01b_c001,VisTouch_spandex_f3_r1_v1_seg01b,spandex_f3_r1_v1,spandex,5,3,train,fall,0.500,1607156658.570,1607156659.070
VisTouch_spandex_f3_r1_v1_seg01b_c002,VisTouch_spandex_f3_r1_v1_seg01b,spandex_f3_r1_v1,spandex,5,3,train,fall,1.000,1607156659.070,1607156659.570
VisTouch_spandex_f3_r1_v1_seg01b_c003,VisTouch_spandex_f3_r1_v1_seg01b,spandex_f3_r1_v1,spandex,5,3,train,fall,1.500,1607156659.570,1607156660.070
VisTouch_spandex_f3_r1_v1_seg01b_c004,VisTouch_spandex_f3_r1_v1_seg01b,spandex_f3_r1_v1,spandex,5,3,train,fall,2.000,1607156660.070,1607156660.570
VisTouch_spandex_f3_r1_v1_seg01b_c005,VisTouch_spandex_f3_r1_v1_seg01b,spandex_f3_r1_v1,spandex,5,3,train,fall,2.500,1607156660.570,1607156661.070
VisTouch_spandex_f3_r1_v1_seg01b_c006,VisTouch_spandex_f3_r1_v1_seg01b,spandex_f3_r1_v1,spandex,5,3,train,fall,3.000,1607156661.070,1607156661.570
VisTouch_spandex_f3_r1_v1_seg02a_c000,VisTouch_spandex_f3_r1_v1_seg02a,spandex_f3_r1_v1,spandex,5,3,train,rise,0.000,1607156662.040,1607156662.540
VisTouch_spandex_f3_r1_v1_seg02a_c001,VisTouch_spandex_f3_r1_v1_seg02a,spandex_f3_r1_v1,spandex,5,3,train,rise,0.500,1607156662.540,1607156663.040
VisTouch_spandex_f3_r1_v1_seg02a_c002,VisTouch_spandex_f3_r1_v1_seg02a,spandex_f3_r1_v1,spandex,5,3,train,rise,1.000,1607156663.040,1607156663.540
VisTouch_spandex_f3_r1_v1_seg02a_c003,VisTouch_spandex_f3_r1_v1_seg02a,spandex_f3_r1_v1,spandex,5,3,train,rise,1.500,1607156663.540,1607156664.040
VisTouch_spandex_f3_r1_v1_seg02a_c004,VisTouch_spandex_f3_r1_v1_seg02a,spandex_f3_r1_v1,spandex,5,3,train,rise,2.000,1607156664.040,1607156664.540
VisTouch_spandex_f3_r1_v1_seg02a_c005,VisTouch_spandex_f3_r1_v1_seg02a,spandex_f3_r1_v1,spandex,5,3,train,rise,2.500,1607156664.540,1607156665.040
VisTouch_spandex_f3_r1_v1_seg02a_c006,VisTouch_spandex_f3_r1_v1_seg02a,spandex_f3_r1_v1,spandex,5,3,train,rise,3.000,1607156665.040,1607156665.540
VisTouch_spandex_f3_r1_v1_seg02a_c007,VisTouch_spandex_f3_r1_v1_seg02a,spandex_f3_r1_v1,spandex,5,3,train,rise,3.500,1607156665.540,1607156666.040
VisTouch_spandex_f3_r1_v1_seg02a_c008,VisTouch_spandex_f3_r1_v1_seg02a,spandex_f3_r1_v1,spandex,5,3,train,rise,4.000,1607156666.040,1607156666.540
VisTouch_spandex_f3_r1_v1_seg02a_c009,VisTouch_spandex_f3_r1_v1_seg02a,spandex_f3_r1_v1,spandex,5,3,train,rise,4.500,1607156666.540,1607156667.040
VisTouch_spandex_f3_r1_v1_seg02a_c010,VisTouch_spandex_f3_r1_v1_seg02a,spandex_f3_r1_v1,spandex,5,3,train,rise,5.000,1607156667.040,1607156667.540
VisTouch_spandex_f3_r1_v1_seg02a_c011,VisTouch_spandex_f3_r1_v1_seg02a,spandex_f3_r1_v1,spandex,5,3,train,rise,5.500,1607156667.540,1607156668.040
VisTouch_spandex_f3_r1_v1_seg02b_c000,VisTouch_spandex_f3_r1_v1_seg02b,spandex_f3_r1_v1,spandex,5,3,train,fall,0.000,1607156668.450,1607156668.950
VisTouch_spandex_f3_r1_v1_seg02b_c001,VisTouch_spandex_f3_r1_v1_seg02b,spandex_f3_r1_v1,spandex,5,3,train,fall,0.500,1607156668.950,1607156669.450
VisTouch_spandex_f3_r1_v1_seg02b_c002,VisTouch_spandex_f3_r1_v1_seg02b,spandex_f3_r1_v1,spandex,5,3,train,fall,1.000,1607156669.450,1607156669.950
VisTouch_spandex_f3_r1_v1_seg02b_c003,VisTouch_spandex_f3_r1_v1_seg02b,spandex_f3_r1_v1,spandex,5,3,train,fall,1.500,1607156669.950,1607156670.450
VisTouch_spandex_f3_r1_v1_seg02b_c004,VisTouch_spandex_f3_r1_v1_seg02b,spandex_f3_r1_v1,spandex,5,3,train,fall,2.000,1607156670.450,1607156670.950
VisTouch_spandex_f3_r1_v1_seg02b_c005,VisTouch_spandex_f3_r1_v1_seg02b,spandex_f3_r1_v1,spandex,5,3,train,fall,2.500,1607156670.950,1607156671.450
VisTouch_spandex_f3_r1_v1_seg02b_c006,VisTouch_spandex_f3_r1_v1_seg02b,spandex_f3_r1_v1,spandex,5,3,train,fall,3.000,1607156671.450,1607156671.950
VisTouch_spandex_f3_r1_v1_seg03a_c000,VisTouch_spandex_f3_r1_v1_seg03a,spandex_f3_r1_v1,spandex,5,3,train,rise,0.000,1607156672.300,1607156672.800
VisTouch_spandex_f3_r1_v1_seg03a_c001,VisTouch_spandex_f3_r1_v1_seg03a,spandex_f3_r1_v1,spandex,5,3,train,rise,0.500,1607156672.800,1607156673.300
VisTouch_spandex_f3_r1_v1_seg03a_c002,VisTouch_spandex_f3_r1_v1_seg03a,spandex_f3_r1_v1,spandex,5,3,train,rise,1.000,1607156673.300,1607156673.800
VisTouch_spandex_f3_r1_v1_seg03a_c003,VisTouch_spandex_f3_r1_v1_seg03a,spandex_f3_r1_v1,spandex,5,3,train,rise,1.500,1607156673.800,1607156674.300
VisTouch_spandex_f3_r1_v1_seg03a_c004,VisTouch_spandex_f3_r1_v1_seg03a,spandex_f3_r1_v1,spandex,5,3,train,rise,2.000,1607156674.300,1607156674.800
VisTouch_spandex_f3_r1_v1_seg03a_c005,VisTouch_spandex_f3_r1_v1_seg03a,spandex_f3_r1_v1,spandex,5,3,train,rise,2.500,1607156674.800,1607156675.300
VisTouch_spandex_f3_r1_v1_seg03a_c006,VisTouch_spandex_f3_r1_v1_seg03a,spandex_f3_r1_v1,spandex,5,3,train,rise,3.000,1607156675.300,1607156675.800
VisTouch_spandex_f3_r1_v1_seg03a_c007,VisTouch_spandex_f3_r1_v1_seg03a,spandex_f3_r1_v1,spandex,5,3,train,rise,3.500,1607156675.800,1607156676.300
VisTouch_spandex_f3_r1_v1_seg03a_c008,VisTouch_spandex_f3_r1_v1_seg03a,spandex_f3_r1_v1,spandex,5,3,train,rise,4.000,1607156676.300,1607156676.800
VisTouch_spandex_f3_r1_v1_seg03a_c009,VisTouch_spandex_f3_r1_v1_seg03a,spandex_f3_r1_v1,spandex,5,3,train,rise,4.500,1607156676.800,1607156677.300
VisTouch_spandex_f3_r1_v1_seg03a_c010,VisTouch_spandex_f3_r1_v1_seg03a,spandex_f3_r1_v1,spandex,5,3,train,rise,5.000,1607156677.300,1607156677.800
VisTouch_spandex_f3_r1_v1_seg03a_c011,VisTouch_spandex_f3_r1_v1_seg03a,spandex_f3_r1_v1,spandex,5,3,train,rise,5.500,1607156677.800,1607156678.300
VisTouch_spandex_f3_r1_v1_seg03b_c000,VisTouch_spandex_f3_r1_v1_seg03b,spandex_f3_r1_v1,spandex,5,3,train,fall,0.000,1607156678.700,1607156679.200
VisTouch_spandex_f3_r1_v1_seg03b_c001,VisTouch_spandex_f3_r1_v1_seg03b,spandex_f3_r1_v1,spandex,5,3,train,fall,0.500,1607156679.200,1607156679.700
VisTouch_spandex_f3_r1_v1_seg03b_c002,VisTouch_spandex_f3_r1_v1_seg03b,spandex_f3_r1_v1,spandex,5,3,train,fall,1.000,1607156679.700,1607156680.200
VisTouch_spandex_f3_r1_v1_seg03b_c003,VisTouch_spandex_f3_r1_v1_seg03b,spandex_f3_r1_v1,spandex,5,3,train,fall,1.500,1607156680.200,1607156680.700
VisTouch_spandex_f3_r1_v1_seg03b_c004,VisTouch_spandex_f3_r1_v1_seg03b,spandex_f3_r1_v1,spandex,5,3,train,fall,2.000,1607156680.700,1607156681.200
VisTouch_spandex_f3_r1_v1_seg03b_c005,VisTouch_spandex_f3_r1_v1_seg03b,spandex_f3_r1_v1,spandex,5,3,train,fall,2.500,1607156681.200,1607156681.700
VisTouch_spandex_f3_r1_v1_seg03b_c006,VisTouch_spandex_f3_r1_v1_seg03b,spandex_f3_r1_v1,spandex,5,3,train,fall,3.000,1607156681.700,1607156682.200
VisTouch_spandex_f3_r1_v1_seg04a_c000,VisTouch_spandex_f3_r1_v1_seg04a,spandex_f3_r1_v1,spandex,5,3,train,rise,0.000,1607156682.620,1607156683.120
VisTouch_spandex_f3_r1_v1_seg04a_c001,VisTouch_spandex_f3_r1_v1_seg04a,spandex_f3_r1_v1,spandex,5,3,train,rise,0.500,1607156683.120,1607156683.620
VisTouch_spandex_f3_r1_v1_seg04a_c002,VisTouch_spandex_f3_r1_v1_seg04a,spandex_f3_r1_v1,spandex,5,3,train,rise,1.000,1607156683.620,1607156684.120
VisTouch_spandex_f3_r1_v1_seg04a_c003,VisTouch_spandex_f3_r1_v1_seg04a,spandex_f3_r1_v1,spandex,5,3,train,rise,1.500,1607156684.120,1607156684.620
VisTouch_spandex_f3_r1_v1_seg04a_c004,VisTouch_spandex_f3_r1_v1_seg04a,spandex_f3_r1_v1,spandex,5,3,train,rise,2.000,1607156684.620,1607156685.120
VisTouch_spandex_f3_r1_v1_seg04a_c005,VisTouch_spandex_f3_r1_v1_seg04a,spandex_f3_r1_v1,spandex,5,3,train,rise,2.500,1607156685.120,1607156685.620
VisTouch_spandex_f3_r1_v1_seg04a_c006,VisTouch_spandex_f3_r1_v1_seg04a,spandex_f3_r1_v1,spandex,5,3,train,rise,3.000,1607156685.620,1607156686.120
VisTouch_spandex_f3_r1_v1_seg04a_c007,VisTouch_spandex_f3_r1_v1_seg04a,spandex_f3_r1_v1,spandex,5,3,train,rise,3.500,1607156686.120,1607156686.620
VisTouch_spandex_f3_r1_v1_seg04a_c008,VisTouch_spandex_f3_r1_v1_seg04a,spandex_f3_r1_v1,spandex,5,3,train,rise,4.000,1607156686.620,1607156687.120
VisTouch_spandex_f3_r1_v1_seg04a_c009,VisTouch_spandex_f3_r1_v1_seg04a,spandex_f3_r1_v1,spandex,5,3,train,rise,4.500,1607156687.120,1607156687.620
VisTouch_spandex_f3_r1_v1_seg04a_c010,VisTouch_spandex_f3_r1_v1_seg04a,spandex_f3_r1_v1,spandex,5,3,train,rise,5.000,1607156687.620,1607156688.120
VisTouch_spandex_f3_r1_v1_seg04a_c011,VisTouch_spandex_f3_r1_v1_seg04a,spandex_f3_r1_v1,spandex,5,3,train,rise,5.500,1607156688.120,1607156688.620
VisTouch_spandex_f3_r1_v1_seg04b_c000,VisTouch_spandex_f3_r1_v1_seg04b,spandex_f3_r1_v1,spandex,5,3,train,fall,0.000,1607156688.970,1607156689.470
VisTouch_spandex_f3_r1_v1_seg04b_c001,VisTouch_spandex_f3_r1_v1_seg04b,spandex_f3_r1_v1,spandex,5,3,train,fall,0.500,1607156689.470,1607156689.970
VisTouch_spandex_f3_r1_v1_seg04b_c002,VisTouch_spandex_f3_r1_v1_seg04b,spandex_f3_r1_v1,spandex,5,3,train,fall,1.000,1607156689.970,1607156690.470
VisTouch_spandex_f3_r1_v1_seg04b_c003,VisTouch_spandex_f3_r1_v1_seg04b,spandex_f3_r1_v1,spandex,5,3,train,fall,1.500,1607156690.470,1607156690.970
VisTouch_spandex_f3_r1_v1_seg04b_c004,VisTouch_spandex_f3_r1_v1_seg04b,spandex_f3_r1_v1,spandex,5,3,train,fall,2.000,1607156690.970,1607156691.470
VisTouch_spandex_f3_r1_v1_seg04b_c005,VisTouch_spandex_f3_r1_v1_seg04b,spandex_f3_r1_v1,spandex,5,3,train,fall,2.500,1607156691.470,1607156691.970
VisTouch_spandex_f3_r1_v1_seg04b_c006,VisTouch_spandex_f3_r1_v1_seg04b,spandex_f3_r1_v1,spandex,5,3,train,fall,3.000,1607156691.970,1607156692.470
VisTouch_spandex_f3_r1_v1_seg05a_c000,VisTouch_spandex_f3_r1_v1_seg05a,spandex_f3_r1_v1,spandex,5,3,train,rise,0.000,1607156692.880,1607156693.380
VisTouch_spandex_f3_r1_v1_seg05a_c001,VisTouch_spandex_f3_r1_v1_seg05a,spandex_f3_r1_v1,spandex,5,3,train,rise,0.500,1607156693.380,1607156693.880
VisTouch_spandex_f3_r1_v1_seg05a_c002,VisTouch_spandex_f3_r1_v1_seg05a,spandex_f3_r1_v1,spandex,5,3,train,rise,1.000,1607156693.880,1607156694.380
VisTouch_spandex_f3_r1_v1_seg05a_c003,VisTouch_spandex_f3_r1_v1_seg05a,spandex_f3_r1_v1,spandex,5,3,train,rise,1.500,1607156694.380,1607156694.880
VisTouch_spandex_f3_r1_v1_seg05a_c004,VisTouch_spandex_f3_r1_v1_seg05a,spandex_f3_r1_v1,spandex,5,3,train,rise,2.000,1607156694.880,1607156695.380
VisTouch_spandex_f3_r1_v1_seg05a_c005,VisTouch_spandex_f3_r1_v1_seg05a,spandex_f3_r1_v1,spandex,5,3,train,rise,2.500,1607156695.380,1607156695.880
VisTouch_spandex_f3_r1_v1_seg05a_c006,VisTouch_spandex_f3_r1_v1_seg05a,spandex_f3_r1_v1,spandex,5,3,train,rise,3.000,1607156695.880,1607156696.380
VisTouch_spandex_f3_r1_v1_seg05a_c007,VisTouch_spandex_f3_r1_v1_seg05a,spandex_f3_r1_v1,spandex,5,3,train,rise,3.500,1607156696.380,1607156696.880
VisTouch_spandex_f3_r1_v1_seg05a_c008,VisTouch_spandex_f3_r1_v1_seg05a,spandex_f3_r1_v1,spandex,5,3,train,rise,4.000,1607156696.880,1607156697.380
VisTouch_spandex_f3_r1_v1_seg05a_c009,VisTouch_spandex_f3_r1_v1_seg05a,spandex_f3_r1_v1,spandex,5,3,train,rise,4.500,1607156697.380,1607156697.880
VisTouch_spandex_f3_r1_v1_seg05a_c010,VisTouch_spandex_f3_r1_v1_seg05a,spandex_f3_r1_v1,spandex,5,3,train,rise,5.000,1607156697.880,1607156698.380
VisTouch_spandex_f3_r1_v1_seg05a_c011,VisTouch_spandex_f3_r1_v1_seg05a,spandex_f3_r1_v1,spandex,5,3,train,rise,5.500,1607156698.380,1607156698.880
VisTouch_spandex_f3_r1_v1_seg05b_c000,VisTouch_spandex_f3_r1_v1_seg05b,spandex_f3_r1_v1,spandex,5,3,train,fall,0.000,1607156699.240,1607156699.740
VisTouch_spandex_f3_r1_v1_seg05b_c001,VisTouch_spandex_f3_r1_v1_seg05b,spandex_f3_r1_v1,spandex,5,3,train,fall,0.500,1607156699.740,1607156700.240
VisTouch_spandex_f3_r1_v1_seg05b_c002,VisTouch_spandex_f3_r1_v1_seg05b,spandex_f3_r1_v1,spandex,5,3,train,fall,1.000,1607156700.240,1607156700.740
VisTouch_spandex_f3_r1_v1_seg05b_c003,VisTouch_spandex_f3_r1_v1_seg05b,spandex_f3_r1_v1,spandex,5,3,train,fall,1.500,1607156700.740,1607156701.240
VisTouch_spandex_f3_r1_v1_seg05b_c004,VisTouch_spandex_f3_r1_v1_seg05b,spandex_f3_r1_v1,spandex,5,3,train,fall,2.000,1607156701.240,1607156701.740
VisTouch_spandex_f3_r1_v1_seg05b_c005,VisTouch_spandex_f3_r1_v1_seg05b,spandex_f3_r1_v1,spandex,5,3,train,fall,2.500,1607156701.740,1607156702.240
VisTouch_spandex_f3_r1_v1_seg05b_c006,VisTouch_spandex_f3_r1_v1_seg05b,spandex_f3_r1_v1,spandex,5,3,train,fall,3.000,1607156702.240,1607156702.740
VisTouch_spandex_f3_r1_v1_idle02_c000,VisTouch_spandex_f3_r1_v1_idle02,spandex_f3_r1_v1,spandex,5,3,train,idle,0.000,1607156703.160,1607156703.660
VisTouch_spandex_f3_r1_v1_idle02_c001,VisTouch_spandex_f3_r1_v1_idle02,spandex_f3_r1_v1,spandex,5,3,train,idle,0.500,1607156703.660,1607156704.160
VisTouch_spandex_f3_r1_v1_idle02_c002,VisTouch_spandex_f3_r1_v1_idle02,spandex_f3_r1_v1,spandex,5,3,train,idle,1.000,1607156704.160,1607156704.660
VisTouch_spandex_f3_r1_v1_idle02_c003,VisTouch_spandex_f3_r1_v1_idle02,spandex_f3_r1_v1,spandex,5,3,train,idle,1.500,1607156704.660,1607156705.160
VisTouch_spandex_f3_r1_v1_idle02_c004,VisTouch_spandex_f3_r1_v1_idle02,spandex_f3_r1_v1,spandex,5,3,train,idle,2.000,1607156705.160,1607156705.660
VisTouch_spandex_f3_r1_v1_idle02_c005,VisTouch_spandex_f3_r1_v1_idle02,spandex_f3_r1_v1,spandex,5,3,train,idle,2.500,1607156705.660,1607156706.160
VisTouch_spandex_f3_r1_v1_idle02_c006,VisTouch_spandex_f3_r1_v1_idle02,spandex_f3_r1_v1,spandex,5,3,train,idle,3.000,1607156706.160,1607156706.660
VisTouch_spandex_f3_r1_v1_idle02_c007,VisTouch_spandex_f3_r1_v1_idle02,spandex_f3_r1_v1,spandex,5,3,train,idle,3.500,1607156706.660,1607156707.160
VisTouch_spandex_f3_r1_v1_idle02_c008,VisTouch_spandex_f3_r1_v1_idle02,spandex_f3_r1_v1,spandex,5,3,train,idle,4.000,1607156707.160,1607156707.660
VisTouch_spandex_f3_r1_v1_idle02_c009,VisTouch_spandex_f3_r1_v1_idle02,spandex_f3_r1_v1,spandex,5,3,train,idle,4.500,1607156707.660,1607156708.160
VisTouch_spandex_f3_r1_v1_idle02_c010,VisTouch_spandex_f3_r1_v1_idle02,spandex_f3_r1_v1,spandex,5,3,train,idle,5.000,1607156708.160,1607156708.660
VisTouch_spandex_f3_r1_v1_idle02_c011,VisTouch_spandex_f3_r1_v1_idle02,spandex_f3_r1_v1,spandex,5,3,train,idle,5.500,1607156708.660,1607156709.160
VisTouch_spandex_f3_r1_v1_idle03_c000,VisTouch_spandex_f3_r1_v1_idle03,spandex_f3_r1_v1,spandex,5,3,train,idle,0.000,1607156709.455,1607156709.955
VisTouch_spandex_f3_r1_v1_idle03_c001,VisTouch_spandex_f3_r1_v1_idle03,spandex_f3_r1_v1,spandex,5,3,train,idle,0.500,1607156709.955,1607156710.455
VisTouch_spandex_f3_r1_v1_idle03_c002,VisTouch_spandex_f3_r1_v1_idle03,spandex_f3_r1_v1,spandex,5,3,train,idle,1.000,1607156710.455,1607156710.955
VisTouch_spandex_f3_r1_v1_idle03_c003,VisTouch_spandex_f3_r1_v1_idle03,spandex_f3_r1_v1,spandex,5,3,train,idle,1.500,1607156710.955,1607156711.455
VisTouch_spandex_f3_r1_v1_idle03_c004,VisTouch_spandex_f3_r1_v1_idle03,spandex_f3_r1_v1,spandex,5,3,train,idle,2.000,1607156711.455,1607156711.955
VisTouch_spandex_f3_r1_v1_idle03_c005,VisTouch_spandex_f3_r1_v1_idle03,spandex_f3_r1_v1,spandex,5,3,train,idle,2.500,1607156711.955,1607156712.455
VisTouch_spandex_f3_r1_v1_idle03_c006,VisTouch_spandex_f3_r1_v1_idle03,spandex_f3_r1_v1,spandex,5,3,train,idle,3.000,1607156712.455,1607156712.955
VisTouch_spandex_f3_r1_v1_idle03_c007,VisTouch_spandex_f3_r1_v1_idle03,spandex_f3_r1_v1,spandex,5,3,train,idle,3.500,1607156712.955,1607156713.455
VisTouch_spandex_f3_r1_v1_idle03_c008,VisTouch_spandex_f3_r1_v1_idle03,spandex_f3_r1_v1,spandex,5,3,train,idle,4.000,1607156713.455,1607156713.955
VisTouch_spandex_f3_r1_v1_idle03_c009,VisTouch_spandex_f3_r1_v1_idle03,spandex_f3_r1_v1,spandex,5,3,train,idle,4.500,1607156713.955,1607156714.455
VisTouch_spandex_f3_r1_v1_idle03_c010,VisTouch_spandex_f3_r1_v1_idle03,spandex_f3_r1_v1,spandex,5,3,train,idle,5.000,1607156714.455,1607156714.955
VisTouch_spandex_f3_r1_v1_idle03_c011,VisTouch_spandex_f3_r1_v1_idle03,spandex_f3_r1_v1,spandex,5,3,train,idle,5.500,1607156714.955,1607156715.455
VisTouch_spandex_f6_r1_v1_idle01_c000,VisTouch_spandex_f6_r1_v1_idle01,spandex_f6_r1_v1,spandex,5,6,train,idle,0.000,1607157006.000,1607157006.500
VisTouch_spandex_f6_r1_v1_idle01_c001,VisTouch_spandex_f6_r1_v1_idle01,spandex_f6_r1_v1,spandex,5,6,train,idle,0.500,1607157006.500,1607157007.000
VisTouch_spandex_f6_r1_v1_idle01_c002,VisTouch_spandex_f6_r1_v1_idle01,spandex_f6_r1_v1,spandex,5,6,train,idle,1.000,1607157007.000,1607157007.500
VisTouch_spandex_f6_r1_v1_idle01_c003,VisTouch_spandex_f6_r1_v1_idle01,spandex_f6_r1_v1,spandex,5,6,train,idle,1.500,1607157007.500,1607157008.000
VisTouch_spandex_f6_r1_v1_idle01_c004,VisTouch_spandex_f6_r1_v1_idle01,spandex_f6_r1_v1,spandex,5,6,train,idle,2.000,1607157008.000,1607157008.500
VisTouch_spandex_f6_r1_v1_idle01_c005,VisTouch_spandex_f6_r1_v1_idle01,spandex_f6_r1_v1,spandex,5,6,train,idle,2.500,1607157008.500,1607157009.000
VisTouch_spandex_f6_r1_v1_idle01_c006,VisTouch_spandex_f6_r1_v1_idle01,spandex_f6_r1_v1,spandex,5,6,train,idle,3.000,1607157009.000,1607157009.500
VisTouch_spandex_f6_r1_v1_idle01_c007,VisTouch_spandex_f6_r1_v1_idle01,spandex_f6_r1_v1,spandex,5,6,train,idle,3.500,1607157009.500,1607157010.000
VisTouch_spandex_f6_r1_v1_idle01_c008,VisTouch_spandex_f6_r1_v1_idle01,spandex_f6_r1_v1,spandex,5,6,train,idle,4.000,1607157010.000,1607157010.500
VisTouch_spandex_f6_r1_v1_idle01_c009,VisTouch_spandex_f6_r1_v1_idle01,spandex_f6_r1_v1,spandex,5,6,train,idle,4.500,1607157010.500,1607157011.000
VisTouch_spandex_f6_r1_v1_idle01_c010,VisTouch_spandex_f6_r1_v1_idle01,spandex_f6_r1_v1,spandex,5,6,train,idle,5.000,1607157011.000,1607157011.500
VisTouch_spandex_f6_r1_v1_idle01_c011,VisTouch_spandex_f6_r1_v1_idle01,spandex_f6_r1_v1,spandex,5,6,train,idle,5.500,1607157011.500,1607157012.000
VisTouch_spandex_f6_r1_v1_seg01a_c000,VisTouch_spandex_f6_r1_v1_seg01a,spandex_f6_r1_v1,spandex,5,6,train,rise,0.000,1607157012.280,1607157012.780
VisTouch_spandex_f6_r1_v1_seg01a_c001,VisTouch_spandex_f6_r1_v1_seg01a,spandex_f6_r1_v1,spandex,5,6,train,rise,0.500,1607157012.780,1607157013.280
VisTouch_spandex_f6_r1_v1_seg01a_c002,VisTouch_spandex_f6_r1_v1_seg01a,spandex_f6_r1_v1,spandex,5,6,train,rise,1.000,1607157013.280,1607157013.780
VisTouch_spandex_f6_r1_v1_seg01a_c003,VisTouch_spandex_f6_r1_v1_seg01a,spandex_f6_r1_v1,spandex,5,6,train,rise,1.500,1607157013.780,1607157014.280
VisTouch_spandex_f6_r1_v1_seg01a_c004,VisTouch_spandex_f6_r1_v1_seg01a,spandex_f6_r1_v1,spandex,5,6,train,rise,2.000,1607157014.280,1607157014.780
VisTouch_spandex_f6_r1_v1_seg01a_c005,VisTouch_spandex_f6_r1_v1_seg01a,spandex_f6_r1_v1,spandex,5,6,train,rise,2.500,1607157014.780,1607157015.280
VisTouch_spandex_f6_r1_v1_seg01a_c006,VisTouch_spandex_f6_r1_v1_seg01a,spandex_f6_r1_v1,spandex,5,6,train,rise,3.000,1607157015.280,1607157015.780
VisTouch_spandex_f6_r1_v1_seg01a_c007,VisTouch_spandex_f6_r1_v1_seg01a,spandex_f6_r1_v1,spandex,5,6,train,rise,3.500,1607157015.780,1607157016.280
VisTouch_spandex_f6_r1_v1_seg01a_c008,VisTouch_spandex_f6_r1_v1_seg01a,spandex_f6_r1_v1,spandex,5,6,train,rise,4.000,1607157016.280,1607157016.780
VisTouch_spandex_f6_r1_v1_seg01a_c009,VisTouch_spandex_f6_r1_v1_seg01a,spandex_f6_r1_v1,spandex,5,6,train,rise,4.500,1607157016.780,1607157017.280
VisTouch_spandex_f6_r1_v1_seg01a_c010,VisTouch_spandex_f6_r1_v1_seg01a,spandex_f6_r1_v1,spandex,5,6,train,rise,5.000,1607157017.280,1607157017.780
VisTouch_spandex_f6_r1_v1_seg01a_c011,VisTouch_spandex_f6_r1_v1_seg01a,spandex_f6_r1_v1,spandex,5,6,train,rise,5.500,1607157017.780,1607157018.280
VisTouch_spandex_f6_r1_v1_seg01b_c000,VisTouch_spandex_f6_r1_v1_seg01b,spandex_f6_r1_v1,spandex,5,6,train,fall,0.000,1607157018.630,1607157019.130
VisTouch_spandex_f6_r1_v1_seg01b_c001,VisTouch_spandex_f6_r1_v1_seg01b,spandex_f6_r1_v1,spandex,5,6,train,fall,0.500,1607157019.130,1607157019.630
VisTouch_spandex_f6_r1_v1_seg01b_c002,VisTouch_spandex_f6_r1_v1_seg01b,spandex_f6_r1_v1,spandex,5,6,train,fall,1.000,1607157019.630,1607157020.130
VisTouch_spandex_f6_r1_v1_seg01b_c003,VisTouch_spandex_f6_r1_v1_seg01b,spandex_f6_r1_v1,spandex,5,6,train,fall,1.500,1607157020.130,1607157020.630
VisTouch_spandex_f6_r1_v1_seg01b_c004,VisTouch_spandex_f6_r1_v1_seg01b,spandex_f6_r1_v1,spandex,5,6,train,fall,2.000,1607157020.630,1607157021.130
VisTouch_spandex_f6_r1_v1_seg01b_c005,VisTouch_spandex_f6_r1_v1_seg01b,spandex_f6_r1_v1,spandex,5,6,train,fall,2.500,1607157021.130,1607157021.630
VisTouch_spandex_f6_r1_v1_seg01b_c006,VisTouch_spandex_f6_r1_v1_seg01b,spandex_f6_r1_v1,spandex,5,6,train,fall,3.000,1607157021.630,1607157022.130
VisTouch_spandex_f6_r1_v1_seg02a_c000,VisTouch_spandex_f6_r1_v1_seg02a,spandex_f6_r1_v1,spandex,5,6,train,rise,0.000,1607157022.540,1607157023.040
VisTouch_spandex_f6_r1_v1_seg02a_c001,VisTouch_spandex_f6_r1_v1_seg02a,spandex_f6_r1_v1,spandex,5,6,train,rise,0.500,1607157023.040,1607157023.540
VisTouch_spandex_f6_r1_v1_seg02a_c002,VisTouch_spandex_f6_r1_v1_seg02a,spandex_f6_r1_v1,spandex,5,6,train,rise,1.000,1607157023.540,1607157024.040
VisTouch_spandex_f6_r1_v1_seg02a_c003,VisTouch_spandex_f6_r1_v1_seg02a,spandex_f6_r1_v1,spandex,5,6,train,rise,1.500,1607157024.040,1607157024.540
VisTouch_spandex_f6_r1_v1_seg02a_c004,VisTouch_spandex_f6_r1_v1_seg02a,spandex_f6_r1_v1,spandex,5,6,train,rise,2.000,1607157024.540,1607157025.040
VisTouch_spandex_f6_r1_v1_seg02a_c005,VisTouch_spandex_f6_r1_v1_seg02a,spandex_f6_r1_v1,spandex,5,6,train,rise,2.500,1607157025.040,1607157025.540
VisTouch_spandex_f6_r1_v1_seg02a_c006,VisTouch_spandex_f6_r1_v1_seg02a,spandex_f6_r1_v1,spandex,5,6,train,rise,3.000,1607157025.540,1607157026.040
VisTouch_spandex_f6_r1_v1_seg02a_c007,VisTouch_spandex_f6_r1_v1_seg02a,spandex_f6_r1_v1,spandex,5,6,train,rise,3.500,1607157026.040,1607157026.540
VisTouch_spandex_f6_r1_v1_seg02a_c008,VisTouch_spandex_f6_r1_v1_seg02a,spandex_f6_r1_v1,spandex,5,6,train,rise,4.000,1607157026.540,1607157027.040
VisTouch_spandex_f6_r1_v1_seg02a_c009,VisTouch_spandex_f6_r1_v1_seg02a,spandex_f6_r1_v1,spandex,5,6,train,rise,4.500,1607157027.040,1607157027.540
VisTouch_spandex_f6_r1_v1_seg02a_c010,VisTouch_spandex_f6_r1_v1_seg02a,spandex_f6_r1_v1,spandex,5,6,train,rise,5.000,1607157027.540,1607157028.040
VisTouch_spandex_f6_r1_v1_seg02a_c011,VisTouch_spandex_f6_r1_v1_seg02a,spandex_f6_r1_v1,spandex,5,6,train,rise,5.500,1607157028.040,1607157028.540
VisTouch_spandex_f6_r1_v1_seg02b_c000,VisTouch_spandex_f6_r1_v1_seg02b,spandex_f6_r1_v1,spandex,5,6,train,fall,0.000,1607157028.830,1607157029.330
VisTouch_spandex_f6_r1_v1_seg02b_c001,VisTouch_spandex_f6_r1_v1_seg02b,spandex_f6_r1_v1,spandex,5,6,train,fall,0.500,1607157029.330,1607157029.830
VisTouch_spandex_f6_r1_v1_seg02b_c002,VisTouch_spandex_f6_r1_v1_seg02b,spandex_f6_r1_v1,spandex,5,6,train,fall,1.000,1607157029.830,1607157030.330
VisTouch_spandex_f6_r1_v1_seg02b_c003,VisTouch_spandex_f6_r1_v1_seg02b,spandex_f6_r1_v1,spandex,5,6,train,fall,1.500,1607157030.330,1607157030.830
VisTouch_spandex_f6_r1_v1_seg02b_c004,VisTouch_spandex_f6_r1_v1_seg02b,spandex_f6_r1_v1,spandex,5,6,train,fall,2.000,1607157030.830,1607157031.330
VisTouch_spandex_f6_r1_v1_seg02b_c005,VisTouch_spandex_f6_r1_v1_seg02b,spandex_f6_r1_v1,spandex,5,6,train,fall,2.500,1607157031.330,1607157031.830
VisTouch_spandex_f6_r1_v1_seg02b_c006,VisTouch_spandex_f6_r1_v1_seg02b,spandex_f6_r1_v1,spandex,5,6,train,fall,3.000,1607157031.830,1607157032.330
VisTouch_spandex_f6_r1_v1_seg03a_c000,VisTouch_spandex_f6_r1_v1_seg03a,spandex_f6_r1_v1,spandex,5,6,train,rise,0.000,1607157032.760,1607157033.260
VisTouch_spandex_f6_r1_v1_seg03a_c001,VisTouch_spandex_f6_r1_v1_seg03a,spandex_f6_r1_v1,spandex,5,6,train,rise,0.500,1607157033.260,1607157033.760
VisTouch_spandex_f6_r1_v1_seg03a_c002,VisTouch_spandex_f6_r1_v1_seg03a,spandex_f6_r1_v1,spandex,5,6,train,rise,1.000,1607157033.760,1607157034.260
VisTouch_spandex_f6_r1_v1_seg03a_c003,VisTouch_spandex_f6_r1_v1_seg03a,spandex_f6_r1_v1,spandex,5,6,train,rise,1.500,1607157034.260,1607157034.760
VisTouch_spandex_f6_r1_v1_seg03a_c004,VisTouch_spandex_f6_r1_v1_seg03a,spandex_f6_r1_v1,spandex,5,6,train,rise,2.000,1607157034.760,1607157035.260
VisTouch_spandex_f6_r1_v1_seg03a_c005,VisTouch_spandex_f6_r1_v1_seg03a,spandex_f6_r1_v1,spandex,5,6,train,rise,2.500,1607157035.260,1607157035.760
VisTouch_spandex_f6_r1_v1_seg03a_c006,VisTouch_spandex_f6_r1_v1_seg03a,spandex_f6_r1_v1,spandex,5,6,train,rise,3.000,1607157035.760,1607157036.260
VisTouch_spandex_f6_r1_v1_seg03a_c007,VisTouch_spandex_f6_r1_v1_seg03a,spandex_f6_r1_v1,spandex,5,6,train,rise,3.500,1607157036.260,1607157036.760
VisTouch_spandex_f6_r1_v1_seg03a_c008,VisTouch_spandex_f6_r1_v1_seg03a,spandex_f6_r1_v1,spandex,5,6,train,rise,4.000,1607157036.760,1607157037.260
VisTouch_spandex_f6_r1_v1_seg03a_c009,VisTouch_spandex_f6_r1_v1_seg03a,spandex_f6_r1_v1,spandex,5,6,train,rise,4.500,1607157037.260,1607157037.760
VisTouch_spandex_f6_r1_v1_seg03a_c010,VisTouch_spandex_f6_r1_v1_seg03a,spandex_f6_r1_v1,spandex,5,6,train,rise,5.000,1607157037.760,1607157038.260
VisTouch_spandex_f6_r1_v1_seg03a_c011,VisTouch_spandex_f6_r1_v1_seg03a,spandex_f6_r1_v1,spandex,5,6,train,rise,5.500,1607157038.260,1607157038.760
VisTouch_spandex_f6_r1_v1_seg03b_c000,VisTouch_spandex_f6_r1_v1_seg03b,spandex_f6_r1_v1,spandex,5,6,train,fall,0.000,1607157039.100,1607157039.600
VisTouch_spandex_f6_r1_v1_seg03b_c001,VisTouch_spandex_f6_r1_v1_seg03b,spandex_f6_r1_v1,spandex,5,6,train,fall,0.500,1607157039.600,1607157040.100
VisTouch_spandex_f6_r1_v1_seg03b_c002,VisTouch_spandex_f6_r1_v1_seg03b,spandex_f6_r1_v1,spandex,5,6,train,fall,1.000,1607157040.100,1607157040.600
VisTouch_spandex_f6_r1_v1_seg03b_c003,VisTouch_spandex_f6_r1_v1_seg03b,spandex_f6_r1_v1,spandex,5,6,train,fall,1.500,1607157040.600,1607157041.100
VisTouch_spandex_f6_r1_v1_seg03b_c004,VisTouch_spandex_f6_r1_v1_seg03b,spandex_f6_r1_v1,spandex,5,6,train,fall,2.000,1607157041.100,1607157041.600
VisTouch_spandex_f6_r1_v1_seg03b_c005,VisTouch_spandex_f6_r1_v1_seg03b,spandex_f6_r1_v1,spandex,5,6,train,fall,2.500,1607157041.600,1607157042.100
VisTouch_spandex_f6_r1_v1_seg03b_c006,VisTouch_spandex_f6_r1_v1_seg03b,spandex_f6_r1_v1,spandex,5,6,train,fall,3.000,1607157042.100,1607157042.600
VisTouch_spandex_f6_r1_v1_seg04a_c000,VisTouch_spandex_f6_r1_v1_seg04a,spandex_f6_r1_v1,spandex,5,6,train,rise,0.000,1607157042.980,1607157043.480
VisTouch_spandex_f6_r1_v1_seg04a_c001,VisTouch_spandex_f6_r1_v1_seg04a,spandex_f6_r1_v1,spandex,5,6,train,rise,0.500,1607157043.480,1607157043.980
VisTouch_spandex_f6_r1_v1_seg04a_c002,VisTouch_spandex_f6_r1_v1_seg04a,spandex_f6_r1_v1,spandex,5,6,train,rise,1.000,1607157043.980,1607157044.480
VisTouch_spandex_f6_r1_v1_seg04a_c003,VisTouch_spandex_f6_r1_v1_seg04a,spandex_f6_r1_v1,spandex,5,6,train,rise,1.500,1607157044.480,1607157044.980
VisTouch_spandex_f6_r1_v1_seg04a_c004,VisTouch_spandex_f6_r1_v1_seg04a,spandex_f6_r1_v1,spandex,5,6,train,rise,2.000,1607157044.980,1607157045.480
VisTouch_spandex_f6_r1_v1_seg04a_c005,VisTouch_spandex_f6_r1_v1_seg04a,spandex_f6_r1_v1,spandex,5,6,train,rise,2.500,1607157045.480,1607157045.980
VisTouch_spandex_f6_r1_v1_seg04a_c006,VisTouch_spandex_f6_r1_v1_seg04a,spandex_f6_r1_v1,spandex,5,6,train,rise,3.000,1607157045.980,1607157046.480
VisTouch_spandex_f6_r1_v1_seg04a_c007,VisTouch_spandex_f6_r1_v1_seg04a,spandex_f6_r1_v1,spandex,5,6,train,rise,3.500,1607157046.480,1607157046.980
VisTouch_spandex_f6_r1_v1_seg04a_c008,VisTouch_spandex_f6_r1_v1_seg04a,spandex_f6_r1_v1,spandex,5,6,train,rise,4.000,1607157046.980,1607157047.480
VisTouch_spandex_f6_r1_v1_seg04a_c009,VisTouch_spandex_f6_r1_v1_seg04a,spandex_f6_r1_v1,spandex,5,6,train,rise,4.500,1607157047.480,1607157047.980
VisTouch_spandex_f6_r1_v1_seg04a_c010,VisTouch_spandex_f6_r1_v1_seg04a,spandex_f6_r1_v1,spandex,5,6,train,rise,5.000,1607157047.980,1607157048.480
VisTouch_spandex_f6_r1_v1_seg04a_c011,VisTouch_spandex_f6_r1_v1_seg04a,spandex_f6_r1_v1,spandex,5,6,train,rise,5.500,1607157048.480,1607157048.980
VisTouch_spandex_f6_r1_v1_seg04b_c000,VisTouch_spandex_f6_r1_v1_seg04b,spandex_f6_r1_v1,spandex,5,6,train,fall,0.000,1607157049.390,1607157049.890
VisTouch_spandex_f6_r1_v1_seg04b_c001,VisTouch_spandex_f6_r1_v1_seg04b,spandex_f6_r1_v1,spandex,5,6,train,fall,0.500,1607157049.890,1607157050.390
VisTouch_spandex_f6_r1_v1_seg04b_c002,VisTouch_spandex_f6_r1_v1_seg04b,spandex_f6_r1_v1,spandex,5,6,train,fall,1.000,1607157050.390,1607157050.890
VisTouch_spandex_f6_r1_v1_seg04b_c003,VisTouch_spandex_f6_r1_v1_seg04b,spandex_f6_r1_v1,spandex,5,6,train,fall,1.500,1607157050.890,1607157051.390
VisTouch_spandex_f6_r1_v1_seg04b_c004,VisTouch_spandex_f6_r1_v1_seg04b,spandex_f6_r1_v1,spandex,5,6,train,fall,2.000,1607157051.390,1607157051.890
VisTouch_spandex_f6_r1_v1_seg04b_c005,VisTouch_spandex_f6_r1_v1_seg04b,spandex_f6_r1_v1,spandex,5,6,train,fall,2.500,1607157051.890,1607157052.390
VisTouch_spandex_f6_r1_v1_seg04b_c006,VisTouch_spandex_f6_r1_v1_seg04b,spandex_f6_r1_v1,spandex,5,6,train,fall,3.000,1607157052.390,1607157052.890
VisTouch_spandex_f6_r1_v1_seg05a_c000,VisTouch_spandex_f6_r1_v1_seg05a,spandex_f6_r1_v1,spandex,5,6,train,rise,0.000,1607157053.240,1607157053.740
VisTouch_spandex_f6_r1_v1_seg05a_c001,VisTouch_spandex_f6_r1_v1_seg05a,spandex_f6_r1_v1,spandex,5,6,train,rise,0.500,1607157053.740,1607157054.240
VisTouch_spandex_f6_r1_v1_seg05a_c002,VisTouch_spandex_f6_r1_v1_seg05a,spandex_f6_r1_v1,spandex,5,6,train,rise,1.000,1607157054.240,1607157054.740
VisTouch_spandex_f6_r1_v1_seg05a_c003,VisTouch_spandex_f6_r1_v1_seg05a,spandex_f6_r1_v1,spandex,5,6,train,rise,1.500,1607157054.740,1607157055.240
VisTouch_spandex_f6_r1_v1_seg05a_c004,VisTouch_spandex_f6_r1_v1_seg05a,spandex_f6_r1_v1,spandex,5,6,train,rise,2.000,1607157055.240,1607157055.740
VisTouch_spandex_f6_r1_v1_seg05a_c005,VisTouch_spandex_f6_r1_v1_seg05a,spandex_f6_r1_v1,spandex,5,6,train,rise,2.500,1607157055.740,1607157056.240
VisTouch_spandex_f6_r1_v1_seg05a_c006,VisTouch_spandex_f6_r1_v1_seg05a,spandex_f6_r1_v1,spandex,5,6,train,rise,3.000,1607157056.240,1607157056.740
VisTouch_spandex_f6_r1_v1_seg05a_c007,VisTouch_spandex_f6_r1_v1_seg05a,spandex_f6_r1_v1,spandex,5,6,train,rise,3.500,1607157056.740,1607157057.240
VisTouch_spandex_f6_r1_v1_seg05a_c008,VisTouch_spandex_f6_r1_v1_seg05a,spandex_f6_r1_v1,spandex,5,6,train,rise,4.000,1607157057.240,1607157057.740
VisTouch_spandex_f6_r1_v1_seg05a_c009,VisTouch_spandex_f6_r1_v1_seg05a,spandex_f6_r1_v1,spandex,5,6,train,rise,4.500,1607157057.740,1607157058.240
VisTouch_spandex_f6_r1_v1_seg05a_c010,VisTouch_spandex_f6_r1_v1_seg05a,spandex_f6_r1_v1,spandex,5,6,train,rise,5.000,1607157058.240,1607157058.740
VisTouch_spandex_f6_r1_v1_seg05a_c011,VisTouch_spandex_f6_r1_v1_seg05a,spandex_f6_r1_v1,spandex,5,6,train,rise,5.500,1607157058.740,1607157059.240
VisTouch_spandex_f6_r1_v1_seg05b_c000,VisTouch_spandex_f6_r1_v1_seg05b,spandex_f6_r1_v1,spandex,5,6,train,fall,0.000,1607157059.600,1607157060.100
VisTouch_spandex_f6_r1_v1_seg05b_c001,VisTouch_spandex_f6_r1_v1_seg05b,spandex_f6_r1_v1,spandex,5,6,train,fall,0.500,1607157060.100,1607157060.600
VisTouch_spandex_f6_r1_v1_seg05b_c002,VisTouch_spandex_f6_r1_v1_seg05b,spandex_f6_r1_v1,spandex,5,6,train,fall,1.000,1607157060.600,1607157061.100
VisTouch_spandex_f6_r1_v1_seg05b_c003,VisTouch_spandex_f6_r1_v1_seg05b,spandex_f6_r1_v1,spandex,5,6,train,fall,1.500,1607157061.100,1607157061.600
VisTouch_spandex_f6_r1_v1_seg05b_c004,VisTouch_spandex_f6_r1_v1_seg05b,spandex_f6_r1_v1,spandex,5,6,train,fall,2.000,1607157061.600,1607157062.100
VisTouch_spandex_f6_r1_v1_seg05b_c005,VisTouch_spandex_f6_r1_v1_seg05b,spandex_f6_r1_v1,spandex,5,6,train,fall,2.500,1607157062.100,1607157062.600
VisTouch_spandex_f6_r1_v1_seg05b_c006,VisTouch_spandex_f6_r1_v1_seg05b,spandex_f6_r1_v1,spandex,5,6,train,fall,3.000,1607157062.600,1607157063.100
VisTouch_spandex_f6_r1_v1_idle02_c000,VisTouch_spandex_f6_r1_v1_idle02,spandex_f6_r1_v1,spandex,5,6,train,idle,0.000,1607157063.460,1607157063.960
VisTouch_spandex_f6_r1_v1_idle02_c001,VisTouch_spandex_f6_r1_v1_idle02,spandex_f6_r1_v1,spandex,5,6,train,idle,0.500,1607157063.960,1607157064.460
VisTouch_spandex_f6_r1_v1_idle02_c002,VisTouch_spandex_f6_r1_v1_idle02,spandex_f6_r1_v1,spandex,5,6,train,idle,1.000,1607157064.460,1607157064.960
VisTouch_spandex_f6_r1_v1_idle02_c003,VisTouch_spandex_f6_r1_v1_idle02,spandex_f6_r1_v1,spandex,5,6,train,idle,1.500,1607157064.960,1607157065.460
VisTouch_spandex_f6_r1_v1_idle02_c004,VisTouch_spandex_f6_r1_v1_idle02,spandex_f6_r1_v1,spandex,5,6,train,idle,2.000,1607157065.460,1607157065.960
VisTouch_spandex_f6_r1_v1_idle02_c005,VisTouch_spandex_f6_r1_v1_idle02,spandex_f6_r1_v1,spandex,5,6,train,idle,2.500,1607157065.960,1607157066.460
VisTouch_spandex_f6_r1_v1_idle02_c006,VisTouch_spandex_f6_r1_v1_idle02,spandex_f6_r1_v1,spandex,5,6,train,idle,3.000,1607157066.460,1607157066.960
VisTouch_spandex_f6_r1_v1_idle02_c007,VisTouch_spandex_f6_r1_v1_idle02,spandex_f6_r1_v1,spandex,5,6,train,idle,3.500,1607157066.960,1607157067.460
VisTouch_spandex_f6_r1_v1_idle02_c008,VisTouch_spandex_f6_r1_v1_idle02,spandex_f6_r1_v1,spandex,5,6,train,idle,4.000,1607157067.460,1607157067.960
VisTouch_spandex_f6_r1_v1_idle02_c009,VisTouch_spandex_f6_r1_v1_idle02,spandex_f6_r1_v1,spandex,5,6,train,idle,4.500,1607157067.960,1607157068.460
VisTouch_spandex_f6_r1_v1_idle02_c010,VisTouch_spandex_f6_r1_v1_idle02,spandex_f6_r1_v1,spandex,5,6,train,idle,5.000,1607157068.460,1607157068.960
VisTouch_spandex_f6_r1_v1_idle02_c011,VisTouch_spandex_f6_r1_v1_idle02,spandex_f6_r1_v1,spandex,5,6,train,idle,5.500,1607157068.960,1607157069.460
VisTouch_spandex_f6_r1_v1_idle03_c000,VisTouch_spandex_f6_r1_v1_idle03,spandex_f6_r1_v1,spandex,5,6,train,idle,0.000,1607157069.726,1607157070.226
VisTouch_spandex_f6_r1_v1_idle03_c001,VisTouch_spandex_f6_r1_v1_idle03,spandex_f6_r1_v1,spandex,5,6,train,idle,0.500,1607157070.226,1607157070.726
VisTouch_spandex_f6_r1_v1_idle03_c002,VisTouch_spandex_f6_r1_v1_idle03,spandex_f6_r1_v1,spandex,5,6,train,idle,1.000,1607157070.726,1607157071.226
VisTouch_spandex_f6_r1_v1_idle03_c003,VisTouch_spandex_f6_r1_v1_idle03,spandex_f6_r1_v1,spandex,5,6,train,idle,1.500,1607157071.226,1607157071.726
VisTouch_spandex_f6_r1_v1_idle03_c004,VisTouch_spandex_f6_r1_v1_idle03,spandex_f6_r1_v1,spandex,5,6,train,idle,2.000,1607157071.726,1607157072.226
VisTouch_spandex_f6_r1_v1_idle03_c005,VisTouch_spandex_f6_r1_v1_idle03,spandex_f6_r1_v1,spandex,5,6,train,idle,2.500,1607157072.226,1607157072.726
VisTouch_spandex_f6_r1_v1_idle03_c006,VisTouch_spandex_f6_r1_v1_idle03,spandex_f6_r1_v1,spandex,5,6,train,idle,3.000,1607157072.726,1607157073.226
VisTouch_spandex_f6_r1_v1_idle03_c007,VisTouch_spandex_f6_r1_v1_idle03,spandex_f6_r1_v1,spandex,5,6,train,idle,3.500,1607157073.226,1607157073.726
VisTouch_spandex_f6_r1_v1_idle03_c008,VisTouch_spandex_f6_r1_v1_idle03,spandex_f6_r1_v1,spandex,5,6,train,idle,4.000,1607157073.726,1607157074.226
VisTouch_spandex_f6_r1_v1_idle03_c009,VisTouch_spandex_f6_r1_v1_idle03,spandex_f6_r1_v1,spandex,5,6,train,idle,4.500,1607157074.226,1607157074.726
VisTouch_spandex_f6_r1_v1_idle03_c010,VisTouch_spandex_f6_r1_v1_idle03,spandex_f6_r1_v1,spandex,5,6,train,idle,5.000,1607157074.726,1607157075.226
VisTouch_spandex_f6_r1_v1_idle03_c011,VisTouch_spandex_f6_r1_v1_idle03,spandex_f6_r1_v1,spandex,5,6,train,idle,5.500,1607157075.226,1607157075.726
VisTouch_spandex_f9_r1_v1_idle01_c000,VisTouch_spandex_f9_r1_v1_idle01,spandex_f9_r1_v1,spandex,5,9,test,idle,0.000,1607157237.000,1607157237.500
VisTouch_spandex_f9_r1_v1_idle01_c001,VisTouch_spandex_f9_r1_v1_idle01,spandex_f9_r1_v1,spandex,5,9,test,idle,0.500,1607157237.500,1607157238.000
VisTouch_spandex_f9_r1_v1_idle01_c002,VisTouch_spandex_f9_r1_v1_idle01,spandex_f9_r1_v1,spandex,5,9,test,idle,1.000,1607157238.000,1607157238.500
VisTouch_spandex_f9_r1_v1_idle01_c003,VisTouch_spandex_f9_r1_v1_idle01,spandex_f9_r1_v1,spandex,5,9,test,idle,1.500,1607157238.500,1607157239.000
VisTouch_spandex_f9_r1_v1_idle01_c004,VisTouch_spandex_f9_r1_v1_idle01,spandex_f9_r1_v1,spandex,5,9,test,idle,2.000,1607157239.000,1607157239.500
VisTouch_spandex_f9_r1_v1_idle01_c005,VisTouch_spandex_f9_r1_v1_idle01,spandex_f9_r1_v1,spandex,5,9,test,idle,2.500,1607157239.500,1607157240.000
VisTouch_spandex_f9_r1_v1_idle01_c006,VisTouch_spandex_f9_r1_v1_idle01,spandex_f9_r1_v1,spandex,5,9,test,idle,3.000,1607157240.000,1607157240.500
VisTouch_spandex_f9_r1_v1_idle01_c007,VisTouch_spandex_f9_r1_v1_idle01,spandex_f9_r1_v1,spandex,5,9,test,idle,3.500,1607157240.500,1607157241.000
VisTouch_spandex_f9_r1_v1_idle01_c008,VisTouch_spandex_f9_r1_v1_idle01,spandex_f9_r1_v1,spandex,5,9,test,idle,4.000,1607157241.000,1607157241.500
VisTouch_spandex_f9_r1_v1_idle01_c009,VisTouch_spandex_f9_r1_v1_idle01,spandex_f9_r1_v1,spandex,5,9,test,idle,4.500,1607157241.500,1607157242.000
VisTouch_spandex_f9_r1_v1_idle01_c010,VisTouch_spandex_f9_r1_v1_idle01,spandex_f9_r1_v1,spandex,5,9,test,idle,5.000,1607157242.000,1607157242.500
VisTouch_spandex_f9_r1_v1_idle01_c011,VisTouch_spandex_f9_r1_v1_idle01,spandex_f9_r1_v1,spandex,5,9,test,idle,5.500,1607157242.500,1607157243.000
VisTouch_spandex_f9_r1_v1_seg01a_c000,VisTouch_spandex_f9_r1_v1_seg01a,spandex_f9_r1_v1,spandex,5,9,test,rise,0.000,1607157243.060,1607157243.560
VisTouch_spandex_f9_r1_v1_seg01a_c001,VisTouch_spandex_f9_r1_v1_seg01a,spandex_f9_r1_v1,spandex,5,9,test,rise,0.500,1607157243.560,1607157244.060
VisTouch_spandex_f9_r1_v1_seg01a_c002,VisTouch_spandex_f9_r1_v1_seg01a,spandex_f9_r1_v1,spandex,5,9,test,rise,1.000,1607157244.060,1607157244.560
VisTouch_spandex_f9_r1_v1_seg01a_c003,VisTouch_spandex_f9_r1_v1_seg01a,spandex_f9_r1_v1,spandex,5,9,test,rise,1.500,1607157244.560,1607157245.060
VisTouch_spandex_f9_r1_v1_seg01a_c004,VisTouch_spandex_f9_r1_v1_seg01a,spandex_f9_r1_v1,spandex,5,9,test,rise,2.000,1607157245.060,1607157245.560
VisTouch_spandex_f9_r1_v1_seg01a_c005,VisTouch_spandex_f9_r1_v1_seg01a,spandex_f9_r1_v1,spandex,5,9,test,rise,2.500,1607157245.560,1607157246.060
VisTouch_spandex_f9_r1_v1_seg01a_c006,VisTouch_spandex_f9_r1_v1_seg01a,spandex_f9_r1_v1,spandex,5,9,test,rise,3.000,1607157246.060,1607157246.560
VisTouch_spandex_f9_r1_v1_seg01a_c007,VisTouch_spandex_f9_r1_v1_seg01a,spandex_f9_r1_v1,spandex,5,9,test,rise,3.500,1607157246.560,1607157247.060
VisTouch_spandex_f9_r1_v1_seg01a_c008,VisTouch_spandex_f9_r1_v1_seg01a,spandex_f9_r1_v1,spandex,5,9,test,rise,4.000,1607157247.060,1607157247.560
VisTouch_spandex_f9_r1_v1_seg01a_c009,VisTouch_spandex_f9_r1_v1_seg01a,spandex_f9_r1_v1,spandex,5,9,test,rise,4.500,1607157247.560,1607157248.060
VisTouch_spandex_f9_r1_v1_seg01a_c010,VisTouch_spandex_f9_r1_v1_seg01a,spandex_f9_r1_v1,spandex,5,9,test,rise,5.000,1607157248.060,1607157248.560
VisTouch_spandex_f9_r1_v1_seg01a_c011,VisTouch_spandex_f9_r1_v1_seg01a,spandex_f9_r1_v1,spandex,5,9,test,rise,5.500,1607157248.560,1607157249.060
VisTouch_spandex_f9_r1_v1_seg01b_c000,VisTouch_spandex_f9_r1_v1_seg01b,spandex_f9_r1_v1,spandex,5,9,test,fall,0.000,1607157249.480,1607157249.980
VisTouch_spandex_f9_r1_v1_seg01b_c001,VisTouch_spandex_f9_r1_v1_seg01b,spandex_f9_r1_v1,spandex,5,9,test,fall,0.500,1607157249.980,1607157250.480
VisTouch_spandex_f9_r1_v1_seg01b_c002,VisTouch_spandex_f9_r1_v1_seg01b,spandex_f9_r1_v1,spandex,5,9,test,fall,1.000,1607157250.480,1607157250.980
VisTouch_spandex_f9_r1_v1_seg01b_c003,VisTouch_spandex_f9_r1_v1_seg01b,spandex_f9_r1_v1,spandex,5,9,test,fall,1.500,1607157250.980,1607157251.480
VisTouch_spandex_f9_r1_v1_seg01b_c004,VisTouch_spandex_f9_r1_v1_seg01b,spandex_f9_r1_v1,spandex,5,9,test,fall,2.000,1607157251.480,1607157251.980
VisTouch_spandex_f9_r1_v1_seg01b_c005,VisTouch_spandex_f9_r1_v1_seg01b,spandex_f9_r1_v1,spandex,5,9,test,fall,2.500,1607157251.980,1607157252.480
VisTouch_spandex_f9_r1_v1_seg01b_c006,VisTouch_spandex_f9_r1_v1_seg01b,spandex_f9_r1_v1,spandex,5,9,test,fall,3.000,1607157252.480,1607157252.980
VisTouch_spandex_f9_r1_v1_seg02a_c000,VisTouch_spandex_f9_r1_v1_seg02a,spandex_f9_r1_v1,spandex,5,9,test,rise,0.000,1607157253.280,1607157253.780
VisTouch_spandex_f9_r1_v1_seg02a_c001,VisTouch_spandex_f9_r1_v1_seg02a,spandex_f9_r1_v1,spandex,5,9,test,rise,0.500,1607157253.780,1607157254.280
VisTouch_spandex_f9_r1_v1_seg02a_c002,VisTouch_spandex_f9_r1_v1_seg02a,spandex_f9_r1_v1,spandex,5,9,test,rise,1.000,1607157254.280,1607157254.780
VisTouch_spandex_f9_r1_v1_seg02a_c003,VisTouch_spandex_f9_r1_v1_seg02a,spandex_f9_r1_v1,spandex,5,9,test,rise,1.500,1607157254.780,1607157255.280
VisTouch_spandex_f9_r1_v1_seg02a_c004,VisTouch_spandex_f9_r1_v1_seg02a,spandex_f9_r1_v1,spandex,5,9,test,rise,2.000,1607157255.280,1607157255.780
VisTouch_spandex_f9_r1_v1_seg02a_c005,VisTouch_spandex_f9_r1_v1_seg02a,spandex_f9_r1_v1,spandex,5,9,test,rise,2.500,1607157255.780,1607157256.280
VisTouch_spandex_f9_r1_v1_seg02a_c006,VisTouch_spandex_f9_r1_v1_seg02a,spandex_f9_r1_v1,spandex,5,9,test,rise,3.000,1607157256.280,1607157256.780
VisTouch_spandex_f9_r1_v1_seg02a_c007,VisTouch_spandex_f9_r1_v1_seg02a,spandex_f9_r1_v1,spandex,5,9,test,rise,3.500,1607157256.780,1607157257.280
VisTouch_spandex_f9_r1_v1_seg02a_c008,VisTouch_spandex_f9_r1_v1_seg02a,spandex_f9_r1_v1,spandex,5,9,test,rise,4.000,1607157257.280,1607157257.780
VisTouch_spandex_f9_r1_v1_seg02a_c009,VisTouch_spandex_f9_r1_v1_seg02a,spandex_f9_r1_v1,spandex,5,9,test,rise,4.500,1607157257.780,1607157258.280
VisTouch_spandex_f9_r1_v1_seg02a_c010,VisTouch_spandex_f9_r1_v1_seg02a,spandex_f9_r1_v1,spandex,5,9,test,rise,5.000,1607157258.280,1607157258.780
VisTouch_spandex_f9_r1_v1_seg02a_c011,VisTouch_spandex_f9_r1_v1_seg02a,spandex_f9_r1_v1,spandex,5,9,test,rise,5.500,1607157258.780,1607157259.280
VisTouch_spandex_f9_r1_v1_seg02b_c000,VisTouch_spandex_f9_r1_v1_seg02b,spandex_f9_r1_v1,spandex,5,9,test,fall,0.000,1607157259.550,1607157260.050
VisTouch_spandex_f9_r1_v1_seg02b_c001,VisTouch_spandex_f9_r1_v1_seg02b,spandex_f9_r1_v1,spandex,5,9,test,fall,0.500,1607157260.050,1607157260.550
VisTouch_spandex_f9_r1_v1_seg02b_c002,VisTouch_spandex_f9_r1_v1_seg02b,spandex_f9_r1_v1,spandex,5,9,test,fall,1.000,1607157260.550,1607157261.050
VisTouch_spandex_f9_r1_v1_seg02b_c003,VisTouch_spandex_f9_r1_v1_seg02b,spandex_f9_r1_v1,spandex,5,9,test,fall,1.500,1607157261.050,1607157261.550
VisTouch_spandex_f9_r1_v1_seg02b_c004,VisTouch_spandex_f9_r1_v1_seg02b,spandex_f9_r1_v1,spandex,5,9,test,fall,2.000,1607157261.550,1607157262.050
VisTouch_spandex_f9_r1_v1_seg02b_c005,VisTouch_spandex_f9_r1_v1_seg02b,spandex_f9_r1_v1,spandex,5,9,test,fall,2.500,1607157262.050,1607157262.550
VisTouch_spandex_f9_r1_v1_seg02b_c006,VisTouch_spandex_f9_r1_v1_seg02b,spandex_f9_r1_v1,spandex,5,9,test,fall,3.000,1607157262.550,1607157263.050
VisTouch_spandex_f9_r1_v1_seg03a_c000,VisTouch_spandex_f9_r1_v1_seg03a,spandex_f9_r1_v1,spandex,5,9,test,rise,0.000,1607157263.460,1607157263.960
VisTouch_spandex_f9_r1_v1_seg03a_c001,VisTouch_spandex_f9_r1_v1_seg03a,spandex_f9_r1_v1,spandex,5,9,test,rise,0.500,1607157263.960,1607157264.460
VisTouch_spandex_f9_r1_v1_seg03a_c002,VisTouch_spandex_f9_r1_v1_seg03a,spandex_f9_r1_v1,spandex,5,9,test,rise,1.000,1607157264.460,1607157264.960
VisTouch_spandex_f9_r1_v1_seg03a_c003,VisTouch_spandex_f9_r1_v1_seg03a,spandex_f9_r1_v1,spandex,5,9,test,rise,1.500,1607157264.960,1607157265.460
VisTouch_spandex_f9_r1_v1_seg03a_c004,VisTouch_spandex_f9_r1_v1_seg03a,spandex_f9_r1_v1,spandex,5,9,test,rise,2.000,1607157265.460,1607157265.960
VisTouch_spandex_f9_r1_v1_seg03a_c005,VisTouch_spandex_f9_r1_v1_seg03a,spandex_f9_r1_v1,spandex,5,9,test,rise,2.500,1607157265.960,1607157266.460
VisTouch_spandex_f9_r1_v1_seg03a_c006,VisTouch_spandex_f9_r1_v1_seg03a,spandex_f9_r1_v1,spandex,5,9,test,rise,3.000,1607157266.460,1607157266.960
VisTouch_spandex_f9_r1_v1_seg03a_c007,VisTouch_spandex_f9_r1_v1_seg03a,spandex_f9_r1_v1,spandex,5,9,test,rise,3.500,1607157266.960,1607157267.460
VisTouch_spandex_f9_r1_v1_seg03a_c008,VisTouch_spandex_f9_r1_v1_seg03a,spandex_f9_r1_v1,spandex,5,9,test,rise,4.000,1607157267.460,1607157267.960
VisTouch_spandex_f9_r1_v1_seg03a_c009,VisTouch_spandex_f9_r1_v1_seg03a,spandex_f9_r1_v1,spandex,5,9,test,rise,4.500,1607157267.960,1607157268.460
VisTouch_spandex_f9_r1_v1_seg03a_c010,VisTouch_spandex_f9_r1_v1_seg03a,spandex_f9_r1_v1,spandex,5,9,test,rise,5.000,1607157268.460,1607157268.960
VisTouch_spandex_f9_r1_v1_seg03a_c011,VisTouch_spandex_f9_r1_v1_seg03a,spandex_f9_r1_v1,spandex,5,9,test,rise,5.500,1607157268.960,1607157269.460
VisTouch_spandex_f9_r1_v1_seg03b_c000,VisTouch_spandex_f9_r1_v1_seg03b,spandex_f9_r1_v1,spandex,5,9,test,fall,0.000,1607157269.760,1607157270.260
VisTouch_spandex_f9_r1_v1_seg03b_c001,VisTouch_spandex_f9_r1_v1_seg03b,spandex_f9_r1_v1,spandex,5,9,test,fall,0.500,1607157270.260,1607157270.760
VisTouch_spandex_f9_r1_v1_seg03b_c002,VisTouch_spandex_f9_r1_v1_seg03b,spandex_f9_r1_v1,spandex,5,9,test,fall,1.000,1607157270.760,1607157271.260
VisTouch_spandex_f9_r1_v1_seg03b_c003,VisTouch_spandex_f9_r1_v1_seg03b,spandex_f9_r1_v1,spandex,5,9,test,fall,1.500,1607157271.260,1607157271.760
VisTouch_spandex_f9_r1_v1_seg03b_c004,VisTouch_spandex_f9_r1_v1_seg03b,spandex_f9_r1_v1,spandex,5,9,test,fall,2.000,1607157271.760,1607157272.260
VisTouch_spandex_f9_r1_v1_seg03b_c005,VisTouch_spandex_f9_r1_v1_seg03b,spandex_f9_r1_v1,spandex,5,9,test,fall,2.500,1607157272.260,1607157272.760
VisTouch_spandex_f9_r1_v1_seg03b_c006,VisTouch_spandex_f9_r1_v1_seg03b,spandex_f9_r1_v1,spandex,5,9,test,fall,3.000,1607157272.760,1607157273.260
VisTouch_spandex_f9_r1_v1_seg04a_c000,VisTouch_spandex_f9_r1_v1_seg04a,spandex_f9_r1_v1,spandex,5,9,test,rise,0.000,1607157273.640,1607157274.140
VisTouch_spandex_f9_r1_v1_seg04a_c001,VisTouch_spandex_f9_r1_v1_seg04a,spandex_f9_r1_v1,spandex,5,9,test,rise,0.500,1607157274.140,1607157274.640
VisTouch_spandex_f9_r1_v1_seg04a_c002,VisTouch_spandex_f9_r1_v1_seg04a,spandex_f9_r1_v1,spandex,5,9,test,rise,1.000,1607157274.640,1607157275.140
VisTouch_spandex_f9_r1_v1_seg04a_c003,VisTouch_spandex_f9_r1_v1_seg04a,spandex_f9_r1_v1,spandex,5,9,test,rise,1.500,1607157275.140,1607157275.640
VisTouch_spandex_f9_r1_v1_seg04a_c004,VisTouch_spandex_f9_r1_v1_seg04a,spandex_f9_r1_v1,spandex,5,9,test,rise,2.000,1607157275.640,1607157276.140
VisTouch_spandex_f9_r1_v1_seg04a_c005,VisTouch_spandex_f9_r1_v1_seg04a,spandex_f9_r1_v1,spandex,5,9,test,rise,2.500,1607157276.140,1607157276.640
VisTouch_spandex_f9_r1_v1_seg04a_c006,VisTouch_spandex_f9_r1_v1_seg04a,spandex_f9_r1_v1,spandex,5,9,test,rise,3.000,1607157276.640,1607157277.140
VisTouch_spandex_f9_r1_v1_seg04a_c007,VisTouch_spandex_f9_r1_v1_seg04a,spandex_f9_r1_v1,spandex,5,9,test,rise,3.500,1607157277.140,1607157277.640
VisTouch_spandex_f9_r1_v1_seg04a_c008,VisTouch_spandex_f9_r1_v1_seg04a,spandex_f9_r1_v1,spandex,5,9,test,rise,4.000,1607157277.640,1607157278.140
VisTouch_spandex_f9_r1_v1_seg04a_c009,VisTouch_spandex_f9_r1_v1_seg04a,spandex_f9_r1_v1,spandex,5,9,test,rise,4.500,1607157278.140,1607157278.640
VisTouch_spandex_f9_r1_v1_seg04a_c010,VisTouch_spandex_f9_r1_v1_seg04a,spandex_f9_r1_v1,spandex,5,9,test,rise,5.000,1607157278.640,1607157279.140
VisTouch_spandex_f9_r1_v1_seg04a_c011,VisTouch_spandex_f9_r1_v1_seg04a,spandex_f9_r1_v1,spandex,5,9,test,rise,5.500,1607157279.140,1607157279.640
VisTouch_spandex_f9_r1_v1_seg04b_c000,VisTouch_spandex_f9_r1_v1_seg04b,spandex_f9_r1_v1,spandex,5,9,test,fall,0.000,1607157279.980,1607157280.480
VisTouch_spandex_f9_r1_v1_seg04b_c001,VisTouch_spandex_f9_r1_v1_seg04b,spandex_f9_r1_v1,spandex,5,9,test,fall,0.500,1607157280.480,1607157280.980
VisTouch_spandex_f9_r1_v1_seg04b_c002,VisTouch_spandex_f9_r1_v1_seg04b,spandex_f9_r1_v1,spandex,5,9,test,fall,1.000,1607157280.980,1607157281.480
VisTouch_spandex_f9_r1_v1_seg04b_c003,VisTouch_spandex_f9_r1_v1_seg04b,spandex_f9_r1_v1,spandex,5,9,test,fall,1.500,1607157281.480,1607157281.980
VisTouch_spandex_f9_r1_v1_seg04b_c004,VisTouch_spandex_f9_r1_v1_seg04b,spandex_f9_r1_v1,spandex,5,9,test,fall,2.000,1607157281.980,1607157282.480
VisTouch_spandex_f9_r1_v1_seg04b_c005,VisTouch_spandex_f9_r1_v1_seg04b,spandex_f9_r1_v1,spandex,5,9,test,fall,2.500,1607157282.480,1607157282.980
VisTouch_spandex_f9_r1_v1_seg04b_c006,VisTouch_spandex_f9_r1_v1_seg04b,spandex_f9_r1_v1,spandex,5,9,test,fall,3.000,1607157282.980,1607157283.480
VisTouch_spandex_f9_r1_v1_seg05a_c000,VisTouch_spandex_f9_r1_v1_seg05a,spandex_f9_r1_v1,spandex,5,9,test,rise,0.000,1607157283.800,1607157284.300
VisTouch_spandex_f9_r1_v1_seg05a_c001,VisTouch_spandex_f9_r1_v1_seg05a,spandex_f9_r1_v1,spandex,5,9,test,rise,0.500,1607157284.300,1607157284.800
VisTouch_spandex_f9_r1_v1_seg05a_c002,VisTouch_spandex_f9_r1_v1_seg05a,spandex_f9_r1_v1,spandex,5,9,test,rise,1.000,1607157284.800,1607157285.300
VisTouch_spandex_f9_r1_v1_seg05a_c003,VisTouch_spandex_f9_r1_v1_seg05a,spandex_f9_r1_v1,spandex,5,9,test,rise,1.500,1607157285.300,1607157285.800
VisTouch_spandex_f9_r1_v1_seg05a_c004,VisTouch_spandex_f9_r1_v1_seg05a,spandex_f9_r1_v1,spandex,5,9,test,rise,2.000,1607157285.800,1607157286.300
VisTouch_spandex_f9_r1_v1_seg05a_c005,VisTouch_spandex_f9_r1_v1_seg05a,spandex_f9_r1_v1,spandex,5,9,test,rise,2.500,1607157286.300,1607157286.800
VisTouch_spandex_f9_r1_v1_seg05a_c006,VisTouch_spandex_f9_r1_v1_seg05a,spandex_f9_r1_v1,spandex,5,9,test,rise,3.000,1607157286.800,1607157287.300
VisTouch_spandex_f9_r1_v1_seg05a_c007,VisTouch_spandex_f9_r1_v1_seg05a,spandex_f9_r1_v1,spandex,5,9,test,rise,3.500,1607157287.300,1607157287.800
VisTouch_spandex_f9_r1_v1_seg05a_c008,VisTouch_spandex_f9_r1_v1_seg05a,spandex_f9_r1_v1,spandex,5,9,test,rise,4.000,1607157287.800,1607157288.300
VisTouch_spandex_f9_r1_v1_seg05a_c009,VisTouch_spandex_f9_r1_v1_seg05a,spandex_f9_r1_v1,spandex,5,9,test,rise,4.500,1607157288.300,1607157288.800
VisTouch_spandex_f9_r1_v1_seg05a_c010,VisTouch_spandex_f9_r1_v1_seg05a,spandex_f9_r1_v1,spandex,5,9,test,rise,5.000,1607157288.800,1607157289.300
VisTouch_spandex_f9_r1_v1_seg05a_c011,VisTouch_spandex_f9_r1_v1_seg05a,spandex_f9_r1_v1,spandex,5,9,test,rise,5.500,1607157289.300,1607157289.800
VisTouch_spandex_f9_r1_v1_seg05b_c000,VisTouch_spandex_f9_r1_v1_seg05b,spandex_f9_r1_v1,spandex,5,9,test,fall,0.000,1607157290.180,1607157290.680
VisTouch_spandex_f9_r1_v1_seg05b_c001,VisTouch_spandex_f9_r1_v1_seg05b,spandex_f9_r1_v1,spandex,5,9,test,fall,0.500,1607157290.680,1607157291.180
VisTouch_spandex_f9_r1_v1_seg05b_c002,VisTouch_spandex_f9_r1_v1_seg05b,spandex_f9_r1_v1,spandex,5,9,test,fall,1.000,1607157291.180,1607157291.680
VisTouch_spandex_f9_r1_v1_seg05b_c003,VisTouch_spandex_f9_r1_v1_seg05b,spandex_f9_r1_v1,spandex,5,9,test,fall,1.500,1607157291.680,1607157292.180
VisTouch_spandex_f9_r1_v1_seg05b_c004,VisTouch_spandex_f9_r1_v1_seg05b,spandex_f9_r1_v1,spandex,5,9,test,fall,2.000,1607157292.180,1607157292.680
VisTouch_spandex_f9_r1_v1_seg05b_c005,VisTouch_spandex_f9_r1_v1_seg05b,spandex_f9_r1_v1,spandex,5,9,test,fall,2.500,1607157292.680,1607157293.180
VisTouch_spandex_f9_r1_v1_seg05b_c006,VisTouch_spandex_f9_r1_v1_seg05b,spandex_f9_r1_v1,spandex,5,9,test,fall,3.000,1607157293.180,1607157293.680
VisTouch_spandex_f9_r1_v1_idle02_c000,VisTouch_spandex_f9_r1_v1_idle02,spandex_f9_r1_v1,spandex,5,9,test,idle,0.000,1607157293.980,1607157294.480
VisTouch_spandex_f9_r1_v1_idle02_c001,VisTouch_spandex_f9_r1_v1_idle02,spandex_f9_r1_v1,spandex,5,9,test,idle,0.500,1607157294.480,1607157294.980
VisTouch_spandex_f9_r1_v1_idle02_c002,VisTouch_spandex_f9_r1_v1_idle02,spandex_f9_r1_v1,spandex,5,9,test,idle,1.000,1607157294.980,1607157295.480
VisTouch_spandex_f9_r1_v1_idle02_c003,VisTouch_spandex_f9_r1_v1_idle02,spandex_f9_r1_v1,spandex,5,9,test,idle,1.500,1607157295.480,1607157295.980
VisTouch_spandex_f9_r1_v1_idle02_c004,VisTouch_spandex_f9_r1_v1_idle02,spandex_f9_r1_v1,spandex,5,9,test,idle,2.000,1607157295.980,1607157296.480
VisTouch_spandex_f9_r1_v1_idle02_c005,VisTouch_spandex_f9_r1_v1_idle02,spandex_f9_r1_v1,spandex,5,9,test,idle,2.500,1607157296.480,1607157296.980
VisTouch_spandex_f9_r1_v1_idle02_c006,VisTouch_spandex_f9_r1_v1_idle02,spandex_f9_r1_v1,spandex,5,9,test,idle,3.000,1607157296.980,1607157297.480
VisTouch_spandex_f9_r1_v1_idle02_c007,VisTouch_spandex_f9_r1_v1_idle02,spandex_f9_r1_v1,spandex,5,9,test,idle,3.500,1607157297.480,1607157297.980
VisTouch_spandex_f9_r1_v1_idle02_c008,VisTouch_spandex_f9_r1_v1_idle02,spandex_f9_r1_v1,spandex,5,9,test,idle,4.000,1607157297.980,1607157298.480
VisTouch_spandex_f9_r1_v1_idle02_c009,VisTouch_spandex_f9_r1_v1_idle02,spandex_f9_r1_v1,spandex,5,9,test,idle,4.500,1607157298.480,1607157298.980
VisTouch_spandex_f9_r1_v1_idle02_c010,VisTouch_spandex_f9_r1_v1_idle02,spandex_f9_r1_v1,spandex,5,9,test,idle,5.000,1607157298.980,1607157299.480
VisTouch_spandex_f9_r1_v1_idle02_c011,VisTouch_spandex_f9_r1_v1_idle02,spandex_f9_r1_v1,spandex,5,9,test,idle,5.500,1607157299.480,1607157299.980
VisTouch_spandex_f9_r1_v1_idle02_c012,VisTouch_spandex_f9_r1_v1_idle02,spandex_f9_r1_v1,spandex,5,9,test,idle,6.000,1607157299.980,1607157300.480
VisTouch_spandex_f9_r1_v1_idle02_c013,VisTouch_spandex_f9_r1_v1_idle02,spandex_f9_r1_v1,spandex,5,9,test,idle,6.500,1607157300.480,1607157300.980
VisTouch_spandex_f9_r1_v1_idle02_c014,VisTouch_spandex_f9_r1_v1_idle02,spandex_f9_r1_v1,spandex,5,9,test,idle,7.000,1607157300.980,1607157301.480
VisTouch_spandex_f9_r1_v1_idle03_c000,VisTouch_spandex_f9_r1_v1_idle03,spandex_f9_r1_v1,spandex,5,9,test,idle,0.000,1607157301.962,1607157302.462
VisTouch_spandex_f9_r1_v1_idle03_c001,VisTouch_spandex_f9_r1_v1_idle03,spandex_f9_r1_v1,spandex,5,9,test,idle,0.500,1607157302.462,1607157302.962
VisTouch_spandex_f9_r1_v1_idle03_c002,VisTouch_spandex_f9_r1_v1_idle03,spandex_f9_r1_v1,spandex,5,9,test,idle,1.000,1607157302.962,1607157303.462
VisTouch_spandex_f9_r1_v1_idle03_c003,VisTouch_spandex_f9_r1_v1_idle03,spandex_f9_r1_v1,spandex,5,9,test,idle,1.500,1607157303.462,1607157303.962
VisTouch_spandex_f9_r1_v1_idle03_c004,VisTouch_spandex_f9_r1_v1_idle03,spandex_f9_r1_v1,spandex,5,9,test,idle,2.000,1607157303.962,1607157304.462
VisTouch_spandex_f9_r1_v1_idle03_c005,VisTouch_spandex_f9_r1_v1_idle03,spandex_f9_r1_v1,spandex,5,9,test,idle,2.500,1607157304.462,1607157304.962
VisTouch_spandex_f9_r1_v1_idle03_c006,VisTouch_spandex_f9_r1_v1_idle03,spandex_f9_r1_v1,spandex,5,9,test,idle,3.000,1607157304.962,1607157305.462
VisTouch_spandex_f9_r1_v1_idle03_c007,VisTouch_spandex_f9_r1_v1_idle03,spandex_f9_r1_v1,spandex,5,9,test,idle,3.500,1607157305.462,1607157305.962
VisTouch_spandex_f9_r1_v1_idle03_c008,VisTouch_spandex_f9_r1_v1_idle03,spandex_f9_r1_v1,spandex,5,9,test,idle,4.000,1607157305.962,1607157306.462
VisTouch_spandex_f9_r1_v1_idle03_c009,VisTouch_spandex_f9_r1_v1_idle03,spandex_f9_r1_v1,spandex,5,9,test,idle,4.500,1607157306.462,1607157306.962
VisTouch_spandex_f9_r1_v1_idle03_c010,VisTouch_spandex_f9_r1_v1_idle03,spandex_f9_r1_v1,spandex,5,9,test,idle,5.000,1607157306.962,1607157307.462
VisTouch_spandex_f9_r1_v1_idle03_c011,VisTouch_spandex_f9_r1_v1_idle03,spandex_f9_r1_v1,spandex,5,9,test,idle,5.500,1607157307.462,1607157307.962
VisTouch_spandex_f9_r1_v1_idle03_c012,VisTouch_spandex_f9_r1_v1_idle03,spandex_f9_r1_v1,spandex,5,9,test,idle,6.000,1607157307.962,1607157308.462
VisTouch_spandex_f9_r1_v1_idle03_c013,VisTouch_spandex_f9_r1_v1_idle03,spandex_f9_r1_v1,spandex,5,9,test,idle,6.500,1607157308.462,1607157308.962
VisTouch_spandex_f9_r1_v1_idle03_c014,VisTouch_spandex_f9_r1_v1_idle03,spandex_f9_r1_v1,spandex,5,9,test,idle,7.000,1607157308.962,1607157309.462
VisTouch_stone_f3_r1_v1_idle01_c000,VisTouch_stone_f3_r1_v1_idle01,stone_f3_r1_v1,stone,6,3,train,idle,0.000,1607153171.000,1607153171.500
VisTouch_stone_f3_r1_v1_idle01_c001,VisTouch_stone_f3_r1_v1_idle01,stone_f3_r1_v1,stone,6,3,train,idle,0.500,1607153171.500,1607153172.000
VisTouch_stone_f3_r1_v1_idle01_c002,VisTouch_stone_f3_r1_v1_idle01,stone_f3_r1_v1,stone,6,3,train,idle,1.000,1607153172.000,1607153172.500
VisTouch_stone_f3_r1_v1_idle01_c003,VisTouch_stone_f3_r1_v1_idle01,stone_f3_r1_v1,stone,6,3,train,idle,1.500,1607153172.500,1607153173.000
VisTouch_stone_f3_r1_v1_idle01_c004,VisTouch_stone_f3_r1_v1_idle01,stone_f3_r1_v1,stone,6,3,train,idle,2.000,1607153173.000,1607153173.500
VisTouch_stone_f3_r1_v1_idle01_c005,VisTouch_stone_f3_r1_v1_idle01,stone_f3_r1_v1,stone,6,3,train,idle,2.500,1607153173.500,1607153174.000
VisTouch_stone_f3_r1_v1_idle01_c006,VisTouch_stone_f3_r1_v1_idle01,stone_f3_r1_v1,stone,6,3,train,idle,3.000,1607153174.000,1607153174.500
VisTouch_stone_f3_r1_v1_idle01_c007,VisTouch_stone_f3_r1_v1_idle01,stone_f3_r1_v1,stone,6,3,train,idle,3.500,1607153174.500,1607153175.000
VisTouch_stone_f3_r1_v1_idle01_c008,VisTouch_stone_f3_r1_v1_idle01,stone_f3_r1_v1,stone,6,3,train,idle,4.000,1607153175.000,1607153175.500
VisTouch_stone_f3_r1_v1_idle01_c009,VisTouch_stone_f3_r1_v1_idle01,stone_f3_r1_v1,stone,6,3,train,idle,4.500,1607153175.500,1607153176.000
VisTouch_stone_f3_r1_v1_idle01_c010,VisTouch_stone_f3_r1_v1_idle01,stone_f3_r1_v1,stone,6,3,train,idle,5.000,1607153176.000,1607153176.500
VisTouch_stone_f3_r1_v1_idle01_c011,VisTouch_stone_f3_r1_v1_idle01,stone_f3_r1_v1,stone,6,3,train,idle,5.500,1607153176.500,1607153177.000
VisTouch_stone_f3_r1_v1_seg01a_c000,VisTouch_stone_f3_r1_v1_seg01a,stone_f3_r1_v1,stone,6,3,train,rise,0.000,1607153177.020,1607153177.520
VisTouch_stone_f3_r1_v1_seg01a_c001,VisTouch_stone_f3_r1_v1_seg01a,stone_f3_r1_v1,stone,6,3,train,rise,0.500,1607153177.520,1607153178.020
VisTouch_stone_f3_r1_v1_seg01a_c002,VisTouch_stone_f3_r1_v1_seg01a,stone_f3_r1_v1,stone,6,3,train,rise,1.000,1607153178.020,1607153178.520
VisTouch_stone_f3_r1_v1_seg01a_c003,VisTouch_stone_f3_r1_v1_seg01a,stone_f3_r1_v1,stone,6,3,train,rise,1.500,1607153178.520,1607153179.020
VisTouch_stone_f3_r1_v1_seg01a_c004,VisTouch_stone_f3_r1_v1_seg01a,stone_f3_r1_v1,stone,6,3,train,rise,2.000,1607153179.020,1607153179.520
VisTouch_stone_f3_r1_v1_seg01a_c005,VisTouch_stone_f3_r1_v1_seg01a,stone_f3_r1_v1,stone,6,3,train,rise,2.500,1607153179.520,1607153180.020
VisTouch_stone_f3_r1_v1_seg01a_c006,VisTouch_stone_f3_r1_v1_seg01a,stone_f3_r1_v1,stone,6,3,train,rise,3.000,1607153180.020,1607153180.520
VisTouch_stone_f3_r1_v1_seg01a_c007,VisTouch_stone_f3_r1_v1_seg01a,stone_f3_r1_v1,stone,6,3,train,rise,3.500,1607153180.520,1607153181.020
VisTouch_stone_f3_r1_v1_seg01a_c008,VisTouch_stone_f3_r1_v1_seg01a,stone_f3_r1_v1,stone,6,3,train,rise,4.000,1607153181.020,1607153181.520
VisTouch_stone_f3_r1_v1_seg01a_c009,VisTouch_stone_f3_r1_v1_seg01a,stone_f3_r1_v1,stone,6,3,train,rise,4.500,1607153181.520,1607153182.020
VisTouch_stone_f3_r1_v1_seg01a_c010,VisTouch_stone_f3_r1_v1_seg01a,stone_f3_r1_v1,stone,6,3,train,rise,5.000,1607153182.020,1607153182.520
VisTouch_stone_f3_r1_v1_seg01a_c011,VisTouch_stone_f3_r1_v1_seg01a,stone_f3_r1_v1,stone,6,3,train,rise,5.500,1607153182.520,1607153183.020
VisTouch_stone_f3_r1_v1_seg01b_c000,VisTouch_stone_f3_r1_v1_seg01b,stone_f3_r1_v1,stone,6,3,train,fall,0.000,1607153183.250,1607153183.750
VisTouch_stone_f3_r1_v1_seg01b_c001,VisTouch_stone_f3_r1_v1_seg01b,stone_f3_r1_v1,stone,6,3,train,fall,0.500,1607153183.750,1607153184.250
VisTouch_stone_f3_r1_v1_seg01b_c002,VisTouch_stone_f3_r1_v1_seg01b,stone_f3_r1_v1,stone,6,3,train,fall,1.000,1607153184.250,1607153184.750
VisTouch_stone_f3_r1_v1_seg01b_c003,VisTouch_stone_f3_r1_v1_seg01b,stone_f3_r1_v1,stone,6,3,train,fall,1.500,1607153184.750,1607153185.250
VisTouch_stone_f3_r1_v1_seg01b_c004,VisTouch_stone_f3_r1_v1_seg01b,stone_f3_r1_v1,stone,6,3,train,fall,2.000,1607153185.250,1607153185.750
VisTouch_stone_f3_r1_v1_seg01b_c005,VisTouch_stone_f3_r1_v1_seg01b,stone_f3_r1_v1,stone,6,3,train,fall,2.500,1607153185.750,1607153186.250
VisTouch_stone_f3_r1_v1_seg01b_c006,VisTouch_stone_f3_r1_v1_seg01b,stone_f3_r1_v1,stone,6,3,train,fall,3.000,1607153186.250,1607153186.750
VisTouch_stone_f3_r1_v1_seg02a_c000,VisTouch_stone_f3_r1_v1_seg02a,stone_f3_r1_v1,stone,6,3,train,rise,0.000,1607153187.240,1607153187.740
VisTouch_stone_f3_r1_v1_seg02a_c001,VisTouch_stone_f3_r1_v1_seg02a,stone_f3_r1_v1,stone,6,3,train,rise,0.500,1607153187.740,1607153188.240
VisTouch_stone_f3_r1_v1_seg02a_c002,VisTouch_stone_f3_r1_v1_seg02a,stone_f3_r1_v1,stone,6,3,train,rise,1.000,1607153188.240,1607153188.740
VisTouch_stone_f3_r1_v1_seg02a_c003,VisTouch_stone_f3_r1_v1_seg02a,stone_f3_r1_v1,stone,6,3,train,rise,1.500,1607153188.740,1607153189.240
VisTouch_stone_f3_r1_v1_seg02a_c004,VisTouch_stone_f3_r1_v1_seg02a,stone_f3_r1_v1,stone,6,3,train,rise,2.000,1607153189.240,1607153189.740
VisTouch_stone_f3_r1_v1_seg02a_c005,VisTouch_stone_f3_r1_v1_seg02a,stone_f3_r1_v1,stone,6,3,train,rise,2.500,1607153189.740,1607153190.240
VisTouch_stone_f3_r1_v1_seg02a_c006,VisTouch_stone_f3_r1_v1_seg02a,stone_f3_r1_v1,stone,6,3,train,rise,3.000,1607153190.240,1607153190.740
VisTouch_stone_f3_r1_v1_seg02a_c007,VisTouch_stone_f3_r1_v1_seg02a,stone_f3_r1_v1,stone,6,3,train,rise,3.500,1607153190.740,1607153191.240
VisTouch_stone_f3_r1_v1_seg02a_c008,VisTouch_stone_f3_r1_v1_seg02a,stone_f3_r1_v1,stone,6,3,train,rise,4.000,1607153191.240,1607153191.740
VisTouch_stone_f3_r1_v1_seg02a_c009,VisTouch_stone_f3_r1_v1_seg02a,stone_f3_r1_v1,stone,6,3,train,rise,4.500,1607153191.740,1607153192.240
VisTouch_stone_f3_r1_v1_seg02a_c010,VisTouch_stone_f3_r1_v1_seg02a,stone_f3_r1_v1,stone,6,3,train,rise,5.000,1607153192.240,1607153192.740
VisTouch_stone_f3_r1_v1_seg02a_c011,VisTouch_stone_f3_r1_v1_seg02a,stone_f3_r1_v1,stone,6,3,train,rise,5.500,1607153192.740,1607153193.240
VisTouch_stone_f3_r1_v1_seg02b_c000,VisTouch_stone_f3_r1_v1_seg02b,stone_f3_r1_v1,stone,6,3,train,fall,0.000,1607153193.570,1607153194.070
VisTouch_stone_f3_r1_v1_seg02b_c001,VisTouch_stone_f3_r1_v1_seg02b,stone_f3_r1_v1,stone,6,3,train,fall,0.500,1607153194.070,1607153194.570
VisTouch_stone_f3_r1_v1_seg02b_c002,VisTouch_stone_f3_r1_v1_seg02b,stone_f3_r1_v1,stone,6,3,train,fall,1.000,1607153194.570,1607153195.070
VisTouch_stone_f3_r1_v1_seg02b_c003,VisTouch_stone_f3_r1_v1_seg02b,stone_f3_r1_v1,stone,6,3,train,fall,1.500,1607153195.070,1607153195.570
VisTouch_stone_f3_r1_v1_seg02b_c004,VisTouch_stone_f3_r1_v1_seg02b,stone_f3_r1_v1,stone,6,3,train,fall,2.000,1607153195.570,1607153196.070
VisTouch_stone_f3_r1_v1_seg02b_c005,VisTouch_stone_f3_r1_v1_seg02b,stone_f3_r1_v1,stone,6,3,train,fall,2.500,1607153196.070,1607153196.570
VisTouch_stone_f3_r1_v1_seg02b_c006,VisTouch_stone_f3_r1_v1_seg02b,stone_f3_r1_v1,stone,6,3,train,fall,3.000,1607153196.570,1607153197.070
VisTouch_stone_f3_r1_v1_seg03a_c000,VisTouch_stone_f3_r1_v1_seg03a,stone_f3_r1_v1,stone,6,3,train,rise,0.000,1607153197.540,1607153198.040
VisTouch_stone_f3_r1_v1_seg03a_c001,VisTouch_stone_f3_r1_v1_seg03a,stone_f3_r1_v1,stone,6,3,train,rise,0.500,1607153198.040,1607153198.540
VisTouch_stone_f3_r1_v1_seg03a_c002,VisTouch_stone_f3_r1_v1_seg03a,stone_f3_r1_v1,stone,6,3,train,rise,1.000,1607153198.540,1607153199.040
VisTouch_stone_f3_r1_v1_seg03a_c003,VisTouch_stone_f3_r1_v1_seg03a,stone_f3_r1_v1,stone,6,3,train,rise,1.500,1607153199.040,1607153199.540
VisTouch_stone_f3_r1_v1_seg03a_c004,VisTouch_stone_f3_r1_v1_seg03a,stone_f3_r1_v1,stone,6,3,train,rise,2.000,1607153199.540,1607153200.040
VisTouch_stone_f3_r1_v1_seg03a_c005,VisTouch_stone_f3_r1_v1_seg03a,stone_f3_r1_v1,stone,6,3,train,rise,2.500,1607153200.040,1607153200.540
VisTouch_stone_f3_r1_v1_seg03a_c006,VisTouch_stone_f3_r1_v1_seg03a,stone_f3_r1_v1,stone,6,3,train,rise,3.000,1607153200.540,1607153201.040
VisTouch_stone_f3_r1_v1_seg03a_c007,VisTouch_stone_f3_r1_v1_seg03a,stone_f3_r1_v1,stone,6,3,train,rise,3.500,1607153201.040,1607153201.540
VisTouch_stone_f3_r1_v1_seg03a_c008,VisTouch_stone_f3_r1_v1_seg03a,stone_f3_r1_v1,stone,6,3,train,rise,4.000,1607153201.540,1607153202.040
VisTouch_stone_f3_r1_v1_seg03a_c009,VisTouch_stone_f3_r1_v1_seg03a,stone_f3_r1_v1,stone,6,3,train,rise,4.500,1607153202.040,1607153202.540
VisTouch_stone_f3_r1_v1_seg03a_c010,VisTouch_stone_f3_r1_v1_seg03a,stone_f3_r1_v1,stone,6,3,train,rise,5.000,1607153202.540,1607153203.040
VisTouch_stone_f3_r1_v1_seg03a_c011,VisTouch_stone_f3_r1_v1_seg03a,stone_f3_r1_v1,stone,6,3,train,rise,5.500,1607153203.040,1607153203.540
VisTouch_stone_f3_r1_v1_seg03b_c000,VisTouch_stone_f3_r1_v1_seg03b,stone_f3_r1_v1,stone,6,3,train,fall,0.000,1607153203.850,1607153204.350
VisTouch_stone_f3_r1_v1_seg03b_c001,VisTouch_stone_f3_r1_v1_seg03b,stone_f3_r1_v1,stone,6,3,train,fall,0.500,1607153204.350,1607153204.850
VisTouch_stone_f3_r1_v1_seg03b_c002,VisTouch_stone_f3_r1_v1_seg03b,stone_f3_r1_v1,stone,6,3,train,fall,1.000,1607153204.850,1607153205.350
VisTouch_stone_f3_r1_v1_seg03b_c003,VisTouch_stone_f3_r1_v1_seg03b,stone_f3_r1_v1,stone,6,3,train,fall,1.500,1607153205.350,1607153205.850
VisTouch_stone_f3_r1_v1_seg03b_c004,VisTouch_stone_f3_r1_v1_seg03b,stone_f3_r1_v1,stone,6,3,train,fall,2.000,1607153205.850,1607153206.350
VisTouch_stone_f3_r1_v1_seg03b_c005,VisTouch_stone_f3_r1_v1_seg03b,stone_f3_r1_v1,stone,6,3,train,fall,2.500,1607153206.350,1607153206.850
VisTouch_stone_f3_r1_v1_seg03b_c006,VisTouch_stone_f3_r1_v1_seg03b,stone_f3_r1_v1,stone,6,3,train,fall,3.000,1607153206.850,1607153207.350
VisTouch_stone_f3_r1_v1_seg04a_c000,VisTouch_stone_f3_r1_v1_seg04a,stone_f3_r1_v1,stone,6,3,train,rise,0.000,1607153207.820,1607153208.320
VisTouch_stone_f3_r1_v1_seg04a_c001,VisTouch_stone_f3_r1_v1_seg04a,stone_f3_r1_v1,stone,6,3,train,rise,0.500,1607153208.320,1607153208.820
VisTouch_stone_f3_r1_v1_seg04a_c002,VisTouch_stone_f3_r1_v1_seg04a,stone_f3_r1_v1,stone,6,3,train,rise,1.000,1607153208.820,1607153209.320
VisTouch_stone_f3_r1_v1_seg04a_c003,VisTouch_stone_f3_r1_v1_seg04a,stone_f3_r1_v1,stone,6,3,train,rise,1.500,1607153209.320,1607153209.820
VisTouch_stone_f3_r1_v1_seg04a_c004,VisTouch_stone_f3_r1_v1_seg04a,stone_f3_r1_v1,stone,6,3,train,rise,2.000,1607153209.820,1607153210.320
VisTouch_stone_f3_r1_v1_seg04a_c005,VisTouch_stone_f3_r1_v1_seg04a,stone_f3_r1_v1,stone,6,3,train,rise,2.500,1607153210.320,1607153210.820
VisTouch_stone_f3_r1_v1_seg04a_c006,VisTouch_stone_f3_r1_v1_seg04a,stone_f3_r1_v1,stone,6,3,train,rise,3.000,1607153210.820,1607153211.320
VisTouch_stone_f3_r1_v1_seg04a_c007,VisTouch_stone_f3_r1_v1_seg04a,stone_f3_r1_v1,stone,6,3,train,rise,3.500,1607153211.320,1607153211.820
VisTouch_stone_f3_r1_v1_seg04a_c008,VisTouch_stone_f3_r1_v1_seg04a,stone_f3_r1_v1,stone,6,3,train,rise,4.000,1607153211.820,1607153212.320
VisTouch_stone_f3_r1_v1_seg04a_c009,VisTouch_stone_f3_r1_v1_seg04a,stone_f3_r1_v1,stone,6,3,train,rise,4.500,1607153212.320,1607153212.820
VisTouch_stone_f3_r1_v1_seg04a_c010,VisTouch_stone_f3_r1_v1_seg04a,stone_f3_r1_v1,stone,6,3,train,rise,5.000,1607153212.820,1607153213.320
VisTouch_stone_f3_r1_v1_seg04a_c011,VisTouch_stone_f3_r1_v1_seg04a,stone_f3_r1_v1,stone,6,3,train,rise,5.500,1607153213.320,1607153213.820
VisTouch_stone_f3_r1_v1_seg04b_c000,VisTouch_stone_f3_r1_v1_seg04b,stone_f3_r1_v1,stone,6,3,train,fall,0.000,1607153214.120,1607153214.620
VisTouch_stone_f3_r1_v1_seg04b_c001,VisTouch_stone_f3_r1_v1_seg04b,stone_f3_r1_v1,stone,6,3,train,fall,0.500,1607153214.620,1607153215.120
VisTouch_stone_f3_r1_v1_seg04b_c002,VisTouch_stone_f3_r1_v1_seg04b,stone_f3_r1_v1,stone,6,3,train,fall,1.000,1607153215.120,1607153215.620
VisTouch_stone_f3_r1_v1_seg04b_c003,VisTouch_stone_f3_r1_v1_seg04b,stone_f3_r1_v1,stone,6,3,train,fall,1.500,1607153215.620,1607153216.120
VisTouch_stone_f3_r1_v1_seg04b_c004,VisTouch_stone_f3_r1_v1_seg04b,stone_f3_r1_v1,stone,6,3,train,fall,2.000,1607153216.120,1607153216.620
VisTouch_stone_f3_r1_v1_seg04b_c005,VisTouch_stone_f3_r1_v1_seg04b,stone_f3_r1_v1,stone,6,3,train,fall,2.500,1607153216.620,1607153217.120
VisTouch_stone_f3_r1_v1_seg04b_c006,VisTouch_stone_f3_r1_v1_seg04b,stone_f3_r1_v1,stone,6,3,train,fall,3.000,1607153217.120,1607153217.620
VisTouch_stone_f3_r1_v1_seg05a_c000,VisTouch_stone_f3_r1_v1_seg05a,stone_f3_r1_v1,stone,6,3,train,rise,0.000,1607153218.100,1607153218.600
VisTouch_stone_f3_r1_v1_seg05a_c001,VisTouch_stone_f3_r1_v1_seg05a,stone_f3_r1_v1,stone,6,3,train,rise,0.500,1607153218.600,1607153219.100
VisTouch_stone_f3_r1_v1_seg05a_c002,VisTouch_stone_f3_r1_v1_seg05a,stone_f3_r1_v1,stone,6,3,train,rise,1.000,1607153219.100,1607153219.600
VisTouch_stone_f3_r1_v1_seg05a_c003,VisTouch_stone_f3_r1_v1_seg05a,stone_f3_r1_v1,stone,6,3,train,rise,1.500,1607153219.600,1607153220.100
VisTouch_stone_f3_r1_v1_seg05a_c004,VisTouch_stone_f3_r1_v1_seg05a,stone_f3_r1_v1,stone,6,3,train,rise,2.000,1607153220.100,1607153220.600
VisTouch_stone_f3_r1_v1_seg05a_c005,VisTouch_stone_f3_r1_v1_seg05a,stone_f3_r1_v1,stone,6,3,train,rise,2.500,1607153220.600,1607153221.100
VisTouch_stone_f3_r1_v1_seg05a_c006,VisTouch_stone_f3_r1_v1_seg05a,stone_f3_r1_v1,stone,6,3,train,rise,3.000,1607153221.100,1607153221.600
VisTouch_stone_f3_r1_v1_seg05a_c007,VisTouch_stone_f3_r1_v1_seg05a,stone_f3_r1_v1,stone,6,3,train,rise,3.500,1607153221.600,1607153222.100
VisTouch_stone_f3_r1_v1_seg05a_c008,VisTouch_stone_f3_r1_v1_seg05a,stone_f3_r1_v1,stone,6,3,train,rise,4.000,1607153222.100,1607153222.600
VisTouch_stone_f3_r1_v1_seg05a_c009,VisTouch_stone_f3_r1_v1_seg05a,stone_f3_r1_v1,stone,6,3,train,rise,4.500,1607153222.600,1607153223.100
VisTouch_stone_f3_r1_v1_seg05a_c010,VisTouch_stone_f3_r1_v1_seg05a,stone_f3_r1_v1,stone,6,3,train,rise,5.000,1607153223.100,1607153223.600
VisTouch_stone_f3_r1_v1_seg05a_c011,VisTouch_stone_f3_r1_v1_seg05a,stone_f3_r1_v1,stone,6,3,train,rise,5.500,1607153223.600,1607153224.100
VisTouch_stone_f3_r1_v1_seg05b_c000,VisTouch_stone_f3_r1_v1_seg05b,stone_f3_r1_v1,stone,6,3,train,fall,0.000,1607153224.400,1607153224.900
VisTouch_stone_f3_r1_v1_seg05b_c001,VisTouch_stone_f3_r1_v1_seg05b,stone_f3_r1_v1,stone,6,3,train,fall,0.500,1607153224.900,1607153225.400
VisTouch_stone_f3_r1_v1_seg05b_c002,VisTouch_stone_f3_r1_v1_seg05b,stone_f3_r1_v1,stone,6,3,train,fall,1.000,1607153225.400,1607153225.900
VisTouch_stone_f3_r1_v1_seg05b_c003,VisTouch_stone_f3_r1_v1_seg05b,stone_f3_r1_v1,stone,6,3,train,fall,1.500,1607153225.900,1607153226.400
VisTouch_stone_f3_r1_v1_seg05b_c004,VisTouch_stone_f3_r1_v1_seg05b,stone_f3_r1_v1,stone,6,3,train,fall,2.000,1607153226.400,1607153226.900
VisTouch_stone_f3_r1_v1_seg05b_c005,VisTouch_stone_f3_r1_v1_seg05b,stone_f3_r1_v1,stone,6,3,train,fall,2.500,1607153226.900,1607153227.400
VisTouch_stone_f3_r1_v1_seg05b_c006,VisTouch_stone_f3_r1_v1_seg05b,stone_f3_r1_v1,stone,6,3,train,fall,3.000,1607153227.400,1607153227.900
VisTouch_stone_f3_r1_v1_idle02_c000,VisTouch_stone_f3_r1_v1_idle02,stone_f3_r1_v1,stone,6,3,train,idle,0.000,1607153228.360,1607153228.860
VisTouch_stone_f3_r1_v1_idle02_c001,VisTouch_stone_f3_r1_v1_idle02,stone_f3_r1_v1,stone,6,3,train,idle,0.500,1607153228.860,1607153229.360
VisTouch_stone_f3_r1_v1_idle02_c002,VisTouch_stone_f3_r1_v1_idle02,stone_f3_r1_v1,stone,6,3,train,idle,1.000,1607153229.360,1607153229.860
VisTouch_stone_f3_r1_v1_idle02_c003,VisTouch_stone_f3_r1_v1_idle02,stone_f3_r1_v1,stone,6,3,train,idle,1.500,1607153229.860,1607153230.360
VisTouch_stone_f3_r1_v1_idle02_c004,VisTouch_stone_f3_r1_v1_idle02,stone_f3_r1_v1,stone,6,3,train,idle,2.000,1607153230.360,1607153230.860
VisTouch_stone_f3_r1_v1_idle02_c005,VisTouch_stone_f3_r1_v1_idle02,stone_f3_r1_v1,stone,6,3,train,idle,2.500,1607153230.860,1607153231.360
VisTouch_stone_f3_r1_v1_idle02_c006,VisTouch_stone_f3_r1_v1_idle02,stone_f3_r1_v1,stone,6,3,train,idle,3.000,1607153231.360,1607153231.860
VisTouch_stone_f3_r1_v1_idle02_c007,VisTouch_stone_f3_r1_v1_idle02,stone_f3_r1_v1,stone,6,3,train,idle,3.500,1607153231.860,1607153232.360
VisTouch_stone_f3_r1_v1_idle02_c008,VisTouch_stone_f3_r1_v1_idle02,stone_f3_r1_v1,stone,6,3,train,idle,4.000,1607153232.360,1607153232.860
VisTouch_stone_f3_r1_v1_idle02_c009,VisTouch_stone_f3_r1_v1_idle02,stone_f3_r1_v1,stone,6,3,train,idle,4.500,1607153232.860,1607153233.360
VisTouch_stone_f3_r1_v1_idle02_c010,VisTouch_stone_f3_r1_v1_idle02,stone_f3_r1_v1,stone,6,3,train,idle,5.000,1607153233.360,1607153233.860
VisTouch_stone_f3_r1_v1_idle03_c000,VisTouch_stone_f3_r1_v1_idle03,stone_f3_r1_v1,stone,6,3,train,idle,0.000,1607153234.175,1607153234.675
VisTouch_stone_f3_r1_v1_idle03_c001,VisTouch_stone_f3_r1_v1_idle03,stone_f3_r1_v1,stone,6,3,train,idle,0.500,1607153234.675,1607153235.175
VisTouch_stone_f3_r1_v1_idle03_c002,VisTouch_stone_f3_r1_v1_idle03,stone_f3_r1_v1,stone,6,3,train,idle,1.000,1607153235.175,1607153235.675
VisTouch_stone_f3_r1_v1_idle03_c003,VisTouch_stone_f3_r1_v1_idle03,stone_f3_r1_v1,stone,6,3,train,idle,1.500,1607153235.675,1607153236.175
VisTouch_stone_f3_r1_v1_idle03_c004,VisTouch_stone_f3_r1_v1_idle03,stone_f3_r1_v1,stone,6,3,train,idle,2.000,1607153236.175,1607153236.675
VisTouch_stone_f3_r1_v1_idle03_c005,VisTouch_stone_f3_r1_v1_idle03,stone_f3_r1_v1,stone,6,3,train,idle,2.500,1607153236.675,1607153237.175
VisTouch_stone_f3_r1_v1_idle03_c006,VisTouch_stone_f3_r1_v1_idle03,stone_f3_r1_v1,stone,6,3,train,idle,3.000,1607153237.175,1607153237.675
VisTouch_stone_f3_r1_v1_idle03_c007,VisTouch_stone_f3_r1_v1_idle03,stone_f3_r1_v1,stone,6,3,train,idle,3.500,1607153237.675,1607153238.175
VisTouch_stone_f3_r1_v1_idle03_c008,VisTouch_stone_f3_r1_v1_idle03,stone_f3_r1_v1,stone,6,3,train,idle,4.000,1607153238.175,1607153238.675
VisTouch_stone_f3_r1_v1_idle03_c009,VisTouch_stone_f3_r1_v1_idle03,stone_f3_r1_v1,stone,6,3,train,idle,4.500,1607153238.675,1607153239.175
VisTouch_stone_f3_r1_v1_idle03_c010,VisTouch_stone_f3_r1_v1_idle03,stone_f3_r1_v1,stone,6,3,train,idle,5.000,1607153239.175,1607153239.675
VisTouch_stone_f6_r1_v1_idle01_c000,VisTouch_stone_f6_r1_v1_idle01,stone_f6_r1_v1,stone,6,6,train,idle,0.000,1607153370.000,1607153370.500
VisTouch_stone_f6_r1_v1_idle01_c001,VisTouch_stone_f6_r1_v1_idle01,stone_f6_r1_v1,stone,6,6,train,idle,0.500,1607153370.500,1607153371.000
VisTouch_stone_f6_r1_v1_idle01_c002,VisTouch_stone_f6_r1_v1_idle01,stone_f6_r1_v1,stone,6,6,train,idle,1.000,1607153371.000,1607153371.500
VisTouch_stone_f6_r1_v1_idle01_c003,VisTouch_stone_f6_r1_v1_idle01,stone_f6_r1_v1,stone,6,6,train,idle,1.500,1607153371.500,1607153372.000
VisTouch_stone_f6_r1_v1_idle01_c004,VisTouch_stone_f6_r1_v1_idle01,stone_f6_r1_v1,stone,6,6,train,idle,2.000,1607153372.000,1607153372.500
VisTouch_stone_f6_r1_v1_idle01_c005,VisTouch_stone_f6_r1_v1_idle01,stone_f6_r1_v1,stone,6,6,train,idle,2.500,1607153372.500,1607153373.000
VisTouch_stone_f6_r1_v1_idle01_c006,VisTouch_stone_f6_r1_v1_idle01,stone_f6_r1_v1,stone,6,6,train,idle,3.000,1607153373.000,1607153373.500
VisTouch_stone_f6_r1_v1_idle01_c007,VisTouch_stone_f6_r1_v1_idle01,stone_f6_r1_v1,stone,6,6,train,idle,3.500,1607153373.500,1607153374.000
VisTouch_stone_f6_r1_v1_idle01_c008,VisTouch_stone_f6_r1_v1_idle01,stone_f6_r1_v1,stone,6,6,train,idle,4.000,1607153374.000,1607153374.500
VisTouch_stone_f6_r1_v1_idle01_c009,VisTouch_stone_f6_r1_v1_idle01,stone_f6_r1_v1,stone,6,6,train,idle,4.500,1607153374.500,1607153375.000
VisTouch_stone_f6_r1_v1_idle01_c010,VisTouch_stone_f6_r1_v1_idle01,stone_f6_r1_v1,stone,6,6,train,idle,5.000,1607153375.000,1607153375.500
VisTouch_stone_f6_r1_v1_idle01_c011,VisTouch_stone_f6_r1_v1_idle01,stone_f6_r1_v1,stone,6,6,train,idle,5.500,1607153375.500,1607153376.000
VisTouch_stone_f6_r1_v1_idle01_c012,VisTouch_stone_f6_r1_v1_idle01,stone_f6_r1_v1,stone,6,6,train,idle,6.000,1607153376.000,1607153376.500
VisTouch_stone_f6_r1_v1_idle01_c013,VisTouch_stone_f6_r1_v1_idle01,stone_f6_r1_v1,stone,6,6,train,idle,6.500,1607153376.500,1607153377.000
VisTouch_stone_f6_r1_v1_idle01_c014,VisTouch_stone_f6_r1_v1_idle01,stone_f6_r1_v1,stone,6,6,train,idle,7.000,1607153377.000,1607153377.500
VisTouch_stone_f6_r1_v1_seg01a_c000,VisTouch_stone_f6_r1_v1_seg01a,stone_f6_r1_v1,stone,6,6,train,rise,0.000,1607153377.700,1607153378.200
VisTouch_stone_f6_r1_v1_seg01a_c001,VisTouch_stone_f6_r1_v1_seg01a,stone_f6_r1_v1,stone,6,6,train,rise,0.500,1607153378.200,1607153378.700
VisTouch_stone_f6_r1_v1_seg01a_c002,VisTouch_stone_f6_r1_v1_seg01a,stone_f6_r1_v1,stone,6,6,train,rise,1.000,1607153378.700,1607153379.200
VisTouch_stone_f6_r1_v1_seg01a_c003,VisTouch_stone_f6_r1_v1_seg01a,stone_f6_r1_v1,stone,6,6,train,rise,1.500,1607153379.200,1607153379.700
VisTouch_stone_f6_r1_v1_seg01a_c004,VisTouch_stone_f6_r1_v1_seg01a,stone_f6_r1_v1,stone,6,6,train,rise,2.000,1607153379.700,1607153380.200
VisTouch_stone_f6_r1_v1_seg01a_c005,VisTouch_stone_f6_r1_v1_seg01a,stone_f6_r1_v1,stone,6,6,train,rise,2.500,1607153380.200,1607153380.700
VisTouch_stone_f6_r1_v1_seg01a_c006,VisTouch_stone_f6_r1_v1_seg01a,stone_f6_r1_v1,stone,6,6,train,rise,3.000,1607153380.700,1607153381.200
VisTouch_stone_f6_r1_v1_seg01a_c007,VisTouch_stone_f6_r1_v1_seg01a,stone_f6_r1_v1,stone,6,6,train,rise,3.500,1607153381.200,1607153381.700
VisTouch_stone_f6_r1_v1_seg01a_c008,VisTouch_stone_f6_r1_v1_seg01a,stone_f6_r1_v1,stone,6,6,train,rise,4.000,1607153381.700,1607153382.200
VisTouch_stone_f6_r1_v1_seg01a_c009,VisTouch_stone_f6_r1_v1_seg01a,stone_f6_r1_v1,stone,6,6,train,rise,4.500,1607153382.200,1607153382.700
VisTouch_stone_f6_r1_v1_seg01a_c010,VisTouch_stone_f6_r1_v1_seg01a,stone_f6_r1_v1,stone,6,6,train,rise,5.000,1607153382.700,1607153383.200
VisTouch_stone_f6_r1_v1_seg01a_c011,VisTouch_stone_f6_r1_v1_seg01a,stone_f6_r1_v1,stone,6,6,train,rise,5.500,1607153383.200,1607153383.700
VisTouch_stone_f6_r1_v1_seg01b_c000,VisTouch_stone_f6_r1_v1_seg01b,stone_f6_r1_v1,stone,6,6,train,fall,0.000,1607153384.040,1607153384.540
VisTouch_stone_f6_r1_v1_seg01b_c001,VisTouch_stone_f6_r1_v1_seg01b,stone_f6_r1_v1,stone,6,6,train,fall,0.500,1607153384.540,1607153385.040
VisTouch_stone_f6_r1_v1_seg01b_c002,VisTouch_stone_f6_r1_v1_seg01b,stone_f6_r1_v1,stone,6,6,train,fall,1.000,1607153385.040,1607153385.540
VisTouch_stone_f6_r1_v1_seg01b_c003,VisTouch_stone_f6_r1_v1_seg01b,stone_f6_r1_v1,stone,6,6,train,fall,1.500,1607153385.540,1607153386.040
VisTouch_stone_f6_r1_v1_seg01b_c004,VisTouch_stone_f6_r1_v1_seg01b,stone_f6_r1_v1,stone,6,6,train,fall,2.000,1607153386.040,1607153386.540
VisTouch_stone_f6_r1_v1_seg01b_c005,VisTouch_stone_f6_r1_v1_seg01b,stone_f6_r1_v1,stone,6,6,train,fall,2.500,1607153386.540,1607153387.040
VisTouch_stone_f6_r1_v1_seg01b_c006,VisTouch_stone_f6_r1_v1_seg01b,stone_f6_r1_v1,stone,6,6,train,fall,3.000,1607153387.040,1607153387.540
VisTouch_stone_f6_r1_v1_seg02a_c000,VisTouch_stone_f6_r1_v1_seg02a,stone_f6_r1_v1,stone,6,6,train,rise,0.000,1607153387.960,1607153388.460
VisTouch_stone_f6_r1_v1_seg02a_c001,VisTouch_stone_f6_r1_v1_seg02a,stone_f6_r1_v1,stone,6,6,train,rise,0.500,1607153388.460,1607153388.960
VisTouch_stone_f6_r1_v1_seg02a_c002,VisTouch_stone_f6_r1_v1_seg02a,stone_f6_r1_v1,stone,6,6,train,rise,1.000,1607153388.960,1607153389.460
VisTouch_stone_f6_r1_v1_seg02a_c003,VisTouch_stone_f6_r1_v1_seg02a,stone_f6_r1_v1,stone,6,6,train,rise,1.500,1607153389.460,1607153389.960
VisTouch_stone_f6_r1_v1_seg02a_c004,VisTouch_stone_f6_r1_v1_seg02a,stone_f6_r1_v1,stone,6,6,train,rise,2.000,1607153389.960,1607153390.460
VisTouch_stone_f6_r1_v1_seg02a_c005,VisTouch_stone_f6_r1_v1_seg02a,stone_f6_r1_v1,stone,6,6,train,rise,2.500,1607153390.460,1607153390.960
VisTouch_stone_f6_r1_v1_seg02a_c006,VisTouch_stone_f6_r1_v1_seg02a,stone_f6_r1_v1,stone,6,6,train,rise,3.000,1607153390.960,1607153391.460
VisTouch_stone_f6_r1_v1_seg02a_c007,VisTouch_stone_f6_r1_v1_seg02a,stone_f6_r1_v1,stone,6,6,train,rise,3.500,1607153391.460,1607153391.960
VisTouch_stone_f6_r1_v1_seg02a_c008,VisTouch_stone_f6_r1_v1_seg02a,stone_f6_r1_v1,stone,6,6,train,rise,4.000,1607153391.960,1607153392.460
VisTouch_stone_f6_r1_v1_seg02a_c009,VisTouch_stone_f6_r1_v1_seg02a,stone_f6_r1_v1,stone,6,6,train,rise,4.500,1607153392.460,1607153392.960
VisTouch_stone_f6_r1_v1_seg02a_c010,VisTouch_stone_f6_r1_v1_seg02a,stone_f6_r1_v1,stone,6,6,train,rise,5.000,1607153392.960,1607153393.460
VisTouch_stone_f6_r1_v1_seg02a_c011,VisTouch_stone_f6_r1_v1_seg02a,stone_f6_r1_v1,stone,6,6,train,rise,5.500,1607153393.460,1607153393.960
VisTouch_stone_f6_r1_v1_seg02b_c000,VisTouch_stone_f6_r1_v1_seg02b,stone_f6_r1_v1,stone,6,6,train,fall,0.000,1607153394.180,1607153394.680
VisTouch_stone_f6_r1_v1_seg02b_c001,VisTouch_stone_f6_r1_v1_seg02b,stone_f6_r1_v1,stone,6,6,train,fall,0.500,1607153394.680,1607153395.180
VisTouch_stone_f6_r1_v1_seg02b_c002,VisTouch_stone_f6_r1_v1_seg02b,stone_f6_r1_v1,stone,6,6,train,fall,1.000,1607153395.180,1607153395.680
VisTouch_stone_f6_r1_v1_seg02b_c003,VisTouch_stone_f6_r1_v1_seg02b,stone_f6_r1_v1,stone,6,6,train,fall,1.500,1607153395.680,1607153396.180
VisTouch_stone_f6_r1_v1_seg02b_c004,VisTouch_stone_f6_r1_v1_seg02b,stone_f6_r1_v1,stone,6,6,train,fall,2.000,1607153396.180,1607153396.680
VisTouch_stone_f6_r1_v1_seg02b_c005,VisTouch_stone_f6_r1_v1_seg02b,stone_f6_r1_v1,stone,6,6,train,fall,2.500,1607153396.680,1607153397.180
VisTouch_stone_f6_r1_v1_seg02b_c006,VisTouch_stone_f6_r1_v1_seg02b,stone_f6_r1_v1,stone,6,6,train,fall,3.000,1607153397.180,1607153397.680
VisTouch_stone_f6_r1_v1_seg03a_c000,VisTouch_stone_f6_r1_v1_seg03a,stone_f6_r1_v1,stone,6,6,train,rise,0.000,1607153398.160,1607153398.660
VisTouch_stone_f6_r1_v1_seg03a_c001,VisTouch_stone_f6_r1_v1_seg03a,stone_f6_r1_v1,stone,6,6,train,rise,0.500,1607153398.660,1607153399.160
VisTouch_stone_f6_r1_v1_seg03a_c002,VisTouch_stone_f6_r1_v1_seg03a,stone_f6_r1_v1,stone,6,6,train,rise,1.000,1607153399.160,1607153399.660
VisTouch_stone_f6_r1_v1_seg03a_c003,VisTouch_stone_f6_r1_v1_seg03a,stone_f6_r1_v1,stone,6,6,train,rise,1.500,1607153399.660,1607153400.160
VisTouch_stone_f6_r1_v1_seg03a_c004,VisTouch_stone_f6_r1_v1_seg03a,stone_f6_r1_v1,stone,6,6,train,rise,2.000,1607153400.160,1607153400.660
VisTouch_stone_f6_r1_v1_seg03a_c005,VisTouch_stone_f6_r1_v1_seg03a,stone_f6_r1_v1,stone,6,6,train,rise,2.500,1607153400.660,1607153401.160
VisTouch_stone_f6_r1_v1_seg03a_c006,VisTouch_stone_f6_r1_v1_seg03a,stone_f6_r1_v1,stone,6,6,train,rise,3.000,1607153401.160,1607153401.660
VisTouch_stone_f6_r1_v1_seg03a_c007,VisTouch_stone_f6_r1_v1_seg03a,stone_f6_r1_v1,stone,6,6,train,rise,3.500,1607153401.660,1607153402.160
VisTouch_stone_f6_r1_v1_seg03a_c008,VisTouch_stone_f6_r1_v1_seg03a,stone_f6_r1_v1,stone,6,6,train,rise,4.000,1607153402.160,1607153402.660
VisTouch_stone_f6_r1_v1_seg03a_c009,VisTouch_stone_f6_r1_v1_seg03a,stone_f6_r1_v1,stone,6,6,train,rise,4.500,1607153402.660,1607153403.160
VisTouch_stone_f6_r1_v1_seg03a_c010,VisTouch_stone_f6_r1_v1_seg03a,stone_f6_r1_v1,stone,6,6,train,rise,5.000,1607153403.160,1607153403.660
VisTouch_stone_f6_r1_v1_seg03a_c011,VisTouch_stone_f6_r1_v1_seg03a,stone_f6_r1_v1,stone,6,6,train,rise,5.500,1607153403.660,1607153404.160
VisTouch_stone_f6_r1_v1_seg03b_c000,VisTouch_stone_f6_r1_v1_seg03b,stone_f6_r1_v1,stone,6,6,train,fall,0.000,1607153404.500,1607153405.000
VisTouch_stone_f6_r1_v1_seg03b_c001,VisTouch_stone_f6_r1_v1_seg03b,stone_f6_r1_v1,stone,6,6,train,fall,0.500,1607153405.000,1607153405.500
VisTouch_stone_f6_r1_v1_seg03b_c002,VisTouch_stone_f6_r1_v1_seg03b,stone_f6_r1_v1,stone,6,6,train,fall,1.000,1607153405.500,1607153406.000
VisTouch_stone_f6_r1_v1_seg03b_c003,VisTouch_stone_f6_r1_v1_seg03b,stone_f6_r1_v1,stone,6,6,train,fall,1.500,1607153406.000,1607153406.500
VisTouch_stone_f6_r1_v1_seg03b_c004,VisTouch_stone_f6_r1_v1_seg03b,stone_f6_r1_v1,stone,6,6,train,fall,2.000,1607153406.500,1607153407.000
VisTouch_stone_f6_r1_v1_seg03b_c005,VisTouch_stone_f6_r1_v1_seg03b,stone_f6_r1_v1,stone,6,6,train,fall,2.500,1607153407.000,1607153407.500
VisTouch_stone_f6_r1_v1_seg03b_c006,VisTouch_stone_f6_r1_v1_seg03b,stone_f6_r1_v1,stone,6,6,train,fall,3.000,1607153407.500,1607153408.000
VisTouch_stone_f6_r1_v1_seg04a_c000,VisTouch_stone_f6_r1_v1_seg04a,stone_f6_r1_v1,stone,6,6,train,rise,0.000,1607153408.380,1607153408.880
VisTouch_stone_f6_r1_v1_seg04a_c001,VisTouch_stone_f6_r1_v1_seg04a,stone_f6_r1_v1,stone,6,6,train,rise,0.500,1607153408.880,1607153409.380
VisTouch_stone_f6_r1_v1_seg04a_c002,VisTouch_stone_f6_r1_v1_seg04a,stone_f6_r1_v1,stone,6,6,train,rise,1.000,1607153409.380,1607153409.880
VisTouch_stone_f6_r1_v1_seg04a_c003,VisTouch_stone_f6_r1_v1_seg04a,stone_f6_r1_v1,stone,6,6,train,rise,1.500,1607153409.880,1607153410.380
VisTouch_stone_f6_r1_v1_seg04a_c004,VisTouch_stone_f6_r1_v1_seg04a,stone_f6_r1_v1,stone,6,6,train,rise,2.000,1607153410.380,1607153410.880
VisTouch_stone_f6_r1_v1_seg04a_c005,VisTouch_stone_f6_r1_v1_seg04a,stone_f6_r1_v1,stone,6,6,train,rise,2.500,1607153410.880,1607153411.380
VisTouch_stone_f6_r1_v1_seg04a_c006,VisTouch_stone_f6_r1_v1_seg04a,stone_f6_r1_v1,stone,6,6,train,rise,3.000,1607153411.380,1607153411.880
VisTouch_stone_f6_r1_v1_seg04a_c007,VisTouch_stone_f6_r1_v1_seg04a,stone_f6_r1_v1,stone,6,6,train,rise,3.500,1607153411.880,1607153412.380
VisTouch_stone_f6_r1_v1_seg04a_c008,VisTouch_stone_f6_r1_v1_seg04a,stone_f6_r1_v1,stone,6,6,train,rise,4.000,1607153412.380,1607153412.880
VisTouch_stone_f6_r1_v1_seg04a_c009,VisTouch_stone_f6_r1_v1_seg04a,stone_f6_r1_v1,stone,6,6,train,rise,4.500,1607153412.880,1607153413.380
VisTouch_stone_f6_r1_v1_seg04a_c010,VisTouch_stone_f6_r1_v1_seg04a,stone_f6_r1_v1,stone,6,6,train,rise,5.000,1607153413.380,1607153413.880
VisTouch_stone_f6_r1_v1_seg04a_c011,VisTouch_stone_f6_r1_v1_seg04a,stone_f6_r1_v1,stone,6,6,train,rise,5.500,1607153413.880,1607153414.380
VisTouch_stone_f6_r1_v1_seg04b_c000,VisTouch_stone_f6_r1_v1_seg04b,stone_f6_r1_v1,stone,6,6,train,fall,0.000,1607153414.740,1607153415.240
VisTouch_stone_f6_r1_v1_seg04b_c001,VisTouch_stone_f6_r1_v1_seg04b,stone_f6_r1_v1,stone,6,6,train,fall,0.500,1607153415.240,1607153415.740
VisTouch_stone_f6_r1_v1_seg04b_c002,VisTouch_stone_f6_r1_v1_seg04b,stone_f6_r1_v1,stone,6,6,train,fall,1.000,1607153415.740,1607153416.240
VisTouch_stone_f6_r1_v1_seg04b_c003,VisTouch_stone_f6_r1_v1_seg04b,stone_f6_r1_v1,stone,6,6,train,fall,1.500,1607153416.240,1607153416.740
VisTouch_stone_f6_r1_v1_seg04b_c004,VisTouch_stone_f6_r1_v1_seg04b,stone_f6_r1_v1,stone,6,6,train,fall,2.000,1607153416.740,1607153417.240
VisTouch_stone_f6_r1_v1_seg04b_c005,VisTouch_stone_f6_r1_v1_seg04b,stone_f6_r1_v1,stone,6,6,train,fall,2.500,1607153417.240,1607153417.740
VisTouch_stone_f6_r1_v1_seg04b_c006,VisTouch_stone_f6_r1_v1_seg04b,stone_f6_r1_v1,stone,6,6,train,fall,3.000,1607153417.740,1607153418.240
VisTouch_stone_f6_r1_v1_seg05a_c000,VisTouch_stone_f6_r1_v1_seg05a,stone_f6_r1_v1,stone,6,6,train,rise,0.000,1607153418.640,1607153419.140
VisTouch_stone_f6_r1_v1_seg05a_c001,VisTouch_stone_f6_r1_v1_seg05a,stone_f6_r1_v1,stone,6,6,train,rise,0.500,1607153419.140,1607153419.640
VisTouch_stone_f6_r1_v1_seg05a_c002,VisTouch_stone_f6_r1_v1_seg05a,stone_f6_r1_v1,stone,6,6,train,rise,1.000,1607153419.640,1607153420.140
VisTouch_stone_f6_r1_v1_seg05a_c003,VisTouch_stone_f6_r1_v1_seg05a,stone_f6_r1_v1,stone,6,6,train,rise,1.500,1607153420.140,1607153420.640
VisTouch_stone_f6_r1_v1_seg05a_c004,VisTouch_stone_f6_r1_v1_seg05a,stone_f6_r1_v1,stone,6,6,train,rise,2.000,1607153420.640,1607153421.140
VisTouch_stone_f6_r1_v1_seg05a_c005,VisTouch_stone_f6_r1_v1_seg05a,stone_f6_r1_v1,stone,6,6,train,rise,2.500,1607153421.140,1607153421.640
VisTouch_stone_f6_r1_v1_seg05a_c006,VisTouch_stone_f6_r1_v1_seg05a,stone_f6_r1_v1,stone,6,6,train,rise,3.000,1607153421.640,1607153422.140
VisTouch_stone_f6_r1_v1_seg05a_c007,VisTouch_stone_f6_r1_v1_seg05a,stone_f6_r1_v1,stone,6,6,train,rise,3.500,1607153422.140,1607153422.640
VisTouch_stone_f6_r1_v1_seg05a_c008,VisTouch_stone_f6_r1_v1_seg05a,stone_f6_r1_v1,stone,6,6,train,rise,4.000,1607153422.640,1607153423.140
VisTouch_stone_f6_r1_v1_seg05a_c009,VisTouch_stone_f6_r1_v1_seg05a,stone_f6_r1_v1,stone,6,6,train,rise,4.500,1607153423.140,1607153423.640
VisTouch_stone_f6_r1_v1_seg05a_c010,VisTouch_stone_f6_r1_v1_seg05a,stone_f6_r1_v1,stone,6,6,train,rise,5.000,1607153423.640,1607153424.140
VisTouch_stone_f6_r1_v1_seg05a_c011,VisTouch_stone_f6_r1_v1_seg05a,stone_f6_r1_v1,stone,6,6,train,rise,5.500,1607153424.140,1607153424.640
VisTouch_stone_f6_r1_v1_seg05b_c000,VisTouch_stone_f6_r1_v1_seg05b,stone_f6_r1_v1,stone,6,6,train,fall,0.000,1607153424.950,1607153425.450
VisTouch_stone_f6_r1_v1_seg05b_c001,VisTouch_stone_f6_r1_v1_seg05b,stone_f6_r1_v1,stone,6,6,train,fall,0.500,1607153425.450,1607153425.950
VisTouch_stone_f6_r1_v1_seg05b_c002,VisTouch_stone_f6_r1_v1_seg05b,stone_f6_r1_v1,stone,6,6,train,fall,1.000,1607153425.950,1607153426.450
VisTouch_stone_f6_r1_v1_seg05b_c003,VisTouch_stone_f6_r1_v1_seg05b,stone_f6_r1_v1,stone,6,6,train,fall,1.500,1607153426.450,1607153426.950
VisTouch_stone_f6_r1_v1_seg05b_c004,VisTouch_stone_f6_r1_v1_seg05b,stone_f6_r1_v1,stone,6,6,train,fall,2.000,1607153426.950,1607153427.450
VisTouch_stone_f6_r1_v1_seg05b_c005,VisTouch_stone_f6_r1_v1_seg05b,stone_f6_r1_v1,stone,6,6,train,fall,2.500,1607153427.450,1607153427.950
VisTouch_stone_f6_r1_v1_seg05b_c006,VisTouch_stone_f6_r1_v1_seg05b,stone_f6_r1_v1,stone,6,6,train,fall,3.000,1607153427.950,1607153428.450
VisTouch_stone_f6_r1_v1_idle02_c000,VisTouch_stone_f6_r1_v1_idle02,stone_f6_r1_v1,stone,6,6,train,idle,0.000,1607153428.840,1607153429.340
VisTouch_stone_f6_r1_v1_idle02_c001,VisTouch_stone_f6_r1_v1_idle02,stone_f6_r1_v1,stone,6,6,train,idle,0.500,1607153429.340,1607153429.840
VisTouch_stone_f6_r1_v1_idle02_c002,VisTouch_stone_f6_r1_v1_idle02,stone_f6_r1_v1,stone,6,6,train,idle,1.000,1607153429.840,1607153430.340
VisTouch_stone_f6_r1_v1_idle02_c003,VisTouch_stone_f6_r1_v1_idle02,stone_f6_r1_v1,stone,6,6,train,idle,1.500,1607153430.340,1607153430.840
VisTouch_stone_f6_r1_v1_idle02_c004,VisTouch_stone_f6_r1_v1_idle02,stone_f6_r1_v1,stone,6,6,train,idle,2.000,1607153430.840,1607153431.340
VisTouch_stone_f6_r1_v1_idle02_c005,VisTouch_stone_f6_r1_v1_idle02,stone_f6_r1_v1,stone,6,6,train,idle,2.500,1607153431.340,1607153431.840
VisTouch_stone_f6_r1_v1_idle02_c006,VisTouch_stone_f6_r1_v1_idle02,stone_f6_r1_v1,stone,6,6,train,idle,3.000,1607153431.840,1607153432.340
VisTouch_stone_f6_r1_v1_idle02_c007,VisTouch_stone_f6_r1_v1_idle02,stone_f6_r1_v1,stone,6,6,train,idle,3.500,1607153432.340,1607153432.840
VisTouch_stone_f6_r1_v1_idle02_c008,VisTouch_stone_f6_r1_v1_idle02,stone_f6_r1_v1,stone,6,6,train,idle,4.000,1607153432.840,1607153433.340
VisTouch_stone_f6_r1_v1_idle02_c009,VisTouch_stone_f6_r1_v1_idle02,stone_f6_r1_v1,stone,6,6,train,idle,4.500,1607153433.340,1607153433.840
VisTouch_stone_f6_r1_v1_idle02_c010,VisTouch_stone_f6_r1_v1_idle02,stone_f6_r1_v1,stone,6,6,train,idle,5.000,1607153433.840,1607153434.340
VisTouch_stone_f6_r1_v1_idle02_c011,VisTouch_stone_f6_r1_v1_idle02,stone_f6_r1_v1,stone,6,6,train,idle,5.500,1607153434.340,1607153434.840
VisTouch_stone_f6_r1_v1_idle02_c012,VisTouch_stone_f6_r1_v1_idle02,stone_f6_r1_v1,stone,6,6,train,idle,6.000,1607153434.840,1607153435.340
VisTouch_stone_f6_r1_v1_idle03_c000,VisTouch_stone_f6_r1_v1_idle03,stone_f6_r1_v1,stone,6,6,train,idle,0.000,1607153435.416,1607153435.916
VisTouch_stone_f6_r1_v1_idle03_c001,VisTouch_stone_f6_r1_v1_idle03,stone_f6_r1_v1,stone,6,6,train,idle,0.500,1607153435.916,1607153436.416
VisTouch_stone_f6_r1_v1_idle03_c002,VisTouch_stone_f6_r1_v1_idle03,stone_f6_r1_v1,stone,6,6,train,idle,1.000,1607153436.416,1607153436.916
VisTouch_stone_f6_r1_v1_idle03_c003,VisTouch_stone_f6_r1_v1_idle03,stone_f6_r1_v1,stone,6,6,train,idle,1.500,1607153436.916,1607153437.416
VisTouch_stone_f6_r1_v1_idle03_c004,VisTouch_stone_f6_r1_v1_idle03,stone_f6_r1_v1,stone,6,6,train,idle,2.000,1607153437.416,1607153437.916
VisTouch_stone_f6_r1_v1_idle03_c005,VisTouch_stone_f6_r1_v1_idle03,stone_f6_r1_v1,stone,6,6,train,idle,2.500,1607153437.916,1607153438.416
VisTouch_stone_f6_r1_v1_idle03_c006,VisTouch_stone_f6_r1_v1_idle03,stone_f6_r1_v1,stone,6,6,train,idle,3.000,1607153438.416,1607153438.916
VisTouch_stone_f6_r1_v1_idle03_c007,VisTouch_stone_f6_r1_v1_idle03,stone_f6_r1_v1,stone,6,6,train,idle,3.500,1607153438.916,1607153439.416
VisTouch_stone_f6_r1_v1_idle03_c008,VisTouch_stone_f6_r1_v1_idle03,stone_f6_r1_v1,stone,6,6,train,idle,4.000,1607153439.416,1607153439.916
VisTouch_stone_f6_r1_v1_idle03_c009,VisTouch_stone_f6_r1_v1_idle03,stone_f6_r1_v1,stone,6,6,train,idle,4.500,1607153439.916,1607153440.416
VisTouch_stone_f6_r1_v1_idle03_c010,VisTouch_stone_f6_r1_v1_idle03,stone_f6_r1_v1,stone,6,6,train,idle,5.000,1607153440.416,1607153440.916
VisTouch_stone_f6_r1_v1_idle03_c011,VisTouch_stone_f6_r1_v1_idle03,stone_f6_r1_v1,stone,6,6,train,idle,5.500,1607153440.916,1607153441.416
VisTouch_stone_f6_r1_v1_idle03_c012,VisTouch_stone_f6_r1_v1_idle03,stone_f6_r1_v1,stone,6,6,train,idle,6.000,1607153441.416,1607153441.916
VisTouch_stone_f9_r1_v1_idle01_c000,VisTouch_stone_f9_r1_v1_idle01,stone_f9_r1_v1,stone,6,9,test,idle,0.000,1607153542.000,1607153542.500
VisTouch_stone_f9_r1_v1_idle01_c001,VisTouch_stone_f9_r1_v1_idle01,stone_f9_r1_v1,stone,6,9,test,idle,0.500,1607153542.500,1607153543.000
VisTouch_stone_f9_r1_v1_idle01_c002,VisTouch_stone_f9_r1_v1_idle01,stone_f9_r1_v1,stone,6,9,test,idle,1.000,1607153543.000,1607153543.500
VisTouch_stone_f9_r1_v1_idle01_c003,VisTouch_stone_f9_r1_v1_idle01,stone_f9_r1_v1,stone,6,9,test,idle,1.500,1607153543.500,1607153544.000
VisTouch_stone_f9_r1_v1_idle01_c004,VisTouch_stone_f9_r1_v1_idle01,stone_f9_r1_v1,stone,6,9,test,idle,2.000,1607153544.000,1607153544.500
VisTouch_stone_f9_r1_v1_idle01_c005,VisTouch_stone_f9_r1_v1_idle01,stone_f9_r1_v1,stone,6,9,test,idle,2.500,1607153544.500,1607153545.000
VisTouch_stone_f9_r1_v1_idle01_c006,VisTouch_stone_f9_r1_v1_idle01,stone_f9_r1_v1,stone,6,9,test,idle,3.000,1607153545.000,1607153545.500
VisTouch_stone_f9_r1_v1_idle01_c007,VisTouch_stone_f9_r1_v1_idle01,stone_f9_r1_v1,stone,6,9,test,idle,3.500,1607153545.500,1607153546.000
VisTouch_stone_f9_r1_v1_idle01_c008,VisTouch_stone_f9_r1_v1_idle01,stone_f9_r1_v1,stone,6,9,test,idle,4.000,1607153546.000,1607153546.500
VisTouch_stone_f9_r1_v1_idle01_c009,VisTouch_stone_f9_r1_v1_idle01,stone_f9_r1_v1,stone,6,9,test,idle,4.500,1607153546.500,1607153547.000
VisTouch_stone_f9_r1_v1_idle01_c010,VisTouch_stone_f9_r1_v1_idle01,stone_f9_r1_v1,stone,6,9,test,idle,5.000,1607153547.000,1607153547.500
VisTouch_stone_f9_r1_v1_idle01_c011,VisTouch_stone_f9_r1_v1_idle01,stone_f9_r1_v1,stone,6,9,test,idle,5.500,1607153547.500,1607153548.000
VisTouch_stone_f9_r1_v1_idle01_c012,VisTouch_stone_f9_r1_v1_idle01,stone_f9_r1_v1,stone,6,9,test,idle,6.000,1607153548.000,1607153548.500
VisTouch_stone_f9_r1_v1_seg01a_c000,VisTouch_stone_f9_r1_v1_seg01a,stone_f9_r1_v1,stone,6,9,test,rise,0.000,1607153548.680,1607153549.180
VisTouch_stone_f9_r1_v1_seg01a_c001,VisTouch_stone_f9_r1_v1_seg01a,stone_f9_r1_v1,stone,6,9,test,rise,0.500,1607153549.180,1607153549.680
VisTouch_stone_f9_r1_v1_seg01a_c002,VisTouch_stone_f9_r1_v1_seg01a,stone_f9_r1_v1,stone,6,9,test,rise,1.000,1607153549.680,1607153550.180
VisTouch_stone_f9_r1_v1_seg01a_c003,VisTouch_stone_f9_r1_v1_seg01a,stone_f9_r1_v1,stone,6,9,test,rise,1.500,1607153550.180,1607153550.680
VisTouch_stone_f9_r1_v1_seg01a_c004,VisTouch_stone_f9_r1_v1_seg01a,stone_f9_r1_v1,stone,6,9,test,rise,2.000,1607153550.680,1607153551.180
VisTouch_stone_f9_r1_v1_seg01a_c005,VisTouch_stone_f9_r1_v1_seg01a,stone_f9_r1_v1,stone,6,9,test,rise,2.500,1607153551.180,1607153551.680
VisTouch_stone_f9_r1_v1_seg01a_c006,VisTouch_stone_f9_r1_v1_seg01a,stone_f9_r1_v1,stone,6,9,test,rise,3.000,1607153551.680,1607153552.180
VisTouch_stone_f9_r1_v1_seg01a_c007,VisTouch_stone_f9_r1_v1_seg01a,stone_f9_r1_v1,stone,6,9,test,rise,3.500,1607153552.180,1607153552.680
VisTouch_stone_f9_r1_v1_seg01a_c008,VisTouch_stone_f9_r1_v1_seg01a,stone_f9_r1_v1,stone,6,9,test,rise,4.000,1607153552.680,1607153553.180
VisTouch_stone_f9_r1_v1_seg01a_c009,VisTouch_stone_f9_r1_v1_seg01a,stone_f9_r1_v1,stone,6,9,test,rise,4.500,1607153553.180,1607153553.680
VisTouch_stone_f9_r1_v1_seg01a_c010,VisTouch_stone_f9_r1_v1_seg01a,stone_f9_r1_v1,stone,6,9,test,rise,5.000,1607153553.680,1607153554.180
VisTouch_stone_f9_r1_v1_seg01a_c011,VisTouch_stone_f9_r1_v1_seg01a,stone_f9_r1_v1,stone,6,9,test,rise,5.500,1607153554.180,1607153554.680
VisTouch_stone_f9_r1_v1_seg01b_c000,VisTouch_stone_f9_r1_v1_seg01b,stone_f9_r1_v1,stone,6,9,test,fall,0.000,1607153554.970,1607153555.470
VisTouch_stone_f9_r1_v1_seg01b_c001,VisTouch_stone_f9_r1_v1_seg01b,stone_f9_r1_v1,stone,6,9,test,fall,0.500,1607153555.470,1607153555.970
VisTouch_stone_f9_r1_v1_seg01b_c002,VisTouch_stone_f9_r1_v1_seg01b,stone_f9_r1_v1,stone,6,9,test,fall,1.000,1607153555.970,1607153556.470
VisTouch_stone_f9_r1_v1_seg01b_c003,VisTouch_stone_f9_r1_v1_seg01b,stone_f9_r1_v1,stone,6,9,test,fall,1.500,1607153556.470,1607153556.970
VisTouch_stone_f9_r1_v1_seg01b_c004,VisTouch_stone_f9_r1_v1_seg01b,stone_f9_r1_v1,stone,6,9,test,fall,2.000,1607153556.970,1607153557.470
VisTouch_stone_f9_r1_v1_seg01b_c005,VisTouch_stone_f9_r1_v1_seg01b,stone_f9_r1_v1,stone,6,9,test,fall,2.500,1607153557.470,1607153557.970
VisTouch_stone_f9_r1_v1_seg01b_c006,VisTouch_stone_f9_r1_v1_seg01b,stone_f9_r1_v1,stone,6,9,test,fall,3.000,1607153557.970,1607153558.470
VisTouch_stone_f9_r1_v1_seg02a_c000,VisTouch_stone_f9_r1_v1_seg02a,stone_f9_r1_v1,stone,6,9,test,rise,0.000,1607153558.860,1607153559.360
VisTouch_stone_f9_r1_v1_seg02a_c001,VisTouch_stone_f9_r1_v1_seg02a,stone_f9_r1_v1,stone,6,9,test,rise,0.500,1607153559.360,1607153559.860
VisTouch_stone_f9_r1_v1_seg02a_c002,VisTouch_stone_f9_r1_v1_seg02a,stone_f9_r1_v1,stone,6,9,test,rise,1.000,1607153559.860,1607153560.360
VisTouch_stone_f9_r1_v1_seg02a_c003,VisTouch_stone_f9_r1_v1_seg02a,stone_f9_r1_v1,stone,6,9,test,rise,1.500,1607153560.360,1607153560.860
VisTouch_stone_f9_r1_v1_seg02a_c004,VisTouch_stone_f9_r1_v1_seg02a,stone_f9_r1_v1,stone,6,9,test,rise,2.000,1607153560.860,1607153561.360
VisTouch_stone_f9_r1_v1_seg02a_c005,VisTouch_stone_f9_r1_v1_seg02a,stone_f9_r1_v1,stone,6,9,test,rise,2.500,1607153561.360,1607153561.860
VisTouch_stone_f9_r1_v1_seg02a_c006,VisTouch_stone_f9_r1_v1_seg02a,stone_f9_r1_v1,stone,6,9,test,rise,3.000,1607153561.860,1607153562.360
VisTouch_stone_f9_r1_v1_seg02a_c007,VisTouch_stone_f9_r1_v1_seg02a,stone_f9_r1_v1,stone,6,9,test,rise,3.500,1607153562.360,1607153562.860
VisTouch_stone_f9_r1_v1_seg02a_c008,VisTouch_stone_f9_r1_v1_seg02a,stone_f9_r1_v1,stone,6,9,test,rise,4.000,1607153562.860,1607153563.360
VisTouch_stone_f9_r1_v1_seg02a_c009,VisTouch_stone_f9_r1_v1_seg02a,stone_f9_r1_v1,stone,6,9,test,rise,4.500,1607153563.360,1607153563.860
VisTouch_stone_f9_r1_v1_seg02a_c010,VisTouch_stone_f9_r1_v1_seg02a,stone_f9_r1_v1,stone,6,9,test,rise,5.000,1607153563.860,1607153564.360
VisTouch_stone_f9_r1_v1_seg02b_c000,VisTouch_stone_f9_r1_v1_seg02b,stone_f9_r1_v1,stone,6,9,test,fall,0.000,1607153564.680,1607153565.180
VisTouch_stone_f9_r1_v1_seg02b_c001,VisTouch_stone_f9_r1_v1_seg02b,stone_f9_r1_v1,stone,6,9,test,fall,0.500,1607153565.180,1607153565.680
VisTouch_stone_f9_r1_v1_seg02b_c002,VisTouch_stone_f9_r1_v1_seg02b,stone_f9_r1_v1,stone,6,9,test,fall,1.000,1607153565.680,1607153566.180
VisTouch_stone_f9_r1_v1_seg02b_c003,VisTouch_stone_f9_r1_v1_seg02b,stone_f9_r1_v1,stone,6,9,test,fall,1.500,1607153566.180,1607153566.680
VisTouch_stone_f9_r1_v1_seg02b_c004,VisTouch_stone_f9_r1_v1_seg02b,stone_f9_r1_v1,stone,6,9,test,fall,2.000,1607153566.680,1607153567.180
VisTouch_stone_f9_r1_v1_seg02b_c005,VisTouch_stone_f9_r1_v1_seg02b,stone_f9_r1_v1,stone,6,9,test,fall,2.500,1607153567.180,1607153567.680
VisTouch_stone_f9_r1_v1_seg02b_c006,VisTouch_stone_f9_r1_v1_seg02b,stone_f9_r1_v1,stone,6,9,test,fall,3.000,1607153567.680,1607153568.180
VisTouch_stone_f9_r1_v1_seg02b_c007,VisTouch_stone_f9_r1_v1_seg02b,stone_f9_r1_v1,stone,6,9,test,fall,3.500,1607153568.180,1607153568.680
VisTouch_stone_f9_r1_v1_seg03a_c000,VisTouch_stone_f9_r1_v1_seg03a,stone_f9_r1_v1,stone,6,9,test,rise,0.000,1607153569.020,1607153569.520
VisTouch_stone_f9_r1_v1_seg03a_c001,VisTouch_stone_f9_r1_v1_seg03a,stone_f9_r1_v1,stone,6,9,test,rise,0.500,1607153569.520,1607153570.020
VisTouch_stone_f9_r1_v1_seg03a_c002,VisTouch_stone_f9_r1_v1_seg03a,stone_f9_r1_v1,stone,6,9,test,rise,1.000,1607153570.020,1607153570.520
VisTouch_stone_f9_r1_v1_seg03a_c003,VisTouch_stone_f9_r1_v1_seg03a,stone_f9_r1_v1,stone,6,9,test,rise,1.500,1607153570.520,1607153571.020
VisTouch_stone_f9_r1_v1_seg03a_c004,VisTouch_stone_f9_r1_v1_seg03a,stone_f9_r1_v1,stone,6,9,test,rise,2.000,1607153571.020,1607153571.520
VisTouch_stone_f9_r1_v1_seg03a_c005,VisTouch_stone_f9_r1_v1_seg03a,stone_f9_r1_v1,stone,6,9,test,rise,2.500,1607153571.520,1607153572.020
VisTouch_stone_f9_r1_v1_seg03a_c006,VisTouch_stone_f9_r1_v1_seg03a,stone_f9_r1_v1,stone,6,9,test,rise,3.000,1607153572.020,1607153572.520
VisTouch_stone_f9_r1_v1_seg03a_c007,VisTouch_stone_f9_r1_v1_seg03a,stone_f9_r1_v1,stone,6,9,test,rise,3.500,1607153572.520,1607153573.020
VisTouch_stone_f9_r1_v1_seg03a_c008,VisTouch_stone_f9_r1_v1_seg03a,stone_f9_r1_v1,stone,6,9,test,rise,4.000,1607153573.020,1607153573.520
VisTouch_stone_f9_r1_v1_seg03a_c009,VisTouch_stone_f9_r1_v1_seg03a,stone_f9_r1_v1,stone,6,9,test,rise,4.500,1607153573.520,1607153574.020
VisTouch_stone_f9_r1_v1_seg03a_c010,VisTouch_stone_f9_r1_v1_seg03a,stone_f9_r1_v1,stone,6,9,test,rise,5.000,1607153574.020,1607153574.520
VisTouch_stone_f9_r1_v1_seg03b_c000,VisTouch_stone_f9_r1_v1_seg03b,stone_f9_r1_v1,stone,6,9,test,fall,0.000,1607153574.880,1607153575.380
VisTouch_stone_f9_r1_v1_seg03b_c001,VisTouch_stone_f9_r1_v1_seg03b,stone_f9_r1_v1,stone,6,9,test,fall,0.500,1607153575.380,1607153575.880
VisTouch_stone_f9_r1_v1_seg03b_c002,VisTouch_stone_f9_r1_v1_seg03b,stone_f9_r1_v1,stone,6,9,test,fall,1.000,1607153575.880,1607153576.380
VisTouch_stone_f9_r1_v1_seg03b_c003,VisTouch_stone_f9_r1_v1_seg03b,stone_f9_r1_v1,stone,6,9,test,fall,1.500,1607153576.380,1607153576.880
VisTouch_stone_f9_r1_v1_seg03b_c004,VisTouch_stone_f9_r1_v1_seg03b,stone_f9_r1_v1,stone,6,9,test,fall,2.000,1607153576.880,1607153577.380
VisTouch_stone_f9_r1_v1_seg03b_c005,VisTouch_stone_f9_r1_v1_seg03b,stone_f9_r1_v1,stone,6,9,test,fall,2.500,1607153577.380,1607153577.880
VisTouch_stone_f9_r1_v1_seg03b_c006,VisTouch_stone_f9_r1_v1_seg03b,stone_f9_r1_v1,stone,6,9,test,fall,3.000,1607153577.880,1607153578.380
VisTouch_stone_f9_r1_v1_seg03b_c007,VisTouch_stone_f9_r1_v1_seg03b,stone_f9_r1_v1,stone,6,9,test,fall,3.500,1607153578.380,1607153578.880
VisTouch_stone_f9_r1_v1_seg04a_c000,VisTouch_stone_f9_r1_v1_seg04a,stone_f9_r1_v1,stone,6,9,test,rise,0.000,1607153579.220,1607153579.720
VisTouch_stone_f9_r1_v1_seg04a_c001,VisTouch_stone_f9_r1_v1_seg04a,stone_f9_r1_v1,stone,6,9,test,rise,0.500,1607153579.720,1607153580.220
VisTouch_stone_f9_r1_v1_seg04a_c002,VisTouch_stone_f9_r1_v1_seg04a,stone_f9_r1_v1,stone,6,9,test,rise,1.000,1607153580.220,1607153580.720
VisTouch_stone_f9_r1_v1_seg04a_c003,VisTouch_stone_f9_r1_v1_seg04a,stone_f9_r1_v1,stone,6,9,test,rise,1.500,1607153580.720,1607153581.220
VisTouch_stone_f9_r1_v1_seg04a_c004,VisTouch_stone_f9_r1_v1_seg04a,stone_f9_r1_v1,stone,6,9,test,rise,2.000,1607153581.220,1607153581.720
VisTouch_stone_f9_r1_v1_seg04a_c005,VisTouch_stone_f9_r1_v1_seg04a,stone_f9_r1_v1,stone,6,9,test,rise,2.500,1607153581.720,1607153582.220
VisTouch_stone_f9_r1_v1_seg04a_c006,VisTouch_stone_f9_r1_v1_seg04a,stone_f9_r1_v1,stone,6,9,test,rise,3.000,1607153582.220,1607153582.720
VisTouch_stone_f9_r1_v1_seg04a_c007,VisTouch_stone_f9_r1_v1_seg04a,stone_f9_r1_v1,stone,6,9,test,rise,3.500,1607153582.720,1607153583.220
VisTouch_stone_f9_r1_v1_seg04a_c008,VisTouch_stone_f9_r1_v1_seg04a,stone_f9_r1_v1,stone,6,9,test,rise,4.000,1607153583.220,1607153583.720
VisTouch_stone_f9_r1_v1_seg04a_c009,VisTouch_stone_f9_r1_v1_seg04a,stone_f9_r1_v1,stone,6,9,test,rise,4.500,1607153583.720,1607153584.220
VisTouch_stone_f9_r1_v1_seg04a_c010,VisTouch_stone_f9_r1_v1_seg04a,stone_f9_r1_v1,stone,6,9,test,rise,5.000,1607153584.220,1607153584.720
VisTouch_stone_f9_r1_v1_seg04a_c011,VisTouch_stone_f9_r1_v1_seg04a,stone_f9_r1_v1,stone,6,9,test,rise,5.500,1607153584.720,1607153585.220
VisTouch_stone_f9_r1_v1_seg04b_c000,VisTouch_stone_f9_r1_v1_seg04b,stone_f9_r1_v1,stone,6,9,test,fall,0.000,1607153585.450,1607153585.950
VisTouch_stone_f9_r1_v1_seg04b_c001,VisTouch_stone_f9_r1_v1_seg04b,stone_f9_r1_v1,stone,6,9,test,fall,0.500,1607153585.950,1607153586.450
VisTouch_stone_f9_r1_v1_seg04b_c002,VisTouch_stone_f9_r1_v1_seg04b,stone_f9_r1_v1,stone,6,9,test,fall,1.000,1607153586.450,1607153586.950
VisTouch_stone_f9_r1_v1_seg04b_c003,VisTouch_stone_f9_r1_v1_seg04b,stone_f9_r1_v1,stone,6,9,test,fall,1.500,1607153586.950,1607153587.450
VisTouch_stone_f9_r1_v1_seg04b_c004,VisTouch_stone_f9_r1_v1_seg04b,stone_f9_r1_v1,stone,6,9,test,fall,2.000,1607153587.450,1607153587.950
VisTouch_stone_f9_r1_v1_seg04b_c005,VisTouch_stone_f9_r1_v1_seg04b,stone_f9_r1_v1,stone,6,9,test,fall,2.500,1607153587.950,1607153588.450
VisTouch_stone_f9_r1_v1_seg04b_c006,VisTouch_stone_f9_r1_v1_seg04b,stone_f9_r1_v1,stone,6,9,test,fall,3.000,1607153588.450,1607153588.950
VisTouch_stone_f9_r1_v1_seg05a_c000,VisTouch_stone_f9_r1_v1_seg05a,stone_f9_r1_v1,stone,6,9,test,rise,0.000,1607153589.360,1607153589.860
VisTouch_stone_f9_r1_v1_seg05a_c001,VisTouch_stone_f9_r1_v1_seg05a,stone_f9_r1_v1,stone,6,9,test,rise,0.500,1607153589.860,1607153590.360
VisTouch_stone_f9_r1_v1_seg05a_c002,VisTouch_stone_f9_r1_v1_seg05a,stone_f9_r1_v1,stone,6,9,test,rise,1.000,1607153590.360,1607153590.860
VisTouch_stone_f9_r1_v1_seg05a_c003,VisTouch_stone_f9_r1_v1_seg05a,stone_f9_r1_v1,stone,6,9,test,rise,1.500,1607153590.860,1607153591.360
VisTouch_stone_f9_r1_v1_seg05a_c004,VisTouch_stone_f9_r1_v1_seg05a,stone_f9_r1_v1,stone,6,9,test,rise,2.000,1607153591.360,1607153591.860
VisTouch_stone_f9_r1_v1_seg05a_c005,VisTouch_stone_f9_r1_v1_seg05a,stone_f9_r1_v1,stone,6,9,test,rise,2.500,1607153591.860,1607153592.360
VisTouch_stone_f9_r1_v1_seg05a_c006,VisTouch_stone_f9_r1_v1_seg05a,stone_f9_r1_v1,stone,6,9,test,rise,3.000,1607153592.360,1607153592.860
VisTouch_stone_f9_r1_v1_seg05a_c007,VisTouch_stone_f9_r1_v1_seg05a,stone_f9_r1_v1,stone,6,9,test,rise,3.500,1607153592.860,1607153593.360
VisTouch_stone_f9_r1_v1_seg05a_c008,VisTouch_stone_f9_r1_v1_seg05a,stone_f9_r1_v1,stone,6,9,test,rise,4.000,1607153593.360,1607153593.860
VisTouch_stone_f9_r1_v1_seg05a_c009,VisTouch_stone_f9_r1_v1_seg05a,stone_f9_r1_v1,stone,6,9,test,rise,4.500,1607153593.860,1607153594.360
VisTouch_stone_f9_r1_v1_seg05a_c010,VisTouch_stone_f9_r1_v1_seg05a,stone_f9_r1_v1,stone,6,9,test,rise,5.000,1607153594.360,1607153594.860
VisTouch_stone_f9_r1_v1_seg05a_c011,VisTouch_stone_f9_r1_v1_seg05a,stone_f9_r1_v1,stone,6,9,test,rise,5.500,1607153594.860,1607153595.360
VisTouch_stone_f9_r1_v1_seg05b_c000,VisTouch_stone_f9_r1_v1_seg05b,stone_f9_r1_v1,stone,6,9,test,fall,0.000,1607153595.440,1607153595.940
VisTouch_stone_f9_r1_v1_seg05b_c001,VisTouch_stone_f9_r1_v1_seg05b,stone_f9_r1_v1,stone,6,9,test,fall,0.500,1607153595.940,1607153596.440
VisTouch_stone_f9_r1_v1_seg05b_c002,VisTouch_stone_f9_r1_v1_seg05b,stone_f9_r1_v1,stone,6,9,test,fall,1.000,1607153596.440,1607153596.940
VisTouch_stone_f9_r1_v1_seg05b_c003,VisTouch_stone_f9_r1_v1_seg05b,stone_f9_r1_v1,stone,6,9,test,fall,1.500,1607153596.940,1607153597.440
VisTouch_stone_f9_r1_v1_seg05b_c004,VisTouch_stone_f9_r1_v1_seg05b,stone_f9_r1_v1,stone,6,9,test,fall,2.000,1607153597.440,1607153597.940
VisTouch_stone_f9_r1_v1_seg05b_c005,VisTouch_stone_f9_r1_v1_seg05b,stone_f9_r1_v1,stone,6,9,test,fall,2.500,1607153597.940,1607153598.440
VisTouch_stone_f9_r1_v1_seg05b_c006,VisTouch_stone_f9_r1_v1_seg05b,stone_f9_r1_v1,stone,6,9,test,fall,3.000,1607153598.440,1607153598.940
VisTouch_stone_f9_r1_v1_seg05b_c007,VisTouch_stone_f9_r1_v1_seg05b,stone_f9_r1_v1,stone,6,9,test,fall,3.500,1607153598.940,1607153599.440
VisTouch_stone_f9_r1_v1_idle02_c000,VisTouch_stone_f9_r1_v1_idle02,stone_f9_r1_v1,stone,6,9,test,idle,0.000,1607153599.540,1607153600.040
VisTouch_stone_f9_r1_v1_idle02_c001,VisTouch_stone_f9_r1_v1_idle02,stone_f9_r1_v1,stone,6,9,test,idle,0.500,1607153600.040,1607153600.540
VisTouch_stone_f9_r1_v1_idle02_c002,VisTouch_stone_f9_r1_v1_idle02,stone_f9_r1_v1,stone,6,9,test,idle,1.000,1607153600.540,1607153601.040
VisTouch_stone_f9_r1_v1_idle02_c003,VisTouch_stone_f9_r1_v1_idle02,stone_f9_r1_v1,stone,6,9,test,idle,1.500,1607153601.040,1607153601.540
VisTouch_stone_f9_r1_v1_idle02_c004,VisTouch_stone_f9_r1_v1_idle02,stone_f9_r1_v1,stone,6,9,test,idle,2.000,1607153601.540,1607153602.040
VisTouch_stone_f9_r1_v1_idle02_c005,VisTouch_stone_f9_r1_v1_idle02,stone_f9_r1_v1,stone,6,9,test,idle,2.500,1607153602.040,1607153602.540
VisTouch_stone_f9_r1_v1_idle02_c006,VisTouch_stone_f9_r1_v1_idle02,stone_f9_r1_v1,stone,6,9,test,idle,3.000,1607153602.540,1607153603.040
VisTouch_stone_f9_r1_v1_idle02_c007,VisTouch_stone_f9_r1_v1_idle02,stone_f9_r1_v1,stone,6,9,test,idle,3.500,1607153603.040,1607153603.540
VisTouch_stone_f9_r1_v1_idle02_c008,VisTouch_stone_f9_r1_v1_idle02,stone_f9_r1_v1,stone,6,9,test,idle,4.000,1607153603.540,1607153604.040
VisTouch_stone_f9_r1_v1_idle02_c009,VisTouch_stone_f9_r1_v1_idle02,stone_f9_r1_v1,stone,6,9,test,idle,4.500,1607153604.040,1607153604.540
VisTouch_stone_f9_r1_v1_idle02_c010,VisTouch_stone_f9_r1_v1_idle02,stone_f9_r1_v1,stone,6,9,test,idle,5.000,1607153604.540,1607153605.040
VisTouch_stone_f9_r1_v1_idle02_c011,VisTouch_stone_f9_r1_v1_idle02,stone_f9_r1_v1,stone,6,9,test,idle,5.500,1607153605.040,1607153605.540
VisTouch_stone_f9_r1_v1_idle03_c000,VisTouch_stone_f9_r1_v1_idle03,stone_f9_r1_v1,stone,6,9,test,idle,0.000,1607153605.764,1607153606.264
VisTouch_stone_f9_r1_v1_idle03_c001,VisTouch_stone_f9_r1_v1_idle03,stone_f9_r1_v1,stone,6,9,test,idle,0.500,1607153606.264,1607153606.764
VisTouch_stone_f9_r1_v1_idle03_c002,VisTouch_stone_f9_r1_v1_idle03,stone_f9_r1_v1,stone,6,9,test,idle,1.000,1607153606.764,1607153607.264
VisTouch_stone_f9_r1_v1_idle03_c003,VisTouch_stone_f9_r1_v1_idle03,stone_f9_r1_v1,stone,6,9,test,idle,1.500,1607153607.264,1607153607.764
VisTouch_stone_f9_r1_v1_idle03_c004,VisTouch_stone_f9_r1_v1_idle03,stone_f9_r1_v1,stone,6,9,test,idle,2.000,1607153607.764,1607153608.264
VisTouch_stone_f9_r1_v1_idle03_c005,VisTouch_stone_f9_r1_v1_idle03,stone_f9_r1_v1,stone,6,9,test,idle,2.500,1607153608.264,1607153608.764
VisTouch_stone_f9_r1_v1_idle03_c006,VisTouch_stone_f9_r1_v1_idle03,stone_f9_r1_v1,stone,6,9,test,idle,3.000,1607153608.764,1607153609.264
VisTouch_stone_f9_r1_v1_idle03_c007,VisTouch_stone_f9_r1_v1_idle03,stone_f9_r1_v1,stone,6,9,test,idle,3.500,1607153609.264,1607153609.764
VisTouch_stone_f9_r1_v1_idle03_c008,VisTouch_stone_f9_r1_v1_idle03,stone_f9_r1_v1,stone,6,9,test,idle,4.000,1607153609.764,1607153610.264
VisTouch_stone_f9_r1_v1_idle03_c009,VisTouch_stone_f9_r1_v1_idle03,stone_f9_r1_v1,stone,6,9,test,idle,4.500,1607153610.264,1607153610.764
VisTouch_stone_f9_r1_v1_idle03_c010,VisTouch_stone_f9_r1_v1_idle03,stone_f9_r1_v1,stone,6,9,test,idle,5.000,1607153610.764,1607153611.264
VisTouch_stone_f9_r1_v1_idle03_c011,VisTouch_stone_f9_r1_v1_idle03,stone_f9_r1_v1,stone,6,9,test,idle,5.500,1607153611.264,1607153611.764
VisTouch_wood_f3_r1_v1_idle01_c000,VisTouch_wood_f3_r1_v1_idle01,wood_f3_r1_v1,wood,7,3,train,idle,0.000,1607154804.000,1607154804.500
VisTouch_wood_f3_r1_v1_idle01_c001,VisTouch_wood_f3_r1_v1_idle01,wood_f3_r1_v1,wood,7,3,train,idle,0.500,1607154804.500,1607154805.000
VisTouch_wood_f3_r1_v1_idle01_c002,VisTouch_wood_f3_r1_v1_idle01,wood_f3_r1_v1,wood,7,3,train,idle,1.000,1607154805.000,1607154805.500
VisTouch_wood_f3_r1_v1_idle01_c003,VisTouch_wood_f3_r1_v1_idle01,wood_f3_r1_v1,wood,7,3,train,idle,1.500,1607154805.500,1607154806.000
VisTouch_wood_f3_r1_v1_idle01_c004,VisTouch_wood_f3_r1_v1_idle01,wood_f3_r1_v1,wood,7,3,train,idle,2.000,1607154806.000,1607154806.500
VisTouch_wood_f3_r1_v1_idle01_c005,VisTouch_wood_f3_r1_v1_idle01,wood_f3_r1_v1,wood,7,3,train,idle,2.500,1607154806.500,1607154807.000
VisTouch_wood_f3_r1_v1_idle01_c006,VisTouch_wood_f3_r1_v1_idle01,wood_f3_r1_v1,wood,7,3,train,idle,3.000,1607154807.000,1607154807.500
VisTouch_wood_f3_r1_v1_idle01_c007,VisTouch_wood_f3_r1_v1_idle01,wood_f3_r1_v1,wood,7,3,train,idle,3.500,1607154807.500,1607154808.000
VisTouch_wood_f3_r1_v1_idle01_c008,VisTouch_wood_f3_r1_v1_idle01,wood_f3_r1_v1,wood,7,3,train,idle,4.000,1607154808.000,1607154808.500
VisTouch_wood_f3_r1_v1_idle01_c009,VisTouch_wood_f3_r1_v1_idle01,wood_f3_r1_v1,wood,7,3,train,idle,4.500,1607154808.500,1607154809.000
VisTouch_wood_f3_r1_v1_idle01_c010,VisTouch_wood_f3_r1_v1_idle01,wood_f3_r1_v1,wood,7,3,train,idle,5.000,1607154809.000,1607154809.500
VisTouch_wood_f3_r1_v1_idle01_c011,VisTouch_wood_f3_r1_v1_idle01,wood_f3_r1_v1,wood,7,3,train,idle,5.500,1607154809.500,1607154810.000
VisTouch_wood_f3_r1_v1_idle01_c012,VisTouch_wood_f3_r1_v1_idle01,wood_f3_r1_v1,wood,7,3,train,idle,6.000,1607154810.000,1607154810.500
VisTouch_wood_f3_r1_v1_idle01_c013,VisTouch_wood_f3_r1_v1_idle01,wood_f3_r1_v1,wood,7,3,train,idle,6.500,1607154810.500,1607154811.000
VisTouch_wood_f3_r1_v1_idle01_c014,VisTouch_wood_f3_r1_v1_idle01,wood_f3_r1_v1,wood,7,3,train,idle,7.000,1607154811.000,1607154811.500
VisTouch_wood_f3_r1_v1_idle01_c015,VisTouch_wood_f3_r1_v1_idle01,wood_f3_r1_v1,wood,7,3,train,idle,7.500,1607154811.500,1607154812.000
VisTouch_wood_f3_r1_v1_seg01a_c000,VisTouch_wood_f3_r1_v1_seg01a,wood_f3_r1_v1,wood,7,3,train,rise,0.000,1607154812.000,1607154812.500
VisTouch_wood_f3_r1_v1_seg01a_c001,VisTouch_wood_f3_r1_v1_seg01a,wood_f3_r1_v1,wood,7,3,train,rise,0.500,1607154812.500,1607154813.000
VisTouch_wood_f3_r1_v1_seg01a_c002,VisTouch_wood_f3_r1_v1_seg01a,wood_f3_r1_v1,wood,7,3,train,rise,1.000,1607154813.000,1607154813.500
VisTouch_wood_f3_r1_v1_seg01a_c003,VisTouch_wood_f3_r1_v1_seg01a,wood_f3_r1_v1,wood,7,3,train,rise,1.500,1607154813.500,1607154814.000
VisTouch_wood_f3_r1_v1_seg01a_c004,VisTouch_wood_f3_r1_v1_seg01a,wood_f3_r1_v1,wood,7,3,train,rise,2.000,1607154814.000,1607154814.500
VisTouch_wood_f3_r1_v1_seg01a_c005,VisTouch_wood_f3_r1_v1_seg01a,wood_f3_r1_v1,wood,7,3,train,rise,2.500,1607154814.500,1607154815.000
VisTouch_wood_f3_r1_v1_seg01a_c006,VisTouch_wood_f3_r1_v1_seg01a,wood_f3_r1_v1,wood,7,3,train,rise,3.000,1607154815.000,1607154815.500
VisTouch_wood_f3_r1_v1_seg01a_c007,VisTouch_wood_f3_r1_v1_seg01a,wood_f3_r1_v1,wood,7,3,train,rise,3.500,1607154815.500,1607154816.000
VisTouch_wood_f3_r1_v1_seg01a_c008,VisTouch_wood_f3_r1_v1_seg01a,wood_f3_r1_v1,wood,7,3,train,rise,4.000,1607154816.000,1607154816.500
VisTouch_wood_f3_r1_v1_seg01a_c009,VisTouch_wood_f3_r1_v1_seg01a,wood_f3_r1_v1,wood,7,3,train,rise,4.500,1607154816.500,1607154817.000
VisTouch_wood_f3_r1_v1_seg01a_c010,VisTouch_wood_f3_r1_v1_seg01a,wood_f3_r1_v1,wood,7,3,train,rise,5.000,1607154817.000,1607154817.500
VisTouch_wood_f3_r1_v1_seg01a_c011,VisTouch_wood_f3_r1_v1_seg01a,wood_f3_r1_v1,wood,7,3,train,rise,5.500,1607154817.500,1607154818.000
VisTouch_wood_f3_r1_v1_seg01b_c000,VisTouch_wood_f3_r1_v1_seg01b,wood_f3_r1_v1,wood,7,3,train,fall,0.000,1607154818.380,1607154818.880
VisTouch_wood_f3_r1_v1_seg01b_c001,VisTouch_wood_f3_r1_v1_seg01b,wood_f3_r1_v1,wood,7,3,train,fall,0.500,1607154818.880,1607154819.380
VisTouch_wood_f3_r1_v1_seg01b_c002,VisTouch_wood_f3_r1_v1_seg01b,wood_f3_r1_v1,wood,7,3,train,fall,1.000,1607154819.380,1607154819.880
VisTouch_wood_f3_r1_v1_seg01b_c003,VisTouch_wood_f3_r1_v1_seg01b,wood_f3_r1_v1,wood,7,3,train,fall,1.500,1607154819.880,1607154820.380
VisTouch_wood_f3_r1_v1_seg01b_c004,VisTouch_wood_f3_r1_v1_seg01b,wood_f3_r1_v1,wood,7,3,train,fall,2.000,1607154820.380,1607154820.880
VisTouch_wood_f3_r1_v1_seg01b_c005,VisTouch_wood_f3_r1_v1_seg01b,wood_f3_r1_v1,wood,7,3,train,fall,2.500,1607154820.880,1607154821.380
VisTouch_wood_f3_r1_v1_seg01b_c006,VisTouch_wood_f3_r1_v1_seg01b,wood_f3_r1_v1,wood,7,3,train,fall,3.000,1607154821.380,1607154821.880
VisTouch_wood_f3_r1_v1_seg02a_c000,VisTouch_wood_f3_r1_v1_seg02a,wood_f3_r1_v1,wood,7,3,train,rise,0.000,1607154822.300,1607154822.800
VisTouch_wood_f3_r1_v1_seg02a_c001,VisTouch_wood_f3_r1_v1_seg02a,wood_f3_r1_v1,wood,7,3,train,rise,0.500,1607154822.800,1607154823.300
VisTouch_wood_f3_r1_v1_seg02a_c002,VisTouch_wood_f3_r1_v1_seg02a,wood_f3_r1_v1,wood,7,3,train,rise,1.000,1607154823.300,1607154823.800
VisTouch_wood_f3_r1_v1_seg02a_c003,VisTouch_wood_f3_r1_v1_seg02a,wood_f3_r1_v1,wood,7,3,train,rise,1.500,1607154823.800,1607154824.300
VisTouch_wood_f3_r1_v1_seg02a_c004,VisTouch_wood_f3_r1_v1_seg02a,wood_f3_r1_v1,wood,7,3,train,rise,2.000,1607154824.300,1607154824.800
VisTouch_wood_f3_r1_v1_seg02a_c005,VisTouch_wood_f3_r1_v1_seg02a,wood_f3_r1_v1,wood,7,3,train,rise,2.500,1607154824.800,1607154825.300
VisTouch_wood_f3_r1_v1_seg02a_c006,VisTouch_wood_f3_r1_v1_seg02a,wood_f3_r1_v1,wood,7,3,train,rise,3.000,1607154825.300,1607154825.800
VisTouch_wood_f3_r1_v1_seg02a_c007,VisTouch_wood_f3_r1_v1_seg02a,wood_f3_r1_v1,wood,7,3,train,rise,3.500,1607154825.800,1607154826.300
VisTouch_wood_f3_r1_v1_seg02a_c008,VisTouch_wood_f3_r1_v1_seg02a,wood_f3_r1_v1,wood,7,3,train,rise,4.000,1607154826.300,1607154826.800
VisTouch_wood_f3_r1_v1_seg02a_c009,VisTouch_wood_f3_r1_v1_seg02a,wood_f3_r1_v1,wood,7,3,train,rise,4.500,1607154826.800,1607154827.300
VisTouch_wood_f3_r1_v1_seg02a_c010,VisTouch_wood_f3_r1_v1_seg02a,wood_f3_r1_v1,wood,7,3,train,rise,5.000,1607154827.300,1607154827.800
VisTouch_wood_f3_r1_v1_seg02a_c011,VisTouch_wood_f3_r1_v1_seg02a,wood_f3_r1_v1,wood,7,3,train,rise,5.500,1607154827.800,1607154828.300
VisTouch_wood_f3_r1_v1_seg02b_c000,VisTouch_wood_f3_r1_v1_seg02b,wood_f3_r1_v1,wood,7,3,train,fall,0.000,1607154828.730,1607154829.230
VisTouch_wood_f3_r1_v1_seg02b_c001,VisTouch_wood_f3_r1_v1_seg02b,wood_f3_r1_v1,wood,7,3,train,fall,0.500,1607154829.230,1607154829.730
VisTouch_wood_f3_r1_v1_seg02b_c002,VisTouch_wood_f3_r1_v1_seg02b,wood_f3_r1_v1,wood,7,3,train,fall,1.000,1607154829.730,1607154830.230
VisTouch_wood_f3_r1_v1_seg02b_c003,VisTouch_wood_f3_r1_v1_seg02b,wood_f3_r1_v1,wood,7,3,train,fall,1.500,1607154830.230,1607154830.730
VisTouch_wood_f3_r1_v1_seg02b_c004,VisTouch_wood_f3_r1_v1_seg02b,wood_f3_r1_v1,wood,7,3,train,fall,2.000,1607154830.730,1607154831.230
VisTouch_wood_f3_r1_v1_seg02b_c005,VisTouch_wood_f3_r1_v1_seg02b,wood_f3_r1_v1,wood,7,3,train,fall,2.500,1607154831.230,1607154831.730
VisTouch_wood_f3_r1_v1_seg02b_c006,VisTouch_wood_f3_r1_v1_seg02b,wood_f3_r1_v1,wood,7,3,train,fall,3.000,1607154831.730,1607154832.230
VisTouch_wood_f3_r1_v1_seg03a_c000,VisTouch_wood_f3_r1_v1_seg03a,wood_f3_r1_v1,wood,7,3,train,rise,0.000,1607154832.620,1607154833.120
VisTouch_wood_f3_r1_v1_seg03a_c001,VisTouch_wood_f3_r1_v1_seg03a,wood_f3_r1_v1,wood,7,3,train,rise,0.500,1607154833.120,1607154833.620
VisTouch_wood_f3_r1_v1_seg03a_c002,VisTouch_wood_f3_r1_v1_seg03a,wood_f3_r1_v1,wood,7,3,train,rise,1.000,1607154833.620,1607154834.120
VisTouch_wood_f3_r1_v1_seg03a_c003,VisTouch_wood_f3_r1_v1_seg03a,wood_f3_r1_v1,wood,7,3,train,rise,1.500,1607154834.120,1607154834.620
VisTouch_wood_f3_r1_v1_seg03a_c004,VisTouch_wood_f3_r1_v1_seg03a,wood_f3_r1_v1,wood,7,3,train,rise,2.000,1607154834.620,1607154835.120
VisTouch_wood_f3_r1_v1_seg03a_c005,VisTouch_wood_f3_r1_v1_seg03a,wood_f3_r1_v1,wood,7,3,train,rise,2.500,1607154835.120,1607154835.620
VisTouch_wood_f3_r1_v1_seg03a_c006,VisTouch_wood_f3_r1_v1_seg03a,wood_f3_r1_v1,wood,7,3,train,rise,3.000,1607154835.620,1607154836.120
VisTouch_wood_f3_r1_v1_seg03a_c007,VisTouch_wood_f3_r1_v1_seg03a,wood_f3_r1_v1,wood,7,3,train,rise,3.500,1607154836.120,1607154836.620
VisTouch_wood_f3_r1_v1_seg03a_c008,VisTouch_wood_f3_r1_v1_seg03a,wood_f3_r1_v1,wood,7,3,train,rise,4.000,1607154836.620,1607154837.120
VisTouch_wood_f3_r1_v1_seg03a_c009,VisTouch_wood_f3_r1_v1_seg03a,wood_f3_r1_v1,wood,7,3,train,rise,4.500,1607154837.120,1607154837.620
VisTouch_wood_f3_r1_v1_seg03a_c010,VisTouch_wood_f3_r1_v1_seg03a,wood_f3_r1_v1,wood,7,3,train,rise,5.000,1607154837.620,1607154838.120
VisTouch_wood_f3_r1_v1_seg03a_c011,VisTouch_wood_f3_r1_v1_seg03a,wood_f3_r1_v1,wood,7,3,train,rise,5.500,1607154838.120,1607154838.620
VisTouch_wood_f3_r1_v1_seg03b_c000,VisTouch_wood_f3_r1_v1_seg03b,wood_f3_r1_v1,wood,7,3,train,fall,0.000,1607154839.050,1607154839.550
VisTouch_wood_f3_r1_v1_seg03b_c001,VisTouch_wood_f3_r1_v1_seg03b,wood_f3_r1_v1,wood,7,3,train,fall,0.500,1607154839.550,1607154840.050
VisTouch_wood_f3_r1_v1_seg03b_c002,VisTouch_wood_f3_r1_v1_seg03b,wood_f3_r1_v1,wood,7,3,train,fall,1.000,1607154840.050,1607154840.550
VisTouch_wood_f3_r1_v1_seg03b_c003,VisTouch_wood_f3_r1_v1_seg03b,wood_f3_r1_v1,wood,7,3,train,fall,1.500,1607154840.550,1607154841.050
VisTouch_wood_f3_r1_v1_seg03b_c004,VisTouch_wood_f3_r1_v1_seg03b,wood_f3_r1_v1,wood,7,3,train,fall,2.000,1607154841.050,1607154841.550
VisTouch_wood_f3_r1_v1_seg03b_c005,VisTouch_wood_f3_r1_v1_seg03b,wood_f3_r1_v1,wood,7,3,train,fall,2.500,1607154841.550,1607154842.050
VisTouch_wood_f3_r1_v1_seg03b_c006,VisTouch_wood_f3_r1_v1_seg03b,wood_f3_r1_v1,wood,7,3,train,fall,3.000,1607154842.050,1607154842.550
VisTouch_wood_f3_r1_v1_seg04a_c000,VisTouch_wood_f3_r1_v1_seg04a,wood_f3_r1_v1,wood,7,3,train,rise,0.000,1607154842.920,1607154843.420
VisTouch_wood_f3_r1_v1_seg04a_c001,VisTouch_wood_f3_r1_v1_seg04a,wood_f3_r1_v1,wood,7,3,train,rise,0.500,1607154843.420,1607154843.920
VisTouch_wood_f3_r1_v1_seg04a_c002,VisTouch_wood_f3_r1_v1_seg04a,wood_f3_r1_v1,wood,7,3,train,rise,1.000,1607154843.920,1607154844.420
VisTouch_wood_f3_r1_v1_seg04a_c003,VisTouch_wood_f3_r1_v1_seg04a,wood_f3_r1_v1,wood,7,3,train,rise,1.500,1607154844.420,1607154844.920
VisTouch_wood_f3_r1_v1_seg04a_c004,VisTouch_wood_f3_r1_v1_seg04a,wood_f3_r1_v1,wood,7,3,train,rise,2.000,1607154844.920,1607154845.420
VisTouch_wood_f3_r1_v1_seg04a_c005,VisTouch_wood_f3_r1_v1_seg04a,wood_f3_r1_v1,wood,7,3,train,rise,2.500,1607154845.420,1607154845.920
VisTouch_wood_f3_r1_v1_seg04a_c006,VisTouch_wood_f3_r1_v1_seg04a,wood_f3_r1_v1,wood,7,3,train,rise,3.000,1607154845.920,1607154846.420
VisTouch_wood_f3_r1_v1_seg04a_c007,VisTouch_wood_f3_r1_v1_seg04a,wood_f3_r1_v1,wood,7,3,train,rise,3.500,1607154846.420,1607154846.920
VisTouch_wood_f3_r1_v1_seg04a_c008,VisTouch_wood_f3_r1_v1_seg04a,wood_f3_r1_v1,wood,7,3,train,rise,4.000,1607154846.920,1607154847.420
VisTouch_wood_f3_r1_v1_seg04a_c009,VisTouch_wood_f3_r1_v1_seg04a,wood_f3_r1_v1,wood,7,3,train,rise,4.500,1607154847.420,1607154847.920
VisTouch_wood_f3_r1_v1_seg04a_c010,VisTouch_wood_f3_r1_v1_seg04a,wood_f3_r1_v1,wood,7,3,train,rise,5.000,1607154847.920,1607154848.420
VisTouch_wood_f3_r1_v1_seg04a_c011,VisTouch_wood_f3_r1_v1_seg04a,wood_f3_r1_v1,wood,7,3,train,rise,5.500,1607154848.420,1607154848.920
VisTouch_wood_f3_r1_v1_seg04b_c000,VisTouch_wood_f3_r1_v1_seg04b,wood_f3_r1_v1,wood,7,3,train,fall,0.000,1607154849.390,1607154849.890
VisTouch_wood_f3_r1_v1_seg04b_c001,VisTouch_wood_f3_r1_v1_seg04b,wood_f3_r1_v1,wood,7,3,train,fall,0.500,1607154849.890,1607154850.390
VisTouch_wood_f3_r1_v1_seg04b_c002,VisTouch_wood_f3_r1_v1_seg04b,wood_f3_r1_v1,wood,7,3,train,fall,1.000,1607154850.390,1607154850.890
VisTouch_wood_f3_r1_v1_seg04b_c003,VisTouch_wood_f3_r1_v1_seg04b,wood_f3_r1_v1,wood,7,3,train,fall,1.500,1607154850.890,1607154851.390
VisTouch_wood_f3_r1_v1_seg04b_c004,VisTouch_wood_f3_r1_v1_seg04b,wood_f3_r1_v1,wood,7,3,train,fall,2.000,1607154851.390,1607154851.890
VisTouch_wood_f3_r1_v1_seg04b_c005,VisTouch_wood_f3_r1_v1_seg04b,wood_f3_r1_v1,wood,7,3,train,fall,2.500,1607154851.890,1607154852.390
VisTouch_wood_f3_r1_v1_seg04b_c006,VisTouch_wood_f3_r1_v1_seg04b,wood_f3_r1_v1,wood,7,3,train,fall,3.000,1607154852.390,1607154852.890
VisTouch_wood_f3_r1_v1_seg05a_c000,VisTouch_wood_f3_r1_v1_seg05a,wood_f3_r1_v1,wood,7,3,train,rise,0.000,1607154853.220,1607154853.720
VisTouch_wood_f3_r1_v1_seg05a_c001,VisTouch_wood_f3_r1_v1_seg05a,wood_f3_r1_v1,wood,7,3,train,rise,0.500,1607154853.720,1607154854.220
VisTouch_wood_f3_r1_v1_seg05a_c002,VisTouch_wood_f3_r1_v1_seg05a,wood_f3_r1_v1,wood,7,3,train,rise,1.000,1607154854.220,1607154854.720
VisTouch_wood_f3_r1_v1_seg05a_c003,VisTouch_wood_f3_r1_v1_seg05a,wood_f3_r1_v1,wood,7,3,train,rise,1.500,1607154854.720,1607154855.220
VisTouch_wood_f3_r1_v1_seg05a_c004,VisTouch_wood_f3_r1_v1_seg05a,wood_f3_r1_v1,wood,7,3,train,rise,2.000,1607154855.220,1607154855.720
VisTouch_wood_f3_r1_v1_seg05a_c005,VisTouch_wood_f3_r1_v1_seg05a,wood_f3_r1_v1,wood,7,3,train,rise,2.500,1607154855.720,1607154856.220
VisTouch_wood_f3_r1_v1_seg05a_c006,VisTouch_wood_f3_r1_v1_seg05a,wood_f3_r1_v1,wood,7,3,train,rise,3.000,1607154856.220,1607154856.720
VisTouch_wood_f3_r1_v1_seg05a_c007,VisTouch_wood_f3_r1_v1_seg05a,wood_f3_r1_v1,wood,7,3,train,rise,3.500,1607154856.720,1607154857.220
VisTouch_wood_f3_r1_v1_seg05a_c008,VisTouch_wood_f3_r1_v1_seg05a,wood_f3_r1_v1,wood,7,3,train,rise,4.000,1607154857.220,1607154857.720
VisTouch_wood_f3_r1_v1_seg05a_c009,VisTouch_wood_f3_r1_v1_seg05a,wood_f3_r1_v1,wood,7,3,train,rise,4.500,1607154857.720,1607154858.220
VisTouch_wood_f3_r1_v1_seg05a_c010,VisTouch_wood_f3_r1_v1_seg05a,wood_f3_r1_v1,wood,7,3,train,rise,5.000,1607154858.220,1607154858.720
VisTouch_wood_f3_r1_v1_seg05a_c011,VisTouch_wood_f3_r1_v1_seg05a,wood_f3_r1_v1,wood,7,3,train,rise,5.500,1607154858.720,1607154859.220
VisTouch_wood_f3_r1_v1_seg05b_c000,VisTouch_wood_f3_r1_v1_seg05b,wood_f3_r1_v1,wood,7,3,train,fall,0.000,1607154859.640,1607154860.140
VisTouch_wood_f3_r1_v1_seg05b_c001,VisTouch_wood_f3_r1_v1_seg05b,wood_f3_r1_v1,wood,7,3,train,fall,0.500,1607154860.140,1607154860.640
VisTouch_wood_f3_r1_v1_seg05b_c002,VisTouch_wood_f3_r1_v1_seg05b,wood_f3_r1_v1,wood,7,3,train,fall,1.000,1607154860.640,1607154861.140
VisTouch_wood_f3_r1_v1_seg05b_c003,VisTouch_wood_f3_r1_v1_seg05b,wood_f3_r1_v1,wood,7,3,train,fall,1.500,1607154861.140,1607154861.640
VisTouch_wood_f3_r1_v1_seg05b_c004,VisTouch_wood_f3_r1_v1_seg05b,wood_f3_r1_v1,wood,7,3,train,fall,2.000,1607154861.640,1607154862.140
VisTouch_wood_f3_r1_v1_seg05b_c005,VisTouch_wood_f3_r1_v1_seg05b,wood_f3_r1_v1,wood,7,3,train,fall,2.500,1607154862.140,1607154862.640
VisTouch_wood_f3_r1_v1_seg05b_c006,VisTouch_wood_f3_r1_v1_seg05b,wood_f3_r1_v1,wood,7,3,train,fall,3.000,1607154862.640,1607154863.140
VisTouch_wood_f3_r1_v1_idle02_c000,VisTouch_wood_f3_r1_v1_idle02,wood_f3_r1_v1,wood,7,3,train,idle,0.000,1607154863.520,1607154864.020
VisTouch_wood_f3_r1_v1_idle02_c001,VisTouch_wood_f3_r1_v1_idle02,wood_f3_r1_v1,wood,7,3,train,idle,0.500,1607154864.020,1607154864.520
VisTouch_wood_f3_r1_v1_idle02_c002,VisTouch_wood_f3_r1_v1_idle02,wood_f3_r1_v1,wood,7,3,train,idle,1.000,1607154864.520,1607154865.020
VisTouch_wood_f3_r1_v1_idle02_c003,VisTouch_wood_f3_r1_v1_idle02,wood_f3_r1_v1,wood,7,3,train,idle,1.500,1607154865.020,1607154865.520
VisTouch_wood_f3_r1_v1_idle02_c004,VisTouch_wood_f3_r1_v1_idle02,wood_f3_r1_v1,wood,7,3,train,idle,2.000,1607154865.520,1607154866.020
VisTouch_wood_f3_r1_v1_idle02_c005,VisTouch_wood_f3_r1_v1_idle02,wood_f3_r1_v1,wood,7,3,train,idle,2.500,1607154866.020,1607154866.520
VisTouch_wood_f3_r1_v1_idle02_c006,VisTouch_wood_f3_r1_v1_idle02,wood_f3_r1_v1,wood,7,3,train,idle,3.000,1607154866.520,1607154867.020
VisTouch_wood_f3_r1_v1_idle02_c007,VisTouch_wood_f3_r1_v1_idle02,wood_f3_r1_v1,wood,7,3,train,idle,3.500,1607154867.020,1607154867.520
VisTouch_wood_f3_r1_v1_idle02_c008,VisTouch_wood_f3_r1_v1_idle02,wood_f3_r1_v1,wood,7,3,train,idle,4.000,1607154867.520,1607154868.020
VisTouch_wood_f3_r1_v1_idle02_c009,VisTouch_wood_f3_r1_v1_idle02,wood_f3_r1_v1,wood,7,3,train,idle,4.500,1607154868.020,1607154868.520
VisTouch_wood_f3_r1_v1_idle02_c010,VisTouch_wood_f3_r1_v1_idle02,wood_f3_r1_v1,wood,7,3,train,idle,5.000,1607154868.520,1607154869.020
VisTouch_wood_f3_r1_v1_idle02_c011,VisTouch_wood_f3_r1_v1_idle02,wood_f3_r1_v1,wood,7,3,train,idle,5.500,1607154869.020,1607154869.520
VisTouch_wood_f3_r1_v1_idle03_c000,VisTouch_wood_f3_r1_v1_idle03,wood_f3_r1_v1,wood,7,3,train,idle,0.000,1607154869.755,1607154870.255
VisTouch_wood_f3_r1_v1_idle03_c001,VisTouch_wood_f3_r1_v1_idle03,wood_f3_r1_v1,wood,7,3,train,idle,0.500,1607154870.255,1607154870.755
VisTouch_wood_f3_r1_v1_idle03_c002,VisTouch_wood_f3_r1_v1_idle03,wood_f3_r1_v1,wood,7,3,train,idle,1.000,1607154870.755,1607154871.255
VisTouch_wood_f3_r1_v1_idle03_c003,VisTouch_wood_f3_r1_v1_idle03,wood_f3_r1_v1,wood,7,3,train,idle,1.500,1607154871.255,1607154871.755
VisTouch_wood_f3_r1_v1_idle03_c004,VisTouch_wood_f3_r1_v1_idle03,wood_f3_r1_v1,wood,7,3,train,idle,2.000,1607154871.755,1607154872.255
VisTouch_wood_f3_r1_v1_idle03_c005,VisTouch_wood_f3_r1_v1_idle03,wood_f3_r1_v1,wood,7,3,train,idle,2.500,1607154872.255,1607154872.755
VisTouch_wood_f3_r1_v1_idle03_c006,VisTouch_wood_f3_r1_v1_idle03,wood_f3_r1_v1,wood,7,3,train,idle,3.000,1607154872.755,1607154873.255
VisTouch_wood_f3_r1_v1_idle03_c007,VisTouch_wood_f3_r1_v1_idle03,wood_f3_r1_v1,wood,7,3,train,idle,3.500,1607154873.255,1607154873.755
VisTouch_wood_f3_r1_v1_idle03_c008,VisTouch_wood_f3_r1_v1_idle03,wood_f3_r1_v1,wood,7,3,train,idle,4.000,1607154873.755,1607154874.255
VisTouch_wood_f3_r1_v1_idle03_c009,VisTouch_wood_f3_r1_v1_idle03,wood_f3_r1_v1,wood,7,3,train,idle,4.500,1607154874.255,1607154874.755
VisTouch_wood_f3_r1_v1_idle03_c010,VisTouch_wood_f3_r1_v1_idle03,wood_f3_r1_v1,wood,7,3,train,idle,5.000,1607154874.755,1607154875.255
VisTouch_wood_f3_r1_v1_idle03_c011,VisTouch_wood_f3_r1_v1_idle03,wood_f3_r1_v1,wood,7,3,train,idle,5.500,1607154875.255,1607154875.755
VisTouch_wood_f6_r1_v1_idle01_c000,VisTouch_wood_f6_r1_v1_idle01,wood_f6_r1_v1,wood,7,6,train,idle,0.000,1607154946.000,1607154946.500
VisTouch_wood_f6_r1_v1_idle01_c001,VisTouch_wood_f6_r1_v1_idle01,wood_f6_r1_v1,wood,7,6,train,idle,0.500,1607154946.500,1607154947.000
VisTouch_wood_f6_r1_v1_idle01_c002,VisTouch_wood_f6_r1_v1_idle01,wood_f6_r1_v1,wood,7,6,train,idle,1.000,1607154947.000,1607154947.500
VisTouch_wood_f6_r1_v1_idle01_c003,VisTouch_wood_f6_r1_v1_idle01,wood_f6_r1_v1,wood,7,6,train,idle,1.500,1607154947.500,1607154948.000
VisTouch_wood_f6_r1_v1_idle01_c004,VisTouch_wood_f6_r1_v1_idle01,wood_f6_r1_v1,wood,7,6,train,idle,2.000,1607154948.000,1607154948.500
VisTouch_wood_f6_r1_v1_idle01_c005,VisTouch_wood_f6_r1_v1_idle01,wood_f6_r1_v1,wood,7,6,train,idle,2.500,1607154948.500,1607154949.000
VisTouch_wood_f6_r1_v1_idle01_c006,VisTouch_wood_f6_r1_v1_idle01,wood_f6_r1_v1,wood,7,6,train,idle,3.000,1607154949.000,1607154949.500
VisTouch_wood_f6_r1_v1_idle01_c007,VisTouch_wood_f6_r1_v1_idle01,wood_f6_r1_v1,wood,7,6,train,idle,3.500,1607154949.500,1607154950.000
VisTouch_wood_f6_r1_v1_idle01_c008,VisTouch_wood_f6_r1_v1_idle01,wood_f6_r1_v1,wood,7,6,train,idle,4.000,1607154950.000,1607154950.500
VisTouch_wood_f6_r1_v1_idle01_c009,VisTouch_wood_f6_r1_v1_idle01,wood_f6_r1_v1,wood,7,6,train,idle,4.500,1607154950.500,1607154951.000
VisTouch_wood_f6_r1_v1_idle01_c010,VisTouch_wood_f6_r1_v1_idle01,wood_f6_r1_v1,wood,7,6,train,idle,5.000,1607154951.000,1607154951.500
VisTouch_wood_f6_r1_v1_idle01_c011,VisTouch_wood_f6_r1_v1_idle01,wood_f6_r1_v1,wood,7,6,train,idle,5.500,1607154951.500,1607154952.000
VisTouch_wood_f6_r1_v1_idle01_c012,VisTouch_wood_f6_r1_v1_idle01,wood_f6_r1_v1,wood,7,6,train,idle,6.000,1607154952.000,1607154952.500
VisTouch_wood_f6_r1_v1_seg01a_c000,VisTouch_wood_f6_r1_v1_seg01a,wood_f6_r1_v1,wood,7,6,train,rise,0.000,1607154952.680,1607154953.180
VisTouch_wood_f6_r1_v1_seg01a_c001,VisTouch_wood_f6_r1_v1_seg01a,wood_f6_r1_v1,wood,7,6,train,rise,0.500,1607154953.180,1607154953.680
VisTouch_wood_f6_r1_v1_seg01a_c002,VisTouch_wood_f6_r1_v1_seg01a,wood_f6_r1_v1,wood,7,6,train,rise,1.000,1607154953.680,1607154954.180
VisTouch_wood_f6_r1_v1_seg01a_c003,VisTouch_wood_f6_r1_v1_seg01a,wood_f6_r1_v1,wood,7,6,train,rise,1.500,1607154954.180,1607154954.680
VisTouch_wood_f6_r1_v1_seg01a_c004,VisTouch_wood_f6_r1_v1_seg01a,wood_f6_r1_v1,wood,7,6,train,rise,2.000,1607154954.680,1607154955.180
VisTouch_wood_f6_r1_v1_seg01a_c005,VisTouch_wood_f6_r1_v1_seg01a,wood_f6_r1_v1,wood,7,6,train,rise,2.500,1607154955.180,1607154955.680
VisTouch_wood_f6_r1_v1_seg01a_c006,VisTouch_wood_f6_r1_v1_seg01a,wood_f6_r1_v1,wood,7,6,train,rise,3.000,1607154955.680,1607154956.180
VisTouch_wood_f6_r1_v1_seg01a_c007,VisTouch_wood_f6_r1_v1_seg01a,wood_f6_r1_v1,wood,7,6,train,rise,3.500,1607154956.180,1607154956.680
VisTouch_wood_f6_r1_v1_seg01a_c008,VisTouch_wood_f6_r1_v1_seg01a,wood_f6_r1_v1,wood,7,6,train,rise,4.000,1607154956.680,1607154957.180
VisTouch_wood_f6_r1_v1_seg01a_c009,VisTouch_wood_f6_r1_v1_seg01a,wood_f6_r1_v1,wood,7,6,train,rise,4.500,1607154957.180,1607154957.680
VisTouch_wood_f6_r1_v1_seg01a_c010,VisTouch_wood_f6_r1_v1_seg01a,wood_f6_r1_v1,wood,7,6,train,rise,5.000,1607154957.680,1607154958.180
VisTouch_wood_f6_r1_v1_seg01a_c011,VisTouch_wood_f6_r1_v1_seg01a,wood_f6_r1_v1,wood,7,6,train,rise,5.500,1607154958.180,1607154958.680
VisTouch_wood_f6_r1_v1_seg01b_c000,VisTouch_wood_f6_r1_v1_seg01b,wood_f6_r1_v1,wood,7,6,train,fall,0.000,1607154959.030,1607154959.530
VisTouch_wood_f6_r1_v1_seg01b_c001,VisTouch_wood_f6_r1_v1_seg01b,wood_f6_r1_v1,wood,7,6,train,fall,0.500,1607154959.530,1607154960.030
VisTouch_wood_f6_r1_v1_seg01b_c002,VisTouch_wood_f6_r1_v1_seg01b,wood_f6_r1_v1,wood,7,6,train,fall,1.000,1607154960.030,1607154960.530
VisTouch_wood_f6_r1_v1_seg01b_c003,VisTouch_wood_f6_r1_v1_seg01b,wood_f6_r1_v1,wood,7,6,train,fall,1.500,1607154960.530,1607154961.030
VisTouch_wood_f6_r1_v1_seg01b_c004,VisTouch_wood_f6_r1_v1_seg01b,wood_f6_r1_v1,wood,7,6,train,fall,2.000,1607154961.030,1607154961.530
VisTouch_wood_f6_r1_v1_seg01b_c005,VisTouch_wood_f6_r1_v1_seg01b,wood_f6_r1_v1,wood,7,6,train,fall,2.500,1607154961.530,1607154962.030
VisTouch_wood_f6_r1_v1_seg01b_c006,VisTouch_wood_f6_r1_v1_seg01b,wood_f6_r1_v1,wood,7,6,train,fall,3.000,1607154962.030,1607154962.530
VisTouch_wood_f6_r1_v1_seg02a_c000,VisTouch_wood_f6_r1_v1_seg02a,wood_f6_r1_v1,wood,7,6,train,rise,0.000,1607154962.920,1607154963.420
VisTouch_wood_f6_r1_v1_seg02a_c001,VisTouch_wood_f6_r1_v1_seg02a,wood_f6_r1_v1,wood,7,6,train,rise,0.500,1607154963.420,1607154963.920
VisTouch_wood_f6_r1_v1_seg02a_c002,VisTouch_wood_f6_r1_v1_seg02a,wood_f6_r1_v1,wood,7,6,train,rise,1.000,1607154963.920,1607154964.420
VisTouch_wood_f6_r1_v1_seg02a_c003,VisTouch_wood_f6_r1_v1_seg02a,wood_f6_r1_v1,wood,7,6,train,rise,1.500,1607154964.420,1607154964.920
VisTouch_wood_f6_r1_v1_seg02a_c004,VisTouch_wood_f6_r1_v1_seg02a,wood_f6_r1_v1,wood,7,6,train,rise,2.000,1607154964.920,1607154965.420
VisTouch_wood_f6_r1_v1_seg02a_c005,VisTouch_wood_f6_r1_v1_seg02a,wood_f6_r1_v1,wood,7,6,train,rise,2.500,1607154965.420,1607154965.920
VisTouch_wood_f6_r1_v1_seg02a_c006,VisTouch_wood_f6_r1_v1_seg02a,wood_f6_r1_v1,wood,7,6,train,rise,3.000,1607154965.920,1607154966.420
VisTouch_wood_f6_r1_v1_seg02a_c007,VisTouch_wood_f6_r1_v1_seg02a,wood_f6_r1_v1,wood,7,6,train,rise,3.500,1607154966.420,1607154966.920
VisTouch_wood_f6_r1_v1_seg02a_c008,VisTouch_wood_f6_r1_v1_seg02a,wood_f6_r1_v1,wood,7,6,train,rise,4.000,1607154966.920,1607154967.420
VisTouch_wood_f6_r1_v1_seg02a_c009,VisTouch_wood_f6_r1_v1_seg02a,wood_f6_r1_v1,wood,7,6,train,rise,4.500,1607154967.420,1607154967.920
VisTouch_wood_f6_r1_v1_seg02a_c010,VisTouch_wood_f6_r1_v1_seg02a,wood_f6_r1_v1,wood,7,6,train,rise,5.000,1607154967.920,1607154968.420
VisTouch_wood_f6_r1_v1_seg02a_c011,VisTouch_wood_f6_r1_v1_seg02a,wood_f6_r1_v1,wood,7,6,train,rise,5.500,1607154968.420,1607154968.920
VisTouch_wood_f6_r1_v1_seg02b_c000,VisTouch_wood_f6_r1_v1_seg02b,wood_f6_r1_v1,wood,7,6,train,fall,0.000,1607154969.270,1607154969.770
VisTouch_wood_f6_r1_v1_seg02b_c001,VisTouch_wood_f6_r1_v1_seg02b,wood_f6_r1_v1,wood,7,6,train,fall,0.500,1607154969.770,1607154970.270
VisTouch_wood_f6_r1_v1_seg02b_c002,VisTouch_wood_f6_r1_v1_seg02b,wood_f6_r1_v1,wood,7,6,train,fall,1.000,1607154970.270,1607154970.770
VisTouch_wood_f6_r1_v1_seg02b_c003,VisTouch_wood_f6_r1_v1_seg02b,wood_f6_r1_v1,wood,7,6,train,fall,1.500,1607154970.770,1607154971.270
VisTouch_wood_f6_r1_v1_seg02b_c004,VisTouch_wood_f6_r1_v1_seg02b,wood_f6_r1_v1,wood,7,6,train,fall,2.000,1607154971.270,1607154971.770
VisTouch_wood_f6_r1_v1_seg02b_c005,VisTouch_wood_f6_r1_v1_seg02b,wood_f6_r1_v1,wood,7,6,train,fall,2.500,1607154971.770,1607154972.270
VisTouch_wood_f6_r1_v1_seg02b_c006,VisTouch_wood_f6_r1_v1_seg02b,wood_f6_r1_v1,wood,7,6,train,fall,3.000,1607154972.270,1607154972.770
VisTouch_wood_f6_r1_v1_seg03a_c000,VisTouch_wood_f6_r1_v1_seg03a,wood_f6_r1_v1,wood,7,6,train,rise,0.000,1607154973.160,1607154973.660
VisTouch_wood_f6_r1_v1_seg03a_c001,VisTouch_wood_f6_r1_v1_seg03a,wood_f6_r1_v1,wood,7,6,train,rise,0.500,1607154973.660,1607154974.160
VisTouch_wood_f6_r1_v1_seg03a_c002,VisTouch_wood_f6_r1_v1_seg03a,wood_f6_r1_v1,wood,7,6,train,rise,1.000,1607154974.160,1607154974.660
VisTouch_wood_f6_r1_v1_seg03a_c003,VisTouch_wood_f6_r1_v1_seg03a,wood_f6_r1_v1,wood,7,6,train,rise,1.500,1607154974.660,1607154975.160
VisTouch_wood_f6_r1_v1_seg03a_c004,VisTouch_wood_f6_r1_v1_seg03a,wood_f6_r1_v1,wood,7,6,train,rise,2.000,1607154975.160,1607154975.660
VisTouch_wood_f6_r1_v1_seg03a_c005,VisTouch_wood_f6_r1_v1_seg03a,wood_f6_r1_v1,wood,7,6,train,rise,2.500,1607154975.660,1607154976.160
VisTouch_wood_f6_r1_v1_seg03a_c006,VisTouch_wood_f6_r1_v1_seg03a,wood_f6_r1_v1,wood,7,6,train,rise,3.000,1607154976.160,1607154976.660
VisTouch_wood_f6_r1_v1_seg03a_c007,VisTouch_wood_f6_r1_v1_seg03a,wood_f6_r1_v1,wood,7,6,train,rise,3.500,1607154976.660,1607154977.160
VisTouch_wood_f6_r1_v1_seg03a_c008,VisTouch_wood_f6_r1_v1_seg03a,wood_f6_r1_v1,wood,7,6,train,rise,4.000,1607154977.160,1607154977.660
VisTouch_wood_f6_r1_v1_seg03a_c009,VisTouch_wood_f6_r1_v1_seg03a,wood_f6_r1_v1,wood,7,6,train,rise,4.500,1607154977.660,1607154978.160
VisTouch_wood_f6_r1_v1_seg03a_c010,VisTouch_wood_f6_r1_v1_seg03a,wood_f6_r1_v1,wood,7,6,train,rise,5.000,1607154978.160,1607154978.660
VisTouch_wood_f6_r1_v1_seg03a_c011,VisTouch_wood_f6_r1_v1_seg03a,wood_f6_r1_v1,wood,7,6,train,rise,5.500,1607154978.660,1607154979.160
VisTouch_wood_f6_r1_v1_seg03b_c000,VisTouch_wood_f6_r1_v1_seg03b,wood_f6_r1_v1,wood,7,6,train,fall,0.000,1607154979.540,1607154980.040
VisTouch_wood_f6_r1_v1_seg03b_c001,VisTouch_wood_f6_r1_v1_seg03b,wood_f6_r1_v1,wood,7,6,train,fall,0.500,1607154980.040,1607154980.540
VisTouch_wood_f6_r1_v1_seg03b_c002,VisTouch_wood_f6_r1_v1_seg03b,wood_f6_r1_v1,wood,7,6,train,fall,1.000,1607154980.540,1607154981.040
VisTouch_wood_f6_r1_v1_seg03b_c003,VisTouch_wood_f6_r1_v1_seg03b,wood_f6_r1_v1,wood,7,6,train,fall,1.500,1607154981.040,1607154981.540
VisTouch_wood_f6_r1_v1_seg03b_c004,VisTouch_wood_f6_r1_v1_seg03b,wood_f6_r1_v1,wood,7,6,train,fall,2.000,1607154981.540,1607154982.040
VisTouch_wood_f6_r1_v1_seg03b_c005,VisTouch_wood_f6_r1_v1_seg03b,wood_f6_r1_v1,wood,7,6,train,fall,2.500,1607154982.040,1607154982.540
VisTouch_wood_f6_r1_v1_seg03b_c006,VisTouch_wood_f6_r1_v1_seg03b,wood_f6_r1_v1,wood,7,6,train,fall,3.000,1607154982.540,1607154983.040
VisTouch_wood_f6_r1_v1_seg04a_c000,VisTouch_wood_f6_r1_v1_seg04a,wood_f6_r1_v1,wood,7,6,train,rise,0.000,1607154983.420,1607154983.920
VisTouch_wood_f6_r1_v1_seg04a_c001,VisTouch_wood_f6_r1_v1_seg04a,wood_f6_r1_v1,wood,7,6,train,rise,0.500,1607154983.920,1607154984.420
VisTouch_wood_f6_r1_v1_seg04a_c002,VisTouch_wood_f6_r1_v1_seg04a,wood_f6_r1_v1,wood,7,6,train,rise,1.000,1607154984.420,1607154984.920
VisTouch_wood_f6_r1_v1_seg04a_c003,VisTouch_wood_f6_r1_v1_seg04a,wood_f6_r1_v1,wood,7,6,train,rise,1.500,1607154984.920,1607154985.420
VisTouch_wood_f6_r1_v1_seg04a_c004,VisTouch_wood_f6_r1_v1_seg04a,wood_f6_r1_v1,wood,7,6,train,rise,2.000,1607154985.420,1607154985.920
VisTouch_wood_f6_r1_v1_seg04a_c005,VisTouch_wood_f6_r1_v1_seg04a,wood_f6_r1_v1,wood,7,6,train,rise,2.500,1607154985.920,1607154986.420
VisTouch_wood_f6_r1_v1_seg04a_c006,VisTouch_wood_f6_r1_v1_seg04a,wood_f6_r1_v1,wood,7,6,train,rise,3.000,1607154986.420,1607154986.920
VisTouch_wood_f6_r1_v1_seg04a_c007,VisTouch_wood_f6_r1_v1_seg04a,wood_f6_r1_v1,wood,7,6,train,rise,3.500,1607154986.920,1607154987.420
VisTouch_wood_f6_r1_v1_seg04a_c008,VisTouch_wood_f6_r1_v1_seg04a,wood_f6_r1_v1,wood,7,6,train,rise,4.000,1607154987.420,1607154987.920
VisTouch_wood_f6_r1_v1_seg04a_c009,VisTouch_wood_f6_r1_v1_seg04a,wood_f6_r1_v1,wood,7,6,train,rise,4.500,1607154987.920,1607154988.420
VisTouch_wood_f6_r1_v1_seg04a_c010,VisTouch_wood_f6_r1_v1_seg04a,wood_f6_r1_v1,wood,7,6,train,rise,5.000,1607154988.420,1607154988.920
VisTouch_wood_f6_r1_v1_seg04a_c011,VisTouch_wood_f6_r1_v1_seg04a,wood_f6_r1_v1,wood,7,6,train,rise,5.500,1607154988.920,1607154989.420
VisTouch_wood_f6_r1_v1_seg04b_c000,VisTouch_wood_f6_r1_v1_seg04b,wood_f6_r1_v1,wood,7,6,train,fall,0.000,1607154989.770,1607154990.270
VisTouch_wood_f6_r1_v1_seg04b_c001,VisTouch_wood_f6_r1_v1_seg04b,wood_f6_r1_v1,wood,7,6,train,fall,0.500,1607154990.270,1607154990.770
VisTouch_wood_f6_r1_v1_seg04b_c002,VisTouch_wood_f6_r1_v1_seg04b,wood_f6_r1_v1,wood,7,6,train,fall,1.000,1607154990.770,1607154991.270
VisTouch_wood_f6_r1_v1_seg04b_c003,VisTouch_wood_f6_r1_v1_seg04b,wood_f6_r1_v1,wood,7,6,train,fall,1.500,1607154991.270,1607154991.770
VisTouch_wood_f6_r1_v1_seg04b_c004,VisTouch_wood_f6_r1_v1_seg04b,wood_f6_r1_v1,wood,7,6,train,fall,2.000,1607154991.770,1607154992.270
VisTouch_wood_f6_r1_v1_seg04b_c005,VisTouch_wood_f6_r1_v1_seg04b,wood_f6_r1_v1,wood,7,6,train,fall,2.500,1607154992.270,1607154992.770
VisTouch_wood_f6_r1_v1_seg04b_c006,VisTouch_wood_f6_r1_v1_seg04b,wood_f6_r1_v1,wood,7,6,train,fall,3.000,1607154992.770,1607154993.270
VisTouch_wood_f6_r1_v1_seg05a_c000,VisTouch_wood_f6_r1_v1_seg05a,wood_f6_r1_v1,wood,7,6,train,rise,0.000,1607154993.640,1607154994.140
VisTouch_wood_f6_r1_v1_seg05a_c001,VisTouch_wood_f6_r1_v1_seg05a,wood_f6_r1_v1,wood,7,6,train,rise,0.500,1607154994.140,1607154994.640
VisTouch_wood_f6_r1_v1_seg05a_c002,VisTouch_wood_f6_r1_v1_seg05a,wood_f6_r1_v1,wood,7,6,train,rise,1.000,1607154994.640,1607154995.140
VisTouch_wood_f6_r1_v1_seg05a_c003,VisTouch_wood_f6_r1_v1_seg05a,wood_f6_r1_v1,wood,7,6,train,rise,1.500,1607154995.140,1607154995.640
VisTouch_wood_f6_r1_v1_seg05a_c004,VisTouch_wood_f6_r1_v1_seg05a,wood_f6_r1_v1,wood,7,6,train,rise,2.000,1607154995.640,1607154996.140
VisTouch_wood_f6_r1_v1_seg05a_c005,VisTouch_wood_f6_r1_v1_seg05a,wood_f6_r1_v1,wood,7,6,train,rise,2.500,1607154996.140,1607154996.640
VisTouch_wood_f6_r1_v1_seg05a_c006,VisTouch_wood_f6_r1_v1_seg05a,wood_f6_r1_v1,wood,7,6,train,rise,3.000,1607154996.640,1607154997.140
VisTouch_wood_f6_r1_v1_seg05a_c007,VisTouch_wood_f6_r1_v1_seg05a,wood_f6_r1_v1,wood,7,6,train,rise,3.500,1607154997.140,1607154997.640
VisTouch_wood_f6_r1_v1_seg05a_c008,VisTouch_wood_f6_r1_v1_seg05a,wood_f6_r1_v1,wood,7,6,train,rise,4.000,1607154997.640,1607154998.140
VisTouch_wood_f6_r1_v1_seg05a_c009,VisTouch_wood_f6_r1_v1_seg05a,wood_f6_r1_v1,wood,7,6,train,rise,4.500,1607154998.140,1607154998.640
VisTouch_wood_f6_r1_v1_seg05a_c010,VisTouch_wood_f6_r1_v1_seg05a,wood_f6_r1_v1,wood,7,6,train,rise,5.000,1607154998.640,1607154999.140
VisTouch_wood_f6_r1_v1_seg05a_c011,VisTouch_wood_f6_r1_v1_seg05a,wood_f6_r1_v1,wood,7,6,train,rise,5.500,1607154999.140,1607154999.640
VisTouch_wood_f6_r1_v1_seg05b_c000,VisTouch_wood_f6_r1_v1_seg05b,wood_f6_r1_v1,wood,7,6,train,fall,0.000,1607154999.970,1607155000.470
VisTouch_wood_f6_r1_v1_seg05b_c001,VisTouch_wood_f6_r1_v1_seg05b,wood_f6_r1_v1,wood,7,6,train,fall,0.500,1607155000.470,1607155000.970
VisTouch_wood_f6_r1_v1_seg05b_c002,VisTouch_wood_f6_r1_v1_seg05b,wood_f6_r1_v1,wood,7,6,train,fall,1.000,1607155000.970,1607155001.470
VisTouch_wood_f6_r1_v1_seg05b_c003,VisTouch_wood_f6_r1_v1_seg05b,wood_f6_r1_v1,wood,7,6,train,fall,1.500,1607155001.470,1607155001.970
VisTouch_wood_f6_r1_v1_seg05b_c004,VisTouch_wood_f6_r1_v1_seg05b,wood_f6_r1_v1,wood,7,6,train,fall,2.000,1607155001.970,1607155002.470
VisTouch_wood_f6_r1_v1_seg05b_c005,VisTouch_wood_f6_r1_v1_seg05b,wood_f6_r1_v1,wood,7,6,train,fall,2.500,1607155002.470,1607155002.970
VisTouch_wood_f6_r1_v1_seg05b_c006,VisTouch_wood_f6_r1_v1_seg05b,wood_f6_r1_v1,wood,7,6,train,fall,3.000,1607155002.970,1607155003.470
VisTouch_wood_f6_r1_v1_idle02_c000,VisTouch_wood_f6_r1_v1_idle02,wood_f6_r1_v1,wood,7,6,train,idle,0.000,1607155003.880,1607155004.380
VisTouch_wood_f6_r1_v1_idle02_c001,VisTouch_wood_f6_r1_v1_idle02,wood_f6_r1_v1,wood,7,6,train,idle,0.500,1607155004.380,1607155004.880
VisTouch_wood_f6_r1_v1_idle02_c002,VisTouch_wood_f6_r1_v1_idle02,wood_f6_r1_v1,wood,7,6,train,idle,1.000,1607155004.880,1607155005.380
VisTouch_wood_f6_r1_v1_idle02_c003,VisTouch_wood_f6_r1_v1_idle02,wood_f6_r1_v1,wood,7,6,train,idle,1.500,1607155005.380,1607155005.880
VisTouch_wood_f6_r1_v1_idle02_c004,VisTouch_wood_f6_r1_v1_idle02,wood_f6_r1_v1,wood,7,6,train,idle,2.000,1607155005.880,1607155006.380
VisTouch_wood_f6_r1_v1_idle02_c005,VisTouch_wood_f6_r1_v1_idle02,wood_f6_r1_v1,wood,7,6,train,idle,2.500,1607155006.380,1607155006.880
VisTouch_wood_f6_r1_v1_idle02_c006,VisTouch_wood_f6_r1_v1_idle02,wood_f6_r1_v1,wood,7,6,train,idle,3.000,1607155006.880,1607155007.380
VisTouch_wood_f6_r1_v1_idle02_c007,VisTouch_wood_f6_r1_v1_idle02,wood_f6_r1_v1,wood,7,6,train,idle,3.500,1607155007.380,1607155007.880
VisTouch_wood_f6_r1_v1_idle02_c008,VisTouch_wood_f6_r1_v1_idle02,wood_f6_r1_v1,wood,7,6,train,idle,4.000,1607155007.880,1607155008.380
VisTouch_wood_f6_r1_v1_idle02_c009,VisTouch_wood_f6_r1_v1_idle02,wood_f6_r1_v1,wood,7,6,train,idle,4.500,1607155008.380,1607155008.880
VisTouch_wood_f6_r1_v1_idle02_c010,VisTouch_wood_f6_r1_v1_idle02,wood_f6_r1_v1,wood,7,6,train,idle,5.000,1607155008.880,1607155009.380
VisTouch_wood_f6_r1_v1_idle02_c011,VisTouch_wood_f6_r1_v1_idle02,wood_f6_r1_v1,wood,7,6,train,idle,5.500,1607155009.380,1607155009.880
VisTouch_wood_f6_r1_v1_idle02_c012,VisTouch_wood_f6_r1_v1_idle02,wood_f6_r1_v1,wood,7,6,train,idle,6.000,1607155009.880,1607155010.380
VisTouch_wood_f6_r1_v1_idle02_c013,VisTouch_wood_f6_r1_v1_idle02,wood_f6_r1_v1,wood,7,6,train,idle,6.500,1607155010.380,1607155010.880
VisTouch_wood_f6_r1_v1_idle03_c000,VisTouch_wood_f6_r1_v1_idle03,wood_f6_r1_v1,wood,7,6,train,idle,0.000,1607155011.157,1607155011.657
VisTouch_wood_f6_r1_v1_idle03_c001,VisTouch_wood_f6_r1_v1_idle03,wood_f6_r1_v1,wood,7,6,train,idle,0.500,1607155011.657,1607155012.157
VisTouch_wood_f6_r1_v1_idle03_c002,VisTouch_wood_f6_r1_v1_idle03,wood_f6_r1_v1,wood,7,6,train,idle,1.000,1607155012.157,1607155012.657
VisTouch_wood_f6_r1_v1_idle03_c003,VisTouch_wood_f6_r1_v1_idle03,wood_f6_r1_v1,wood,7,6,train,idle,1.500,1607155012.657,1607155013.157
VisTouch_wood_f6_r1_v1_idle03_c004,VisTouch_wood_f6_r1_v1_idle03,wood_f6_r1_v1,wood,7,6,train,idle,2.000,1607155013.157,1607155013.657
VisTouch_wood_f6_r1_v1_idle03_c005,VisTouch_wood_f6_r1_v1_idle03,wood_f6_r1_v1,wood,7,6,train,idle,2.500,1607155013.657,1607155014.157
VisTouch_wood_f6_r1_v1_idle03_c006,VisTouch_wood_f6_r1_v1_idle03,wood_f6_r1_v1,wood,7,6,train,idle,3.000,1607155014.157,1607155014.657
VisTouch_wood_f6_r1_v1_idle03_c007,VisTouch_wood_f6_r1_v1_idle03,wood_f6_r1_v1,wood,7,6,train,idle,3.500,1607155014.657,1607155015.157
VisTouch_wood_f6_r1_v1_idle03_c008,VisTouch_wood_f6_r1_v1_idle03,wood_f6_r1_v1,wood,7,6,train,idle,4.000,1607155015.157,1607155015.657
VisTouch_wood_f6_r1_v1_idle03_c009,VisTouch_wood_f6_r1_v1_idle03,wood_f6_r1_v1,wood,7,6,train,idle,4.500,1607155015.657,1607155016.157
VisTouch_wood_f6_r1_v1_idle03_c010,VisTouch_wood_f6_r1_v1_idle03,wood_f6_r1_v1,wood,7,6,train,idle,5.000,1607155016.157,1607155016.657
VisTouch_wood_f6_r1_v1_idle03_c011,VisTouch_wood_f6_r1_v1_idle03,wood_f6_r1_v1,wood,7,6,train,idle,5.500,1607155016.657,1607155017.157
VisTouch_wood_f6_r1_v1_idle03_c012,VisTouch_wood_f6_r1_v1_idle03,wood_f6_r1_v1,wood,7,6,train,idle,6.000,1607155017.157,1607155017.657
VisTouch_wood_f6_r1_v1_idle03_c013,VisTouch_wood_f6_r1_v1_idle03,wood_f6_r1_v1,wood,7,6,train,idle,6.500,1607155017.657,1607155018.157
VisTouch_wood_f9_r1_v1_idle01_c000,VisTouch_wood_f9_r1_v1_idle01,wood_f9_r1_v1,wood,7,9,test,idle,0.000,1607155065.000,1607155065.500
VisTouch_wood_f9_r1_v1_idle01_c001,VisTouch_wood_f9_r1_v1_idle01,wood_f9_r1_v1,wood,7,9,test,idle,0.500,1607155065.500,1607155066.000
VisTouch_wood_f9_r1_v1_idle01_c002,VisTouch_wood_f9_r1_v1_idle01,wood_f9_r1_v1,wood,7,9,test,idle,1.000,1607155066.000,1607155066.500
VisTouch_wood_f9_r1_v1_idle01_c003,VisTouch_wood_f9_r1_v1_idle01,wood_f9_r1_v1,wood,7,9,test,idle,1.500,1607155066.500,1607155067.000
VisTouch_wood_f9_r1_v1_idle01_c004,VisTouch_wood_f9_r1_v1_idle01,wood_f9_r1_v1,wood,7,9,test,idle,2.000,1607155067.000,1607155067.500
VisTouch_wood_f9_r1_v1_idle01_c005,VisTouch_wood_f9_r1_v1_idle01,wood_f9_r1_v1,wood,7,9,test,idle,2.500,1607155067.500,1607155068.000
VisTouch_wood_f9_r1_v1_idle01_c006,VisTouch_wood_f9_r1_v1_idle01,wood_f9_r1_v1,wood,7,9,test,idle,3.000,1607155068.000,1607155068.500
VisTouch_wood_f9_r1_v1_idle01_c007,VisTouch_wood_f9_r1_v1_idle01,wood_f9_r1_v1,wood,7,9,test,idle,3.500,1607155068.500,1607155069.000
VisTouch_wood_f9_r1_v1_idle01_c008,VisTouch_wood_f9_r1_v1_idle01,wood_f9_r1_v1,wood,7,9,test,idle,4.000,1607155069.000,1607155069.500
VisTouch_wood_f9_r1_v1_idle01_c009,VisTouch_wood_f9_r1_v1_idle01,wood_f9_r1_v1,wood,7,9,test,idle,4.500,1607155069.500,1607155070.000
VisTouch_wood_f9_r1_v1_idle01_c010,VisTouch_wood_f9_r1_v1_idle01,wood_f9_r1_v1,wood,7,9,test,idle,5.000,1607155070.000,1607155070.500
VisTouch_wood_f9_r1_v1_seg01a_c000,VisTouch_wood_f9_r1_v1_seg01a,wood_f9_r1_v1,wood,7,9,test,rise,0.000,1607155070.780,1607155071.280
VisTouch_wood_f9_r1_v1_seg01a_c001,VisTouch_wood_f9_r1_v1_seg01a,wood_f9_r1_v1,wood,7,9,test,rise,0.500,1607155071.280,1607155071.780
VisTouch_wood_f9_r1_v1_seg01a_c002,VisTouch_wood_f9_r1_v1_seg01a,wood_f9_r1_v1,wood,7,9,test,rise,1.000,1607155071.780,1607155072.280
VisTouch_wood_f9_r1_v1_seg01a_c003,VisTouch_wood_f9_r1_v1_seg01a,wood_f9_r1_v1,wood,7,9,test,rise,1.500,1607155072.280,1607155072.780
VisTouch_wood_f9_r1_v1_seg01a_c004,VisTouch_wood_f9_r1_v1_seg01a,wood_f9_r1_v1,wood,7,9,test,rise,2.000,1607155072.780,1607155073.280
VisTouch_wood_f9_r1_v1_seg01a_c005,VisTouch_wood_f9_r1_v1_seg01a,wood_f9_r1_v1,wood,7,9,test,rise,2.500,1607155073.280,1607155073.780
VisTouch_wood_f9_r1_v1_seg01a_c006,VisTouch_wood_f9_r1_v1_seg01a,wood_f9_r1_v1,wood,7,9,test,rise,3.000,1607155073.780,1607155074.280
VisTouch_wood_f9_r1_v1_seg01a_c007,VisTouch_wood_f9_r1_v1_seg01a,wood_f9_r1_v1,wood,7,9,test,rise,3.500,1607155074.280,1607155074.780
VisTouch_wood_f9_r1_v1_seg01a_c008,VisTouch_wood_f9_r1_v1_seg01a,wood_f9_r1_v1,wood,7,9,test,rise,4.000,1607155074.780,1607155075.280
VisTouch_wood_f9_r1_v1_seg01a_c009,VisTouch_wood_f9_r1_v1_seg01a,wood_f9_r1_v1,wood,7,9,test,rise,4.500,1607155075.280,1607155075.780
VisTouch_wood_f9_r1_v1_seg01a_c010,VisTouch_wood_f9_r1_v1_seg01a,wood_f9_r1_v1,wood,7,9,test,rise,5.000,1607155075.780,1607155076.280
VisTouch_wood_f9_r1_v1_seg01a_c011,VisTouch_wood_f9_r1_v1_seg01a,wood_f9_r1_v1,wood,7,9,test,rise,5.500,1607155076.280,1607155076.780
VisTouch_wood_f9_r1_v1_seg01b_c000,VisTouch_wood_f9_r1_v1_seg01b,wood_f9_r1_v1,wood,7,9,test,fall,0.000,1607155077.070,1607155077.570
VisTouch_wood_f9_r1_v1_seg01b_c001,VisTouch_wood_f9_r1_v1_seg01b,wood_f9_r1_v1,wood,7,9,test,fall,0.500,1607155077.570,1607155078.070
VisTouch_wood_f9_r1_v1_seg01b_c002,VisTouch_wood_f9_r1_v1_seg01b,wood_f9_r1_v1,wood,7,9,test,fall,1.000,1607155078.070,1607155078.570
VisTouch_wood_f9_r1_v1_seg01b_c003,VisTouch_wood_f9_r1_v1_seg01b,wood_f9_r1_v1,wood,7,9,test,fall,1.500,1607155078.570,1607155079.070
VisTouch_wood_f9_r1_v1_seg01b_c004,VisTouch_wood_f9_r1_v1_seg01b,wood_f9_r1_v1,wood,7,9,test,fall,2.000,1607155079.070,1607155079.570
VisTouch_wood_f9_r1_v1_seg01b_c005,VisTouch_wood_f9_r1_v1_seg01b,wood_f9_r1_v1,wood,7,9,test,fall,2.500,1607155079.570,1607155080.070
VisTouch_wood_f9_r1_v1_seg01b_c006,VisTouch_wood_f9_r1_v1_seg01b,wood_f9_r1_v1,wood,7,9,test,fall,3.000,1607155080.070,1607155080.570
VisTouch_wood_f9_r1_v1_seg02a_c000,VisTouch_wood_f9_r1_v1_seg02a,wood_f9_r1_v1,wood,7,9,test,rise,0.000,1607155080.920,1607155081.420
VisTouch_wood_f9_r1_v1_seg02a_c001,VisTouch_wood_f9_r1_v1_seg02a,wood_f9_r1_v1,wood,7,9,test,rise,0.500,1607155081.420,1607155081.920
VisTouch_wood_f9_r1_v1_seg02a_c002,VisTouch_wood_f9_r1_v1_seg02a,wood_f9_r1_v1,wood,7,9,test,rise,1.000,1607155081.920,1607155082.420
VisTouch_wood_f9_r1_v1_seg02a_c003,VisTouch_wood_f9_r1_v1_seg02a,wood_f9_r1_v1,wood,7,9,test,rise,1.500,1607155082.420,1607155082.920
VisTouch_wood_f9_r1_v1_seg02a_c004,VisTouch_wood_f9_r1_v1_seg02a,wood_f9_r1_v1,wood,7,9,test,rise,2.000,1607155082.920,1607155083.420
VisTouch_wood_f9_r1_v1_seg02a_c005,VisTouch_wood_f9_r1_v1_seg02a,wood_f9_r1_v1,wood,7,9,test,rise,2.500,1607155083.420,1607155083.920
VisTouch_wood_f9_r1_v1_seg02a_c006,VisTouch_wood_f9_r1_v1_seg02a,wood_f9_r1_v1,wood,7,9,test,rise,3.000,1607155083.920,1607155084.420
VisTouch_wood_f9_r1_v1_seg02a_c007,VisTouch_wood_f9_r1_v1_seg02a,wood_f9_r1_v1,wood,7,9,test,rise,3.500,1607155084.420,1607155084.920
VisTouch_wood_f9_r1_v1_seg02a_c008,VisTouch_wood_f9_r1_v1_seg02a,wood_f9_r1_v1,wood,7,9,test,rise,4.000,1607155084.920,1607155085.420
VisTouch_wood_f9_r1_v1_seg02a_c009,VisTouch_wood_f9_r1_v1_seg02a,wood_f9_r1_v1,wood,7,9,test,rise,4.500,1607155085.420,1607155085.920
VisTouch_wood_f9_r1_v1_seg02a_c010,VisTouch_wood_f9_r1_v1_seg02a,wood_f9_r1_v1,wood,7,9,test,rise,5.000,1607155085.920,1607155086.420
VisTouch_wood_f9_r1_v1_seg02a_c011,VisTouch_wood_f9_r1_v1_seg02a,wood_f9_r1_v1,wood,7,9,test,rise,5.500,1607155086.420,1607155086.920
VisTouch_wood_f9_r1_v1_seg02b_c000,VisTouch_wood_f9_r1_v1_seg02b,wood_f9_r1_v1,wood,7,9,test,fall,0.000,1607155087.330,1607155087.830
VisTouch_wood_f9_r1_v1_seg02b_c001,VisTouch_wood_f9_r1_v1_seg02b,wood_f9_r1_v1,wood,7,9,test,fall,0.500,1607155087.830,1607155088.330
VisTouch_wood_f9_r1_v1_seg02b_c002,VisTouch_wood_f9_r1_v1_seg02b,wood_f9_r1_v1,wood,7,9,test,fall,1.000,1607155088.330,1607155088.830
VisTouch_wood_f9_r1_v1_seg02b_c003,VisTouch_wood_f9_r1_v1_seg02b,wood_f9_r1_v1,wood,7,9,test,fall,1.500,1607155088.830,1607155089.330
VisTouch_wood_f9_r1_v1_seg02b_c004,VisTouch_wood_f9_r1_v1_seg02b,wood_f9_r1_v1,wood,7,9,test,fall,2.000,1607155089.330,1607155089.830
VisTouch_wood_f9_r1_v1_seg02b_c005,VisTouch_wood_f9_r1_v1_seg02b,wood_f9_r1_v1,wood,7,9,test,fall,2.500,1607155089.830,1607155090.330
VisTouch_wood_f9_r1_v1_seg02b_c006,VisTouch_wood_f9_r1_v1_seg02b,wood_f9_r1_v1,wood,7,9,test,fall,3.000,1607155090.330,1607155090.830
VisTouch_wood_f9_r1_v1_seg03a_c000,VisTouch_wood_f9_r1_v1_seg03a,wood_f9_r1_v1,wood,7,9,test,rise,0.000,1607155091.140,1607155091.640
VisTouch_wood_f9_r1_v1_seg03a_c001,VisTouch_wood_f9_r1_v1_seg03a,wood_f9_r1_v1,wood,7,9,test,rise,0.500,1607155091.640,1607155092.140
VisTouch_wood_f9_r1_v1_seg03a_c002,VisTouch_wood_f9_r1_v1_seg03a,wood_f9_r1_v1,wood,7,9,test,rise,1.000,1607155092.140,1607155092.640
VisTouch_wood_f9_r1_v1_seg03a_c003,VisTouch_wood_f9_r1_v1_seg03a,wood_f9_r1_v1,wood,7,9,test,rise,1.500,1607155092.640,1607155093.140
VisTouch_wood_f9_r1_v1_seg03a_c004,VisTouch_wood_f9_r1_v1_seg03a,wood_f9_r1_v1,wood,7,9,test,rise,2.000,1607155093.140,1607155093.640
VisTouch_wood_f9_r1_v1_seg03a_c005,VisTouch_wood_f9_r1_v1_seg03a,wood_f9_r1_v1,wood,7,9,test,rise,2.500,1607155093.640,1607155094.140
VisTouch_wood_f9_r1_v1_seg03a_c006,VisTouch_wood_f9_r1_v1_seg03a,wood_f9_r1_v1,wood,7,9,test,rise,3.000,1607155094.140,1607155094.640
VisTouch_wood_f9_r1_v1_seg03a_c007,VisTouch_wood_f9_r1_v1_seg03a,wood_f9_r1_v1,wood,7,9,test,rise,3.500,1607155094.640,1607155095.140
VisTouch_wood_f9_r1_v1_seg03a_c008,VisTouch_wood_f9_r1_v1_seg03a,wood_f9_r1_v1,wood,7,9,test,rise,4.000,1607155095.140,1607155095.640
VisTouch_wood_f9_r1_v1_seg03a_c009,VisTouch_wood_f9_r1_v1_seg03a,wood_f9_r1_v1,wood,7,9,test,rise,4.500,1607155095.640,1607155096.140
VisTouch_wood_f9_r1_v1_seg03a_c010,VisTouch_wood_f9_r1_v1_seg03a,wood_f9_r1_v1,wood,7,9,test,rise,5.000,1607155096.140,1607155096.640
VisTouch_wood_f9_r1_v1_seg03a_c011,VisTouch_wood_f9_r1_v1_seg03a,wood_f9_r1_v1,wood,7,9,test,rise,5.500,1607155096.640,1607155097.140
VisTouch_wood_f9_r1_v1_seg03b_c000,VisTouch_wood_f9_r1_v1_seg03b,wood_f9_r1_v1,wood,7,9,test,fall,0.000,1607155097.390,1607155097.890
VisTouch_wood_f9_r1_v1_seg03b_c001,VisTouch_wood_f9_r1_v1_seg03b,wood_f9_r1_v1,wood,7,9,test,fall,0.500,1607155097.890,1607155098.390
VisTouch_wood_f9_r1_v1_seg03b_c002,VisTouch_wood_f9_r1_v1_seg03b,wood_f9_r1_v1,wood,7,9,test,fall,1.000,1607155098.390,1607155098.890
VisTouch_wood_f9_r1_v1_seg03b_c003,VisTouch_wood_f9_r1_v1_seg03b,wood_f9_r1_v1,wood,7,9,test,fall,1.500,1607155098.890,1607155099.390
VisTouch_wood_f9_r1_v1_seg03b_c004,VisTouch_wood_f9_r1_v1_seg03b,wood_f9_r1_v1,wood,7,9,test,fall,2.000,1607155099.390,1607155099.890
VisTouch_wood_f9_r1_v1_seg03b_c005,VisTouch_wood_f9_r1_v1_seg03b,wood_f9_r1_v1,wood,7,9,test,fall,2.500,1607155099.890,1607155100.390
VisTouch_wood_f9_r1_v1_seg03b_c006,VisTouch_wood_f9_r1_v1_seg03b,wood_f9_r1_v1,wood,7,9,test,fall,3.000,1607155100.390,1607155100.890
VisTouch_wood_f9_r1_v1_seg04a_c000,VisTouch_wood_f9_r1_v1_seg04a,wood_f9_r1_v1,wood,7,9,test,rise,0.000,1607155101.300,1607155101.800
VisTouch_wood_f9_r1_v1_seg04a_c001,VisTouch_wood_f9_r1_v1_seg04a,wood_f9_r1_v1,wood,7,9,test,rise,0.500,1607155101.800,1607155102.300
VisTouch_wood_f9_r1_v1_seg04a_c002,VisTouch_wood_f9_r1_v1_seg04a,wood_f9_r1_v1,wood,7,9,test,rise,1.000,1607155102.300,1607155102.800
VisTouch_wood_f9_r1_v1_seg04a_c003,VisTouch_wood_f9_r1_v1_seg04a,wood_f9_r1_v1,wood,7,9,test,rise,1.500,1607155102.800,1607155103.300
VisTouch_wood_f9_r1_v1_seg04a_c004,VisTouch_wood_f9_r1_v1_seg04a,wood_f9_r1_v1,wood,7,9,test,rise,2.000,1607155103.300,1607155103.800
VisTouch_wood_f9_r1_v1_seg04a_c005,VisTouch_wood_f9_r1_v1_seg04a,wood_f9_r1_v1,wood,7,9,test,rise,2.500,1607155103.800,1607155104.300
VisTouch_wood_f9_r1_v1_seg04a_c006,VisTouch_wood_f9_r1_v1_seg04a,wood_f9_r1_v1,wood,7,9,test,rise,3.000,1607155104.300,1607155104.800
VisTouch_wood_f9_r1_v1_seg04a_c007,VisTouch_wood_f9_r1_v1_seg04a,wood_f9_r1_v1,wood,7,9,test,rise,3.500,1607155104.800,1607155105.300
VisTouch_wood_f9_r1_v1_seg04a_c008,VisTouch_wood_f9_r1_v1_seg04a,wood_f9_r1_v1,wood,7,9,test,rise,4.000,1607155105.300,1607155105.800
VisTouch_wood_f9_r1_v1_seg04a_c009,VisTouch_wood_f9_r1_v1_seg04a,wood_f9_r1_v1,wood,7,9,test,rise,4.500,1607155105.800,1607155106.300
VisTouch_wood_f9_r1_v1_seg04a_c010,VisTouch_wood_f9_r1_v1_seg04a,wood_f9_r1_v1,wood,7,9,test,rise,5.000,1607155106.300,1607155106.800
VisTouch_wood_f9_r1_v1_seg04a_c011,VisTouch_wood_f9_r1_v1_seg04a,wood_f9_r1_v1,wood,7,9,test,rise,5.500,1607155106.800,1607155107.300
VisTouch_wood_f9_r1_v1_seg04b_c000,VisTouch_wood_f9_r1_v1_seg04b,wood_f9_r1_v1,wood,7,9,test,fall,0.000,1607155107.630,1607155108.130
VisTouch_wood_f9_r1_v1_seg04b_c001,VisTouch_wood_f9_r1_v1_seg04b,wood_f9_r1_v1,wood,7,9,test,fall,0.500,1607155108.130,1607155108.630
VisTouch_wood_f9_r1_v1_seg04b_c002,VisTouch_wood_f9_r1_v1_seg04b,wood_f9_r1_v1,wood,7,9,test,fall,1.000,1607155108.630,1607155109.130
VisTouch_wood_f9_r1_v1_seg04b_c003,VisTouch_wood_f9_r1_v1_seg04b,wood_f9_r1_v1,wood,7,9,test,fall,1.500,1607155109.130,1607155109.630
VisTouch_wood_f9_r1_v1_seg04b_c004,VisTouch_wood_f9_r1_v1_seg04b,wood_f9_r1_v1,wood,7,9,test,fall,2.000,1607155109.630,1607155110.130
VisTouch_wood_f9_r1_v1_seg04b_c005,VisTouch_wood_f9_r1_v1_seg04b,wood_f9_r1_v1,wood,7,9,test,fall,2.500,1607155110.130,1607155110.630
VisTouch_wood_f9_r1_v1_seg04b_c006,VisTouch_wood_f9_r1_v1_seg04b,wood_f9_r1_v1,wood,7,9,test,fall,3.000,1607155110.630,1607155111.130
VisTouch_wood_f9_r1_v1_seg05a_c000,VisTouch_wood_f9_r1_v1_seg05a,wood_f9_r1_v1,wood,7,9,test,rise,0.000,1607155111.500,1607155112.000
VisTouch_wood_f9_r1_v1_seg05a_c001,VisTouch_wood_f9_r1_v1_seg05a,wood_f9_r1_v1,wood,7,9,test,rise,0.500,1607155112.000,1607155112.500
VisTouch_wood_f9_r1_v1_seg05a_c002,VisTouch_wood_f9_r1_v1_seg05a,wood_f9_r1_v1,wood,7,9,test,rise,1.000,1607155112.500,1607155113.000
VisTouch_wood_f9_r1_v1_seg05a_c003,VisTouch_wood_f9_r1_v1_seg05a,wood_f9_r1_v1,wood,7,9,test,rise,1.500,1607155113.000,1607155113.500
VisTouch_wood_f9_r1_v1_seg05a_c004,VisTouch_wood_f9_r1_v1_seg05a,wood_f9_r1_v1,wood,7,9,test,rise,2.000,1607155113.500,1607155114.000
VisTouch_wood_f9_r1_v1_seg05a_c005,VisTouch_wood_f9_r1_v1_seg05a,wood_f9_r1_v1,wood,7,9,test,rise,2.500,1607155114.000,1607155114.500
VisTouch_wood_f9_r1_v1_seg05a_c006,VisTouch_wood_f9_r1_v1_seg05a,wood_f9_r1_v1,wood,7,9,test,rise,3.000,1607155114.500,1607155115.000
VisTouch_wood_f9_r1_v1_seg05a_c007,VisTouch_wood_f9_r1_v1_seg05a,wood_f9_r1_v1,wood,7,9,test,rise,3.500,1607155115.000,1607155115.500
VisTouch_wood_f9_r1_v1_seg05a_c008,VisTouch_wood_f9_r1_v1_seg05a,wood_f9_r1_v1,wood,7,9,test,rise,4.000,1607155115.500,1607155116.000
VisTouch_wood_f9_r1_v1_seg05a_c009,VisTouch_wood_f9_r1_v1_seg05a,wood_f9_r1_v1,wood,7,9,test,rise,4.500,1607155116.000,1607155116.500
VisTouch_wood_f9_r1_v1_seg05a_c010,VisTouch_wood_f9_r1_v1_seg05a,wood_f9_r1_v1,wood,7,9,test,rise,5.000,1607155116.500,1607155117.000
VisTouch_wood_f9_r1_v1_seg05a_c011,VisTouch_wood_f9_r1_v1_seg05a,wood_f9_r1_v1,wood,7,9,test,rise,5.500,1607155117.000,1607155117.500
VisTouch_wood_f9_r1_v1_seg05b_c000,VisTouch_wood_f9_r1_v1_seg05b,wood_f9_r1_v1,wood,7,9,test,fall,0.000,1607155117.820,1607155118.320
VisTouch_wood_f9_r1_v1_seg05b_c001,VisTouch_wood_f9_r1_v1_seg05b,wood_f9_r1_v1,wood,7,9,test,fall,0.500,1607155118.320,1607155118.820
VisTouch_wood_f9_r1_v1_seg05b_c002,VisTouch_wood_f9_r1_v1_seg05b,wood_f9_r1_v1,wood,7,9,test,fall,1.000,1607155118.820,1607155119.320
VisTouch_wood_f9_r1_v1_seg05b_c003,VisTouch_wood_f9_r1_v1_seg05b,wood_f9_r1_v1,wood,7,9,test,fall,1.500,1607155119.320,1607155119.820
VisTouch_wood_f9_r1_v1_seg05b_c004,VisTouch_wood_f9_r1_v1_seg05b,wood_f9_r1_v1,wood,7,9,test,fall,2.000,1607155119.820,1607155120.320
VisTouch_wood_f9_r1_v1_seg05b_c005,VisTouch_wood_f9_r1_v1_seg05b,wood_f9_r1_v1,wood,7,9,test,fall,2.500,1607155120.320,1607155120.820
VisTouch_wood_f9_r1_v1_seg05b_c006,VisTouch_wood_f9_r1_v1_seg05b,wood_f9_r1_v1,wood,7,9,test,fall,3.000,1607155120.820,1607155121.320
VisTouch_wood_f9_r1_v1_idle02_c000,VisTouch_wood_f9_r1_v1_idle02,wood_f9_r1_v1,wood,7,9,test,idle,0.000,1607155121.720,1607155122.220
VisTouch_wood_f9_r1_v1_idle02_c001,VisTouch_wood_f9_r1_v1_idle02,wood_f9_r1_v1,wood,7,9,test,idle,0.500,1607155122.220,1607155122.720
VisTouch_wood_f9_r1_v1_idle02_c002,VisTouch_wood_f9_r1_v1_idle02,wood_f9_r1_v1,wood,7,9,test,idle,1.000,1607155122.720,1607155123.220
VisTouch_wood_f9_r1_v1_idle02_c003,VisTouch_wood_f9_r1_v1_idle02,wood_f9_r1_v1,wood,7,9,test,idle,1.500,1607155123.220,1607155123.720
VisTouch_wood_f9_r1_v1_idle02_c004,VisTouch_wood_f9_r1_v1_idle02,wood_f9_r1_v1,wood,7,9,test,idle,2.000,1607155123.720,1607155124.220
VisTouch_wood_f9_r1_v1_idle02_c005,VisTouch_wood_f9_r1_v1_idle02,wood_f9_r1_v1,wood,7,9,test,idle,2.500,1607155124.220,1607155124.720
VisTouch_wood_f9_r1_v1_idle02_c006,VisTouch_wood_f9_r1_v1_idle02,wood_f9_r1_v1,wood,7,9,test,idle,3.000,1607155124.720,1607155125.220
VisTouch_wood_f9_r1_v1_idle02_c007,VisTouch_wood_f9_r1_v1_idle02,wood_f9_r1_v1,wood,7,9,test,idle,3.500,1607155125.220,1607155125.720
VisTouch_wood_f9_r1_v1_idle02_c008,VisTouch_wood_f9_r1_v1_idle02,wood_f9_r1_v1,wood,7,9,test,idle,4.000,1607155125.720,1607155126.220
VisTouch_wood_f9_r1_v1_idle02_c009,VisTouch_wood_f9_r1_v1_idle02,wood_f9_r1_v1,wood,7,9,test,idle,4.500,1607155126.220,1607155126.720
VisTouch_wood_f9_r1_v1_idle02_c010,VisTouch_wood_f9_r1_v1_idle02,wood_f9_r1_v1,wood,7,9,test,idle,5.000,1607155126.720,1607155127.220
VisTouch_wood_f9_r1_v1_idle02_c011,VisTouch_wood_f9_r1_v1_idle02,wood_f9_r1_v1,wood,7,9,test,idle,5.500,1607155127.220,1607155127.720
VisTouch_wood_f9_r1_v1_idle02_c012,VisTouch_wood_f9_r1_v1_idle02,wood_f9_r1_v1,wood,7,9,test,idle,6.000,1607155127.720,1607155128.220
VisTouch_wood_f9_r1_v1_idle03_c000,VisTouch_wood_f9_r1_v1_idle03,wood_f9_r1_v1,wood,7,9,test,idle,0.000,1607155128.355,1607155128.855
VisTouch_wood_f9_r1_v1_idle03_c001,VisTouch_wood_f9_r1_v1_idle03,wood_f9_r1_v1,wood,7,9,test,idle,0.500,1607155128.855,1607155129.355
VisTouch_wood_f9_r1_v1_idle03_c002,VisTouch_wood_f9_r1_v1_idle03,wood_f9_r1_v1,wood,7,9,test,idle,1.000,1607155129.355,1607155129.855
VisTouch_wood_f9_r1_v1_idle03_c003,VisTouch_wood_f9_r1_v1_idle03,wood_f9_r1_v1,wood,7,9,test,idle,1.500,1607155129.855,1607155130.355
VisTouch_wood_f9_r1_v1_idle03_c004,VisTouch_wood_f9_r1_v1_idle03,wood_f9_r1_v1,wood,7,9,test,idle,2.000,1607155130.355,1607155130.855
VisTouch_wood_f9_r1_v1_idle03_c005,VisTouch_wood_f9_r1_v1_idle03,wood_f9_r1_v1,wood,7,9,test,idle,2.500,1607155130.855,1607155131.355
VisTouch_wood_f9_r1_v1_idle03_c006,VisTouch_wood_f9_r1_v1_idle03,wood_f9_r1_v1,wood,7,9,test,idle,3.000,1607155131.355,1607155131.855
VisTouch_wood_f9_r1_v1_idle03_c007,VisTouch_wood_f9_r1_v1_idle03,wood_f9_r1_v1,wood,7,9,test,idle,3.500,1607155131.855,1607155132.355
VisTouch_wood_f9_r1_v1_idle03_c008,VisTouch_wood_f9_r1_v1_idle03,wood_f9_r1_v1,wood,7,9,test,idle,4.000,1607155132.355,1607155132.855
VisTouch_wood_f9_r1_v1_idle03_c009,VisTouch_wood_f9_r1_v1_idle03,wood_f9_r1_v1,wood,7,9,test,idle,4.500,1607155132.855,1607155133.355
VisTouch_wood_f9_r1_v1_idle03_c010,VisTouch_wood_f9_r1_v1_idle03,wood_f9_r1_v1,wood,7,9,test,idle,5.000,1607155133.355,1607155133.855
VisTouch_wood_f9_r1_v1_idle03_c011,VisTouch_wood_f9_r1_v1_idle03,wood_f9_r1_v1,wood,7,9,test,idle,5.500,1607155133.855,1607155134.355
VisTouch_wood_f9_r1_v1_idle03_c012,VisTouch_wood_f9_r1_v1_idle03,wood_f9_r1_v1,wood,7,9,test,idle,6.000,1607155134.355,1607155134.855
