sample_id,session_id,material_english,material_pinyin,material_chinese,class_id,force_n,path_type,camera_view,slice_mode,segment_label,split,start_epoch,end_epoch,duration_s,audio_path,tactile_path,video_path
VisTouch_brass_f3_r1_v1_seg01,brass_f3_r1_v1,brass,huangtong,黄铜,0,3,1,1,cycle,seg01,train,1607151147.920,1607151158.300,10.380,dataset/audio/brass/VisTouch_brass_f3_r1_v1_seg01.wav,dataset/tactile/brass/VisTouch_brass_f3_r1_v1_seg01.csv,dataset/video/brass/VisTouch_brass_f3_r1_v1_seg01.avi
VisTouch_brass_f3_r1_v1_seg02,brass_f3_r1_v1,brass,huangtong,黄铜,0,3,1,1,cycle,seg02,train,1607151158.300,1607151168.620,10.320,dataset/audio/brass/VisTouch_brass_f3_r1_v1_seg02.wav,dataset/tactile/brass/VisTouch_brass_f3_r1_v1_seg02.csv,dataset/video/brass/VisTouch_brass_f3_r1_v1_seg02.avi
VisTouch_brass_f3_r1_v1_seg03,brass_f3_r1_v1,brass,huangtong,黄铜,0,3,1,1,cycle,seg03,train,1607151168.620,1607151178.940,10.320,dataset/audio/brass/VisTouch_brass_f3_r1_v1_seg03.wav,dataset/tactile/brass/VisTouch_brass_f3_r1_v1_seg03.csv,dataset/video/brass/VisTouch_brass_f3_r1_v1_seg03.avi
VisTouch_brass_f3_r1_v1_seg04,brass_f3_r1_v1,brass,huangtong,黄铜,0,3,1,1,cycle,seg04,train,1607151178.940,1607151189.260,10.320,dataset/audio/brass/VisTouch_brass_f3_r1_v1_seg04.wav,dataset/tactile/brass/VisTouch_brass_f3_r1_v1_seg04.csv,dataset/video/brass/VisTouch_brass_f3_r1_v1_seg04.avi
VisTouch_brass_f3_r1_v1_seg05,brass_f3_r1_v1,brass,huangtong,黄铜,0,3,1,1,cycle,seg05,train,1607151189.260,1607151199.580,10.320,dataset/audio/brass/VisTouch_brass_f3_r1_v1_seg05.wav,dataset/tactile/brass/VisTouch_brass_f3_r1_v1_seg05.csv,dataset/video/brass/VisTouch_brass_f3_r1_v1_seg05.avi
VisTouch_brass_f3_r1_v1_wins01,brass_f3_r1_v1,brass,huangtong,黄铜,0,3,1,1,sliding,wins01,train,1607151141.100,1607151148.100,7.000,dataset/audio/brass/VisTouch_brass_f3_r1_v1_wins01.wav,dataset/tactile/brass/VisTouch_brass_f3_r1_v1_wins01.csv,dataset/video/brass/VisTouch_brass_f3_r1_v1_wins01.avi
VisTouch_brass_f3_r1_v1_wins02,brass_f3_r1_v1,brass,huangtong,黄铜,0,3,1,1,sliding,wins02,train,1607151144.600,1607151151.600,7.000,dataset/audio/brass/VisTouch_brass_f3_r1_v1_wins02.wav,dataset/tactile/brass/VisTouch_brass_f3_r1_v1_wins02.csv,dataset/video/brass/VisTouch_brass_f3_r1_v1_wins02.avi
VisTouch_brass_f3_r1_v1_wins03,brass_f3_r1_v1,brass,huangtong,黄铜,0,3,1,1,sliding,wins03,train,1607151148.100,1607151155.100,7.000,dataset/audio/brass/VisTouch_brass_f3_r1_v1_wins03.wav,dataset/tactile/brass/VisTouch_brass_f3_r1_v1_wins03.csv,dataset/video/brass/VisTouch_brass_f3_r1_v1_wins03.avi
VisTouch_brass_f3_r1_v1_wins04,brass_f3_r1_v1,brass,huangtong,黄铜,0,3,1,1,sliding,wins04,train,1607151151.600,1607151158.600,7.000,dataset/audio/brass/VisTouch_brass_f3_r1_v1_wins04.wav,dataset/tactile/brass/VisTouch_brass_f3_r1_v1_wins04.csv,dataset/video/brass/VisTouch_brass_f3_r1_v1_wins04.avi
VisTouch_brass_f3_r1_v1_wins05,brass_f3_r1_v1,brass,huangtong,黄铜,0,3,1,1,sliding,wins05,train,1607151155.100,1607151162.100,7.000,dataset/audio/brass/VisTouch_brass_f3_r1_v1_wins05.wav,dataset/tactile/brass/VisTouch_brass_f3_r1_v1_wins05.csv,dataset/video/brass/VisTouch_brass_f3_r1_v1_wins05.avi
VisTouch_brass_f3_r1_v1_wins06,brass_f3_r1_v1,brass,huangtong,黄铜,0,3,1,1,sliding,wins06,train,1607151158.600,1607151165.600,7.000,dataset/audio/brass/VisTouch_brass_f3_r1_v1_wins06.wav,dataset/tactile/brass/VisTouch_brass_f3_r1_v1_wins06.csv,dataset/video/brass/VisTouch_brass_f3_r1_v1_wins06.avi
VisTouch_brass_f3_r1_v1_wins07,brass_f3_r1_v1,brass,huangtong,黄铜,0,3,1,1,sliding,wins07,train,1607151162.100,1607151169.100,7.000,dataset/audio/brass/VisTouch_brass_f3_r1_v1_wins07.wav,dataset/tactile/brass/VisTouch_brass_f3_r1_v1_wins07.csv,dataset/video/brass/VisTouch_brass_f3_r1_v1_wins07.avi
VisTouch_brass_f3_r1_v1_wins08,brass_f3_r1_v1,brass,huangtong,黄铜,0,3,1,1,sliding,wins08,train,1607151165.600,1607151172.600,7.000,dataset/audio/brass/VisTouch_brass_f3_r1_v1_wins08.wav,dataset/tactile/brass/VisTouch_brass_f3_r1_v1_wins08.csv,dataset/video/brass/VisTouch_brass_f3_r1_v1_wins08.avi
VisTouch_brass_f3_r1_v1_wins09,brass_f3_r1_v1,brass,huangtong,黄铜,0,3,1,1,sliding,wins09,train,1607151169.100,1607151176.100,7.000,dataset/audio/brass/VisTouch_brass_f3_r1_v1_wins09.wav,dataset/tactile/brass/VisTouch_brass_f3_r1_v1_wins09.csv,dataset/video/brass/VisTouch_brass_f3_r1_v1_wins09.avi
VisTouch_brass_f3_r1_v1_wins10,brass_f3_r1_v1,brass,huangtong,黄铜,0,3,1,1,sliding,wins10,train,1607151172.600,1607151179.600,7.000,dataset/audio/brass/VisTouch_brass_f3_r1_v1_wins10.wav,dataset/tactile/brass/VisTouch_brass_f3_r1_v1_wins10.csv,dataset/video/brass/VisTouch_brass_f3_r1_v1_wins10.avi
VisTouch_brass_f3_r1_v1_wins11,brass_f3_r1_v1,brass,huangtong,黄铜,0,3,1,1,sliding,wins11,train,1607151176.100,1607151183.100,7.000,dataset/audio/brass/VisTouch_brass_f3_r1_v1_wins11.wav,dataset/tactile/brass/VisTouch_brass_f3_r1_v1_wins11.csv,dataset/video/brass/VisTouch_brass_f3_r1_v1_wins11.avi
VisTouch_brass_f3_r1_v1_wins12,brass_f3_r1_v1,brass,huangtong,黄铜,0,3,1,1,sliding,wins12,train,1607151179.600,1607151186.600,7.000,dataset/audio/brass/VisTouch_brass_f3_r1_v1_wins12.wav,dataset/tactile/brass/VisTouch_brass_f3_r1_v1_wins12.csv,dataset/video/brass/VisTouch_brass_f3_r1_v1_wins12.avi
VisTouch_brass_f3_r1_v1_wins13,brass_f3_r1_v1,brass,huangtong,黄铜,0,3,1,1,sliding,wins13,train,1607151183.100,1607151190.100,7.000,dataset/audio/brass/VisTouch_brass_f3_r1_v1_wins13.wav,dataset/tactile/brass/VisTouch_brass_f3_r1_v1_wins13.csv,dataset/video/brass/VisTouch_brass_f3_r1_v1_wins13.avi
VisTouch_brass_f3_r1_v1_wins14,brass_f3_r1_v1,brass,huangtong,黄铜,0,3,1,1,sliding,wins14,train,1607151186.600,1607151193.600,7.000,dataset/audio/brass/VisTouch_brass_f3_r1_v1_wins14.wav,dataset/tactile/brass/VisTouch_brass_f3_r1_v1_wins14.csv,dataset/video/brass/VisTouch_brass_f3_r1_v1_wins14.avi
VisTouch_brass_f3_r1_v1_wins15,brass_f3_r1_v1,brass,huangtong,黄铜,0,3,1,1,sliding,wins15,train,1607151190.100,1607151197.100,7.000,dataset/audio/brass/VisTouch_brass_f3_r1_v1_wins15.wav,dataset/tactile/brass/VisTouch_brass_f3_r1_v1_wins15.csv,dataset/video/brass/VisTouch_brass_f3_r1_v1_wins15.avi
VisTouch_brass_f3_r1_v1_wins16,brass_f3_r1_v1,brass,huangtong,黄铜,0,3,1,1,sliding,wins16,train,1607151193.600,1607151200.600,7.000,dataset/audio/brass/VisTouch_brass_f3_r1_v1_wins16.wav,dataset/tactile/brass/VisTouch_brass_f3_r1_v1_wins16.csv,dataset/video/brass/VisTouch_brass_f3_r1_v1_wins16.avi
VisTouch_brass_f3_r1_v1_wins17,brass_f3_r1_v1,brass,huangtong,黄铜,0,3,1,1,sliding,wins17,train,1607151197.100,1607151204.100,7.000,dataset/audio/brass/VisTouch_brass_f3_r1_v1_wins17.wav,dataset/tactile/brass/VisTouch_brass_f3_r1_v1_wins17.csv,dataset/video/brass/VisTouch_brass_f3_r1_v1_wins17.avi
VisTouch_brass_f3_r1_v1_winm01,brass_f3_r1_v1,brass,huangtong,黄铜,0,3,1,1,sliding,winm01,train,1607151141.100,1607151151.400,10.300,dataset/audio/brass/VisTouch_brass_f3_r1_v1_winm01.wav,dataset/tactile/brass/VisTouch_brass_f3_r1_v1_winm01.csv,dataset/video/brass/VisTouch_brass_f3_r1_v1_winm01.avi
VisTouch_brass_f3_r1_v1_winm02,brass_f3_r1_v1,brass,huangtong,黄铜,0,3,1,1,sliding,winm02,train,1607151146.250,1607151156.550,10.300,dataset/audio/brass/VisTouch_brass_f3_r1_v1_winm02.wav,dataset/tactile/brass/VisTouch_brass_f3_r1_v1_winm02.csv,dataset/video/brass/VisTouch_brass_f3_r1_v1_winm02.avi
VisTouch_brass_f3_r1_v1_winm03,brass_f3_r1_v1,brass,huangtong,黄铜,0,3,1,1,sliding,winm03,train,1607151151.400,1607151161.700,10.300,dataset/audio/brass/VisTouch_brass_f3_r1_v1_winm03.wav,dataset/tactile/brass/VisTouch_brass_f3_r1_v1_winm03.csv,dataset/video/brass/VisTouch_brass_f3_r1_v1_winm03.avi
VisTouch_brass_f3_r1_v1_winm04,brass_f3_r1_v1,brass,huangtong,黄铜,0,3,1,1,sliding,winm04,train,1607151156.550,1607151166.850,10.300,dataset/audio/brass/VisTouch_brass_f3_r1_v1_winm04.wav,dataset/tactile/brass/VisTouch_brass_f3_r1_v1_winm04.csv,dataset/video/brass/VisTouch_brass_f3_r1_v1_winm04.avi
VisTouch_brass_f3_r1_v1_winm05,brass_f3_r1_v1,brass,huangtong,黄铜,0,3,1,1,sliding,winm05,train,1607151161.700,1607151172.000,10.300,dataset/audio/brass/VisTouch_brass_f3_r1_v1_winm05.wav,dataset/tactile/brass/VisTouch_brass_f3_r1_v1_winm05.csv,dataset/video/brass/VisTouch_brass_f3_r1_v1_winm05.avi
VisTouch_brass_f3_r1_v1_winm06,brass_f3_r1_v1,brass,huangtong,黄铜,0,3,1,1,sliding,winm06,train,1607151166.850,1607151177.150,10.300,dataset/audio/brass/VisTouch_brass_f3_r1_v1_winm06.wav,dataset/tactile/brass/VisTouch_brass_f3_r1_v1_winm06.csv,dataset/video/brass/VisTouch_brass_f3_r1_v1_winm06.avi
VisTouch_brass_f3_r1_v1_winm07,brass_f3_r1_v1,brass,huangtong,黄铜,0,3,1,1,sliding,winm07,train,1607151172.000,1607151182.300,10.300,dataset/audio/brass/VisTouch_brass_f3_r1_v1_winm07.wav,dataset/tactile/brass/VisTouch_brass_f3_r1_v1_winm07.csv,dataset/video/brass/VisTouch_brass_f3_r1_v1_winm07.avi
VisTouch_brass_f3_r1_v1_winm08,brass_f3_r1_v1,brass,huangtong,黄铜,0,3,1,1,sliding,winm08,train,1607151177.150,1607151187.450,10.300,dataset/audio/brass/VisTouch_brass_f3_r1_v1_winm08.wav,dataset/tactile/brass/VisTouch_brass_f3_r1_v1_winm08.csv,dataset/video/brass/VisTouch_brass_f3_r1_v1_winm08.avi
VisTouch_brass_f3_r1_v1_winm09,brass_f3_r1_v1,brass,huangtong,黄铜,0,3,1,1,sliding,winm09,train,1607151182.300,1607151192.600,10.300,dataset/audio/brass/VisTouch_brass_f3_r1_v1_winm09.wav,dataset/tactile/brass/VisTouch_brass_f3_r1_v1_winm09.csv,dataset/video/brass/VisTouch_brass_f3_r1_v1_winm09.avi
VisTouch_brass_f3_r1_v1_winm10,brass_f3_r1_v1,brass,huangtong,黄铜,0,3,1,1,sliding,winm10,train,1607151187.450,1607151197.750,10.300,dataset/audio/brass/VisTouch_brass_f3_r1_v1_winm10.wav,dataset/tactile/brass/VisTouch_brass_f3_r1_v1_winm10.csv,dataset/video/brass/VisTouch_brass_f3_r1_v1_winm10.avi
VisTouch_brass_f3_r1_v1_winm11,brass_f3_r1_v1,brass,huangtong,黄铜,0,3,1,1,sliding,winm11,train,1607151192.600,1607151202.900,10.300,dataset/audio/brass/VisTouch_brass_f3_r1_v1_winm11.wav,dataset/tactile/brass/VisTouch_brass_f3_r1_v1_winm11.csv,dataset/video/brass/VisTouch_brass_f3_r1_v1_winm11.avi
VisTouch_brass_f3_r1_v1_winl01,brass_f3_r1_v1,brass,huangtong,黄铜,0,3,1,1,sliding,winl01,train,1607151141.100,1607151155.100,14.000,dataset/audio/brass/VisTouch_brass_f3_r1_v1_winl01.wav,dataset/tactile/brass/VisTouch_brass_f3_r1_v1_winl01.csv,dataset/video/brass/VisTouch_brass_f3_r1_v1_winl01.avi
VisTouch_brass_f3_r1_v1_winl02,brass_f3_r1_v1,brass,huangtong,黄铜,0,3,1,1,sliding,winl02,train,1607151148.100,1607151162.100,14.000,dataset/audio/brass/VisTouch_brass_f3_r1_v1_winl02.wav,dataset/tactile/brass/VisTouch_brass_f3_r1_v1_winl02.csv,dataset/video/brass/VisTouch_brass_f3_r1_v1_winl02.avi
VisTouch_brass_f3_r1_v1_winl03,brass_f3_r1_v1,brass,huangtong,黄铜,0,3,1,1,sliding,winl03,train,1607151155.100,1607151169.100,14.000,dataset/audio/brass/VisTouch_brass_f3_r1_v1_winl03.wav,dataset/tactile/brass/VisTouch_brass_f3_r1_v1_winl03.csv,dataset/video/brass/VisTouch_brass_f3_r1_v1_winl03.avi
VisTouch_brass_f3_r1_v1_winl04,brass_f3_r1_v1,brass,huangtong,黄铜,0,3,1,1,sliding,winl04,train,1607151162.100,1607151176.100,14.000,dataset/audio/brass/VisTouch_brass_f3_r1_v1_winl04.wav,dataset/tactile/brass/VisTouch_brass_f3_r1_v1_winl04.csv,dataset/video/brass/VisTouch_brass_f3_r1_v1_winl04.avi
VisTouch_brass_f3_r1_v1_winl05,brass_f3_r1_v1,brass,huangtong,黄铜,0,3,1,1,sliding,winl05,train,1607151169.100,1607151183.100,14.000,dataset/audio/brass/VisTouch_brass_f3_r1_v1_winl05.wav,dataset/tactile/brass/VisTouch_brass_f3_r1_v1_winl05.csv,dataset/video/brass/VisTouch_brass_f3_r1_v1_winl05.avi
VisTouch_brass_f3_r1_v1_winl06,brass_f3_r1_v1,brass,huangtong,黄铜,0,3,1,1,sliding,winl06,train,1607151176.100,1607151190.100,14.000,dataset/audio/brass/VisTouch_brass_f3_r1_v1_winl06.wav,dataset/tactile/brass/VisTouch_brass_f3_r1_v1_winl06.csv,dataset/video/brass/VisTouch_brass_f3_r1_v1_winl06.avi
VisTouch_brass_f3_r1_v1_winl07,brass_f3_r1_v1,brass,huangtong,黄铜,0,3,1,1,sliding,winl07,train,1607151183.100,1607151197.100,14.000,dataset/audio/brass/VisTouch_brass_f3_r1_v1_winl07.wav,dataset/tactile/brass/VisTouch_brass_f3_r1_v1_winl07.csv,dataset/video/brass/VisTouch_brass_f3_r1_v1_winl07.avi
VisTouch_brass_f3_r1_v1_winl08,brass_f3_r1_v1,brass,huangtong,黄铜,0,3,1,1,sliding,winl08,train,1607151190.100,1607151204.100,14.000,dataset/audio/brass/VisTouch_brass_f3_r1_v1_winl08.wav,dataset/tactile/brass/VisTouch_brass_f3_r1_v1_winl08.csv,dataset/video/brass/VisTouch_brass_f3_r1_v1_winl08.avi
VisTouch_brass_f6_r1_v1_seg01,brass_f6_r1_v1,brass,huangtong,黄铜,0,6,1,1,cycle,seg01,train,1607151373.160,1607151383.420,10.260,dataset/audio/brass/VisTouch_brass_f6_r1_v1_seg01.wav,dataset/tactile/brass/VisTouch_brass_f6_r1_v1_seg01.csv,dataset/video/brass/VisTouch_brass_f6_r1_v1_seg01.avi
VisTouch_brass_f6_r1_v1_seg02,brass_f6_r1_v1,brass,huangtong,黄铜,0,6,1,1,cycle,seg02,train,1607151383.420,1607151393.680,10.260,dataset/audio/brass/VisTouch_brass_f6_r1_v1_seg02.wav,dataset/tactile/brass/VisTouch_brass_f6_r1_v1_seg02.csv,dataset/video/brass/VisTouch_brass_f6_r1_v1_seg02.avi
VisTouch_brass_f6_r1_v1_seg03,brass_f6_r1_v1,brass,huangtong,黄铜,0,6,1,1,cycle,seg03,train,1607151393.680,1607151403.940,10.260,dataset/audio/brass/VisTouch_brass_f6_r1_v1_seg03.wav,dataset/tactile/brass/VisTouch_brass_f6_r1_v1_seg03.csv,dataset/video/brass/VisTouch_brass_f6_r1_v1_seg03.avi
VisTouch_brass_f6_r1_v1_seg04,brass_f6_r1_v1,brass,huangtong,黄铜,0,6,1,1,cycle,seg04,train,1607151403.940,1607151414.200,10.260,dataset/audio/brass/VisTouch_brass_f6_r1_v1_seg04.wav,dataset/tactile/brass/VisTouch_brass_f6_r1_v1_seg04.csv,dataset/video/brass/VisTouch_brass_f6_r1_v1_seg04.avi
VisTouch_brass_f6_r1_v1_seg05,brass_f6_r1_v1,brass,huangtong,黄铜,0,6,1,1,cycle,seg05,train,1607151414.200,1607151424.500,10.300,dataset/audio/brass/VisTouch_brass_f6_r1_v1_seg05.wav,dataset/tactile/brass/VisTouch_brass_f6_r1_v1_seg05.csv,dataset/video/brass/VisTouch_brass_f6_r1_v1_seg05.avi
VisTouch_brass_f6_r1_v1_wins01,brass_f6_r1_v1,brass,huangtong,黄铜,0,6,1,1,sliding,wins01,train,1607151367.000,1607151374.000,7.000,dataset/audio/brass/VisTouch_brass_f6_r1_v1_wins01.wav,dataset/tactile/brass/VisTouch_brass_f6_r1_v1_wins01.csv,dataset/video/brass/VisTouch_brass_f6_r1_v1_wins01.avi
VisTouch_brass_f6_r1_v1_wins02,brass_f6_r1_v1,brass,huangtong,黄铜,0,6,1,1,sliding,wins02,train,1607151370.500,1607151377.500,7.000,dataset/audio/brass/VisTouch_brass_f6_r1_v1_wins02.wav,dataset/tactile/brass/VisTouch_brass_f6_r1_v1_wins02.csv,dataset/video/brass/VisTouch_brass_f6_r1_v1_wins02.avi
VisTouch_brass_f6_r1_v1_wins03,brass_f6_r1_v1,brass,huangtong,黄铜,0,6,1,1,sliding,wins03,train,1607151374.000,1607151381.000,7.000,dataset/audio/brass/VisTouch_brass_f6_r1_v1_wins03.wav,dataset/tactile/brass/VisTouch_brass_f6_r1_v1_wins03.csv,dataset/video/brass/VisTouch_brass_f6_r1_v1_wins03.avi
VisTouch_brass_f6_r1_v1_wins04,brass_f6_r1_v1,brass,huangtong,黄铜,0,6,1,1,sliding,wins04,train,1607151377.500,1607151384.500,7.000,dataset/audio/brass/VisTouch_brass_f6_r1_v1_wins04.wav,dataset/tactile/brass/VisTouch_brass_f6_r1_v1_wins04.csv,dataset/video/brass/VisTouch_brass_f6_r1_v1_wins04.avi
VisTouch_brass_f6_r1_v1_wins05,brass_f6_r1_v1,brass,huangtong,黄铜,0,6,1,1,sliding,wins05,train,1607151381.000,1607151388.000,7.000,dataset/audio/brass/VisTouch_brass_f6_r1_v1_wins05.wav,dataset/tactile/brass/VisTouch_brass_f6_r1_v1_wins05.csv,dataset/video/brass/VisTouch_brass_f6_r1_v1_wins05.avi
VisTouch_brass_f6_r1_v1_wins06,brass_f6_r1_v1,brass,huangtong,黄铜,0,6,1,1,sliding,wins06,train,1607151384.500,1607151391.500,7.000,dataset/audio/brass/VisTouch_brass_f6_r1_v1_wins06.wav,dataset/tactile/brass/VisTouch_brass_f6_r1_v1_wins06.csv,dataset/video/brass/VisTouch_brass_f6_r1_v1_wins06.avi
VisTouch_brass_f6_r1_v1_wins07,brass_f6_r1_v1,brass,huangtong,黄铜,0,6,1,1,sliding,wins07,train,1607151388.000,1607151395.000,7.000,dataset/audio/brass/VisTouch_brass_f6_r1_v1_wins07.wav,dataset/tactile/brass/VisTouch_brass_f6_r1_v1_wins07.csv,dataset/video/brass/VisTouch_brass_f6_r1_v1_wins07.avi
VisTouch_brass_f6_r1_v1_wins08,brass_f6_r1_v1,brass,huangtong,黄铜,0,6,1,1,sliding,wins08,train,1607151391.500,1607151398.500,7.000,dataset/audio/brass/VisTouch_brass_f6_r1_v1_wins08.wav,dataset/tactile/brass/VisTouch_brass_f6_r1_v1_wins08.csv,dataset/video/brass/VisTouch_brass_f6_r1_v1_wins08.avi
VisTouch_brass_f6_r1_v1_wins09,brass_f6_r1_v1,brass,huangtong,黄铜,0,6,1,1,sliding,wins09,train,1607151395.000,1607151402.000,7.000,dataset/audio/brass/VisTouch_brass_f6_r1_v1_wins09.wav,dataset/tactile/brass/VisTouch_brass_f6_r1_v1_wins09.csv,dataset/video/brass/VisTouch_brass_f6_r1_v1_wins09.avi
VisTouch_brass_f6_r1_v1_wins10,brass_f6_r1_v1,brass,huangtong,黄铜,0,6,1,1,sliding,wins10,train,1607151398.500,1607151405.500,7.000,dataset/audio/brass/VisTouch_brass_f6_r1_v1_wins10.wav,dataset/tactile/brass/VisTouch_brass_f6_r1_v1_wins10.csv,dataset/video/brass/VisTouch_brass_f6_r1_v1_wins10.avi
VisTouch_brass_f6_r1_v1_wins11,brass_f6_r1_v1,brass,huangtong,黄铜,0,6,1,1,sliding,wins11,train,1607151402.000,1607151409.000,7.000,dataset/audio/brass/VisTouch_brass_f6_r1_v1_wins11.wav,dataset/tactile/brass/VisTouch_brass_f6_r1_v1_wins11.csv,dataset/video/brass/VisTouch_brass_f6_r1_v1_wins11.avi
VisTouch_brass_f6_r1_v1_wins12,brass_f6_r1_v1,brass,huangtong,黄铜,0,6,1,1,sliding,wins12,train,1607151405.500,1607151412.500,7.000,dataset/audio/brass/VisTouch_brass_f6_r1_v1_wins12.wav,dataset/tactile/brass/VisTouch_brass_f6_r1_v1_wins12.csv,dataset/video/brass/VisTouch_brass_f6_r1_v1_wins12.avi
VisTouch_brass_f6_r1_v1_wins13,brass_f6_r1_v1,brass,huangtong,黄铜,0,6,1,1,sliding,wins13,train,1607151409.000,1607151416.000,7.000,dataset/audio/brass/VisTouch_brass_f6_r1_v1_wins13.wav,dataset/tactile/brass/VisTouch_brass_f6_r1_v1_wins13.csv,dataset/video/brass/VisTouch_brass_f6_r1_v1_wins13.avi
VisTouch_brass_f6_r1_v1_wins14,brass_f6_r1_v1,brass,huangtong,黄铜,0,6,1,1,sliding,wins14,train,1607151412.500,1607151419.500,7.000,dataset/audio/brass/VisTouch_brass_f6_r1_v1_wins14.wav,dataset/tactile/brass/VisTouch_brass_f6_r1_v1_wins14.csv,dataset/video/brass/VisTouch_brass_f6_r1_v1_wins14.avi
VisTouch_brass_f6_r1_v1_wins15,brass_f6_r1_v1,brass,huangtong,黄铜,0,6,1,1,sliding,wins15,train,1607151416.000,1607151423.000,7.000,dataset/audio/brass/VisTouch_brass_f6_r1_v1_wins15.wav,dataset/tactile/brass/VisTouch_brass_f6_r1_v1_wins15.csv,dataset/video/brass/VisTouch_brass_f6_r1_v1_wins15.avi
VisTouch_brass_f6_r1_v1_wins16,brass_f6_r1_v1,brass,huangtong,黄铜,0,6,1,1,sliding,wins16,train,1607151419.500,1607151426.500,7.000,dataset/audio/brass/VisTouch_brass_f6_r1_v1_wins16.wav,dataset/tactile/brass/VisTouch_brass_f6_r1_v1_wins16.csv,dataset/video/brass/VisTouch_brass_f6_r1_v1_wins16.avi
VisTouch_brass_f6_r1_v1_wins17,brass_f6_r1_v1,brass,huangtong,黄铜,0,6,1,1,sliding,wins17,train,1607151423.000,1607151430.000,7.000,dataset/audio/brass/VisTouch_brass_f6_r1_v1_wins17.wav,dataset/tactile/brass/VisTouch_brass_f6_r1_v1_wins17.csv,dataset/video/brass/VisTouch_brass_f6_r1_v1_wins17.avi
VisTouch_brass_f6_r1_v1_winm01,brass_f6_r1_v1,brass,huangtong,黄铜,0,6,1,1,sliding,winm01,train,1607151367.000,1607151377.300,10.300,dataset/audio/brass/VisTouch_brass_f6_r1_v1_winm01.wav,dataset/tactile/brass/VisTouch_brass_f6_r1_v1_winm01.csv,dataset/video/brass/VisTouch_brass_f6_r1_v1_winm01.avi
VisTouch_brass_f6_r1_v1_winm02,brass_f6_r1_v1,brass,huangtong,黄铜,0,6,1,1,sliding,winm02,train,1607151372.150,1607151382.450,10.300,dataset/audio/brass/VisTouch_brass_f6_r1_v1_winm02.wav,dataset/tactile/brass/VisTouch_brass_f6_r1_v1_winm02.csv,dataset/video/brass/VisTouch_brass_f6_r1_v1_winm02.avi
VisTouch_brass_f6_r1_v1_winm03,brass_f6_r1_v1,brass,huangtong,黄铜,0,6,1,1,sliding,winm03,train,1607151377.300,1607151387.600,10.300,dataset/audio/brass/VisTouch_brass_f6_r1_v1_winm03.wav,dataset/tactile/brass/VisTouch_brass_f6_r1_v1_winm03.csv,dataset/video/brass/VisTouch_brass_f6_r1_v1_winm03.avi
VisTouch_brass_f6_r1_v1_winm04,brass_f6_r1_v1,brass,huangtong,黄铜,0,6,1,1,sliding,winm04,train,1607151382.450,1607151392.750,10.300,dataset/audio/brass/VisTouch_brass_f6_r1_v1_winm04.wav,dataset/tactile/brass/VisTouch_brass_f6_r1_v1_winm04.csv,dataset/video/brass/VisTouch_brass_f6_r1_v1_winm04.avi
VisTouch_brass_f6_r1_v1_winm05,brass_f6_r1_v1,brass,huangtong,黄铜,0,6,1,1,sliding,winm05,train,1607151387.600,1607151397.900,10.300,dataset/audio/brass/VisTouch_brass_f6_r1_v1_winm05.wav,dataset/tactile/brass/VisTouch_brass_f6_r1_v1_winm05.csv,dataset/video/brass/VisTouch_brass_f6_r1_v1_winm05.avi
VisTouch_brass_f6_r1_v1_winm06,brass_f6_r1_v1,brass,huangtong,黄铜,0,6,1,1,sliding,winm06,train,1607151392.750,1607151403.050,10.300,dataset/audio/brass/VisTouch_brass_f6_r1_v1_winm06.wav,dataset/tactile/brass/VisTouch_brass_f6_r1_v1_winm06.csv,dataset/video/brass/VisTouch_brass_f6_r1_v1_winm06.avi
VisTouch_brass_f6_r1_v1_winm07,brass_f6_r1_v1,brass,huangtong,黄铜,0,6,1,1,sliding,winm07,train,1607151397.900,1607151408.200,10.300,dataset/audio/brass/VisTouch_brass_f6_r1_v1_winm07.wav,dataset/tactile/brass/VisTouch_brass_f6_r1_v1_winm07.csv,dataset/video/brass/VisTouch_brass_f6_r1_v1_winm07.avi
VisTouch_brass_f6_r1_v1_winm08,brass_f6_r1_v1,brass,huangtong,黄铜,0,6,1,1,sliding,winm08,train,1607151403.050,1607151413.350,10.300,dataset/audio/brass/VisTouch_brass_f6_r1_v1_winm08.wav,dataset/tactile/brass/VisTouch_brass_f6_r1_v1_winm08.csv,dataset/video/brass/VisTouch_brass_f6_r1_v1_winm08.avi
VisTouch_brass_f6_r1_v1_winm09,brass_f6_r1_v1,brass,huangtong,黄铜,0,6,1,1,sliding,winm09,train,1607151408.200,1607151418.500,10.300,dataset/audio/brass/VisTouch_brass_f6_r1_v1_winm09.wav,dataset/tactile/brass/VisTouch_brass_f6_r1_v1_winm09.csv,dataset/video/brass/VisTouch_brass_f6_r1_v1_winm09.avi
VisTouch_brass_f6_r1_v1_winm10,brass_f6_r1_v1,brass,huangtong,黄铜,0,6,1,1,sliding,winm10,train,1607151413.350,1607151423.650,10.300,dataset/audio/brass/VisTouch_brass_f6_r1_v1_winm10.wav,dataset/tactile/brass/VisTouch_brass_f6_r1_v1_winm10.csv,dataset/video/brass/VisTouch_brass_f6_r1_v1_winm10.avi
VisTouch_brass_f6_r1_v1_winm11,brass_f6_r1_v1,brass,huangtong,黄铜,0,6,1,1,sliding,winm11,train,1607151418.500,1607151428.800,10.300,dataset/audio/brass/VisTouch_brass_f6_r1_v1_winm11.wav,dataset/tactile/brass/VisTouch_brass_f6_r1_v1_winm11.csv,dataset/video/brass/VisTouch_brass_f6_r1_v1_winm11.avi
VisTouch_brass_f6_r1_v1_winl01,brass_f6_r1_v1,brass,huangtong,黄铜,0,6,1,1,sliding,winl01,train,1607151367.000,1607151381.000,14.000,dataset/audio/brass/VisTouch_brass_f6_r1_v1_winl01.wav,dataset/tactile/brass/VisTouch_brass_f6_r1_v1_winl01.csv,dataset/video/brass/VisTouch_brass_f6_r1_v1_winl01.avi
VisTouch_brass_f6_r1_v1_winl02,brass_f6_r1_v1,brass,huangtong,黄铜,0,6,1,1,sliding,winl02,train,1607151374.000,1607151388.000,14.000,dataset/audio/brass/VisTouch_brass_f6_r1_v1_winl02.wav,dataset/tactile/brass/VisTouch_brass_f6_r1_v1_winl02.csv,dataset/video/brass/VisTouch_brass_f6_r1_v1_winl02.avi
VisTouch_brass_f6_r1_v1_winl03,brass_f6_r1_v1,brass,huangtong,黄铜,0,6,1,1,sliding,winl03,train,1607151381.000,1607151395.000,14.000,dataset/audio/brass/VisTouch_brass_f6_r1_v1_winl03.wav,dataset/tactile/brass/VisTouch_brass_f6_r1_v1_winl03.csv,dataset/video/brass/VisTouch_brass_f6_r1_v1_winl03.avi
VisTouch_brass_f6_r1_v1_winl04,brass_f6_r1_v1,brass,huangtong,黄铜,0,6,1,1,sliding,winl04,train,1607151388.000,1607151402.000,14.000,dataset/audio/brass/VisTouch_brass_f6_r1_v1_winl04.wav,dataset/tactile/brass/VisTouch_brass_f6_r1_v1_winl04.csv,dataset/video/brass/VisTouch_brass_f6_r1_v1_winl04.avi
VisTouch_brass_f6_r1_v1_winl05,brass_f6_r1_v1,brass,huangtong,黄铜,0,6,1,1,sliding,winl05,train,1607151395.000,1607151409.000,14.000,dataset/audio/brass/VisTouch_brass_f6_r1_v1_winl05.wav,dataset/tactile/brass/VisTouch_brass_f6_r1_v1_winl05.csv,dataset/video/brass/VisTouch_brass_f6_r1_v1_winl05.avi
VisTouch_brass_f6_r1_v1_winl06,brass_f6_r1_v1,brass,huangtong,黄铜,0,6,1,1,sliding,winl06,train,1607151402.000,1607151416.000,14.000,dataset/audio/brass/VisTouch_brass_f6_r1_v1_winl06.wav,dataset/tactile/brass/VisTouch_brass_f6_r1_v1_winl06.csv,dataset/video/brass/VisTouch_brass_f6_r1_v1_winl06.avi
VisTouch_brass_f6_r1_v1_winl07,brass_f6_r1_v1,brass,huangtong,黄铜,0,6,1,1,sliding,winl07,train,1607151409.000,1607151423.000,14.000,dataset/audio/brass/VisTouch_brass_f6_r1_v1_winl07.wav,dataset/tactile/brass/VisTouch_brass_f6_r1_v1_winl07.csv,dataset/video/brass/VisTouch_brass_f6_r1_v1_winl07.avi
VisTouch_brass_f6_r1_v1_winl08,brass_f6_r1_v1,brass,huangtong,黄铜,0,6,1,1,sliding,winl08,train,1607151416.000,1607151430.000,14.000,dataset/audio/brass/VisTouch_brass_f6_r1_v1_winl08.wav,dataset/tactile/brass/VisTouch_brass_f6_r1_v1_winl08.csv,dataset/video/brass/VisTouch_brass_f6_r1_v1_winl08.avi
VisTouch_brass_f9_r1_v1_seg01,brass_f9_r1_v1,brass,huangtong,黄铜,0,9,1,1,cycle,seg01,test,1607152514.380,1607152524.560,10.180,dataset/audio/brass/VisTouch_brass_f9_r1_v1_seg01.wav,dataset/tactile/brass/VisTouch_brass_f9_r1_v1_seg01.csv,dataset/video/brass/VisTouch_brass_f9_r1_v1_seg01.avi
VisTouch_brass_f9_r1_v1_seg02,brass_f9_r1_v1,brass,huangtong,黄铜,0,9,1,1,cycle,seg02,test,1607152524.560,1607152534.740,10.180,dataset/audio/brass/VisTouch_brass_f9_r1_v1_seg02.wav,dataset/tactile/brass/VisTouch_brass_f9_r1_v1_seg02.csv,dataset/video/brass/VisTouch_brass_f9_r1_v1_seg02.avi
VisTouch_brass_f9_r1_v1_seg03,brass_f9_r1_v1,brass,huangtong,黄铜,0,9,1,1,cycle,seg03,test,1607152534.740,1607152544.920,10.180,dataset/audio/brass/VisTouch_brass_f9_r1_v1_seg03.wav,dataset/tactile/brass/VisTouch_brass_f9_r1_v1_seg03.csv,dataset/video/brass/VisTouch_brass_f9_r1_v1_seg03.avi
VisTouch_brass_f9_r1_v1_seg04,brass_f9_r1_v1,brass,huangtong,黄铜,0,9,1,1,cycle,seg04,test,1607152544.920,1607152555.140,10.220,dataset/audio/brass/VisTouch_brass_f9_r1_v1_seg04.wav,dataset/tactile/brass/VisTouch_brass_f9_r1_v1_seg04.csv,dataset/video/brass/VisTouch_brass_f9_r1_v1_seg04.avi
VisTouch_brass_f9_r1_v1_seg05,brass_f9_r1_v1,brass,huangtong,黄铜,0,9,1,1,cycle,seg05,test,1607152555.140,1607152565.320,10.180,dataset/audio/brass/VisTouch_brass_f9_r1_v1_seg05.wav,dataset/tactile/brass/VisTouch_brass_f9_r1_v1_seg05.csv,dataset/video/brass/VisTouch_brass_f9_r1_v1_seg05.avi
VisTouch_brass_f9_r1_v1_wins01,brass_f9_r1_v1,brass,huangtong,黄铜,0,9,1,1,sliding,wins01,test,1607152507.400,1607152514.400,7.000,dataset/audio/brass/VisTouch_brass_f9_r1_v1_wins01.wav,dataset/tactile/brass/VisTouch_brass_f9_r1_v1_wins01.csv,dataset/video/brass/VisTouch_brass_f9_r1_v1_wins01.avi
VisTouch_brass_f9_r1_v1_wins02,brass_f9_r1_v1,brass,huangtong,黄铜,0,9,1,1,sliding,wins02,test,1607152510.900,1607152517.900,7.000,dataset/audio/brass/VisTouch_brass_f9_r1_v1_wins02.wav,dataset/tactile/brass/VisTouch_brass_f9_r1_v1_wins02.csv,dataset/video/brass/VisTouch_brass_f9_r1_v1_wins02.avi
VisTouch_brass_f9_r1_v1_wins03,brass_f9_r1_v1,brass,huangtong,黄铜,0,9,1,1,sliding,wins03,test,1607152514.400,1607152521.400,7.000,dataset/audio/brass/VisTouch_brass_f9_r1_v1_wins03.wav,dataset/tactile/brass/VisTouch_brass_f9_r1_v1_wins03.csv,dataset/video/brass/VisTouch_brass_f9_r1_v1_wins03.avi
VisTouch_brass_f9_r1_v1_wins04,brass_f9_r1_v1,brass,huangtong,黄铜,0,9,1,1,sliding,wins04,test,1607152517.900,1607152524.900,7.000,dataset/audio/brass/VisTouch_brass_f9_r1_v1_wins04.wav,dataset/tactile/brass/VisTouch_brass_f9_r1_v1_wins04.csv,dataset/video/brass/VisTouch_brass_f9_r1_v1_wins04.avi
VisTouch_brass_f9_r1_v1_wins05,brass_f9_r1_v1,brass,huangtong,黄铜,0,9,1,1,sliding,wins05,test,1607152521.400,1607152528.400,7.000,dataset/audio/brass/VisTouch_brass_f9_r1_v1_wins05.wav,dataset/tactile/brass/VisTouch_brass_f9_r1_v1_wins05.csv,dataset/video/brass/VisTouch_brass_f9_r1_v1_wins05.avi
VisTouch_brass_f9_r1_v1_wins06,brass_f9_r1_v1,brass,huangtong,黄铜,0,9,1,1,sliding,wins06,test,1607152524.900,1607152531.900,7.000,dataset/audio/brass/VisTouch_brass_f9_r1_v1_wins06.wav,dataset/tactile/brass/VisTouch_brass_f9_r1_v1_wins06.csv,dataset/video/brass/VisTouch_brass_f9_r1_v1_wins06.avi
VisTouch_brass_f9_r1_v1_wins07,brass_f9_r1_v1,brass,huangtong,黄铜,0,9,1,1,sliding,wins07,test,1607152528.400,1607152535.400,7.000,dataset/audio/brass/VisTouch_brass_f9_r1_v1_wins07.wav,dataset/tactile/brass/VisTouch_brass_f9_r1_v1_wins07.csv,dataset/video/brass/VisTouch_brass_f9_r1_v1_wins07.avi
VisTouch_brass_f9_r1_v1_wins08,brass_f9_r1_v1,brass,huangtong,黄铜,0,9,1,1,sliding,wins08,test,1607152531.900,1607152538.900,7.000,dataset/audio/brass/VisTouch_brass_f9_r1_v1_wins08.wav,dataset/tactile/brass/VisTouch_brass_f9_r1_v1_wins08.csv,dataset/video/brass/VisTouch_brass_f9_r1_v1_wins08.avi
VisTouch_brass_f9_r1_v1_wins09,brass_f9_r1_v1,brass,huangtong,黄铜,0,9,1,1,sliding,wins09,test,1607152535.400,1607152542.400,7.000,dataset/audio/brass/VisTouch_brass_f9_r1_v1_wins09.wav,dataset/tactile/brass/VisTouch_brass_f9_r1_v1_wins09.csv,dataset/video/brass/VisTouch_brass_f9_r1_v1_wins09.avi
VisTouch_brass_f9_r1_v1_wins10,brass_f9_r1_v1,brass,huangtong,黄铜,0,9,1,1,sliding,wins10,test,1607152538.900,1607152545.900,7.000,dataset/audio/brass/VisTouch_brass_f9_r1_v1_wins10.wav,dataset/tactile/brass/VisTouch_brass_f9_r1_v1_wins10.csv,dataset/video/brass/VisTouch_brass_f9_r1_v1_wins10.avi
VisTouch_brass_f9_r1_v1_wins11,brass_f9_r1_v1,brass,huangtong,黄铜,0,9,1,1,sliding,wins11,test,1607152542.400,1607152549.400,7.000,dataset/audio/brass/VisTouch_brass_f9_r1_v1_wins11.wav,dataset/tactile/brass/VisTouch_brass_f9_r1_v1_wins11.csv,dataset/video/brass/VisTouch_brass_f9_r1_v1_wins11.avi
VisTouch_brass_f9_r1_v1_wins12,brass_f9_r1_v1,brass,huangtong,黄铜,0,9,1,1,sliding,wins12,test,1607152545.900,1607152552.900,7.000,dataset/audio/brass/VisTouch_brass_f9_r1_v1_wins12.wav,dataset/tactile/brass/VisTouch_brass_f9_r1_v1_wins12.csv,dataset/video/brass/VisTouch_brass_f9_r1_v1_wins12.avi
VisTouch_brass_f9_r1_v1_wins13,brass_f9_r1_v1,brass,huangtong,黄铜,0,9,1,1,sliding,wins13,test,1607152549.400,1607152556.400,7.000,dataset/audio/brass/VisTouch_brass_f9_r1_v1_wins13.wav,dataset/tactile/brass/VisTouch_brass_f9_r1_v1_wins13.csv,dataset/video/brass/VisTouch_brass_f9_r1_v1_wins13.avi
VisTouch_brass_f9_r1_v1_wins14,brass_f9_r1_v1,brass,huangtong,黄铜,0,9,1,1,sliding,wins14,test,1607152552.900,1607152559.900,7.000,dataset/audio/brass/VisTouch_brass_f9_r1_v1_wins14.wav,dataset/tactile/brass/VisTouch_brass_f9_r1_v1_wins14.csv,dataset/video/brass/VisTouch_brass_f9_r1_v1_wins14.avi
VisTouch_brass_f9_r1_v1_wins15,brass_f9_r1_v1,brass,huangtong,黄铜,0,9,1,1,sliding,wins15,test,1607152556.400,1607152563.400,7.000,dataset/audio/brass/VisTouch_brass_f9_r1_v1_wins15.wav,dataset/tactile/brass/VisTouch_brass_f9_r1_v1_wins15.csv,dataset/video/brass/VisTouch_brass_f9_r1_v1_wins15.avi
VisTouch_brass_f9_r1_v1_wins16,brass_f9_r1_v1,brass,huangtong,黄铜,0,9,1,1,sliding,wins16,test,1607152559.900,1607152566.900,7.000,dataset/audio/brass/VisTouch_brass_f9_r1_v1_wins16.wav,dataset/tactile/brass/VisTouch_brass_f9_r1_v1_wins16.csv,dataset/video/brass/VisTouch_brass_f9_r1_v1_wins16.avi
VisTouch_brass_f9_r1_v1_wins17,brass_f9_r1_v1,brass,huangtong,黄铜,0,9,1,1,sliding,wins17,test,1607152563.400,1607152570.400,7.000,dataset/audio/brass/VisTouch_brass_f9_r1_v1_wins17.wav,dataset/tactile/brass/VisTouch_brass_f9_r1_v1_wins17.csv,dataset/video/brass/VisTouch_brass_f9_r1_v1_wins17.avi
VisTouch_brass_f9_r1_v1_winm01,brass_f9_r1_v1,brass,huangtong,黄铜,0,9,1,1,sliding,winm01,test,1607152507.400,1607152517.700,10.300,dataset/audio/brass/VisTouch_brass_f9_r1_v1_winm01.wav,dataset/tactile/brass/VisTouch_brass_f9_r1_v1_winm01.csv,dataset/video/brass/VisTouch_brass_f9_r1_v1_winm01.avi
VisTouch_brass_f9_r1_v1_winm02,brass_f9_r1_v1,brass,huangtong,黄铜,0,9,1,1,sliding,winm02,test,1607152512.550,1607152522.850,10.300,dataset/audio/brass/VisTouch_brass_f9_r1_v1_winm02.wav,dataset/tactile/brass/VisTouch_brass_f9_r1_v1_winm02.csv,dataset/video/brass/VisTouch_brass_f9_r1_v1_winm02.avi
VisTouch_brass_f9_r1_v1_winm03,brass_f9_r1_v1,brass,huangtong,黄铜,0,9,1,1,sliding,winm03,test,1607152517.700,1607152528.000,10.300,dataset/audio/brass/VisTouch_brass_f9_r1_v1_winm03.wav,dataset/tactile/brass/VisTouch_brass_f9_r1_v1_winm03.csv,dataset/video/brass/VisTouch_brass_f9_r1_v1_winm03.avi
VisTouch_brass_f9_r1_v1_winm04,brass_f9_r1_v1,brass,huangtong,黄铜,0,9,1,1,sliding,winm04,test,1607152522.850,1607152533.150,10.300,dataset/audio/brass/VisTouch_brass_f9_r1_v1_winm04.wav,dataset/tactile/brass/VisTouch_brass_f9_r1_v1_winm04.csv,dataset/video/brass/VisTouch_brass_f9_r1_v1_winm04.avi
VisTouch_brass_f9_r1_v1_winm05,brass_f9_r1_v1,brass,huangtong,黄铜,0,9,1,1,sliding,winm05,test,1607152528.000,1607152538.300,10.300,dataset/audio/brass/VisTouch_brass_f9_r1_v1_winm05.wav,dataset/tactile/brass/VisTouch_brass_f9_r1_v1_winm05.csv,dataset/video/brass/VisTouch_brass_f9_r1_v1_winm05.avi
VisTouch_brass_f9_r1_v1_winm06,brass_f9_r1_v1,brass,huangtong,黄铜,0,9,1,1,sliding,winm06,test,1607152533.150,1607152543.450,10.300,dataset/audio/brass/VisTouch_brass_f9_r1_v1_winm06.wav,dataset/tactile/brass/VisTouch_brass_f9_r1_v1_winm06.csv,dataset/video/brass/VisTouch_brass_f9_r1_v1_winm06.avi
VisTouch_brass_f9_r1_v1_winm07,brass_f9_r1_v1,brass,huangtong,黄铜,0,9,1,1,sliding,winm07,test,1607152538.300,1607152548.600,10.300,dataset/audio/brass/VisTouch_brass_f9_r1_v1_winm07.wav,dataset/tactile/brass/VisTouch_brass_f9_r1_v1_winm07.csv,dataset/video/brass/VisTouch_brass_f9_r1_v1_winm07.avi
VisTouch_brass_f9_r1_v1_winm08,brass_f9_r1_v1,brass,huangtong,黄铜,0,9,1,1,sliding,winm08,test,1607152543.450,1607152553.750,10.300,dataset/audio/brass/VisTouch_brass_f9_r1_v1_winm08.wav,dataset/tactile/brass/VisTouch_brass_f9_r1_v1_winm08.csv,dataset/video/brass/VisTouch_brass_f9_r1_v1_winm08.avi
VisTouch_brass_f9_r1_v1_winm09,brass_f9_r1_v1,brass,huangtong,黄铜,0,9,1,1,sliding,winm09,test,1607152548.600,1607152558.900,10.300,dataset/audio/brass/VisTouch_brass_f9_r1_v1_winm09.wav,dataset/tactile/brass/VisTouch_brass_f9_r1_v1_winm09.csv,dataset/video/brass/VisTouch_brass_f9_r1_v1_winm09.avi
VisTouch_brass_f9_r1_v1_winm10,brass_f9_r1_v1,brass,huangtong,黄铜,0,9,1,1,sliding,winm10,test,1607152553.750,1607152564.050,10.300,dataset/audio/brass/VisTouch_brass_f9_r1_v1_winm10.wav,dataset/tactile/brass/VisTouch_brass_f9_r1_v1_winm10.csv,dataset/video/brass/VisTouch_brass_f9_r1_v1_winm10.avi
VisTouch_brass_f9_r1_v1_winm11,brass_f9_r1_v1,brass,huangtong,黄铜,0,9,1,1,sliding,winm11,test,1607152558.900,1607152569.200,10.300,dataset/audio/brass/VisTouch_brass_f9_r1_v1_winm11.wav,dataset/tactile/brass/VisTouch_brass_f9_r1_v1_winm11.csv,dataset/video/brass/VisTouch_brass_f9_r1_v1_winm11.avi
VisTouch_brass_f9_r1_v1_winl01,brass_f9_r1_v1,brass,huangtong,黄铜,0,9,1,1,sliding,winl01,test,1607152507.400,1607152521.400,14.000,dataset/audio/brass/VisTouch_brass_f9_r1_v1_winl01.wav,dataset/tactile/brass/VisTouch_brass_f9_r1_v1_winl01.csv,dataset/video/brass/VisTouch_brass_f9_r1_v1_winl01.avi
VisTouch_brass_f9_r1_v1_winl02,brass_f9_r1_v1,brass,huangtong,黄铜,0,9,1,1,sliding,winl02,test,1607152514.400,1607152528.400,14.000,dataset/audio/brass/VisTouch_brass_f9_r1_v1_winl02.wav,dataset/tactile/brass/VisTouch_brass_f9_r1_v1_winl02.csv,dataset/video/brass/VisTouch_brass_f9_r1_v1_winl02.avi
VisTouch_brass_f9_r1_v1_winl03,brass_f9_r1_v1,brass,huangtong,黄铜,0,9,1,1,sliding,winl03,test,1607152521.400,1607152535.400,14.000,dataset/audio/brass/VisTouch_brass_f9_r1_v1_winl03.wav,dataset/tactile/brass/VisTouch_brass_f9_r1_v1_winl03.csv,dataset/video/brass/VisTouch_brass_f9_r1_v1_winl03.avi
VisTouch_brass_f9_r1_v1_winl04,brass_f9_r1_v1,brass,huangtong,黄铜,0,9,1,1,sliding,winl04,test,1607152528.400,1607152542.400,14.000,dataset/audio/brass/VisTouch_brass_f9_r1_v1_winl04.wav,dataset/tactile/brass/VisTouch_brass_f9_r1_v1_winl04.csv,dataset/video/brass/VisTouch_brass_f9_r1_v1_winl04.avi
VisTouch_brass_f9_r1_v1_winl05,brass_f9_r1_v1,brass,huangtong,黄铜,0,9,1,1,sliding,winl05,test,1607152535.400,1607152549.400,14.000,dataset/audio/brass/VisTouch_brass_f9_r1_v1_winl05.wav,dataset/tactile/brass/VisTouch_brass_f9_r1_v1_winl05.csv,dataset/video/brass/VisTouch_brass_f9_r1_v1_winl05.avi
VisTouch_brass_f9_r1_v1_winl06,brass_f9_r1_v1,brass,huangtong,黄铜,0,9,1,1,sliding,winl06,test,1607152542.400,1607152556.400,14.000,dataset/audio/brass/VisTouch_brass_f9_r1_v1_winl06.wav,dataset/tactile/brass/VisTouch_brass_f9_r1_v1_winl06.csv,dataset/video/brass/VisTouch_brass_f9_r1_v1_winl06.avi
VisTouch_brass_f9_r1_v1_winl07,brass_f9_r1_v1,brass,huangtong,黄铜,0,9,1,1,sliding,winl07,test,1607152549.400,1607152563.400,14.000,dataset/audio/brass/VisTouch_brass_f9_r1_v1_winl07.wav,dataset/tactile/brass/VisTouch_brass_f9_r1_v1_winl07.csv,dataset/video/brass/VisTouch_brass_f9_r1_v1_winl07.avi
VisTouch_brass_f9_r1_v1_winl08,brass_f9_r1_v1,brass,huangtong,黄铜,0,9,1,1,sliding,winl08,test,1607152556.400,1607152570.400,14.000,dataset/audio/brass/VisTouch_brass_f9_r1_v1_winl08.wav,dataset/tactile/brass/VisTouch_brass_f9_r1_v1_winl08.csv,dataset/video/brass/VisTouch_brass_f9_r1_v1_winl08.avi
VisTouch_linen_f3_r1_v1_seg01,linen_f3_r1_v1,linen,mabu,麻布,1,3,1,1,cycle,seg01,train,1607135162.180,1607135172.740,10.560,dataset/audio/linen/VisTouch_linen_f3_r1_v1_seg01.wav,dataset/tactile/linen/VisTouch_linen_f3_r1_v1_seg01.csv,dataset/video/linen/VisTouch_linen_f3_r1_v1_seg01.avi
VisTouch_linen_f3_r1_v1_seg02,linen_f3_r1_v1,linen,mabu,麻布,1,3,1,1,cycle,seg02,train,1607135172.740,1607135183.240,10.500,dataset/audio/linen/VisTouch_linen_f3_r1_v1_seg02.wav,dataset/tactile/linen/VisTouch_linen_f3_r1_v1_seg02.csv,dataset/video/linen/VisTouch_linen_f3_r1_v1_seg02.avi
VisTouch_linen_f3_r1_v1_seg03,linen_f3_r1_v1,linen,mabu,麻布,1,3,1,1,cycle,seg03,train,1607135183.240,1607135193.780,10.540,dataset/audio/linen/VisTouch_linen_f3_r1_v1_seg03.wav,dataset/tactile/linen/VisTouch_linen_f3_r1_v1_seg03.csv,dataset/video/linen/VisTouch_linen_f3_r1_v1_seg03.avi
VisTouch_linen_f3_r1_v1_seg04,linen_f3_r1_v1,linen,mabu,麻布,1,3,1,1,cycle,seg04,train,1607135193.780,1607135204.340,10.560,dataset/audio/linen/VisTouch_linen_f3_r1_v1_seg04.wav,dataset/tactile/linen/VisTouch_linen_f3_r1_v1_seg04.csv,dataset/video/linen/VisTouch_linen_f3_r1_v1_seg04.avi
VisTouch_linen_f3_r1_v1_seg05,linen_f3_r1_v1,linen,mabu,麻布,1,3,1,1,cycle,seg05,train,1607135204.340,1607135214.880,10.540,dataset/audio/linen/VisTouch_linen_f3_r1_v1_seg05.wav,dataset/tactile/linen/VisTouch_linen_f3_r1_v1_seg05.csv,dataset/video/linen/VisTouch_linen_f3_r1_v1_seg05.avi
VisTouch_linen_f3_r1_v1_wins01,linen_f3_r1_v1,linen,mabu,麻布,1,3,1,1,sliding,wins01,train,1607135155.220,1607135162.220,7.000,dataset/audio/linen/VisTouch_linen_f3_r1_v1_wins01.wav,dataset/tactile/linen/VisTouch_linen_f3_r1_v1_wins01.csv,dataset/video/linen/VisTouch_linen_f3_r1_v1_wins01.avi
VisTouch_linen_f3_r1_v1_wins02,linen_f3_r1_v1,linen,mabu,麻布,1,3,1,1,sliding,wins02,train,1607135158.720,1607135165.720,7.000,dataset/audio/linen/VisTouch_linen_f3_r1_v1_wins02.wav,dataset/tactile/linen/VisTouch_linen_f3_r1_v1_wins02.csv,dataset/video/linen/VisTouch_linen_f3_r1_v1_wins02.avi
VisTouch_linen_f3_r1_v1_wins03,linen_f3_r1_v1,linen,mabu,麻布,1,3,1,1,sliding,wins03,train,1607135162.220,1607135169.220,7.000,dataset/audio/linen/VisTouch_linen_f3_r1_v1_wins03.wav,dataset/tactile/linen/VisTouch_linen_f3_r1_v1_wins03.csv,dataset/video/linen/VisTouch_linen_f3_r1_v1_wins03.avi
VisTouch_linen_f3_r1_v1_wins04,linen_f3_r1_v1,linen,mabu,麻布,1,3,1,1,sliding,wins04,train,1607135165.720,1607135172.720,7.000,dataset/audio/linen/VisTouch_linen_f3_r1_v1_wins04.wav,dataset/tactile/linen/VisTouch_linen_f3_r1_v1_wins04.csv,dataset/video/linen/VisTouch_linen_f3_r1_v1_wins04.avi
VisTouch_linen_f3_r1_v1_wins05,linen_f3_r1_v1,linen,mabu,麻布,1,3,1,1,sliding,wins05,train,1607135169.220,1607135176.220,7.000,dataset/audio/linen/VisTouch_linen_f3_r1_v1_wins05.wav,dataset/tactile/linen/VisTouch_linen_f3_r1_v1_wins05.csv,dataset/video/linen/VisTouch_linen_f3_r1_v1_wins05.avi
VisTouch_linen_f3_r1_v1_wins06,linen_f3_r1_v1,linen,mabu,麻布,1,3,1,1,sliding,wins06,train,1607135172.720,1607135179.720,7.000,dataset/audio/linen/VisTouch_linen_f3_r1_v1_wins06.wav,dataset/tactile/linen/VisTouch_linen_f3_r1_v1_wins06.csv,dataset/video/linen/VisTouch_linen_f3_r1_v1_wins06.avi
VisTouch_linen_f3_r1_v1_wins07,linen_f3_r1_v1,linen,mabu,麻布,1,3,1,1,sliding,wins07,train,1607135176.220,1607135183.220,7.000,dataset/audio/linen/VisTouch_linen_f3_r1_v1_wins07.wav,dataset/tactile/linen/VisTouch_linen_f3_r1_v1_wins07.csv,dataset/video/linen/VisTouch_linen_f3_r1_v1_wins07.avi
VisTouch_linen_f3_r1_v1_wins08,linen_f3_r1_v1,linen,mabu,麻布,1,3,1,1,sliding,wins08,train,1607135179.720,1607135186.720,7.000,dataset/audio/linen/VisTouch_linen_f3_r1_v1_wins08.wav,dataset/tactile/linen/VisTouch_linen_f3_r1_v1_wins08.csv,dataset/video/linen/VisTouch_linen_f3_r1_v1_wins08.avi
VisTouch_linen_f3_r1_v1_wins09,linen_f3_r1_v1,linen,mabu,麻布,1,3,1,1,sliding,wins09,train,1607135183.220,1607135190.220,7.000,dataset/audio/linen/VisTouch_linen_f3_r1_v1_wins09.wav,dataset/tactile/linen/VisTouch_linen_f3_r1_v1_wins09.csv,dataset/video/linen/VisTouch_linen_f3_r1_v1_wins09.avi
VisTouch_linen_f3_r1_v1_wins10,linen_f3_r1_v1,linen,mabu,麻布,1,3,1,1,sliding,wins10,train,1607135186.720,1607135193.720,7.000,dataset/audio/linen/VisTouch_linen_f3_r1_v1_wins10.wav,dataset/tactile/linen/VisTouch_linen_f3_r1_v1_wins10.csv,dataset/video/linen/VisTouch_linen_f3_r1_v1_wins10.avi
VisTouch_linen_f3_r1_v1_wins11,linen_f3_r1_v1,linen,mabu,麻布,1,3,1,1,sliding,wins11,train,1607135190.220,1607135197.220,7.000,dataset/audio/linen/VisTouch_linen_f3_r1_v1_wins11.wav,dataset/tactile/linen/VisTouch_linen_f3_r1_v1_wins11.csv,dataset/video/linen/VisTouch_linen_f3_r1_v1_wins11.avi
VisTouch_linen_f3_r1_v1_wins12,linen_f3_r1_v1,linen,mabu,麻布,1,3,1,1,sliding,wins12,train,1607135193.720,1607135200.720,7.000,dataset/audio/linen/VisTouch_linen_f3_r1_v1_wins12.wav,dataset/tactile/linen/VisTouch_linen_f3_r1_v1_wins12.csv,dataset/video/linen/VisTouch_linen_f3_r1_v1_wins12.avi
VisTouch_linen_f3_r1_v1_wins13,linen_f3_r1_v1,linen,mabu,麻布,1,3,1,1,sliding,wins13,train,1607135197.220,1607135204.220,7.000,dataset/audio/linen/VisTouch_linen_f3_r1_v1_wins13.wav,dataset/tactile/linen/VisTouch_linen_f3_r1_v1_wins13.csv,dataset/video/linen/VisTouch_linen_f3_r1_v1_wins13.avi
VisTouch_linen_f3_r1_v1_wins14,linen_f3_r1_v1,linen,mabu,麻布,1,3,1,1,sliding,wins14,train,1607135200.720,1607135207.720,7.000,dataset/audio/linen/VisTouch_linen_f3_r1_v1_wins14.wav,dataset/tactile/linen/VisTouch_linen_f3_r1_v1_wins14.csv,dataset/video/linen/VisTouch_linen_f3_r1_v1_wins14.avi
VisTouch_linen_f3_r1_v1_wins15,linen_f3_r1_v1,linen,mabu,麻布,1,3,1,1,sliding,wins15,train,1607135204.220,1607135211.220,7.000,dataset/audio/linen/VisTouch_linen_f3_r1_v1_wins15.wav,dataset/tactile/linen/VisTouch_linen_f3_r1_v1_wins15.csv,dataset/video/linen/VisTouch_linen_f3_r1_v1_wins15.avi
VisTouch_linen_f3_r1_v1_wins16,linen_f3_r1_v1,linen,mabu,麻布,1,3,1,1,sliding,wins16,train,1607135207.720,1607135214.720,7.000,dataset/audio/linen/VisTouch_linen_f3_r1_v1_wins16.wav,dataset/tactile/linen/VisTouch_linen_f3_r1_v1_wins16.csv,dataset/video/linen/VisTouch_linen_f3_r1_v1_wins16.avi
VisTouch_linen_f3_r1_v1_wins17,linen_f3_r1_v1,linen,mabu,麻布,1,3,1,1,sliding,wins17,train,1607135211.220,1607135218.220,7.000,dataset/audio/linen/VisTouch_linen_f3_r1_v1_wins17.wav,dataset/tactile/linen/VisTouch_linen_f3_r1_v1_wins17.csv,dataset/video/linen/VisTouch_linen_f3_r1_v1_wins17.avi
VisTouch_linen_f3_r1_v1_wins18,linen_f3_r1_v1,linen,mabu,麻布,1,3,1,1,sliding,wins18,train,1607135214.720,1607135221.720,7.000,dataset/audio/linen/VisTouch_linen_f3_r1_v1_wins18.wav,dataset/tactile/linen/VisTouch_linen_f3_r1_v1_wins18.csv,dataset/video/linen/VisTouch_linen_f3_r1_v1_wins18.avi
VisTouch_linen_f3_r1_v1_winm01,linen_f3_r1_v1,linen,mabu,麻布,1,3,1,1,sliding,winm01,train,1607135155.220,1607135165.520,10.300,dataset/audio/linen/VisTouch_linen_f3_r1_v1_winm01.wav,dataset/tactile/linen/VisTouch_linen_f3_r1_v1_winm01.csv,dataset/video/linen/VisTouch_linen_f3_r1_v1_winm01.avi
VisTouch_linen_f3_r1_v1_winm02,linen_f3_r1_v1,linen,mabu,麻布,1,3,1,1,sliding,winm02,train,1607135160.370,1607135170.670,10.300,dataset/audio/linen/VisTouch_linen_f3_r1_v1_winm02.wav,dataset/tactile/linen/VisTouch_linen_f3_r1_v1_winm02.csv,dataset/video/linen/VisTouch_linen_f3_r1_v1_winm02.avi
VisTouch_linen_f3_r1_v1_winm03,linen_f3_r1_v1,linen,mabu,麻布,1,3,1,1,sliding,winm03,train,1607135165.520,1607135175.820,10.300,dataset/audio/linen/VisTouch_linen_f3_r1_v1_winm03.wav,dataset/tactile/linen/VisTouch_linen_f3_r1_v1_winm03.csv,dataset/video/linen/VisTouch_linen_f3_r1_v1_winm03.avi
VisTouch_linen_f3_r1_v1_winm04,linen_f3_r1_v1,linen,mabu,麻布,1,3,1,1,sliding,winm04,train,1607135170.670,1607135180.970,10.300,dataset/audio/linen/VisTouch_linen_f3_r1_v1_winm04.wav,dataset/tactile/linen/VisTouch_linen_f3_r1_v1_winm04.csv,dataset/video/linen/VisTouch_linen_f3_r1_v1_winm04.avi
VisTouch_linen_f3_r1_v1_winm05,linen_f3_r1_v1,linen,mabu,麻布,1,3,1,1,sliding,winm05,train,1607135175.820,1607135186.120,10.300,dataset/audio/linen/VisTouch_linen_f3_r1_v1_winm05.wav,dataset/tactile/linen/VisTouch_linen_f3_r1_v1_winm05.csv,dataset/video/linen/VisTouch_linen_f3_r1_v1_winm05.avi
VisTouch_linen_f3_r1_v1_winm06,linen_f3_r1_v1,linen,mabu,麻布,1,3,1,1,sliding,winm06,train,1607135180.970,1607135191.270,10.300,dataset/audio/linen/VisTouch_linen_f3_r1_v1_winm06.wav,dataset/tactile/linen/VisTouch_linen_f3_r1_v1_winm06.csv,dataset/video/linen/VisTouch_linen_f3_r1_v1_winm06.avi
VisTouch_linen_f3_r1_v1_winm07,linen_f3_r1_v1,linen,mabu,麻布,1,3,1,1,sliding,winm07,train,1607135186.120,1607135196.420,10.300,dataset/audio/linen/VisTouch_linen_f3_r1_v1_winm07.wav,dataset/tactile/linen/VisTouch_linen_f3_r1_v1_winm07.csv,dataset/video/linen/VisTouch_linen_f3_r1_v1_winm07.avi
VisTouch_linen_f3_r1_v1_winm08,linen_f3_r1_v1,linen,mabu,麻布,1,3,1,1,sliding,winm08,train,1607135191.270,1607135201.570,10.300,dataset/audio/linen/VisTouch_linen_f3_r1_v1_winm08.wav,dataset/tactile/linen/VisTouch_linen_f3_r1_v1_winm08.csv,dataset/video/linen/VisTouch_linen_f3_r1_v1_winm08.avi
VisTouch_linen_f3_r1_v1_winm09,linen_f3_r1_v1,linen,mabu,麻布,1,3,1,1,sliding,winm09,train,1607135196.420,1607135206.720,10.300,dataset/audio/linen/VisTouch_linen_f3_r1_v1_winm09.wav,dataset/tactile/linen/VisTouch_linen_f3_r1_v1_winm09.csv,dataset/video/linen/VisTouch_linen_f3_r1_v1_winm09.avi
VisTouch_linen_f3_r1_v1_winm10,linen_f3_r1_v1,linen,mabu,麻布,1,3,1,1,sliding,winm10,train,1607135201.570,1607135211.870,10.300,dataset/audio/linen/VisTouch_linen_f3_r1_v1_winm10.wav,dataset/tactile/linen/VisTouch_linen_f3_r1_v1_winm10.csv,dataset/video/linen/VisTouch_linen_f3_r1_v1_winm10.avi
VisTouch_linen_f3_r1_v1_winm11,linen_f3_r1_v1,linen,mabu,麻布,1,3,1,1,sliding,winm11,train,1607135206.720,1607135217.020,10.300,dataset/audio/linen/VisTouch_linen_f3_r1_v1_winm11.wav,dataset/tactile/linen/VisTouch_linen_f3_r1_v1_winm11.csv,dataset/video/linen/VisTouch_linen_f3_r1_v1_winm11.avi
VisTouch_linen_f3_r1_v1_winl01,linen_f3_r1_v1,linen,mabu,麻布,1,3,1,1,sliding,winl01,train,1607135155.220,1607135169.220,14.000,dataset/audio/linen/VisTouch_linen_f3_r1_v1_winl01.wav,dataset/tactile/linen/VisTouch_linen_f3_r1_v1_winl01.csv,dataset/video/linen/VisTouch_linen_f3_r1_v1_winl01.avi
VisTouch_linen_f3_r1_v1_winl02,linen_f3_r1_v1,linen,mabu,麻布,1,3,1,1,sliding,winl02,train,1607135162.220,1607135176.220,14.000,dataset/audio/linen/VisTouch_linen_f3_r1_v1_winl02.wav,dataset/tactile/linen/VisTouch_linen_f3_r1_v1_winl02.csv,dataset/video/linen/VisTouch_linen_f3_r1_v1_winl02.avi
VisTouch_linen_f3_r1_v1_winl03,linen_f3_r1_v1,linen,mabu,麻布,1,3,1,1,sliding,winl03,train,1607135169.220,1607135183.220,14.000,dataset/audio/linen/VisTouch_linen_f3_r1_v1_winl03.wav,dataset/tactile/linen/VisTouch_linen_f3_r1_v1_winl03.csv,dataset/video/linen/VisTouch_linen_f3_r1_v1_winl03.avi
VisTouch_linen_f3_r1_v1_winl04,linen_f3_r1_v1,linen,mabu,麻布,1,3,1,1,sliding,winl04,train,1607135176.220,1607135190.220,14.000,dataset/audio/linen/VisTouch_linen_f3_r1_v1_winl04.wav,dataset/tactile/linen/VisTouch_linen_f3_r1_v1_winl04.csv,dataset/video/linen/VisTouch_linen_f3_r1_v1_winl04.avi
VisTouch_linen_f3_r1_v1_winl05,linen_f3_r1_v1,linen,mabu,麻布,1,3,1,1,sliding,winl05,train,1607135183.220,1607135197.220,14.000,dataset/audio/linen/VisTouch_linen_f3_r1_v1_winl05.wav,dataset/tactile/linen/VisTouch_linen_f3_r1_v1_winl05.csv,dataset/video/linen/VisTouch_linen_f3_r1_v1_winl05.avi
VisTouch_linen_f3_r1_v1_winl06,linen_f3_r1_v1,linen,mabu,麻布,1,3,1,1,sliding,winl06,train,1607135190.220,1607135204.220,14.000,dataset/audio/linen/VisTouch_linen_f3_r1_v1_winl06.wav,dataset/tactile/linen/VisTouch_linen_f3_r1_v1_winl06.csv,dataset/video/linen/VisTouch_linen_f3_r1_v1_winl06.avi
VisTouch_linen_f3_r1_v1_winl07,linen_f3_r1_v1,linen,mabu,麻布,1,3,1,1,sliding,winl07,train,1607135197.220,1607135211.220,14.000,dataset/audio/linen/VisTouch_linen_f3_r1_v1_winl07.wav,dataset/tactile/linen/VisTouch_linen_f3_r1_v1_winl07.csv,dataset/video/linen/VisTouch_linen_f3_r1_v1_winl07.avi
VisTouch_linen_f3_r1_v1_winl08,linen_f3_r1_v1,linen,mabu,麻布,1,3,1,1,sliding,winl08,train,1607135204.220,1607135218.220,14.000,dataset/audio/linen/VisTouch_linen_f3_r1_v1_winl08.wav,dataset/tactile/linen/VisTouch_linen_f3_r1_v1_winl08.csv,dataset/video/linen/VisTouch_linen_f3_r1_v1_winl08.avi
VisTouch_linen_f6_r1_v1_seg01,linen_f6_r1_v1,linen,mabu,麻布,1,6,1,1,cycle,seg01,train,1607135346.740,1607135357.340,10.600,dataset/audio/linen/VisTouch_linen_f6_r1_v1_seg01.wav,dataset/tactile/linen/VisTouch_linen_f6_r1_v1_seg01.csv,dataset/video/linen/VisTouch_linen_f6_r1_v1_seg01.avi
VisTouch_linen_f6_r1_v1_seg02,linen_f6_r1_v1,linen,mabu,麻布,1,6,1,1,cycle,seg02,train,1607135357.340,1607135367.920,10.580,dataset/audio/linen/VisTouch_linen_f6_r1_v1_seg02.wav,dataset/tactile/linen/VisTouch_linen_f6_r1_v1_seg02.csv,dataset/video/linen/VisTouch_linen_f6_r1_v1_seg02.avi
VisTouch_linen_f6_r1_v1_seg03,linen_f6_r1_v1,linen,mabu,麻布,1,6,1,1,cycle,seg03,train,1607135367.920,1607135378.540,10.620,dataset/audio/linen/VisTouch_linen_f6_r1_v1_seg03.wav,dataset/tactile/linen/VisTouch_linen_f6_r1_v1_seg03.csv,dataset/video/linen/VisTouch_linen_f6_r1_v1_seg03.avi
VisTouch_linen_f6_r1_v1_seg04,linen_f6_r1_v1,linen,mabu,麻布,1,6,1,1,cycle,seg04,train,1607135378.540,1607135389.140,10.600,dataset/audio/linen/VisTouch_linen_f6_r1_v1_seg04.wav,dataset/tactile/linen/VisTouch_linen_f6_r1_v1_seg04.csv,dataset/video/linen/VisTouch_linen_f6_r1_v1_seg04.avi
VisTouch_linen_f6_r1_v1_seg05,linen_f6_r1_v1,linen,mabu,麻布,1,6,1,1,cycle,seg05,train,1607135389.140,1607135399.760,10.620,dataset/audio/linen/VisTouch_linen_f6_r1_v1_seg05.wav,dataset/tactile/linen/VisTouch_linen_f6_r1_v1_seg05.csv,dataset/video/linen/VisTouch_linen_f6_r1_v1_seg05.avi
VisTouch_linen_f6_r1_v1_wins01,linen_f6_r1_v1,linen,mabu,麻布,1,6,1,1,sliding,wins01,train,1607135340.000,1607135347.000,7.000,dataset/audio/linen/VisTouch_linen_f6_r1_v1_wins01.wav,dataset/tactile/linen/VisTouch_linen_f6_r1_v1_wins01.csv,dataset/video/linen/VisTouch_linen_f6_r1_v1_wins01.avi
VisTouch_linen_f6_r1_v1_wins02,linen_f6_r1_v1,linen,mabu,麻布,1,6,1,1,sliding,wins02,train,1607135343.500,1607135350.500,7.000,dataset/audio/linen/VisTouch_linen_f6_r1_v1_wins02.wav,dataset/tactile/linen/VisTouch_linen_f6_r1_v1_wins02.csv,dataset/video/linen/VisTouch_linen_f6_r1_v1_wins02.avi
VisTouch_linen_f6_r1_v1_wins03,linen_f6_r1_v1,linen,mabu,麻布,1,6,1,1,sliding,wins03,train,1607135347.000,1607135354.000,7.000,dataset/audio/linen/VisTouch_linen_f6_r1_v1_wins03.wav,dataset/tactile/linen/VisTouch_linen_f6_r1_v1_wins03.csv,dataset/video/linen/VisTouch_linen_f6_r1_v1_wins03.avi
VisTouch_linen_f6_r1_v1_wins04,linen_f6_r1_v1,linen,mabu,麻布,1,6,1,1,sliding,wins04,train,1607135350.500,1607135357.500,7.000,dataset/audio/linen/VisTouch_linen_f6_r1_v1_wins04.wav,dataset/tactile/linen/VisTouch_linen_f6_r1_v1_wins04.csv,dataset/video/linen/VisTouch_linen_f6_r1_v1_wins04.avi
VisTouch_linen_f6_r1_v1_wins05,linen_f6_r1_v1,linen,mabu,麻布,1,6,1,1,sliding,wins05,train,1607135354.000,1607135361.000,7.000,dataset/audio/linen/VisTouch_linen_f6_r1_v1_wins05.wav,dataset/tactile/linen/VisTouch_linen_f6_r1_v1_wins05.csv,dataset/video/linen/VisTouch_linen_f6_r1_v1_wins05.avi
VisTouch_linen_f6_r1_v1_wins06,linen_f6_r1_v1,linen,mabu,麻布,1,6,1,1,sliding,wins06,train,1607135357.500,1607135364.500,7.000,dataset/audio/linen/VisTouch_linen_f6_r1_v1_wins06.wav,dataset/tactile/linen/VisTouch_linen_f6_r1_v1_wins06.csv,dataset/video/linen/VisTouch_linen_f6_r1_v1_wins06.avi
VisTouch_linen_f6_r1_v1_wins07,linen_f6_r1_v1,linen,mabu,麻布,1,6,1,1,sliding,wins07,train,1607135361.000,1607135368.000,7.000,dataset/audio/linen/VisTouch_linen_f6_r1_v1_wins07.wav,dataset/tactile/linen/VisTouch_linen_f6_r1_v1_wins07.csv,dataset/video/linen/VisTouch_linen_f6_r1_v1_wins07.avi
VisTouch_linen_f6_r1_v1_wins08,linen_f6_r1_v1,linen,mabu,麻布,1,6,1,1,sliding,wins08,train,1607135364.500,1607135371.500,7.000,dataset/audio/linen/VisTouch_linen_f6_r1_v1_wins08.wav,dataset/tactile/linen/VisTouch_linen_f6_r1_v1_wins08.csv,dataset/video/linen/VisTouch_linen_f6_r1_v1_wins08.avi
VisTouch_linen_f6_r1_v1_wins09,linen_f6_r1_v1,linen,mabu,麻布,1,6,1,1,sliding,wins09,train,1607135368.000,1607135375.000,7.000,dataset/audio/linen/VisTouch_linen_f6_r1_v1_wins09.wav,dataset/tactile/linen/VisTouch_linen_f6_r1_v1_wins09.csv,dataset/video/linen/VisTouch_linen_f6_r1_v1_wins09.avi
VisTouch_linen_f6_r1_v1_wins10,linen_f6_r1_v1,linen,mabu,麻布,1,6,1,1,sliding,wins10,train,1607135371.500,1607135378.500,7.000,dataset/audio/linen/VisTouch_linen_f6_r1_v1_wins10.wav,dataset/tactile/linen/VisTouch_linen_f6_r1_v1_wins10.csv,dataset/video/linen/VisTouch_linen_f6_r1_v1_wins10.avi
VisTouch_linen_f6_r1_v1_wins11,linen_f6_r1_v1,linen,mabu,麻布,1,6,1,1,sliding,wins11,train,1607135375.000,1607135382.000,7.000,dataset/audio/linen/VisTouch_linen_f6_r1_v1_wins11.wav,dataset/tactile/linen/VisTouch_linen_f6_r1_v1_wins11.csv,dataset/video/linen/VisTouch_linen_f6_r1_v1_wins11.avi
VisTouch_linen_f6_r1_v1_wins12,linen_f6_r1_v1,linen,mabu,麻布,1,6,1,1,sliding,wins12,train,1607135378.500,1607135385.500,7.000,dataset/audio/linen/VisTouch_linen_f6_r1_v1_wins12.wav,dataset/tactile/linen/VisTouch_linen_f6_r1_v1_wins12.csv,dataset/video/linen/VisTouch_linen_f6_r1_v1_wins12.avi
VisTouch_linen_f6_r1_v1_wins13,linen_f6_r1_v1,linen,mabu,麻布,1,6,1,1,sliding,wins13,train,1607135382.000,1607135389.000,7.000,dataset/audio/linen/VisTouch_linen_f6_r1_v1_wins13.wav,dataset/tactile/linen/VisTouch_linen_f6_r1_v1_wins13.csv,dataset/video/linen/VisTouch_linen_f6_r1_v1_wins13.avi
VisTouch_linen_f6_r1_v1_wins14,linen_f6_r1_v1,linen,mabu,麻布,1,6,1,1,sliding,wins14,train,1607135385.500,1607135392.500,7.000,dataset/audio/linen/VisTouch_linen_f6_r1_v1_wins14.wav,dataset/tactile/linen/VisTouch_linen_f6_r1_v1_wins14.csv,dataset/video/linen/VisTouch_linen_f6_r1_v1_wins14.avi
VisTouch_linen_f6_r1_v1_wins15,linen_f6_r1_v1,linen,mabu,麻布,1,6,1,1,sliding,wins15,train,1607135389.000,1607135396.000,7.000,dataset/audio/linen/VisTouch_linen_f6_r1_v1_wins15.wav,dataset/tactile/linen/VisTouch_linen_f6_r1_v1_wins15.csv,dataset/video/linen/VisTouch_linen_f6_r1_v1_wins15.avi
VisTouch_linen_f6_r1_v1_wins16,linen_f6_r1_v1,linen,mabu,麻布,1,6,1,1,sliding,wins16,train,1607135392.500,1607135399.500,7.000,dataset/audio/linen/VisTouch_linen_f6_r1_v1_wins16.wav,dataset/tactile/linen/VisTouch_linen_f6_r1_v1_wins16.csv,dataset/video/linen/VisTouch_linen_f6_r1_v1_wins16.avi
VisTouch_linen_f6_r1_v1_wins17,linen_f6_r1_v1,linen,mabu,麻布,1,6,1,1,sliding,wins17,train,1607135396.000,1607135403.000,7.000,dataset/audio/linen/VisTouch_linen_f6_r1_v1_wins17.wav,dataset/tactile/linen/VisTouch_linen_f6_r1_v1_wins17.csv,dataset/video/linen/VisTouch_linen_f6_r1_v1_wins17.avi
VisTouch_linen_f6_r1_v1_wins18,linen_f6_r1_v1,linen,mabu,麻布,1,6,1,1,sliding,wins18,train,1607135399.500,1607135406.500,7.000,dataset/audio/linen/VisTouch_linen_f6_r1_v1_wins18.wav,dataset/tactile/linen/VisTouch_linen_f6_r1_v1_wins18.csv,dataset/video/linen/VisTouch_linen_f6_r1_v1_wins18.avi
VisTouch_linen_f6_r1_v1_winm01,linen_f6_r1_v1,linen,mabu,麻布,1,6,1,1,sliding,winm01,train,1607135340.000,1607135350.300,10.300,dataset/audio/linen/VisTouch_linen_f6_r1_v1_winm01.wav,dataset/tactile/linen/VisTouch_linen_f6_r1_v1_winm01.csv,dataset/video/linen/VisTouch_linen_f6_r1_v1_winm01.avi
VisTouch_linen_f6_r1_v1_winm02,linen_f6_r1_v1,linen,mabu,麻布,1,6,1,1,sliding,winm02,train,1607135345.150,1607135355.450,10.300,dataset/audio/linen/VisTouch_linen_f6_r1_v1_winm02.wav,dataset/tactile/linen/VisTouch_linen_f6_r1_v1_winm02.csv,dataset/video/linen/VisTouch_linen_f6_r1_v1_winm02.avi
VisTouch_linen_f6_r1_v1_winm03,linen_f6_r1_v1,linen,mabu,麻布,1,6,1,1,sliding,winm03,train,1607135350.300,1607135360.600,10.300,dataset/audio/linen/VisTouch_linen_f6_r1_v1_winm03.wav,dataset/tactile/linen/VisTouch_linen_f6_r1_v1_winm03.csv,dataset/video/linen/VisTouch_linen_f6_r1_v1_winm03.avi
VisTouch_linen_f6_r1_v1_winm04,linen_f6_r1_v1,linen,mabu,麻布,1,6,1,1,sliding,winm04,train,1607135355.450,1607135365.750,10.300,dataset/audio/linen/VisTouch_linen_f6_r1_v1_winm04.wav,dataset/tactile/linen/VisTouch_linen_f6_r1_v1_winm04.csv,dataset/video/linen/VisTouch_linen_f6_r1_v1_winm04.avi
VisTouch_linen_f6_r1_v1_winm05,linen_f6_r1_v1,linen,mabu,麻布,1,6,1,1,sliding,winm05,train,1607135360.600,1607135370.900,10.300,dataset/audio/linen/VisTouch_linen_f6_r1_v1_winm05.wav,dataset/tactile/linen/VisTouch_linen_f6_r1_v1_winm05.csv,dataset/video/linen/VisTouch_linen_f6_r1_v1_winm05.avi
VisTouch_linen_f6_r1_v1_winm06,linen_f6_r1_v1,linen,mabu,麻布,1,6,1,1,sliding,winm06,train,1607135365.750,1607135376.050,10.300,dataset/audio/linen/VisTouch_linen_f6_r1_v1_winm06.wav,dataset/tactile/linen/VisTouch_linen_f6_r1_v1_winm06.csv,dataset/video/linen/VisTouch_linen_f6_r1_v1_winm06.avi
VisTouch_linen_f6_r1_v1_winm07,linen_f6_r1_v1,linen,mabu,麻布,1,6,1,1,sliding,winm07,train,1607135370.900,1607135381.200,10.300,dataset/audio/linen/VisTouch_linen_f6_r1_v1_winm07.wav,dataset/tactile/linen/VisTouch_linen_f6_r1_v1_winm07.csv,dataset/video/linen/VisTouch_linen_f6_r1_v1_winm07.avi
VisTouch_linen_f6_r1_v1_winm08,linen_f6_r1_v1,linen,mabu,麻布,1,6,1,1,sliding,winm08,train,1607135376.050,1607135386.350,10.300,dataset/audio/linen/VisTouch_linen_f6_r1_v1_winm08.wav,dataset/tactile/linen/VisTouch_linen_f6_r1_v1_winm08.csv,dataset/video/linen/VisTouch_linen_f6_r1_v1_winm08.avi
VisTouch_linen_f6_r1_v1_winm09,linen_f6_r1_v1,linen,mabu,麻布,1,6,1,1,sliding,winm09,train,1607135381.200,1607135391.500,10.300,dataset/audio/linen/VisTouch_linen_f6_r1_v1_winm09.wav,dataset/tactile/linen/VisTouch_linen_f6_r1_v1_winm09.csv,dataset/video/linen/VisTouch_linen_f6_r1_v1_winm09.avi
VisTouch_linen_f6_r1_v1_winm10,linen_f6_r1_v1,linen,mabu,麻布,1,6,1,1,sliding,winm10,train,1607135386.350,1607135396.650,10.300,dataset/audio/linen/VisTouch_linen_f6_r1_v1_winm10.wav,dataset/tactile/linen/VisTouch_linen_f6_r1_v1_winm10.csv,dataset/video/linen/VisTouch_linen_f6_r1_v1_winm10.avi
VisTouch_linen_f6_r1_v1_winm11,linen_f6_r1_v1,linen,mabu,麻布,1,6,1,1,sliding,winm11,train,1607135391.500,1607135401.800,10.300,dataset/audio/linen/VisTouch_linen_f6_r1_v1_winm11.wav,dataset/tactile/linen/VisTouch_linen_f6_r1_v1_winm11.csv,dataset/video/linen/VisTouch_linen_f6_r1_v1_winm11.avi
VisTouch_linen_f6_r1_v1_winl01,linen_f6_r1_v1,linen,mabu,麻布,1,6,1,1,sliding,winl01,train,1607135340.000,1607135354.000,14.000,dataset/audio/linen/VisTouch_linen_f6_r1_v1_winl01.wav,dataset/tactile/linen/VisTouch_linen_f6_r1_v1_winl01.csv,dataset/video/linen/VisTouch_linen_f6_r1_v1_winl01.avi
VisTouch_linen_f6_r1_v1_winl02,linen_f6_r1_v1,linen,mabu,麻布,1,6,1,1,sliding,winl02,train,1607135347.000,1607135361.000,14.000,dataset/audio/linen/VisTouch_linen_f6_r1_v1_winl02.wav,dataset/tactile/linen/VisTouch_linen_f6_r1_v1_winl02.csv,dataset/video/linen/VisTouch_linen_f6_r1_v1_winl02.avi
VisTouch_linen_f6_r1_v1_winl03,linen_f6_r1_v1,linen,mabu,麻布,1,6,1,1,sliding,winl03,train,1607135354.000,1607135368.000,14.000,dataset/audio/linen/VisTouch_linen_f6_r1_v1_winl03.wav,dataset/tactile/linen/VisTouch_linen_f6_r1_v1_winl03.csv,dataset/video/linen/VisTouch_linen_f6_r1_v1_winl03.avi
VisTouch_linen_f6_r1_v1_winl04,linen_f6_r1_v1,linen,mabu,麻布,1,6,1,1,sliding,winl04,train,1607135361.000,1607135375.000,14.000,dataset/audio/linen/VisTouch_linen_f6_r1_v1_winl04.wav,dataset/tactile/linen/VisTouch_linen_f6_r1_v1_winl04.csv,dataset/video/linen/VisTouch_linen_f6_r1_v1_winl04.avi
VisTouch_linen_f6_r1_v1_winl05,linen_f6_r1_v1,linen,mabu,麻布,1,6,1,1,sliding,winl05,train,1607135368.000,1607135382.000,14.000,dataset/audio/linen/VisTouch_linen_f6_r1_v1_winl05.wav,dataset/tactile/linen/VisTouch_linen_f6_r1_v1_winl05.csv,dataset/video/linen/VisTouch_linen_f6_r1_v1_winl05.avi
VisTouch_linen_f6_r1_v1_winl06,linen_f6_r1_v1,linen,mabu,麻布,1,6,1,1,sliding,winl06,train,1607135375.000,1607135389.000,14.000,dataset/audio/linen/VisTouch_linen_f6_r1_v1_winl06.wav,dataset/tactile/linen/VisTouch_linen_f6_r1_v1_winl06.csv,dataset/video/linen/VisTouch_linen_f6_r1_v1_winl06.avi
VisTouch_linen_f6_r1_v1_winl07,linen_f6_r1_v1,linen,mabu,麻布,1,6,1,1,sliding,winl07,train,1607135382.000,1607135396.000,14.000,dataset/audio/linen/VisTouch_linen_f6_r1_v1_winl07.wav,dataset/tactile/linen/VisTouch_linen_f6_r1_v1_winl07.csv,dataset/video/linen/VisTouch_linen_f6_r1_v1_winl07.avi
VisTouch_linen_f6_r1_v1_winl08,linen_f6_r1_v1,linen,mabu,麻布,1,6,1,1,sliding,winl08,train,1607135389.000,1607135403.000,14.000,dataset/audio/linen/VisTouch_linen_f6_r1_v1_winl08.wav,dataset/tactile/linen/VisTouch_linen_f6_r1_v1_winl08.csv,dataset/video/linen/VisTouch_linen_f6_r1_v1_winl08.avi
VisTouch_linen_f9_r1_v1_seg01,linen_f9_r1_v1,linen,mabu,麻布,1,9,1,1,cycle,seg01,test,1607135579.200,1607135589.860,10.660,dataset/audio/linen/VisTouch_linen_f9_r1_v1_seg01.wav,dataset/tactile/linen/VisTouch_linen_f9_r1_v1_seg01.csv,dataset/video/linen/VisTouch_linen_f9_r1_v1_seg01.avi
VisTouch_linen_f9_r1_v1_seg02,linen_f9_r1_v1,linen,mabu,麻布,1,9,1,1,cycle,seg02,test,1607135589.860,1607135600.540,10.680,dataset/audio/linen/VisTouch_linen_f9_r1_v1_seg02.wav,dataset/tactile/linen/VisTouch_linen_f9_r1_v1_seg02.csv,dataset/video/linen/VisTouch_linen_f9_r1_v1_seg02.avi
VisTouch_linen_f9_r1_v1_seg03,linen_f9_r1_v1,linen,mabu,麻布,1,9,1,1,cycle,seg03,test,1607135600.540,1607135611.220,10.680,dataset/audio/linen/VisTouch_linen_f9_r1_v1_seg03.wav,dataset/tactile/linen/VisTouch_linen_f9_r1_v1_seg03.csv,dataset/video/linen/VisTouch_linen_f9_r1_v1_seg03.avi
VisTouch_linen_f9_r1_v1_seg04,linen_f9_r1_v1,linen,mabu,麻布,1,9,1,1,cycle,seg04,test,1607135611.220,1607135621.840,10.620,dataset/audio/linen/VisTouch_linen_f9_r1_v1_seg04.wav,dataset/tactile/linen/VisTouch_linen_f9_r1_v1_seg04.csv,dataset/video/linen/VisTouch_linen_f9_r1_v1_seg04.avi
VisTouch_linen_f9_r1_v1_seg05,linen_f9_r1_v1,linen,mabu,麻布,1,9,1,1,cycle,seg05,test,1607135621.840,1607135632.520,10.680,dataset/audio/linen/VisTouch_linen_f9_r1_v1_seg05.wav,dataset/tactile/linen/VisTouch_linen_f9_r1_v1_seg05.csv,dataset/video/linen/VisTouch_linen_f9_r1_v1_seg05.avi
VisTouch_linen_f9_r1_v1_wins01,linen_f9_r1_v1,linen,mabu,麻布,1,9,1,1,sliding,wins01,test,1607135572.000,1607135579.000,7.000,dataset/audio/linen/VisTouch_linen_f9_r1_v1_wins01.wav,dataset/tactile/linen/VisTouch_linen_f9_r1_v1_wins01.csv,dataset/video/linen/VisTouch_linen_f9_r1_v1_wins01.avi
VisTouch_linen_f9_r1_v1_wins02,linen_f9_r1_v1,linen,mabu,麻布,1,9,1,1,sliding,wins02,test,1607135575.500,1607135582.500,7.000,dataset/audio/linen/VisTouch_linen_f9_r1_v1_wins02.wav,dataset/tactile/linen/VisTouch_linen_f9_r1_v1_wins02.csv,dataset/video/linen/VisTouch_linen_f9_r1_v1_wins02.avi
VisTouch_linen_f9_r1_v1_wins03,linen_f9_r1_v1,linen,mabu,麻布,1,9,1,1,sliding,wins03,test,1607135579.000,1607135586.000,7.000,dataset/audio/linen/VisTouch_linen_f9_r1_v1_wins03.wav,dataset/tactile/linen/VisTouch_linen_f9_r1_v1_wins03.csv,dataset/video/linen/VisTouch_linen_f9_r1_v1_wins03.avi
VisTouch_linen_f9_r1_v1_wins04,linen_f9_r1_v1,linen,mabu,麻布,1,9,1,1,sliding,wins04,test,1607135582.500,1607135589.500,7.000,dataset/audio/linen/VisTouch_linen_f9_r1_v1_wins04.wav,dataset/tactile/linen/VisTouch_linen_f9_r1_v1_wins04.csv,dataset/video/linen/VisTouch_linen_f9_r1_v1_wins04.avi
VisTouch_linen_f9_r1_v1_wins05,linen_f9_r1_v1,linen,mabu,麻布,1,9,1,1,sliding,wins05,test,1607135586.000,1607135593.000,7.000,dataset/audio/linen/VisTouch_linen_f9_r1_v1_wins05.wav,dataset/tactile/linen/VisTouch_linen_f9_r1_v1_wins05.csv,dataset/video/linen/VisTouch_linen_f9_r1_v1_wins05.avi
VisTouch_linen_f9_r1_v1_wins06,linen_f9_r1_v1,linen,mabu,麻布,1,9,1,1,sliding,wins06,test,1607135589.500,1607135596.500,7.000,dataset/audio/linen/VisTouch_linen_f9_r1_v1_wins06.wav,dataset/tactile/linen/VisTouch_linen_f9_r1_v1_wins06.csv,dataset/video/linen/VisTouch_linen_f9_r1_v1_wins06.avi
VisTouch_linen_f9_r1_v1_wins07,linen_f9_r1_v1,linen,mabu,麻布,1,9,1,1,sliding,wins07,test,1607135593.000,1607135600.000,7.000,dataset/audio/linen/VisTouch_linen_f9_r1_v1_wins07.wav,dataset/tactile/linen/VisTouch_linen_f9_r1_v1_wins07.csv,dataset/video/linen/VisTouch_linen_f9_r1_v1_wins07.avi
VisTouch_linen_f9_r1_v1_wins08,linen_f9_r1_v1,linen,mabu,麻布,1,9,1,1,sliding,wins08,test,1607135596.500,1607135603.500,7.000,dataset/audio/linen/VisTouch_linen_f9_r1_v1_wins08.wav,dataset/tactile/linen/VisTouch_linen_f9_r1_v1_wins08.csv,dataset/video/linen/VisTouch_linen_f9_r1_v1_wins08.avi
VisTouch_linen_f9_r1_v1_wins09,linen_f9_r1_v1,linen,mabu,麻布,1,9,1,1,sliding,wins09,test,1607135600.000,1607135607.000,7.000,dataset/audio/linen/VisTouch_linen_f9_r1_v1_wins09.wav,dataset/tactile/linen/VisTouch_linen_f9_r1_v1_wins09.csv,dataset/video/linen/VisTouch_linen_f9_r1_v1_wins09.avi
VisTouch_linen_f9_r1_v1_wins10,linen_f9_r1_v1,linen,mabu,麻布,1,9,1,1,sliding,wins10,test,1607135603.500,1607135610.500,7.000,dataset/audio/linen/VisTouch_linen_f9_r1_v1_wins10.wav,dataset/tactile/linen/VisTouch_linen_f9_r1_v1_wins10.csv,dataset/video/linen/VisTouch_linen_f9_r1_v1_wins10.avi
VisTouch_linen_f9_r1_v1_wins11,linen_f9_r1_v1,linen,mabu,麻布,1,9,1,1,sliding,wins11,test,1607135607.000,1607135614.000,7.000,dataset/audio/linen/VisTouch_linen_f9_r1_v1_wins11.wav,dataset/tactile/linen/VisTouch_linen_f9_r1_v1_wins11.csv,dataset/video/linen/VisTouch_linen_f9_r1_v1_wins11.avi
VisTouch_linen_f9_r1_v1_wins12,linen_f9_r1_v1,linen,mabu,麻布,1,9,1,1,sliding,wins12,test,1607135610.500,1607135617.500,7.000,dataset/audio/linen/VisTouch_linen_f9_r1_v1_wins12.wav,dataset/tactile/linen/VisTouch_linen_f9_r1_v1_wins12.csv,dataset/video/linen/VisTouch_linen_f9_r1_v1_wins12.avi
VisTouch_linen_f9_r1_v1_wins13,linen_f9_r1_v1,linen,mabu,麻布,1,9,1,1,sliding,wins13,test,1607135614.000,1607135621.000,7.000,dataset/audio/linen/VisTouch_linen_f9_r1_v1_wins13.wav,dataset/tactile/linen/VisTouch_linen_f9_r1_v1_wins13.csv,dataset/video/linen/VisTouch_linen_f9_r1_v1_wins13.avi
VisTouch_linen_f9_r1_v1_wins14,linen_f9_r1_v1,linen,mabu,麻布,1,9,1,1,sliding,wins14,test,1607135617.500,1607135624.500,7.000,dataset/audio/linen/VisTouch_linen_f9_r1_v1_wins14.wav,dataset/tactile/linen/VisTouch_linen_f9_r1_v1_wins14.csv,dataset/video/linen/VisTouch_linen_f9_r1_v1_wins14.avi
VisTouch_linen_f9_r1_v1_wins15,linen_f9_r1_v1,linen,mabu,麻布,1,9,1,1,sliding,wins15,test,1607135621.000,1607135628.000,7.000,dataset/audio/linen/VisTouch_linen_f9_r1_v1_wins15.wav,dataset/tactile/linen/VisTouch_linen_f9_r1_v1_wins15.csv,dataset/video/linen/VisTouch_linen_f9_r1_v1_wins15.avi
VisTouch_linen_f9_r1_v1_wins16,linen_f9_r1_v1,linen,mabu,麻布,1,9,1,1,sliding,wins16,test,1607135624.500,1607135631.500,7.000,dataset/audio/linen/VisTouch_linen_f9_r1_v1_wins16.wav,dataset/tactile/linen/VisTouch_linen_f9_r1_v1_wins16.csv,dataset/video/linen/VisTouch_linen_f9_r1_v1_wins16.avi
VisTouch_linen_f9_r1_v1_wins17,linen_f9_r1_v1,linen,mabu,麻布,1,9,1,1,sliding,wins17,test,1607135628.000,1607135635.000,7.000,dataset/audio/linen/VisTouch_linen_f9_r1_v1_wins17.wav,dataset/tactile/linen/VisTouch_linen_f9_r1_v1_wins17.csv,dataset/video/linen/VisTouch_linen_f9_r1_v1_wins17.avi
VisTouch_linen_f9_r1_v1_wins18,linen_f9_r1_v1,linen,mabu,麻布,1,9,1,1,sliding,wins18,test,1607135631.500,1607135638.500,7.000,dataset/audio/linen/VisTouch_linen_f9_r1_v1_wins18.wav,dataset/tactile/linen/VisTouch_linen_f9_r1_v1_wins18.csv,dataset/video/linen/VisTouch_linen_f9_r1_v1_wins18.avi
VisTouch_linen_f9_r1_v1_winm01,linen_f9_r1_v1,linen,mabu,麻布,1,9,1,1,sliding,winm01,test,1607135572.000,1607135582.300,10.300,dataset/audio/linen/VisTouch_linen_f9_r1_v1_winm01.wav,dataset/tactile/linen/VisTouch_linen_f9_r1_v1_winm01.csv,dataset/video/linen/VisTouch_linen_f9_r1_v1_winm01.avi
VisTouch_linen_f9_r1_v1_winm02,linen_f9_r1_v1,linen,mabu,麻布,1,9,1,1,sliding,winm02,test,1607135577.150,1607135587.450,10.300,dataset/audio/linen/VisTouch_linen_f9_r1_v1_winm02.wav,dataset/tactile/linen/VisTouch_linen_f9_r1_v1_winm02.csv,dataset/video/linen/VisTouch_linen_f9_r1_v1_winm02.avi
VisTouch_linen_f9_r1_v1_winm03,linen_f9_r1_v1,linen,mabu,麻布,1,9,1,1,sliding,winm03,test,1607135582.300,1607135592.600,10.300,dataset/audio/linen/VisTouch_linen_f9_r1_v1_winm03.wav,dataset/tactile/linen/VisTouch_linen_f9_r1_v1_winm03.csv,dataset/video/linen/VisTouch_linen_f9_r1_v1_winm03.avi
VisTouch_linen_f9_r1_v1_winm04,linen_f9_r1_v1,linen,mabu,麻布,1,9,1,1,sliding,winm04,test,1607135587.450,1607135597.750,10.300,dataset/audio/linen/VisTouch_linen_f9_r1_v1_winm04.wav,dataset/tactile/linen/VisTouch_linen_f9_r1_v1_winm04.csv,dataset/video/linen/VisTouch_linen_f9_r1_v1_winm04.avi
VisTouch_linen_f9_r1_v1_winm05,linen_f9_r1_v1,linen,mabu,麻布,1,9,1,1,sliding,winm05,test,1607135592.600,1607135602.900,10.300,dataset/audio/linen/VisTouch_linen_f9_r1_v1_winm05.wav,dataset/tactile/linen/VisTouch_linen_f9_r1_v1_winm05.csv,dataset/video/linen/VisTouch_linen_f9_r1_v1_winm05.avi
VisTouch_linen_f9_r1_v1_winm06,linen_f9_r1_v1,linen,mabu,麻布,1,9,1,1,sliding,winm06,test,1607135597.750,1607135608.050,10.300,dataset/audio/linen/VisTouch_linen_f9_r1_v1_winm06.wav,dataset/tactile/linen/VisTouch_linen_f9_r1_v1_winm06.csv,dataset/video/linen/VisTouch_linen_f9_r1_v1_winm06.avi
VisTouch_linen_f9_r1_v1_winm07,linen_f9_r1_v1,linen,mabu,麻布,1,9,1,1,sliding,winm07,test,1607135602.900,1607135613.200,10.300,dataset/audio/linen/VisTouch_linen_f9_r1_v1_winm07.wav,dataset/tactile/linen/VisTouch_linen_f9_r1_v1_winm07.csv,dataset/video/linen/VisTouch_linen_f9_r1_v1_winm07.avi
VisTouch_linen_f9_r1_v1_winm08,linen_f9_r1_v1,linen,mabu,麻布,1,9,1,1,sliding,winm08,test,1607135608.050,1607135618.350,10.300,dataset/audio/linen/VisTouch_linen_f9_r1_v1_winm08.wav,dataset/tactile/linen/VisTouch_linen_f9_r1_v1_winm08.csv,dataset/video/linen/VisTouch_linen_f9_r1_v1_winm08.avi
VisTouch_linen_f9_r1_v1_winm09,linen_f9_r1_v1,linen,mabu,麻布,1,9,1,1,sliding,winm09,test,1607135613.200,1607135623.500,10.300,dataset/audio/linen/VisTouch_linen_f9_r1_v1_winm09.wav,dataset/tactile/linen/VisTouch_linen_f9_r1_v1_winm09.csv,dataset/video/linen/VisTouch_linen_f9_r1_v1_winm09.avi
VisTouch_linen_f9_r1_v1_winm10,linen_f9_r1_v1,linen,mabu,麻布,1,9,1,1,sliding,winm10,test,1607135618.350,1607135628.650,10.300,dataset/audio/linen/VisTouch_linen_f9_r1_v1_winm10.wav,dataset/tactile/linen/VisTouch_linen_f9_r1_v1_winm10.csv,dataset/video/linen/VisTouch_linen_f9_r1_v1_winm10.avi
VisTouch_linen_f9_r1_v1_winm11,linen_f9_r1_v1,linen,mabu,麻布,1,9,1,1,sliding,winm11,test,1607135623.500,1607135633.800,10.300,dataset/audio/linen/VisTouch_linen_f9_r1_v1_winm11.wav,dataset/tactile/linen/VisTouch_linen_f9_r1_v1_winm11.csv,dataset/video/linen/VisTouch_linen_f9_r1_v1_winm11.avi
VisTouch_linen_f9_r1_v1_winm12,linen_f9_r1_v1,linen,mabu,麻布,1,9,1,1,sliding,winm12,test,1607135628.650,1607135638.950,10.300,dataset/audio/linen/VisTouch_linen_f9_r1_v1_winm12.wav,dataset/tactile/linen/VisTouch_linen_f9_r1_v1_winm12.csv,dataset/video/linen/VisTouch_linen_f9_r1_v1_winm12.avi
VisTouch_linen_f9_r1_v1_winl01,linen_f9_r1_v1,linen,mabu,麻布,1,9,1,1,sliding,winl01,test,1607135572.000,1607135586.000,14.000,dataset/audio/linen/VisTouch_linen_f9_r1_v1_winl01.wav,dataset/tactile/linen/VisTouch_linen_f9_r1_v1_winl01.csv,dataset/video/linen/VisTouch_linen_f9_r1_v1_winl01.avi
VisTouch_linen_f9_r1_v1_winl02,linen_f9_r1_v1,linen,mabu,麻布,1,9,1,1,sliding,winl02,test,1607135579.000,1607135593.000,14.000,dataset/audio/linen/VisTouch_linen_f9_r1_v1_winl02.wav,dataset/tactile/linen/VisTouch_linen_f9_r1_v1_winl02.csv,dataset/video/linen/VisTouch_linen_f9_r1_v1_winl02.avi
VisTouch_linen_f9_r1_v1_winl03,linen_f9_r1_v1,linen,mabu,麻布,1,9,1,1,sliding,winl03,test,1607135586.000,1607135600.000,14.000,dataset/audio/linen/VisTouch_linen_f9_r1_v1_winl03.wav,dataset/tactile/linen/VisTouch_linen_f9_r1_v1_winl03.csv,dataset/video/linen/VisTouch_linen_f9_r1_v1_winl03.avi
VisTouch_linen_f9_r1_v1_winl04,linen_f9_r1_v1,linen,mabu,麻布,1,9,1,1,sliding,winl04,test,1607135593.000,1607135607.000,14.000,dataset/audio/linen/VisTouch_linen_f9_r1_v1_winl04.wav,dataset/tactile/linen/VisTouch_linen_f9_r1_v1_winl04.csv,dataset/video/linen/VisTouch_linen_f9_r1_v1_winl04.avi
VisTouch_linen_f9_r1_v1_winl05,linen_f9_r1_v1,linen,mabu,麻布,1,9,1,1,sliding,winl05,test,1607135600.000,1607135614.000,14.000,dataset/audio/linen/VisTouch_linen_f9_r1_v1_winl05.wav,dataset/tactile/linen/VisTouch_linen_f9_r1_v1_winl05.csv,dataset/video/linen/VisTouch_linen_f9_r1_v1_winl05.avi
VisTouch_linen_f9_r1_v1_winl06,linen_f9_r1_v1,linen,mabu,麻布,1,9,1,1,sliding,winl06,test,1607135607.000,1607135621.000,14.000,dataset/audio/linen/VisTouch_linen_f9_r1_v1_winl06.wav,dataset/tactile/linen/VisTouch_linen_f9_r1_v1_winl06.csv,dataset/video/linen/VisTouch_linen_f9_r1_v1_winl06.avi
VisTouch_linen_f9_r1_v1_winl07,linen_f9_r1_v1,linen,mabu,麻布,1,9,1,1,sliding,winl07,test,1607135614.000,1607135628.000,14.000,dataset/audio/linen/VisTouch_linen_f9_r1_v1_winl07.wav,dataset/tactile/linen/VisTouch_linen_f9_r1_v1_winl07.csv,dataset/video/linen/VisTouch_linen_f9_r1_v1_winl07.avi
VisTouch_linen_f9_r1_v1_winl08,linen_f9_r1_v1,linen,mabu,麻布,1,9,1,1,sliding,winl08,test,1607135621.000,1607135635.000,14.000,dataset/audio/linen/VisTouch_linen_f9_r1_v1_winl08.wav,dataset/tactile/linen/VisTouch_linen_f9_r1_v1_winl08.csv,dataset/video/linen/VisTouch_linen_f9_r1_v1_winl08.avi
VisTouch_paper_f3_r1_v1_seg01,paper_f3_r1_v1,paper,baizhi,白纸,2,3,1,1,cycle,seg01,train,1607158619.980,1607158630.280,10.300,dataset/audio/paper/VisTouch_paper_f3_r1_v1_seg01.wav,dataset/tactile/paper/VisTouch_paper_f3_r1_v1_seg01.csv,dataset/video/paper/VisTouch_paper_f3_r1_v1_seg01.avi
VisTouch_paper_f3_r1_v1_seg02,paper_f3_r1_v1,paper,baizhi,白纸,2,3,1,1,cycle,seg02,train,1607158630.280,1607158640.560,10.280,dataset/audio/paper/VisTouch_paper_f3_r1_v1_seg02.wav,dataset/tactile/paper/VisTouch_paper_f3_r1_v1_seg02.csv,dataset/video/paper/VisTouch_paper_f3_r1_v1_seg02.avi
VisTouch_paper_f3_r1_v1_seg03,paper_f3_r1_v1,paper,baizhi,白纸,2,3,1,1,cycle,seg03,train,1607158640.560,1607158650.860,10.300,dataset/audio/paper/VisTouch_paper_f3_r1_v1_seg03.wav,dataset/tactile/paper/VisTouch_paper_f3_r1_v1_seg03.csv,dataset/video/paper/VisTouch_paper_f3_r1_v1_seg03.avi
VisTouch_paper_f3_r1_v1_seg04,paper_f3_r1_v1,paper,baizhi,白纸,2,3,1,1,cycle,seg04,train,1607158650.860,1607158661.160,10.300,dataset/audio/paper/VisTouch_paper_f3_r1_v1_seg04.wav,dataset/tactile/paper/VisTouch_paper_f3_r1_v1_seg04.csv,dataset/video/paper/VisTouch_paper_f3_r1_v1_seg04.avi
VisTouch_paper_f3_r1_v1_seg05,paper_f3_r1_v1,paper,baizhi,白纸,2,3,1,1,cycle,seg05,train,1607158661.160,1607158671.440,10.280,dataset/audio/paper/VisTouch_paper_f3_r1_v1_seg05.wav,dataset/tactile/paper/VisTouch_paper_f3_r1_v1_seg05.csv,dataset/video/paper/VisTouch_paper_f3_r1_v1_seg05.avi
VisTouch_paper_f3_r1_v1_wins01,paper_f3_r1_v1,paper,baizhi,白纸,2,3,1,1,sliding,wins01,train,1607158614.000,1607158621.000,7.000,dataset/audio/paper/VisTouch_paper_f3_r1_v1_wins01.wav,dataset/tactile/paper/VisTouch_paper_f3_r1_v1_wins01.csv,dataset/video/paper/VisTouch_paper_f3_r1_v1_wins01.avi
VisTouch_paper_f3_r1_v1_wins02,paper_f3_r1_v1,paper,baizhi,白纸,2,3,1,1,sliding,wins02,train,1607158617.500,1607158624.500,7.000,dataset/audio/paper/VisTouch_paper_f3_r1_v1_wins02.wav,dataset/tactile/paper/VisTouch_paper_f3_r1_v1_wins02.csv,dataset/video/paper/VisTouch_paper_f3_r1_v1_wins02.avi
VisTouch_paper_f3_r1_v1_wins03,paper_f3_r1_v1,paper,baizhi,白纸,2,3,1,1,sliding,wins03,train,1607158621.000,1607158628.000,7.000,dataset/audio/paper/VisTouch_paper_f3_r1_v1_wins03.wav,dataset/tactile/paper/VisTouch_paper_f3_r1_v1_wins03.csv,dataset/video/paper/VisTouch_paper_f3_r1_v1_wins03.avi
VisTouch_paper_f3_r1_v1_wins04,paper_f3_r1_v1,paper,baizhi,白纸,2,3,1,1,sliding,wins04,train,1607158624.500,1607158631.500,7.000,dataset/audio/paper/VisTouch_paper_f3_r1_v1_wins04.wav,dataset/tactile/paper/VisTouch_paper_f3_r1_v1_wins04.csv,dataset/video/paper/VisTouch_paper_f3_r1_v1_wins04.avi
VisTouch_paper_f3_r1_v1_wins05,paper_f3_r1_v1,paper,baizhi,白纸,2,3,1,1,sliding,wins05,train,1607158628.000,1607158635.000,7.000,dataset/audio/paper/VisTouch_paper_f3_r1_v1_wins05.wav,dataset/tactile/paper/VisTouch_paper_f3_r1_v1_wins05.csv,dataset/video/paper/VisTouch_paper_f3_r1_v1_wins05.avi
VisTouch_paper_f3_r1_v1_wins06,paper_f3_r1_v1,paper,baizhi,白纸,2,3,1,1,sliding,wins06,train,1607158631.500,1607158638.500,7.000,dataset/audio/paper/VisTouch_paper_f3_r1_v1_wins06.wav,dataset/tactile/paper/VisTouch_paper_f3_r1_v1_wins06.csv,dataset/video/paper/VisTouch_paper_f3_r1_v1_wins06.avi
VisTouch_paper_f3_r1_v1_wins07,paper_f3_r1_v1,paper,baizhi,白纸,2,3,1,1,sliding,wins07,train,1607158635.000,1607158642.000,7.000,dataset/audio/paper/VisTouch_paper_f3_r1_v1_wins07.wav,dataset/tactile/paper/VisTouch_paper_f3_r1_v1_wins07.csv,dataset/video/paper/VisTouch_paper_f3_r1_v1_wins07.avi
VisTouch_paper_f3_r1_v1_wins08,paper_f3_r1_v1,paper,baizhi,白纸,2,3,1,1,sliding,wins08,train,1607158638.500,1607158645.500,7.000,dataset/audio/paper/VisTouch_paper_f3_r1_v1_wins08.wav,dataset/tactile/paper/VisTouch_paper_f3_r1_v1_wins08.csv,dataset/video/paper/VisTouch_paper_f3_r1_v1_wins08.avi
VisTouch_paper_f3_r1_v1_wins09,paper_f3_r1_v1,paper,baizhi,白纸,2,3,1,1,sliding,wins09,train,1607158642.000,1607158649.000,7.000,dataset/audio/paper/VisTouch_paper_f3_r1_v1_wins09.wav,dataset/tactile/paper/VisTouch_paper_f3_r1_v1_wins09.csv,dataset/video/paper/VisTouch_paper_f3_r1_v1_wins09.avi
VisTouch_paper_f3_r1_v1_wins10,paper_f3_r1_v1,paper,baizhi,白纸,2,3,1,1,sliding,wins10,train,1607158645.500,1607158652.500,7.000,dataset/audio/paper/VisTouch_paper_f3_r1_v1_wins10.wav,dataset/tactile/paper/VisTouch_paper_f3_r1_v1_wins10.csv,dataset/video/paper/VisTouch_paper_f3_r1_v1_wins10.avi
VisTouch_paper_f3_r1_v1_wins11,paper_f3_r1_v1,paper,baizhi,白纸,2,3,1,1,sliding,wins11,train,1607158649.000,1607158656.000,7.000,dataset/audio/paper/VisTouch_paper_f3_r1_v1_wins11.wav,dataset/tactile/paper/VisTouch_paper_f3_r1_v1_wins11.csv,dataset/video/paper/VisTouch_paper_f3_r1_v1_wins11.avi
VisTouch_paper_f3_r1_v1_wins12,paper_f3_r1_v1,paper,baizhi,白纸,2,3,1,1,sliding,wins12,train,1607158652.500,1607158659.500,7.000,dataset/audio/paper/VisTouch_paper_f3_r1_v1_wins12.wav,dataset/tactile/paper/VisTouch_paper_f3_r1_v1_wins12.csv,dataset/video/paper/VisTouch_paper_f3_r1_v1_wins12.avi
VisTouch_paper_f3_r1_v1_wins13,paper_f3_r1_v1,paper,baizhi,白纸,2,3,1,1,sliding,wins13,train,1607158656.000,1607158663.000,7.000,dataset/audio/paper/VisTouch_paper_f3_r1_v1_wins13.wav,dataset/tactile/paper/VisTouch_paper_f3_r1_v1_wins13.csv,dataset/video/paper/VisTouch_paper_f3_r1_v1_wins13.avi
VisTouch_paper_f3_r1_v1_wins14,paper_f3_r1_v1,paper,baizhi,白纸,2,3,1,1,sliding,wins14,train,1607158659.500,1607158666.500,7.000,dataset/audio/paper/VisTouch_paper_f3_r1_v1_wins14.wav,dataset/tactile/paper/VisTouch_paper_f3_r1_v1_wins14.csv,dataset/video/paper/VisTouch_paper_f3_r1_v1_wins14.avi
VisTouch_paper_f3_r1_v1_wins15,paper_f3_r1_v1,paper,baizhi,白纸,2,3,1,1,sliding,wins15,train,1607158663.000,1607158670.000,7.000,dataset/audio/paper/VisTouch_paper_f3_r1_v1_wins15.wav,dataset/tactile/paper/VisTouch_paper_f3_r1_v1_wins15.csv,dataset/video/paper/VisTouch_paper_f3_r1_v1_wins15.avi
VisTouch_paper_f3_r1_v1_wins16,paper_f3_r1_v1,paper,baizhi,白纸,2,3,1,1,sliding,wins16,train,1607158666.500,1607158673.500,7.000,dataset/audio/paper/VisTouch_paper_f3_r1_v1_wins16.wav,dataset/tactile/paper/VisTouch_paper_f3_r1_v1_wins16.csv,dataset/video/paper/VisTouch_paper_f3_r1_v1_wins16.avi
VisTouch_paper_f3_r1_v1_wins17,paper_f3_r1_v1,paper,baizhi,白纸,2,3,1,1,sliding,wins17,train,1607158670.000,1607158677.000,7.000,dataset/audio/paper/VisTouch_paper_f3_r1_v1_wins17.wav,dataset/tactile/paper/VisTouch_paper_f3_r1_v1_wins17.csv,dataset/video/paper/VisTouch_paper_f3_r1_v1_wins17.avi
VisTouch_paper_f3_r1_v1_winm01,paper_f3_r1_v1,paper,baizhi,白纸,2,3,1,1,sliding,winm01,train,1607158614.000,1607158624.300,10.300,dataset/audio/paper/VisTouch_paper_f3_r1_v1_winm01.wav,dataset/tactile/paper/VisTouch_paper_f3_r1_v1_winm01.csv,dataset/video/paper/VisTouch_paper_f3_r1_v1_winm01.avi
VisTouch_paper_f3_r1_v1_winm02,paper_f3_r1_v1,paper,baizhi,白纸,2,3,1,1,sliding,winm02,train,1607158619.150,1607158629.450,10.300,dataset/audio/paper/VisTouch_paper_f3_r1_v1_winm02.wav,dataset/tactile/paper/VisTouch_paper_f3_r1_v1_winm02.csv,dataset/video/paper/VisTouch_paper_f3_r1_v1_winm02.avi
VisTouch_paper_f3_r1_v1_winm03,paper_f3_r1_v1,paper,baizhi,白纸,2,3,1,1,sliding,winm03,train,1607158624.300,1607158634.600,10.300,dataset/audio/paper/VisTouch_paper_f3_r1_v1_winm03.wav,dataset/tactile/paper/VisTouch_paper_f3_r1_v1_winm03.csv,dataset/video/paper/VisTouch_paper_f3_r1_v1_winm03.avi
VisTouch_paper_f3_r1_v1_winm04,paper_f3_r1_v1,paper,baizhi,白纸,2,3,1,1,sliding,winm04,train,1607158629.450,1607158639.750,10.300,dataset/audio/paper/VisTouch_paper_f3_r1_v1_winm04.wav,dataset/tactile/paper/VisTouch_paper_f3_r1_v1_winm04.csv,dataset/video/paper/VisTouch_paper_f3_r1_v1_winm04.avi
VisTouch_paper_f3_r1_v1_winm05,paper_f3_r1_v1,paper,baizhi,白纸,2,3,1,1,sliding,winm05,train,1607158634.600,1607158644.900,10.300,dataset/audio/paper/VisTouch_paper_f3_r1_v1_winm05.wav,dataset/tactile/paper/VisTouch_paper_f3_r1_v1_winm05.csv,dataset/video/paper/VisTouch_paper_f3_r1_v1_winm05.avi
VisTouch_paper_f3_r1_v1_winm06,paper_f3_r1_v1,paper,baizhi,白纸,2,3,1,1,sliding,winm06,train,1607158639.750,1607158650.050,10.300,dataset/audio/paper/VisTouch_paper_f3_r1_v1_winm06.wav,dataset/tactile/paper/VisTouch_paper_f3_r1_v1_winm06.csv,dataset/video/paper/VisTouch_paper_f3_r1_v1_winm06.avi
VisTouch_paper_f3_r1_v1_winm07,paper_f3_r1_v1,paper,baizhi,白纸,2,3,1,1,sliding,winm07,train,1607158644.900,1607158655.200,10.300,dataset/audio/paper/VisTouch_paper_f3_r1_v1_winm07.wav,dataset/tactile/paper/VisTouch_paper_f3_r1_v1_winm07.csv,dataset/video/paper/VisTouch_paper_f3_r1_v1_winm07.avi
VisTouch_paper_f3_r1_v1_winm08,paper_f3_r1_v1,paper,baizhi,白纸,2,3,1,1,sliding,winm08,train,1607158650.050,1607158660.350,10.300,dataset/audio/paper/VisTouch_paper_f3_r1_v1_winm08.wav,dataset/tactile/paper/VisTouch_paper_f3_r1_v1_winm08.csv,dataset/video/paper/VisTouch_paper_f3_r1_v1_winm08.avi
VisTouch_paper_f3_r1_v1_winm09,paper_f3_r1_v1,paper,baizhi,白纸,2,3,1,1,sliding,winm09,train,1607158655.200,1607158665.500,10.300,dataset/audio/paper/VisTouch_paper_f3_r1_v1_winm09.wav,dataset/tactile/paper/VisTouch_paper_f3_r1_v1_winm09.csv,dataset/video/paper/VisTouch_paper_f3_r1_v1_winm09.avi
VisTouch_paper_f3_r1_v1_winm10,paper_f3_r1_v1,paper,baizhi,白纸,2,3,1,1,sliding,winm10,train,1607158660.350,1607158670.650,10.300,dataset/audio/paper/VisTouch_paper_f3_r1_v1_winm10.wav,dataset/tactile/paper/VisTouch_paper_f3_r1_v1_winm10.csv,dataset/video/paper/VisTouch_paper_f3_r1_v1_winm10.avi
VisTouch_paper_f3_r1_v1_winm11,paper_f3_r1_v1,paper,baizhi,白纸,2,3,1,1,sliding,winm11,train,1607158665.500,1607158675.800,10.300,dataset/audio/paper/VisTouch_paper_f3_r1_v1_winm11.wav,dataset/tactile/paper/VisTouch_paper_f3_r1_v1_winm11.csv,dataset/video/paper/VisTouch_paper_f3_r1_v1_winm11.avi
VisTouch_paper_f3_r1_v1_winl01,paper_f3_r1_v1,paper,baizhi,白纸,2,3,1,1,sliding,winl01,train,1607158614.000,1607158628.000,14.000,dataset/audio/paper/VisTouch_paper_f3_r1_v1_winl01.wav,dataset/tactile/paper/VisTouch_paper_f3_r1_v1_winl01.csv,dataset/video/paper/VisTouch_paper_f3_r1_v1_winl01.avi
VisTouch_paper_f3_r1_v1_winl02,paper_f3_r1_v1,paper,baizhi,白纸,2,3,1,1,sliding,winl02,train,1607158621.000,1607158635.000,14.000,dataset/audio/paper/VisTouch_paper_f3_r1_v1_winl02.wav,dataset/tactile/paper/VisTouch_paper_f3_r1_v1_winl02.csv,dataset/video/paper/VisTouch_paper_f3_r1_v1_winl02.avi
VisTouch_paper_f3_r1_v1_winl03,paper_f3_r1_v1,paper,baizhi,白纸,2,3,1,1,sliding,winl03,train,1607158628.000,1607158642.000,14.000,dataset/audio/paper/VisTouch_paper_f3_r1_v1_winl03.wav,dataset/tactile/paper/VisTouch_paper_f3_r1_v1_winl03.csv,dataset/video/paper/VisTouch_paper_f3_r1_v1_winl03.avi
VisTouch_paper_f3_r1_v1_winl04,paper_f3_r1_v1,paper,baizhi,白纸,2,3,1,1,sliding,winl04,train,1607158635.000,1607158649.000,14.000,dataset/audio/paper/VisTouch_paper_f3_r1_v1_winl04.wav,dataset/tactile/paper/VisTouch_paper_f3_r1_v1_winl04.csv,dataset/video/paper/VisTouch_paper_f3_r1_v1_winl04.avi
VisTouch_paper_f3_r1_v1_winl05,paper_f3_r1_v1,paper,baizhi,白纸,2,3,1,1,sliding,winl05,train,1607158642.000,1607158656.000,14.000,dataset/audio/paper/VisTouch_paper_f3_r1_v1_winl05.wav,dataset/tactile/paper/VisTouch_paper_f3_r1_v1_winl05.csv,dataset/video/paper/VisTouch_paper_f3_r1_v1_winl05.avi
VisTouch_paper_f3_r1_v1_winl06,paper_f3_r1_v1,paper,baizhi,白纸,2,3,1,1,sliding,winl06,train,1607158649.000,1607158663.000,14.000,dataset/audio/paper/VisTouch_paper_f3_r1_v1_winl06.wav,dataset/tactile/paper/VisTouch_paper_f3_r1_v1_winl06.csv,dataset/video/paper/VisTouch_paper_f3_r1_v1_winl06.avi
VisTouch_paper_f3_r1_v1_winl07,paper_f3_r1_v1,paper,baizhi,白纸,2,3,1,1,sliding,winl07,train,1607158656.000,1607158670.000,14.000,dataset/audio/paper/VisTouch_paper_f3_r1_v1_winl07.wav,dataset/tactile/paper/VisTouch_paper_f3_r1_v1_winl07.csv,dataset/video/paper/VisTouch_paper_f3_r1_v1_winl07.avi
VisTouch_paper_f3_r1_v1_winl08,paper_f3_r1_v1,paper,baizhi,白纸,2,3,1,1,sliding,winl08,train,1607158663.000,1607158677.000,14.000,dataset/audio/paper/VisTouch_paper_f3_r1_v1_winl08.wav,dataset/tactile/paper/VisTouch_paper_f3_r1_v1_winl08.csv,dataset/video/paper/VisTouch_paper_f3_r1_v1_winl08.avi
VisTouch_paper_f6_r1_v1_seg01,paper_f6_r1_v1,paper,baizhi,白纸,2,6,1,1,cycle,seg01,train,1607158255.500,1607158265.760,10.260,dataset/audio/paper/VisTouch_paper_f6_r1_v1_seg01.wav,dataset/tactile/paper/VisTouch_paper_f6_r1_v1_seg01.csv,dataset/video/paper/VisTouch_paper_f6_r1_v1_seg01.avi
VisTouch_paper_f6_r1_v1_seg02,paper_f6_r1_v1,paper,baizhi,白纸,2,6,1,1,cycle,seg02,train,1607158265.760,1607158275.980,10.220,dataset/audio/paper/VisTouch_paper_f6_r1_v1_seg02.wav,dataset/tactile/paper/VisTouch_paper_f6_r1_v1_seg02.csv,dataset/video/paper/VisTouch_paper_f6_r1_v1_seg02.avi
VisTouch_paper_f6_r1_v1_seg03,paper_f6_r1_v1,paper,baizhi,白纸,2,6,1,1,cycle,seg03,train,1607158275.980,1607158286.200,10.220,dataset/audio/paper/VisTouch_paper_f6_r1_v1_seg03.wav,dataset/tactile/paper/VisTouch_paper_f6_r1_v1_seg03.csv,dataset/video/paper/VisTouch_paper_f6_r1_v1_seg03.avi
VisTouch_paper_f6_r1_v1_seg04,paper_f6_r1_v1,paper,baizhi,白纸,2,6,1,1,cycle,seg04,train,1607158286.200,1607158296.460,10.260,dataset/audio/paper/VisTouch_paper_f6_r1_v1_seg04.wav,dataset/tactile/paper/VisTouch_paper_f6_r1_v1_seg04.csv,dataset/video/paper/VisTouch_paper_f6_r1_v1_seg04.avi
VisTouch_paper_f6_r1_v1_seg05,paper_f6_r1_v1,paper,baizhi,白纸,2,6,1,1,cycle,seg05,train,1607158296.460,1607158306.680,10.220,dataset/audio/paper/VisTouch_paper_f6_r1_v1_seg05.wav,dataset/tactile/paper/VisTouch_paper_f6_r1_v1_seg05.csv,dataset/video/paper/VisTouch_paper_f6_r1_v1_seg05.avi
VisTouch_paper_f6_r1_v1_wins01,paper_f6_r1_v1,paper,baizhi,白纸,2,6,1,1,sliding,wins01,train,1607158249.000,1607158256.000,7.000,dataset/audio/paper/VisTouch_paper_f6_r1_v1_wins01.wav,dataset/tactile/paper/VisTouch_paper_f6_r1_v1_wins01.csv,dataset/video/paper/VisTouch_paper_f6_r1_v1_wins01.avi
VisTouch_paper_f6_r1_v1_wins02,paper_f6_r1_v1,paper,baizhi,白纸,2,6,1,1,sliding,wins02,train,1607158252.500,1607158259.500,7.000,dataset/audio/paper/VisTouch_paper_f6_r1_v1_wins02.wav,dataset/tactile/paper/VisTouch_paper_f6_r1_v1_wins02.csv,dataset/video/paper/VisTouch_paper_f6_r1_v1_wins02.avi
VisTouch_paper_f6_r1_v1_wins03,paper_f6_r1_v1,paper,baizhi,白纸,2,6,1,1,sliding,wins03,train,1607158256.000,1607158263.000,7.000,dataset/audio/paper/VisTouch_paper_f6_r1_v1_wins03.wav,dataset/tactile/paper/VisTouch_paper_f6_r1_v1_wins03.csv,dataset/video/paper/VisTouch_paper_f6_r1_v1_wins03.avi
VisTouch_paper_f6_r1_v1_wins04,paper_f6_r1_v1,paper,baizhi,白纸,2,6,1,1,sliding,wins04,train,1607158259.500,1607158266.500,7.000,dataset/audio/paper/VisTouch_paper_f6_r1_v1_wins04.wav,dataset/tactile/paper/VisTouch_paper_f6_r1_v1_wins04.csv,dataset/video/paper/VisTouch_paper_f6_r1_v1_wins04.avi
VisTouch_paper_f6_r1_v1_wins05,paper_f6_r1_v1,paper,baizhi,白纸,2,6,1,1,sliding,wins05,train,1607158263.000,1607158270.000,7.000,dataset/audio/paper/VisTouch_paper_f6_r1_v1_wins05.wav,dataset/tactile/paper/VisTouch_paper_f6_r1_v1_wins05.csv,dataset/video/paper/VisTouch_paper_f6_r1_v1_wins05.avi
VisTouch_paper_f6_r1_v1_wins06,paper_f6_r1_v1,paper,baizhi,白纸,2,6,1,1,sliding,wins06,train,1607158266.500,1607158273.500,7.000,dataset/audio/paper/VisTouch_paper_f6_r1_v1_wins06.wav,dataset/tactile/paper/VisTouch_paper_f6_r1_v1_wins06.csv,dataset/video/paper/VisTouch_paper_f6_r1_v1_wins06.avi
VisTouch_paper_f6_r1_v1_wins07,paper_f6_r1_v1,paper,baizhi,白纸,2,6,1,1,sliding,wins07,train,1607158270.000,1607158277.000,7.000,dataset/audio/paper/VisTouch_paper_f6_r1_v1_wins07.wav,dataset/tactile/paper/VisTouch_paper_f6_r1_v1_wins07.csv,dataset/video/paper/VisTouch_paper_f6_r1_v1_wins07.avi
VisTouch_paper_f6_r1_v1_wins08,paper_f6_r1_v1,paper,baizhi,白纸,2,6,1,1,sliding,wins08,train,1607158273.500,1607158280.500,7.000,dataset/audio/paper/VisTouch_paper_f6_r1_v1_wins08.wav,dataset/tactile/paper/VisTouch_paper_f6_r1_v1_wins08.csv,dataset/video/paper/VisTouch_paper_f6_r1_v1_wins08.avi
VisTouch_paper_f6_r1_v1_wins09,paper_f6_r1_v1,paper,baizhi,白纸,2,6,1,1,sliding,wins09,train,1607158277.000,1607158284.000,7.000,dataset/audio/paper/VisTouch_paper_f6_r1_v1_wins09.wav,dataset/tactile/paper/VisTouch_paper_f6_r1_v1_wins09.csv,dataset/video/paper/VisTouch_paper_f6_r1_v1_wins09.avi
VisTouch_paper_f6_r1_v1_wins10,paper_f6_r1_v1,paper,baizhi,白纸,2,6,1,1,sliding,wins10,train,1607158280.500,1607158287.500,7.000,dataset/audio/paper/VisTouch_paper_f6_r1_v1_wins10.wav,dataset/tactile/paper/VisTouch_paper_f6_r1_v1_wins10.csv,dataset/video/paper/VisTouch_paper_f6_r1_v1_wins10.avi
VisTouch_paper_f6_r1_v1_wins11,paper_f6_r1_v1,paper,baizhi,白纸,2,6,1,1,sliding,wins11,train,1607158284.000,1607158291.000,7.000,dataset/audio/paper/VisTouch_paper_f6_r1_v1_wins11.wav,dataset/tactile/paper/VisTouch_paper_f6_r1_v1_wins11.csv,dataset/video/paper/VisTouch_paper_f6_r1_v1_wins11.avi
VisTouch_paper_f6_r1_v1_wins12,paper_f6_r1_v1,paper,baizhi,白纸,2,6,1,1,sliding,wins12,train,1607158287.500,1607158294.500,7.000,dataset/audio/paper/VisTouch_paper_f6_r1_v1_wins12.wav,dataset/tactile/paper/VisTouch_paper_f6_r1_v1_wins12.csv,dataset/video/paper/VisTouch_paper_f6_r1_v1_wins12.avi
VisTouch_paper_f6_r1_v1_wins13,paper_f6_r1_v1,paper,baizhi,白纸,2,6,1,1,sliding,wins13,train,1607158291.000,1607158298.000,7.000,dataset/audio/paper/VisTouch_paper_f6_r1_v1_wins13.wav,dataset/tactile/paper/VisTouch_paper_f6_r1_v1_wins13.csv,dataset/video/paper/VisTouch_paper_f6_r1_v1_wins13.avi
VisTouch_paper_f6_r1_v1_wins14,paper_f6_r1_v1,paper,baizhi,白纸,2,6,1,1,sliding,wins14,train,1607158294.500,1607158301.500,7.000,dataset/audio/paper/VisTouch_paper_f6_r1_v1_wins14.wav,dataset/tactile/paper/VisTouch_paper_f6_r1_v1_wins14.csv,dataset/video/paper/VisTouch_paper_f6_r1_v1_wins14.avi
VisTouch_paper_f6_r1_v1_wins15,paper_f6_r1_v1,paper,baizhi,白纸,2,6,1,1,sliding,wins15,train,1607158298.000,1607158305.000,7.000,dataset/audio/paper/VisTouch_paper_f6_r1_v1_wins15.wav,dataset/tactile/paper/VisTouch_paper_f6_r1_v1_wins15.csv,dataset/video/paper/VisTouch_paper_f6_r1_v1_wins15.avi
VisTouch_paper_f6_r1_v1_wins16,paper_f6_r1_v1,paper,baizhi,白纸,2,6,1,1,sliding,wins16,train,1607158301.500,1607158308.500,7.000,dataset/audio/paper/VisTouch_paper_f6_r1_v1_wins16.wav,dataset/tactile/paper/VisTouch_paper_f6_r1_v1_wins16.csv,dataset/video/paper/VisTouch_paper_f6_r1_v1_wins16.avi
VisTouch_paper_f6_r1_v1_wins17,paper_f6_r1_v1,paper,baizhi,白纸,2,6,1,1,sliding,wins17,train,1607158305.000,1607158312.000,7.000,dataset/audio/paper/VisTouch_paper_f6_r1_v1_wins17.wav,dataset/tactile/paper/VisTouch_paper_f6_r1_v1_wins17.csv,dataset/video/paper/VisTouch_paper_f6_r1_v1_wins17.avi
VisTouch_paper_f6_r1_v1_winm01,paper_f6_r1_v1,paper,baizhi,白纸,2,6,1,1,sliding,winm01,train,1607158249.000,1607158259.300,10.300,dataset/audio/paper/VisTouch_paper_f6_r1_v1_winm01.wav,dataset/tactile/paper/VisTouch_paper_f6_r1_v1_winm01.csv,dataset/video/paper/VisTouch_paper_f6_r1_v1_winm01.avi
VisTouch_paper_f6_r1_v1_winm02,paper_f6_r1_v1,paper,baizhi,白纸,2,6,1,1,sliding,winm02,train,1607158254.150,1607158264.450,10.300,dataset/audio/paper/VisTouch_paper_f6_r1_v1_winm02.wav,dataset/tactile/paper/VisTouch_paper_f6_r1_v1_winm02.csv,dataset/video/paper/VisTouch_paper_f6_r1_v1_winm02.avi
VisTouch_paper_f6_r1_v1_winm03,paper_f6_r1_v1,paper,baizhi,白纸,2,6,1,1,sliding,winm03,train,1607158259.300,1607158269.600,10.300,dataset/audio/paper/VisTouch_paper_f6_r1_v1_winm03.wav,dataset/tactile/paper/VisTouch_paper_f6_r1_v1_winm03.csv,dataset/video/paper/VisTouch_paper_f6_r1_v1_winm03.avi
VisTouch_paper_f6_r1_v1_winm04,paper_f6_r1_v1,paper,baizhi,白纸,2,6,1,1,sliding,winm04,train,1607158264.450,1607158274.750,10.300,dataset/audio/paper/VisTouch_paper_f6_r1_v1_winm04.wav,dataset/tactile/paper/VisTouch_paper_f6_r1_v1_winm04.csv,dataset/video/paper/VisTouch_paper_f6_r1_v1_winm04.avi
VisTouch_paper_f6_r1_v1_winm05,paper_f6_r1_v1,paper,baizhi,白纸,2,6,1,1,sliding,winm05,train,1607158269.600,1607158279.900,10.300,dataset/audio/paper/VisTouch_paper_f6_r1_v1_winm05.wav,dataset/tactile/paper/VisTouch_paper_f6_r1_v1_winm05.csv,dataset/video/paper/VisTouch_paper_f6_r1_v1_winm05.avi
VisTouch_paper_f6_r1_v1_winm06,paper_f6_r1_v1,paper,baizhi,白纸,2,6,1,1,sliding,winm06,train,1607158274.750,1607158285.050,10.300,dataset/audio/paper/VisTouch_paper_f6_r1_v1_winm06.wav,dataset/tactile/paper/VisTouch_paper_f6_r1_v1_winm06.csv,dataset/video/paper/VisTouch_paper_f6_r1_v1_winm06.avi
VisTouch_paper_f6_r1_v1_winm07,paper_f6_r1_v1,paper,baizhi,白纸,2,6,1,1,sliding,winm07,train,1607158279.900,1607158290.200,10.300,dataset/audio/paper/VisTouch_paper_f6_r1_v1_winm07.wav,dataset/tactile/paper/VisTouch_paper_f6_r1_v1_winm07.csv,dataset/video/paper/VisTouch_paper_f6_r1_v1_winm07.avi
VisTouch_paper_f6_r1_v1_winm08,paper_f6_r1_v1,paper,baizhi,白纸,2,6,1,1,sliding,winm08,train,1607158285.050,1607158295.350,10.300,dataset/audio/paper/VisTouch_paper_f6_r1_v1_winm08.wav,dataset/tactile/paper/VisTouch_paper_f6_r1_v1_winm08.csv,dataset/video/paper/VisTouch_paper_f6_r1_v1_winm08.avi
VisTouch_paper_f6_r1_v1_winm09,paper_f6_r1_v1,paper,baizhi,白纸,2,6,1,1,sliding,winm09,train,1607158290.200,1607158300.500,10.300,dataset/audio/paper/VisTouch_paper_f6_r1_v1_winm09.wav,dataset/tactile/paper/VisTouch_paper_f6_r1_v1_winm09.csv,dataset/video/paper/VisTouch_paper_f6_r1_v1_winm09.avi
VisTouch_paper_f6_r1_v1_winm10,paper_f6_r1_v1,paper,baizhi,白纸,2,6,1,1,sliding,winm10,train,1607158295.350,1607158305.650,10.300,dataset/audio/paper/VisTouch_paper_f6_r1_v1_winm10.wav,dataset/tactile/paper/VisTouch_paper_f6_r1_v1_winm10.csv,dataset/video/paper/VisTouch_paper_f6_r1_v1_winm10.avi
VisTouch_paper_f6_r1_v1_winm11,paper_f6_r1_v1,paper,baizhi,白纸,2,6,1,1,sliding,winm11,train,1607158300.500,1607158310.800,10.300,dataset/audio/paper/VisTouch_paper_f6_r1_v1_winm11.wav,dataset/tactile/paper/VisTouch_paper_f6_r1_v1_winm11.csv,dataset/video/paper/VisTouch_paper_f6_r1_v1_winm11.avi
VisTouch_paper_f6_r1_v1_winl01,paper_f6_r1_v1,paper,baizhi,白纸,2,6,1,1,sliding,winl01,train,1607158249.000,1607158263.000,14.000,dataset/audio/paper/VisTouch_paper_f6_r1_v1_winl01.wav,dataset/tactile/paper/VisTouch_paper_f6_r1_v1_winl01.csv,dataset/video/paper/VisTouch_paper_f6_r1_v1_winl01.avi
VisTouch_paper_f6_r1_v1_winl02,paper_f6_r1_v1,paper,baizhi,白纸,2,6,1,1,sliding,winl02,train,1607158256.000,1607158270.000,14.000,dataset/audio/paper/VisTouch_paper_f6_r1_v1_winl02.wav,dataset/tactile/paper/VisTouch_paper_f6_r1_v1_winl02.csv,dataset/video/paper/VisTouch_paper_f6_r1_v1_winl02.avi
VisTouch_paper_f6_r1_v1_winl03,paper_f6_r1_v1,paper,baizhi,白纸,2,6,1,1,sliding,winl03,train,1607158263.000,1607158277.000,14.000,dataset/audio/paper/VisTouch_paper_f6_r1_v1_winl03.wav,dataset/tactile/paper/VisTouch_paper_f6_r1_v1_winl03.csv,dataset/video/paper/VisTouch_paper_f6_r1_v1_winl03.avi
VisTouch_paper_f6_r1_v1_winl04,paper_f6_r1_v1,paper,baizhi,白纸,2,6,1,1,sliding,winl04,train,1607158270.000,1607158284.000,14.000,dataset/audio/paper/VisTouch_paper_f6_r1_v1_winl04.wav,dataset/tactile/paper/VisTouch_paper_f6_r1_v1_winl04.csv,dataset/video/paper/VisTouch_paper_f6_r1_v1_winl04.avi
VisTouch_paper_f6_r1_v1_winl05,paper_f6_r1_v1,paper,baizhi,白纸,2,6,1,1,sliding,winl05,train,1607158277.000,1607158291.000,14.000,dataset/audio/paper/VisTouch_paper_f6_r1_v1_winl05.wav,dataset/tactile/paper/VisTouch_paper_f6_r1_v1_winl05.csv,dataset/video/paper/VisTouch_paper_f6_r1_v1_winl05.avi
VisTouch_paper_f6_r1_v1_winl06,paper_f6_r1_v1,paper,baizhi,白纸,2,6,1,1,sliding,winl06,train,1607158284.000,1607158298.000,14.000,dataset/audio/paper/VisTouch_paper_f6_r1_v1_winl06.wav,dataset/tactile/paper/VisTouch_paper_f6_r1_v1_winl06.csv,dataset/video/paper/VisTouch_paper_f6_r1_v1_winl06.avi
VisTouch_paper_f6_r1_v1_winl07,paper_f6_r1_v1,paper,baizhi,白纸,2,6,1,1,sliding,winl07,train,1607158291.000,1607158305.000,14.000,dataset/audio/paper/VisTouch_paper_f6_r1_v1_winl07.wav,dataset/tactile/paper/VisTouch_paper_f6_r1_v1_winl07.csv,dataset/video/paper/VisTouch_paper_f6_r1_v1_winl07.avi
VisTouch_paper_f6_r1_v1_winl08,paper_f6_r1_v1,paper,baizhi,白纸,2,6,1,1,sliding,winl08,train,1607158298.000,1607158312.000,14.000,dataset/audio/paper/VisTouch_paper_f6_r1_v1_winl08.wav,dataset/tactile/paper/VisTouch_paper_f6_r1_v1_winl08.csv,dataset/video/paper/VisTouch_paper_f6_r1_v1_winl08.avi
VisTouch_paper_f9_r1_v1_seg01,paper_f9_r1_v1,paper,baizhi,白纸,2,9,1,1,cycle,seg01,test,1607158455.380,1607158465.580,10.200,dataset/audio/paper/VisTouch_paper_f9_r1_v1_seg01.wav,dataset/tactile/paper/VisTouch_paper_f9_r1_v1_seg01.csv,dataset/video/paper/VisTouch_paper_f9_r1_v1_seg01.avi
VisTouch_paper_f9_r1_v1_seg02,paper_f9_r1_v1,paper,baizhi,白纸,2,9,1,1,cycle,seg02,test,1607158465.580,1607158475.780,10.200,dataset/audio/paper/VisTouch_paper_f9_r1_v1_seg02.wav,dataset/tactile/paper/VisTouch_paper_f9_r1_v1_seg02.csv,dataset/video/paper/VisTouch_paper_f9_r1_v1_seg02.avi
VisTouch_paper_f9_r1_v1_seg03,paper_f9_r1_v1,paper,baizhi,白纸,2,9,1,1,cycle,seg03,test,1607158475.780,1607158485.960,10.180,dataset/audio/paper/VisTouch_paper_f9_r1_v1_seg03.wav,dataset/tactile/paper/VisTouch_paper_f9_r1_v1_seg03.csv,dataset/video/paper/VisTouch_paper_f9_r1_v1_seg03.avi
VisTouch_paper_f9_r1_v1_seg04,paper_f9_r1_v1,paper,baizhi,白纸,2,9,1,1,cycle,seg04,test,1607158485.960,1607158496.120,10.160,dataset/audio/paper/VisTouch_paper_f9_r1_v1_seg04.wav,dataset/tactile/paper/VisTouch_paper_f9_r1_v1_seg04.csv,dataset/video/paper/VisTouch_paper_f9_r1_v1_seg04.avi
VisTouch_paper_f9_r1_v1_seg05,paper_f9_r1_v1,paper,baizhi,白纸,2,9,1,1,cycle,seg05,test,1607158496.120,1607158506.300,10.180,dataset/audio/paper/VisTouch_paper_f9_r1_v1_seg05.wav,dataset/tactile/paper/VisTouch_paper_f9_r1_v1_seg05.csv,dataset/video/paper/VisTouch_paper_f9_r1_v1_seg05.avi
VisTouch_paper_f9_r1_v1_wins01,paper_f9_r1_v1,paper,baizhi,白纸,2,9,1,1,sliding,wins01,test,1607158448.520,1607158455.520,7.000,dataset/audio/paper/VisTouch_paper_f9_r1_v1_wins01.wav,dataset/tactile/paper/VisTouch_paper_f9_r1_v1_wins01.csv,dataset/video/paper/VisTouch_paper_f9_r1_v1_wins01.avi
VisTouch_paper_f9_r1_v1_wins02,paper_f9_r1_v1,paper,baizhi,白纸,2,9,1,1,sliding,wins02,test,1607158452.020,1607158459.020,7.000,dataset/audio/paper/VisTouch_paper_f9_r1_v1_wins02.wav,dataset/tactile/paper/VisTouch_paper_f9_r1_v1_wins02.csv,dataset/video/paper/VisTouch_paper_f9_r1_v1_wins02.avi
VisTouch_paper_f9_r1_v1_wins03,paper_f9_r1_v1,paper,baizhi,白纸,2,9,1,1,sliding,wins03,test,1607158455.520,1607158462.520,7.000,dataset/audio/paper/VisTouch_paper_f9_r1_v1_wins03.wav,dataset/tactile/paper/VisTouch_paper_f9_r1_v1_wins03.csv,dataset/video/paper/VisTouch_paper_f9_r1_v1_wins03.avi
VisTouch_paper_f9_r1_v1_wins04,paper_f9_r1_v1,paper,baizhi,白纸,2,9,1,1,sliding,wins04,test,1607158459.020,1607158466.020,7.000,dataset/audio/paper/VisTouch_paper_f9_r1_v1_wins04.wav,dataset/tactile/paper/VisTouch_paper_f9_r1_v1_wins04.csv,dataset/video/paper/VisTouch_paper_f9_r1_v1_wins04.avi
VisTouch_paper_f9_r1_v1_wins05,paper_f9_r1_v1,paper,baizhi,白纸,2,9,1,1,sliding,wins05,test,1607158462.520,1607158469.520,7.000,dataset/audio/paper/VisTouch_paper_f9_r1_v1_wins05.wav,dataset/tactile/paper/VisTouch_paper_f9_r1_v1_wins05.csv,dataset/video/paper/VisTouch_paper_f9_r1_v1_wins05.avi
VisTouch_paper_f9_r1_v1_wins06,paper_f9_r1_v1,paper,baizhi,白纸,2,9,1,1,sliding,wins06,test,1607158466.020,1607158473.020,7.000,dataset/audio/paper/VisTouch_paper_f9_r1_v1_wins06.wav,dataset/tactile/paper/VisTouch_paper_f9_r1_v1_wins06.csv,dataset/video/paper/VisTouch_paper_f9_r1_v1_wins06.avi
VisTouch_paper_f9_r1_v1_wins07,paper_f9_r1_v1,paper,baizhi,白纸,2,9,1,1,sliding,wins07,test,1607158469.520,1607158476.520,7.000,dataset/audio/paper/VisTouch_paper_f9_r1_v1_wins07.wav,dataset/tactile/paper/VisTouch_paper_f9_r1_v1_wins07.csv,dataset/video/paper/VisTouch_paper_f9_r1_v1_wins07.avi
VisTouch_paper_f9_r1_v1_wins08,paper_f9_r1_v1,paper,baizhi,白纸,2,9,1,1,sliding,wins08,test,1607158473.020,1607158480.020,7.000,dataset/audio/paper/VisTouch_paper_f9_r1_v1_wins08.wav,dataset/tactile/paper/VisTouch_paper_f9_r1_v1_wins08.csv,dataset/video/paper/VisTouch_paper_f9_r1_v1_wins08.avi
VisTouch_paper_f9_r1_v1_wins09,paper_f9_r1_v1,paper,baizhi,白纸,2,9,1,1,sliding,wins09,test,1607158476.520,1607158483.520,7.000,dataset/audio/paper/VisTouch_paper_f9_r1_v1_wins09.wav,dataset/tactile/paper/VisTouch_paper_f9_r1_v1_wins09.csv,dataset/video/paper/VisTouch_paper_f9_r1_v1_wins09.avi
VisTouch_paper_f9_r1_v1_wins10,paper_f9_r1_v1,paper,baizhi,白纸,2,9,1,1,sliding,wins10,test,1607158480.020,1607158487.020,7.000,dataset/audio/paper/VisTouch_paper_f9_r1_v1_wins10.wav,dataset/tactile/paper/VisTouch_paper_f9_r1_v1_wins10.csv,dataset/video/paper/VisTouch_paper_f9_r1_v1_wins10.avi
VisTouch_paper_f9_r1_v1_wins11,paper_f9_r1_v1,paper,baizhi,白纸,2,9,1,1,sliding,wins11,test,1607158483.520,1607158490.520,7.000,dataset/audio/paper/VisTouch_paper_f9_r1_v1_wins11.wav,dataset/tactile/paper/VisTouch_paper_f9_r1_v1_wins11.csv,dataset/video/paper/VisTouch_paper_f9_r1_v1_wins11.avi
VisTouch_paper_f9_r1_v1_wins12,paper_f9_r1_v1,paper,baizhi,白纸,2,9,1,1,sliding,wins12,test,1607158487.020,1607158494.020,7.000,dataset/audio/paper/VisTouch_paper_f9_r1_v1_wins12.wav,dataset/tactile/paper/VisTouch_paper_f9_r1_v1_wins12.csv,dataset/video/paper/VisTouch_paper_f9_r1_v1_wins12.avi
VisTouch_paper_f9_r1_v1_wins13,paper_f9_r1_v1,paper,baizhi,白纸,2,9,1,1,sliding,wins13,test,1607158490.520,1607158497.520,7.000,dataset/audio/paper/VisTouch_paper_f9_r1_v1_wins13.wav,dataset/tactile/paper/VisTouch_paper_f9_r1_v1_wins13.csv,dataset/video/paper/VisTouch_paper_f9_r1_v1_wins13.avi
VisTouch_paper_f9_r1_v1_wins14,paper_f9_r1_v1,paper,baizhi,白纸,2,9,1,1,sliding,wins14,test,1607158494.020,1607158501.020,7.000,dataset/audio/paper/VisTouch_paper_f9_r1_v1_wins14.wav,dataset/tactile/paper/VisTouch_paper_f9_r1_v1_wins14.csv,dataset/video/paper/VisTouch_paper_f9_r1_v1_wins14.avi
VisTouch_paper_f9_r1_v1_wins15,paper_f9_r1_v1,paper,baizhi,白纸,2,9,1,1,sliding,wins15,test,1607158497.520,1607158504.520,7.000,dataset/audio/paper/VisTouch_paper_f9_r1_v1_wins15.wav,dataset/tactile/paper/VisTouch_paper_f9_r1_v1_wins15.csv,dataset/video/paper/VisTouch_paper_f9_r1_v1_wins15.avi
VisTouch_paper_f9_r1_v1_wins16,paper_f9_r1_v1,paper,baizhi,白纸,2,9,1,1,sliding,wins16,test,1607158501.020,1607158508.020,7.000,dataset/audio/paper/VisTouch_paper_f9_r1_v1_wins16.wav,dataset/tactile/paper/VisTouch_paper_f9_r1_v1_wins16.csv,dataset/video/paper/VisTouch_paper_f9_r1_v1_wins16.avi
VisTouch_paper_f9_r1_v1_wins17,paper_f9_r1_v1,paper,baizhi,白纸,2,9,1,1,sliding,wins17,test,1607158504.520,1607158511.520,7.000,dataset/audio/paper/VisTouch_paper_f9_r1_v1_wins17.wav,dataset/tactile/paper/VisTouch_paper_f9_r1_v1_wins17.csv,dataset/video/paper/VisTouch_paper_f9_r1_v1_wins17.avi
VisTouch_paper_f9_r1_v1_winm01,paper_f9_r1_v1,paper,baizhi,白纸,2,9,1,1,sliding,winm01,test,1607158448.520,1607158458.820,10.300,dataset/audio/paper/VisTouch_paper_f9_r1_v1_winm01.wav,dataset/tactile/paper/VisTouch_paper_f9_r1_v1_winm01.csv,dataset/video/paper/VisTouch_paper_f9_r1_v1_winm01.avi
VisTouch_paper_f9_r1_v1_winm02,paper_f9_r1_v1,paper,baizhi,白纸,2,9,1,1,sliding,winm02,test,1607158453.670,1607158463.970,10.300,dataset/audio/paper/VisTouch_paper_f9_r1_v1_winm02.wav,dataset/tactile/paper/VisTouch_paper_f9_r1_v1_winm02.csv,dataset/video/paper/VisTouch_paper_f9_r1_v1_winm02.avi
VisTouch_paper_f9_r1_v1_winm03,paper_f9_r1_v1,paper,baizhi,白纸,2,9,1,1,sliding,winm03,test,1607158458.820,1607158469.120,10.300,dataset/audio/paper/VisTouch_paper_f9_r1_v1_winm03.wav,dataset/tactile/paper/VisTouch_paper_f9_r1_v1_winm03.csv,dataset/video/paper/VisTouch_paper_f9_r1_v1_winm03.avi
VisTouch_paper_f9_r1_v1_winm04,paper_f9_r1_v1,paper,baizhi,白纸,2,9,1,1,sliding,winm04,test,1607158463.970,1607158474.270,10.300,dataset/audio/paper/VisTouch_paper_f9_r1_v1_winm04.wav,dataset/tactile/paper/VisTouch_paper_f9_r1_v1_winm04.csv,dataset/video/paper/VisTouch_paper_f9_r1_v1_winm04.avi
VisTouch_paper_f9_r1_v1_winm05,paper_f9_r1_v1,paper,baizhi,白纸,2,9,1,1,sliding,winm05,test,1607158469.120,1607158479.420,10.300,dataset/audio/paper/VisTouch_paper_f9_r1_v1_winm05.wav,dataset/tactile/paper/VisTouch_paper_f9_r1_v1_winm05.csv,dataset/video/paper/VisTouch_paper_f9_r1_v1_winm05.avi
VisTouch_paper_f9_r1_v1_winm06,paper_f9_r1_v1,paper,baizhi,白纸,2,9,1,1,sliding,winm06,test,1607158474.270,1607158484.570,10.300,dataset/audio/paper/VisTouch_paper_f9_r1_v1_winm06.wav,dataset/tactile/paper/VisTouch_paper_f9_r1_v1_winm06.csv,dataset/video/paper/VisTouch_paper_f9_r1_v1_winm06.avi
VisTouch_paper_f9_r1_v1_winm07,paper_f9_r1_v1,paper,baizhi,白纸,2,9,1,1,sliding,winm07,test,1607158479.420,1607158489.720,10.300,dataset/audio/paper/VisTouch_paper_f9_r1_v1_winm07.wav,dataset/tactile/paper/VisTouch_paper_f9_r1_v1_winm07.csv,dataset/video/paper/VisTouch_paper_f9_r1_v1_winm07.avi
VisTouch_paper_f9_r1_v1_winm08,paper_f9_r1_v1,paper,baizhi,白纸,2,9,1,1,sliding,winm08,test,1607158484.570,1607158494.870,10.300,dataset/audio/paper/VisTouch_paper_f9_r1_v1_winm08.wav,dataset/tactile/paper/VisTouch_paper_f9_r1_v1_winm08.csv,dataset/video/paper/VisTouch_paper_f9_r1_v1_winm08.avi
VisTouch_paper_f9_r1_v1_winm09,paper_f9_r1_v1,paper,baizhi,白纸,2,9,1,1,sliding,winm09,test,1607158489.720,1607158500.020,10.300,dataset/audio/paper/VisTouch_paper_f9_r1_v1_winm09.wav,dataset/tactile/paper/VisTouch_paper_f9_r1_v1_winm09.csv,dataset/video/paper/VisTouch_paper_f9_r1_v1_winm09.avi
VisTouch_paper_f9_r1_v1_winm10,paper_f9_r1_v1,paper,baizhi,白纸,2,9,1,1,sliding,winm10,test,1607158494.870,1607158505.170,10.300,dataset/audio/paper/VisTouch_paper_f9_r1_v1_winm10.wav,dataset/tactile/paper/VisTouch_paper_f9_r1_v1_winm10.csv,dataset/video/paper/VisTouch_paper_f9_r1_v1_winm10.avi
VisTouch_paper_f9_r1_v1_winm11,paper_f9_r1_v1,paper,baizhi,白纸,2,9,1,1,sliding,winm11,test,1607158500.020,1607158510.320,10.300,dataset/audio/paper/VisTouch_paper_f9_r1_v1_winm11.wav,dataset/tactile/paper/VisTouch_paper_f9_r1_v1_winm11.csv,dataset/video/paper/VisTouch_paper_f9_r1_v1_winm11.avi
VisTouch_paper_f9_r1_v1_winl01,paper_f9_r1_v1,paper,baizhi,白纸,2,9,1,1,sliding,winl01,test,1607158448.520,1607158462.520,14.000,dataset/audio/paper/VisTouch_paper_f9_r1_v1_winl01.wav,dataset/tactile/paper/VisTouch_paper_f9_r1_v1_winl01.csv,dataset/video/paper/VisTouch_paper_f9_r1_v1_winl01.avi
VisTouch_paper_f9_r1_v1_winl02,paper_f9_r1_v1,paper,baizhi,白纸,2,9,1,1,sliding,winl02,test,1607158455.520,1607158469.520,14.000,dataset/audio/paper/VisTouch_paper_f9_r1_v1_winl02.wav,dataset/tactile/paper/VisTouch_paper_f9_r1_v1_winl02.csv,dataset/video/paper/VisTouch_paper_f9_r1_v1_winl02.avi
VisTouch_paper_f9_r1_v1_winl03,paper_f9_r1_v1,paper,baizhi,白纸,2,9,1,1,sliding,winl03,test,1607158462.520,1607158476.520,14.000,dataset/audio/paper/VisTouch_paper_f9_r1_v1_winl03.wav,dataset/tactile/paper/VisTouch_paper_f9_r1_v1_winl03.csv,dataset/video/paper/VisTouch_paper_f9_r1_v1_winl03.avi
VisTouch_paper_f9_r1_v1_winl04,paper_f9_r1_v1,paper,baizhi,白纸,2,9,1,1,sliding,winl04,test,1607158469.520,1607158483.520,14.000,dataset/audio/paper/VisTouch_paper_f9_r1_v1_winl04.wav,dataset/tactile/paper/VisTouch_paper_f9_r1_v1_winl04.csv,dataset/video/paper/VisTouch_paper_f9_r1_v1_winl04.avi
VisTouch_paper_f9_r1_v1_winl05,paper_f9_r1_v1,paper,baizhi,白纸,2,9,1,1,sliding,winl05,test,1607158476.520,1607158490.520,14.000,dataset/audio/paper/VisTouch_paper_f9_r1_v1_winl05.wav,dataset/tactile/paper/VisTouch_paper_f9_r1_v1_winl05.csv,dataset/video/paper/VisTouch_paper_f9_r1_v1_winl05.avi
VisTouch_paper_f9_r1_v1_winl06,paper_f9_r1_v1,paper,baizhi,白纸,2,9,1,1,sliding,winl06,test,1607158483.520,1607158497.520,14.000,dataset/audio/paper/VisTouch_paper_f9_r1_v1_winl06.wav,dataset/tactile/paper/VisTouch_paper_f9_r1_v1_winl06.csv,dataset/video/paper/VisTouch_paper_f9_r1_v1_winl06.avi
VisTouch_paper_f9_r1_v1_winl07,paper_f9_r1_v1,paper,baizhi,白纸,2,9,1,1,sliding,winl07,test,1607158490.520,1607158504.520,14.000,dataset/audio/paper/VisTouch_paper_f9_r1_v1_winl07.wav,dataset/tactile/paper/VisTouch_paper_f9_r1_v1_winl07.csv,dataset/video/paper/VisTouch_paper_f9_r1_v1_winl07.avi
VisTouch_paper_f9_r1_v1_winl08,paper_f9_r1_v1,paper,baizhi,白纸,2,9,1,1,sliding,winl08,test,1607158497.520,1607158511.520,14.000,dataset/audio/paper/VisTouch_paper_f9_r1_v1_winl08.wav,dataset/tactile/paper/VisTouch_paper_f9_r1_v1_winl08.csv,dataset/video/paper/VisTouch_paper_f9_r1_v1_winl08.avi
VisTouch_polyester_f3_r1_v1_seg01,polyester_f3_r1_v1,polyester,dilun,涤纶,3,3,1,1,cycle,seg01,train,1607155505.360,1607155515.700,10.340,dataset/audio/polyester/VisTouch_polyester_f3_r1_v1_seg01.wav,dataset/tactile/polyester/VisTouch_polyester_f3_r1_v1_seg01.csv,dataset/video/polyester/VisTouch_polyester_f3_r1_v1_seg01.avi
VisTouch_polyester_f3_r1_v1_seg02,polyester_f3_r1_v1,polyester,dilun,涤纶,3,3,1,1,cycle,seg02,train,1607155515.700,1607155525.880,10.180,dataset/audio/polyester/VisTouch_polyester_f3_r1_v1_seg02.wav,dataset/tactile/polyester/VisTouch_polyester_f3_r1_v1_seg02.csv,dataset/video/polyester/VisTouch_polyester_f3_r1_v1_seg02.avi
VisTouch_polyester_f3_r1_v1_seg03,polyester_f3_r1_v1,polyester,dilun,涤纶,3,3,1,1,cycle,seg03,train,1607155525.880,1607155536.200,10.320,dataset/audio/polyester/VisTouch_polyester_f3_r1_v1_seg03.wav,dataset/tactile/polyester/VisTouch_polyester_f3_r1_v1_seg03.csv,dataset/video/polyester/VisTouch_polyester_f3_r1_v1_seg03.avi
VisTouch_polyester_f3_r1_v1_seg04,polyester_f3_r1_v1,polyester,dilun,涤纶,3,3,1,1,cycle,seg04,train,1607155536.200,1607155546.460,10.260,dataset/audio/polyester/VisTouch_polyester_f3_r1_v1_seg04.wav,dataset/tactile/polyester/VisTouch_polyester_f3_r1_v1_seg04.csv,dataset/video/polyester/VisTouch_polyester_f3_r1_v1_seg04.avi
VisTouch_polyester_f3_r1_v1_seg05,polyester_f3_r1_v1,polyester,dilun,涤纶,3,3,1,1,cycle,seg05,train,1607155546.460,1607155556.740,10.280,dataset/audio/polyester/VisTouch_polyester_f3_r1_v1_seg05.wav,dataset/tactile/polyester/VisTouch_polyester_f3_r1_v1_seg05.csv,dataset/video/polyester/VisTouch_polyester_f3_r1_v1_seg05.avi
VisTouch_polyester_f3_r1_v1_wins01,polyester_f3_r1_v1,polyester,dilun,涤纶,3,3,1,1,sliding,wins01,train,1607155498.000,1607155505.000,7.000,dataset/audio/polyester/VisTouch_polyester_f3_r1_v1_wins01.wav,dataset/tactile/polyester/VisTouch_polyester_f3_r1_v1_wins01.csv,dataset/video/polyester/VisTouch_polyester_f3_r1_v1_wins01.avi
VisTouch_polyester_f3_r1_v1_wins02,polyester_f3_r1_v1,polyester,dilun,涤纶,3,3,1,1,sliding,wins02,train,1607155501.500,1607155508.500,7.000,dataset/audio/polyester/VisTouch_polyester_f3_r1_v1_wins02.wav,dataset/tactile/polyester/VisTouch_polyester_f3_r1_v1_wins02.csv,dataset/video/polyester/VisTouch_polyester_f3_r1_v1_wins02.avi
VisTouch_polyester_f3_r1_v1_wins03,polyester_f3_r1_v1,polyester,dilun,涤纶,3,3,1,1,sliding,wins03,train,1607155505.000,1607155512.000,7.000,dataset/audio/polyester/VisTouch_polyester_f3_r1_v1_wins03.wav,dataset/tactile/polyester/VisTouch_polyester_f3_r1_v1_wins03.csv,dataset/video/polyester/VisTouch_polyester_f3_r1_v1_wins03.avi
VisTouch_polyester_f3_r1_v1_wins04,polyester_f3_r1_v1,polyester,dilun,涤纶,3,3,1,1,sliding,wins04,train,1607155508.500,1607155515.500,7.000,dataset/audio/polyester/VisTouch_polyester_f3_r1_v1_wins04.wav,dataset/tactile/polyester/VisTouch_polyester_f3_r1_v1_wins04.csv,dataset/video/polyester/VisTouch_polyester_f3_r1_v1_wins04.avi
VisTouch_polyester_f3_r1_v1_wins05,polyester_f3_r1_v1,polyester,dilun,涤纶,3,3,1,1,sliding,wins05,train,1607155512.000,1607155519.000,7.000,dataset/audio/polyester/VisTouch_polyester_f3_r1_v1_wins05.wav,dataset/tactile/polyester/VisTouch_polyester_f3_r1_v1_wins05.csv,dataset/video/polyester/VisTouch_polyester_f3_r1_v1_wins05.avi
VisTouch_polyester_f3_r1_v1_wins06,polyester_f3_r1_v1,polyester,dilun,涤纶,3,3,1,1,sliding,wins06,train,1607155515.500,1607155522.500,7.000,dataset/audio/polyester/VisTouch_polyester_f3_r1_v1_wins06.wav,dataset/tactile/polyester/VisTouch_polyester_f3_r1_v1_wins06.csv,dataset/video/polyester/VisTouch_polyester_f3_r1_v1_wins06.avi
VisTouch_polyester_f3_r1_v1_wins07,polyester_f3_r1_v1,polyester,dilun,涤纶,3,3,1,1,sliding,wins07,train,1607155519.000,1607155526.000,7.000,dataset/audio/polyester/VisTouch_polyester_f3_r1_v1_wins07.wav,dataset/tactile/polyester/VisTouch_polyester_f3_r1_v1_wins07.csv,dataset/video/polyester/VisTouch_polyester_f3_r1_v1_wins07.avi
VisTouch_polyester_f3_r1_v1_wins08,polyester_f3_r1_v1,polyester,dilun,涤纶,3,3,1,1,sliding,wins08,train,1607155522.500,1607155529.500,7.000,dataset/audio/polyester/VisTouch_polyester_f3_r1_v1_wins08.wav,dataset/tactile/polyester/VisTouch_polyester_f3_r1_v1_wins08.csv,dataset/video/polyester/VisTouch_polyester_f3_r1_v1_wins08.avi
VisTouch_polyester_f3_r1_v1_wins09,polyester_f3_r1_v1,polyester,dilun,涤纶,3,3,1,1,sliding,wins09,train,1607155526.000,1607155533.000,7.000,dataset/audio/polyester/VisTouch_polyester_f3_r1_v1_wins09.wav,dataset/tactile/polyester/VisTouch_polyester_f3_r1_v1_wins09.csv,dataset/video/polyester/VisTouch_polyester_f3_r1_v1_wins09.avi
VisTouch_polyester_f3_r1_v1_wins10,polyester_f3_r1_v1,polyester,dilun,涤纶,3,3,1,1,sliding,wins10,train,1607155529.500,1607155536.500,7.000,dataset/audio/polyester/VisTouch_polyester_f3_r1_v1_wins10.wav,dataset/tactile/polyester/VisTouch_polyester_f3_r1_v1_wins10.csv,dataset/video/polyester/VisTouch_polyester_f3_r1_v1_wins10.avi
VisTouch_polyester_f3_r1_v1_wins11,polyester_f3_r1_v1,polyester,dilun,涤纶,3,3,1,1,sliding,wins11,train,1607155533.000,1607155540.000,7.000,dataset/audio/polyester/VisTouch_polyester_f3_r1_v1_wins11.wav,dataset/tactile/polyester/VisTouch_polyester_f3_r1_v1_wins11.csv,dataset/video/polyester/VisTouch_polyester_f3_r1_v1_wins11.avi
VisTouch_polyester_f3_r1_v1_wins12,polyester_f3_r1_v1,polyester,dilun,涤纶,3,3,1,1,sliding,wins12,train,1607155536.500,1607155543.500,7.000,dataset/audio/polyester/VisTouch_polyester_f3_r1_v1_wins12.wav,dataset/tactile/polyester/VisTouch_polyester_f3_r1_v1_wins12.csv,dataset/video/polyester/VisTouch_polyester_f3_r1_v1_wins12.avi
VisTouch_polyester_f3_r1_v1_wins13,polyester_f3_r1_v1,polyester,dilun,涤纶,3,3,1,1,sliding,wins13,train,1607155540.000,1607155547.000,7.000,dataset/audio/polyester/VisTouch_polyester_f3_r1_v1_wins13.wav,dataset/tactile/polyester/VisTouch_polyester_f3_r1_v1_wins13.csv,dataset/video/polyester/VisTouch_polyester_f3_r1_v1_wins13.avi
VisTouch_polyester_f3_r1_v1_wins14,polyester_f3_r1_v1,polyester,dilun,涤纶,3,3,1,1,sliding,wins14,train,1607155543.500,1607155550.500,7.000,dataset/audio/polyester/VisTouch_polyester_f3_r1_v1_wins14.wav,dataset/tactile/polyester/VisTouch_polyester_f3_r1_v1_wins14.csv,dataset/video/polyester/VisTouch_polyester_f3_r1_v1_wins14.avi
VisTouch_polyester_f3_r1_v1_wins15,polyester_f3_r1_v1,polyester,dilun,涤纶,3,3,1,1,sliding,wins15,train,1607155547.000,1607155554.000,7.000,dataset/audio/polyester/VisTouch_polyester_f3_r1_v1_wins15.wav,dataset/tactile/polyester/VisTouch_polyester_f3_r1_v1_wins15.csv,dataset/video/polyester/VisTouch_polyester_f3_r1_v1_wins15.avi
VisTouch_polyester_f3_r1_v1_wins16,polyester_f3_r1_v1,polyester,dilun,涤纶,3,3,1,1,sliding,wins16,train,1607155550.500,1607155557.500,7.000,dataset/audio/polyester/VisTouch_polyester_f3_r1_v1_wins16.wav,dataset/tactile/polyester/VisTouch_polyester_f3_r1_v1_wins16.csv,dataset/video/polyester/VisTouch_polyester_f3_r1_v1_wins16.avi
VisTouch_polyester_f3_r1_v1_wins17,polyester_f3_r1_v1,polyester,dilun,涤纶,3,3,1,1,sliding,wins17,train,1607155554.000,1607155561.000,7.000,dataset/audio/polyester/VisTouch_polyester_f3_r1_v1_wins17.wav,dataset/tactile/polyester/VisTouch_polyester_f3_r1_v1_wins17.csv,dataset/video/polyester/VisTouch_polyester_f3_r1_v1_wins17.avi
VisTouch_polyester_f3_r1_v1_winm01,polyester_f3_r1_v1,polyester,dilun,涤纶,3,3,1,1,sliding,winm01,train,1607155498.000,1607155508.300,10.300,dataset/audio/polyester/VisTouch_polyester_f3_r1_v1_winm01.wav,dataset/tactile/polyester/VisTouch_polyester_f3_r1_v1_winm01.csv,dataset/video/polyester/VisTouch_polyester_f3_r1_v1_winm01.avi
VisTouch_polyester_f3_r1_v1_winm02,polyester_f3_r1_v1,polyester,dilun,涤纶,3,3,1,1,sliding,winm02,train,1607155503.150,1607155513.450,10.300,dataset/audio/polyester/VisTouch_polyester_f3_r1_v1_winm02.wav,dataset/tactile/polyester/VisTouch_polyester_f3_r1_v1_winm02.csv,dataset/video/polyester/VisTouch_polyester_f3_r1_v1_winm02.avi
VisTouch_polyester_f3_r1_v1_winm03,polyester_f3_r1_v1,polyester,dilun,涤纶,3,3,1,1,sliding,winm03,train,1607155508.300,1607155518.600,10.300,dataset/audio/polyester/VisTouch_polyester_f3_r1_v1_winm03.wav,dataset/tactile/polyester/VisTouch_polyester_f3_r1_v1_winm03.csv,dataset/video/polyester/VisTouch_polyester_f3_r1_v1_winm03.avi
VisTouch_polyester_f3_r1_v1_winm04,polyester_f3_r1_v1,polyester,dilun,涤纶,3,3,1,1,sliding,winm04,train,1607155513.450,1607155523.750,10.300,dataset/audio/polyester/VisTouch_polyester_f3_r1_v1_winm04.wav,dataset/tactile/polyester/VisTouch_polyester_f3_r1_v1_winm04.csv,dataset/video/polyester/VisTouch_polyester_f3_r1_v1_winm04.avi
VisTouch_polyester_f3_r1_v1_winm05,polyester_f3_r1_v1,polyester,dilun,涤纶,3,3,1,1,sliding,winm05,train,1607155518.600,1607155528.900,10.300,dataset/audio/polyester/VisTouch_polyester_f3_r1_v1_winm05.wav,dataset/tactile/polyester/VisTouch_polyester_f3_r1_v1_winm05.csv,dataset/video/polyester/VisTouch_polyester_f3_r1_v1_winm05.avi
VisTouch_polyester_f3_r1_v1_winm06,polyester_f3_r1_v1,polyester,dilun,涤纶,3,3,1,1,sliding,winm06,train,1607155523.750,1607155534.050,10.300,dataset/audio/polyester/VisTouch_polyester_f3_r1_v1_winm06.wav,dataset/tactile/polyester/VisTouch_polyester_f3_r1_v1_winm06.csv,dataset/video/polyester/VisTouch_polyester_f3_r1_v1_winm06.avi
VisTouch_polyester_f3_r1_v1_winm07,polyester_f3_r1_v1,polyester,dilun,涤纶,3,3,1,1,sliding,winm07,train,1607155528.900,1607155539.200,10.300,dataset/audio/polyester/VisTouch_polyester_f3_r1_v1_winm07.wav,dataset/tactile/polyester/VisTouch_polyester_f3_r1_v1_winm07.csv,dataset/video/polyester/VisTouch_polyester_f3_r1_v1_winm07.avi
VisTouch_polyester_f3_r1_v1_winm08,polyester_f3_r1_v1,polyester,dilun,涤纶,3,3,1,1,sliding,winm08,train,1607155534.050,1607155544.350,10.300,dataset/audio/polyester/VisTouch_polyester_f3_r1_v1_winm08.wav,dataset/tactile/polyester/VisTouch_polyester_f3_r1_v1_winm08.csv,dataset/video/polyester/VisTouch_polyester_f3_r1_v1_winm08.avi
VisTouch_polyester_f3_r1_v1_winm09,polyester_f3_r1_v1,polyester,dilun,涤纶,3,3,1,1,sliding,winm09,train,1607155539.200,1607155549.500,10.300,dataset/audio/polyester/VisTouch_polyester_f3_r1_v1_winm09.wav,dataset/tactile/polyester/VisTouch_polyester_f3_r1_v1_winm09.csv,dataset/video/polyester/VisTouch_polyester_f3_r1_v1_winm09.avi
VisTouch_polyester_f3_r1_v1_winm10,polyester_f3_r1_v1,polyester,dilun,涤纶,3,3,1,1,sliding,winm10,train,1607155544.350,1607155554.650,10.300,dataset/audio/polyester/VisTouch_polyester_f3_r1_v1_winm10.wav,dataset/tactile/polyester/VisTouch_polyester_f3_r1_v1_winm10.csv,dataset/video/polyester/VisTouch_polyester_f3_r1_v1_winm10.avi
VisTouch_polyester_f3_r1_v1_winm11,polyester_f3_r1_v1,polyester,dilun,涤纶,3,3,1,1,sliding,winm11,train,1607155549.500,1607155559.800,10.300,dataset/audio/polyester/VisTouch_polyester_f3_r1_v1_winm11.wav,dataset/tactile/polyester/VisTouch_polyester_f3_r1_v1_winm11.csv,dataset/video/polyester/VisTouch_polyester_f3_r1_v1_winm11.avi
VisTouch_polyester_f3_r1_v1_winl01,polyester_f3_r1_v1,polyester,dilun,涤纶,3,3,1,1,sliding,winl01,train,1607155498.000,1607155512.000,14.000,dataset/audio/polyester/VisTouch_polyester_f3_r1_v1_winl01.wav,dataset/tactile/polyester/VisTouch_polyester_f3_r1_v1_winl01.csv,dataset/video/polyester/VisTouch_polyester_f3_r1_v1_winl01.avi
VisTouch_polyester_f3_r1_v1_winl02,polyester_f3_r1_v1,polyester,dilun,涤纶,3,3,1,1,sliding,winl02,train,1607155505.000,1607155519.000,14.000,dataset/audio/polyester/VisTouch_polyester_f3_r1_v1_winl02.wav,dataset/tactile/polyester/VisTouch_polyester_f3_r1_v1_winl02.csv,dataset/video/polyester/VisTouch_polyester_f3_r1_v1_winl02.avi
VisTouch_polyester_f3_r1_v1_winl03,polyester_f3_r1_v1,polyester,dilun,涤纶,3,3,1,1,sliding,winl03,train,1607155512.000,1607155526.000,14.000,dataset/audio/polyester/VisTouch_polyester_f3_r1_v1_winl03.wav,dataset/tactile/polyester/VisTouch_polyester_f3_r1_v1_winl03.csv,dataset/video/polyester/VisTouch_polyester_f3_r1_v1_winl03.avi
VisTouch_polyester_f3_r1_v1_winl04,polyester_f3_r1_v1,polyester,dilun,涤纶,3,3,1,1,sliding,winl04,train,1607155519.000,1607155533.000,14.000,dataset/audio/polyester/VisTouch_polyester_f3_r1_v1_winl04.wav,dataset/tactile/polyester/VisTouch_polyester_f3_r1_v1_winl04.csv,dataset/video/polyester/VisTouch_polyester_f3_r1_v1_winl04.avi
VisTouch_polyester_f3_r1_v1_winl05,polyester_f3_r1_v1,polyester,dilun,涤纶,3,3,1,1,sliding,winl05,train,1607155526.000,1607155540.000,14.000,dataset/audio/polyester/VisTouch_polyester_f3_r1_v1_winl05.wav,dataset/tactile/polyester/VisTouch_polyester_f3_r1_v1_winl05.csv,dataset/video/polyester/VisTouch_polyester_f3_r1_v1_winl05.avi
VisTouch_polyester_f3_r1_v1_winl06,polyester_f3_r1_v1,polyester,dilun,涤纶,3,3,1,1,sliding,winl06,train,1607155533.000,1607155547.000,14.000,dataset/audio/polyester/VisTouch_polyester_f3_r1_v1_winl06.wav,dataset/tactile/polyester/VisTouch_polyester_f3_r1_v1_winl06.csv,dataset/video/polyester/VisTouch_polyester_f3_r1_v1_winl06.avi
VisTouch_polyester_f3_r1_v1_winl07,polyester_f3_r1_v1,polyester,dilun,涤纶,3,3,1,1,sliding,winl07,train,1607155540.000,1607155554.000,14.000,dataset/audio/polyester/VisTouch_polyester_f3_r1_v1_winl07.wav,dataset/tactile/polyester/VisTouch_polyester_f3_r1_v1_winl07.csv,dataset/video/polyester/VisTouch_polyester_f3_r1_v1_winl07.avi
VisTouch_polyester_f3_r1_v1_winl08,polyester_f3_r1_v1,polyester,dilun,涤纶,3,3,1,1,sliding,winl08,train,1607155547.000,1607155561.000,14.000,dataset/audio/polyester/VisTouch_polyester_f3_r1_v1_winl08.wav,dataset/tactile/polyester/VisTouch_polyester_f3_r1_v1_winl08.csv,dataset/video/polyester/VisTouch_polyester_f3_r1_v1_winl08.avi
VisTouch_polyester_f6_r1_v1_seg01,polyester_f6_r1_v1,polyester,dilun,涤纶,3,6,1,1,cycle,seg01,train,1607155722.920,1607155733.180,10.260,dataset/audio/polyester/VisTouch_polyester_f6_r1_v1_seg01.wav,dataset/tactile/polyester/VisTouch_polyester_f6_r1_v1_seg01.csv,dataset/video/polyester/VisTouch_polyester_f6_r1_v1_seg01.avi
VisTouch_polyester_f6_r1_v1_seg02,polyester_f6_r1_v1,polyester,dilun,涤纶,3,6,1,1,cycle,seg02,train,1607155733.180,1607155743.400,10.220,dataset/audio/polyester/VisTouch_polyester_f6_r1_v1_seg02.wav,dataset/tactile/polyester/VisTouch_polyester_f6_r1_v1_seg02.csv,dataset/video/polyester/VisTouch_polyester_f6_r1_v1_seg02.avi
VisTouch_polyester_f6_r1_v1_seg03,polyester_f6_r1_v1,polyester,dilun,涤纶,3,6,1,1,cycle,seg03,train,1607155743.400,1607155753.640,10.240,dataset/audio/polyester/VisTouch_polyester_f6_r1_v1_seg03.wav,dataset/tactile/polyester/VisTouch_polyester_f6_r1_v1_seg03.csv,dataset/video/polyester/VisTouch_polyester_f6_r1_v1_seg03.avi
VisTouch_polyester_f6_r1_v1_seg04,polyester_f6_r1_v1,polyester,dilun,涤纶,3,6,1,1,cycle,seg04,train,1607155753.640,1607155763.880,10.240,dataset/audio/polyester/VisTouch_polyester_f6_r1_v1_seg04.wav,dataset/tactile/polyester/VisTouch_polyester_f6_r1_v1_seg04.csv,dataset/video/polyester/VisTouch_polyester_f6_r1_v1_seg04.avi
VisTouch_polyester_f6_r1_v1_seg05,polyester_f6_r1_v1,polyester,dilun,涤纶,3,6,1,1,cycle,seg05,train,1607155763.880,1607155774.120,10.240,dataset/audio/polyester/VisTouch_polyester_f6_r1_v1_seg05.wav,dataset/tactile/polyester/VisTouch_polyester_f6_r1_v1_seg05.csv,dataset/video/polyester/VisTouch_polyester_f6_r1_v1_seg05.avi
VisTouch_polyester_f6_r1_v1_wins01,polyester_f6_r1_v1,polyester,dilun,涤纶,3,6,1,1,sliding,wins01,train,1607155716.000,1607155723.000,7.000,dataset/audio/polyester/VisTouch_polyester_f6_r1_v1_wins01.wav,dataset/tactile/polyester/VisTouch_polyester_f6_r1_v1_wins01.csv,dataset/video/polyester/VisTouch_polyester_f6_r1_v1_wins01.avi
VisTouch_polyester_f6_r1_v1_wins02,polyester_f6_r1_v1,polyester,dilun,涤纶,3,6,1,1,sliding,wins02,train,1607155719.500,1607155726.500,7.000,dataset/audio/polyester/VisTouch_polyester_f6_r1_v1_wins02.wav,dataset/tactile/polyester/VisTouch_polyester_f6_r1_v1_wins02.csv,dataset/video/polyester/VisTouch_polyester_f6_r1_v1_wins02.avi
VisTouch_polyester_f6_r1_v1_wins03,polyester_f6_r1_v1,polyester,dilun,涤纶,3,6,1,1,sliding,wins03,train,1607155723.000,1607155730.000,7.000,dataset/audio/polyester/VisTouch_polyester_f6_r1_v1_wins03.wav,dataset/tactile/polyester/VisTouch_polyester_f6_r1_v1_wins03.csv,dataset/video/polyester/VisTouch_polyester_f6_r1_v1_wins03.avi
VisTouch_polyester_f6_r1_v1_wins04,polyester_f6_r1_v1,polyester,dilun,涤纶,3,6,1,1,sliding,wins04,train,1607155726.500,1607155733.500,7.000,dataset/audio/polyester/VisTouch_polyester_f6_r1_v1_wins04.wav,dataset/tactile/polyester/VisTouch_polyester_f6_r1_v1_wins04.csv,dataset/video/polyester/VisTouch_polyester_f6_r1_v1_wins04.avi
VisTouch_polyester_f6_r1_v1_wins05,polyester_f6_r1_v1,polyester,dilun,涤纶,3,6,1,1,sliding,wins05,train,1607155730.000,1607155737.000,7.000,dataset/audio/polyester/VisTouch_polyester_f6_r1_v1_wins05.wav,dataset/tactile/polyester/VisTouch_polyester_f6_r1_v1_wins05.csv,dataset/video/polyester/VisTouch_polyester_f6_r1_v1_wins05.avi
VisTouch_polyester_f6_r1_v1_wins06,polyester_f6_r1_v1,polyester,dilun,涤纶,3,6,1,1,sliding,wins06,train,1607155733.500,1607155740.500,7.000,dataset/audio/polyester/VisTouch_polyester_f6_r1_v1_wins06.wav,dataset/tactile/polyester/VisTouch_polyester_f6_r1_v1_wins06.csv,dataset/video/polyester/VisTouch_polyester_f6_r1_v1_wins06.avi
VisTouch_polyester_f6_r1_v1_wins07,polyester_f6_r1_v1,polyester,dilun,涤纶,3,6,1,1,sliding,wins07,train,1607155737.000,1607155744.000,7.000,dataset/audio/polyester/VisTouch_polyester_f6_r1_v1_wins07.wav,dataset/tactile/polyester/VisTouch_polyester_f6_r1_v1_wins07.csv,dataset/video/polyester/VisTouch_polyester_f6_r1_v1_wins07.avi
VisTouch_polyester_f6_r1_v1_wins08,polyester_f6_r1_v1,polyester,dilun,涤纶,3,6,1,1,sliding,wins08,train,1607155740.500,1607155747.500,7.000,dataset/audio/polyester/VisTouch_polyester_f6_r1_v1_wins08.wav,dataset/tactile/polyester/VisTouch_polyester_f6_r1_v1_wins08.csv,dataset/video/polyester/VisTouch_polyester_f6_r1_v1_wins08.avi
VisTouch_polyester_f6_r1_v1_wins09,polyester_f6_r1_v1,polyester,dilun,涤纶,3,6,1,1,sliding,wins09,train,1607155744.000,1607155751.000,7.000,dataset/audio/polyester/VisTouch_polyester_f6_r1_v1_wins09.wav,dataset/tactile/polyester/VisTouch_polyester_f6_r1_v1_wins09.csv,dataset/video/polyester/VisTouch_polyester_f6_r1_v1_wins09.avi
VisTouch_polyester_f6_r1_v1_wins10,polyester_f6_r1_v1,polyester,dilun,涤纶,3,6,1,1,sliding,wins10,train,1607155747.500,1607155754.500,7.000,dataset/audio/polyester/VisTouch_polyester_f6_r1_v1_wins10.wav,dataset/tactile/polyester/VisTouch_polyester_f6_r1_v1_wins10.csv,dataset/video/polyester/VisTouch_polyester_f6_r1_v1_wins10.avi
VisTouch_polyester_f6_r1_v1_wins11,polyester_f6_r1_v1,polyester,dilun,涤纶,3,6,1,1,sliding,wins11,train,1607155751.000,1607155758.000,7.000,dataset/audio/polyester/VisTouch_polyester_f6_r1_v1_wins11.wav,dataset/tactile/polyester/VisTouch_polyester_f6_r1_v1_wins11.csv,dataset/video/polyester/VisTouch_polyester_f6_r1_v1_wins11.avi
VisTouch_polyester_f6_r1_v1_wins12,polyester_f6_r1_v1,polyester,dilun,涤纶,3,6,1,1,sliding,wins12,train,1607155754.500,1607155761.500,7.000,dataset/audio/polyester/VisTouch_polyester_f6_r1_v1_wins12.wav,dataset/tactile/polyester/VisTouch_polyester_f6_r1_v1_wins12.csv,dataset/video/polyester/VisTouch_polyester_f6_r1_v1_wins12.avi
VisTouch_polyester_f6_r1_v1_wins13,polyester_f6_r1_v1,polyester,dilun,涤纶,3,6,1,1,sliding,wins13,train,1607155758.000,1607155765.000,7.000,dataset/audio/polyester/VisTouch_polyester_f6_r1_v1_wins13.wav,dataset/tactile/polyester/VisTouch_polyester_f6_r1_v1_wins13.csv,dataset/video/polyester/VisTouch_polyester_f6_r1_v1_wins13.avi
VisTouch_polyester_f6_r1_v1_wins14,polyester_f6_r1_v1,polyester,dilun,涤纶,3,6,1,1,sliding,wins14,train,1607155761.500,1607155768.500,7.000,dataset/audio/polyester/VisTouch_polyester_f6_r1_v1_wins14.wav,dataset/tactile/polyester/VisTouch_polyester_f6_r1_v1_wins14.csv,dataset/video/polyester/VisTouch_polyester_f6_r1_v1_wins14.avi
VisTouch_polyester_f6_r1_v1_wins15,polyester_f6_r1_v1,polyester,dilun,涤纶,3,6,1,1,sliding,wins15,train,1607155765.000,1607155772.000,7.000,dataset/audio/polyester/VisTouch_polyester_f6_r1_v1_wins15.wav,dataset/tactile/polyester/VisTouch_polyester_f6_r1_v1_wins15.csv,dataset/video/polyester/VisTouch_polyester_f6_r1_v1_wins15.avi
VisTouch_polyester_f6_r1_v1_wins16,polyester_f6_r1_v1,polyester,dilun,涤纶,3,6,1,1,sliding,wins16,train,1607155768.500,1607155775.500,7.000,dataset/audio/polyester/VisTouch_polyester_f6_r1_v1_wins16.wav,dataset/tactile/polyester/VisTouch_polyester_f6_r1_v1_wins16.csv,dataset/video/polyester/VisTouch_polyester_f6_r1_v1_wins16.avi
VisTouch_polyester_f6_r1_v1_wins17,polyester_f6_r1_v1,polyester,dilun,涤纶,3,6,1,1,sliding,wins17,train,1607155772.000,1607155779.000,7.000,dataset/audio/polyester/VisTouch_polyester_f6_r1_v1_wins17.wav,dataset/tactile/polyester/VisTouch_polyester_f6_r1_v1_wins17.csv,dataset/video/polyester/VisTouch_polyester_f6_r1_v1_wins17.avi
VisTouch_polyester_f6_r1_v1_winm01,polyester_f6_r1_v1,polyester,dilun,涤纶,3,6,1,1,sliding,winm01,train,1607155716.000,1607155726.300,10.300,dataset/audio/polyester/VisTouch_polyester_f6_r1_v1_winm01.wav,dataset/tactile/polyester/VisTouch_polyester_f6_r1_v1_winm01.csv,dataset/video/polyester/VisTouch_polyester_f6_r1_v1_winm01.avi
VisTouch_polyester_f6_r1_v1_winm02,polyester_f6_r1_v1,polyester,dilun,涤纶,3,6,1,1,sliding,winm02,train,1607155721.150,1607155731.450,10.300,dataset/audio/polyester/VisTouch_polyester_f6_r1_v1_winm02.wav,dataset/tactile/polyester/VisTouch_polyester_f6_r1_v1_winm02.csv,dataset/video/polyester/VisTouch_polyester_f6_r1_v1_winm02.avi
VisTouch_polyester_f6_r1_v1_winm03,polyester_f6_r1_v1,polyester,dilun,涤纶,3,6,1,1,sliding,winm03,train,1607155726.300,1607155736.600,10.300,dataset/audio/polyester/VisTouch_polyester_f6_r1_v1_winm03.wav,dataset/tactile/polyester/VisTouch_polyester_f6_r1_v1_winm03.csv,dataset/video/polyester/VisTouch_polyester_f6_r1_v1_winm03.avi
VisTouch_polyester_f6_r1_v1_winm04,polyester_f6_r1_v1,polyester,dilun,涤纶,3,6,1,1,sliding,winm04,train,1607155731.450,1607155741.750,10.300,dataset/audio/polyester/VisTouch_polyester_f6_r1_v1_winm04.wav,dataset/tactile/polyester/VisTouch_polyester_f6_r1_v1_winm04.csv,dataset/video/polyester/VisTouch_polyester_f6_r1_v1_winm04.avi
VisTouch_polyester_f6_r1_v1_winm05,polyester_f6_r1_v1,polyester,dilun,涤纶,3,6,1,1,sliding,winm05,train,1607155736.600,1607155746.900,10.300,dataset/audio/polyester/VisTouch_polyester_f6_r1_v1_winm05.wav,dataset/tactile/polyester/VisTouch_polyester_f6_r1_v1_winm05.csv,dataset/video/polyester/VisTouch_polyester_f6_r1_v1_winm05.avi
VisTouch_polyester_f6_r1_v1_winm06,polyester_f6_r1_v1,polyester,dilun,涤纶,3,6,1,1,sliding,winm06,train,1607155741.750,1607155752.050,10.300,dataset/audio/polyester/VisTouch_polyester_f6_r1_v1_winm06.wav,dataset/tactile/polyester/VisTouch_polyester_f6_r1_v1_winm06.csv,dataset/video/polyester/VisTouch_polyester_f6_r1_v1_winm06.avi
VisTouch_polyester_f6_r1_v1_winm07,polyester_f6_r1_v1,polyester,dilun,涤纶,3,6,1,1,sliding,winm07,train,1607155746.900,1607155757.200,10.300,dataset/audio/polyester/VisTouch_polyester_f6_r1_v1_winm07.wav,dataset/tactile/polyester/VisTouch_polyester_f6_r1_v1_winm07.csv,dataset/video/polyester/VisTouch_polyester_f6_r1_v1_winm07.avi
VisTouch_polyester_f6_r1_v1_winm08,polyester_f6_r1_v1,polyester,dilun,涤纶,3,6,1,1,sliding,winm08,train,1607155752.050,1607155762.350,10.300,dataset/audio/polyester/VisTouch_polyester_f6_r1_v1_winm08.wav,dataset/tactile/polyester/VisTouch_polyester_f6_r1_v1_winm08.csv,dataset/video/polyester/VisTouch_polyester_f6_r1_v1_winm08.avi
VisTouch_polyester_f6_r1_v1_winm09,polyester_f6_r1_v1,polyester,dilun,涤纶,3,6,1,1,sliding,winm09,train,1607155757.200,1607155767.500,10.300,dataset/audio/polyester/VisTouch_polyester_f6_r1_v1_winm09.wav,dataset/tactile/polyester/VisTouch_polyester_f6_r1_v1_winm09.csv,dataset/video/polyester/VisTouch_polyester_f6_r1_v1_winm09.avi
VisTouch_polyester_f6_r1_v1_winm10,polyester_f6_r1_v1,polyester,dilun,涤纶,3,6,1,1,sliding,winm10,train,1607155762.350,1607155772.650,10.300,dataset/audio/polyester/VisTouch_polyester_f6_r1_v1_winm10.wav,dataset/tactile/polyester/VisTouch_polyester_f6_r1_v1_winm10.csv,dataset/video/polyester/VisTouch_polyester_f6_r1_v1_winm10.avi
VisTouch_polyester_f6_r1_v1_winm11,polyester_f6_r1_v1,polyester,dilun,涤纶,3,6,1,1,sliding,winm11,train,1607155767.500,1607155777.800,10.300,dataset/audio/polyester/VisTouch_polyester_f6_r1_v1_winm11.wav,dataset/tactile/polyester/VisTouch_polyester_f6_r1_v1_winm11.csv,dataset/video/polyester/VisTouch_polyester_f6_r1_v1_winm11.avi
VisTouch_polyester_f6_r1_v1_winl01,polyester_f6_r1_v1,polyester,dilun,涤纶,3,6,1,1,sliding,winl01,train,1607155716.000,1607155730.000,14.000,dataset/audio/polyester/VisTouch_polyester_f6_r1_v1_winl01.wav,dataset/tactile/polyester/VisTouch_polyester_f6_r1_v1_winl01.csv,dataset/video/polyester/VisTouch_polyester_f6_r1_v1_winl01.avi
VisTouch_polyester_f6_r1_v1_winl02,polyester_f6_r1_v1,polyester,dilun,涤纶,3,6,1,1,sliding,winl02,train,1607155723.000,1607155737.000,14.000,dataset/audio/polyester/VisTouch_polyester_f6_r1_v1_winl02.wav,dataset/tactile/polyester/VisTouch_polyester_f6_r1_v1_winl02.csv,dataset/video/polyester/VisTouch_polyester_f6_r1_v1_winl02.avi
VisTouch_polyester_f6_r1_v1_winl03,polyester_f6_r1_v1,polyester,dilun,涤纶,3,6,1,1,sliding,winl03,train,1607155730.000,1607155744.000,14.000,dataset/audio/polyester/VisTouch_polyester_f6_r1_v1_winl03.wav,dataset/tactile/polyester/VisTouch_polyester_f6_r1_v1_winl03.csv,dataset/video/polyester/VisTouch_polyester_f6_r1_v1_winl03.avi
VisTouch_polyester_f6_r1_v1_winl04,polyester_f6_r1_v1,polyester,dilun,涤纶,3,6,1,1,sliding,winl04,train,1607155737.000,1607155751.000,14.000,dataset/audio/polyester/VisTouch_polyester_f6_r1_v1_winl04.wav,dataset/tactile/polyester/VisTouch_polyester_f6_r1_v1_winl04.csv,dataset/video/polyester/VisTouch_polyester_f6_r1_v1_winl04.avi
VisTouch_polyester_f6_r1_v1_winl05,polyester_f6_r1_v1,polyester,dilun,涤纶,3,6,1,1,sliding,winl05,train,1607155744.000,1607155758.000,14.000,dataset/audio/polyester/VisTouch_polyester_f6_r1_v1_winl05.wav,dataset/tactile/polyester/VisTouch_polyester_f6_r1_v1_winl05.csv,dataset/video/polyester/VisTouch_polyester_f6_r1_v1_winl05.avi
VisTouch_polyester_f6_r1_v1_winl06,polyester_f6_r1_v1,polyester,dilun,涤纶,3,6,1,1,sliding,winl06,train,1607155751.000,1607155765.000,14.000,dataset/audio/polyester/VisTouch_polyester_f6_r1_v1_winl06.wav,dataset/tactile/polyester/VisTouch_polyester_f6_r1_v1_winl06.csv,dataset/video/polyester/VisTouch_polyester_f6_r1_v1_winl06.avi
VisTouch_polyester_f6_r1_v1_winl07,polyester_f6_r1_v1,polyester,dilun,涤纶,3,6,1,1,sliding,winl07,train,1607155758.000,1607155772.000,14.000,dataset/audio/polyester/VisTouch_polyester_f6_r1_v1_winl07.wav,dataset/tactile/polyester/VisTouch_polyester_f6_r1_v1_winl07.csv,dataset/video/polyester/VisTouch_polyester_f6_r1_v1_winl07.avi
VisTouch_polyester_f6_r1_v1_winl08,polyester_f6_r1_v1,polyester,dilun,涤纶,3,6,1,1,sliding,winl08,train,1607155765.000,1607155779.000,14.000,dataset/audio/polyester/VisTouch_polyester_f6_r1_v1_winl08.wav,dataset/tactile/polyester/VisTouch_polyester_f6_r1_v1_winl08.csv,dataset/video/polyester/VisTouch_polyester_f6_r1_v1_winl08.avi
VisTouch_polyester_f9_r1_v1_seg01,polyester_f9_r1_v1,polyester,dilun,涤纶,3,9,1,1,cycle,seg01,test,1607155866.420,1607155876.620,10.200,dataset/audio/polyester/VisTouch_polyester_f9_r1_v1_seg01.wav,dataset/tactile/polyester/VisTouch_polyester_f9_r1_v1_seg01.csv,dataset/video/polyester/VisTouch_polyester_f9_r1_v1_seg01.avi
VisTouch_polyester_f9_r1_v1_seg02,polyester_f9_r1_v1,polyester,dilun,涤纶,3,9,1,1,cycle,seg02,test,1607155876.620,1607155886.740,10.120,dataset/audio/polyester/VisTouch_polyester_f9_r1_v1_seg02.wav,dataset/tactile/polyester/VisTouch_polyester_f9_r1_v1_seg02.csv,dataset/video/polyester/VisTouch_polyester_f9_r1_v1_seg02.avi
VisTouch_polyester_f9_r1_v1_seg03,polyester_f9_r1_v1,polyester,dilun,涤纶,3,9,1,1,cycle,seg03,test,1607155886.740,1607155896.940,10.200,dataset/audio/polyester/VisTouch_polyester_f9_r1_v1_seg03.wav,dataset/tactile/polyester/VisTouch_polyester_f9_r1_v1_seg03.csv,dataset/video/polyester/VisTouch_polyester_f9_r1_v1_seg03.avi
VisTouch_polyester_f9_r1_v1_seg04,polyester_f9_r1_v1,polyester,dilun,涤纶,3,9,1,1,cycle,seg04,test,1607155896.940,1607155907.120,10.180,dataset/audio/polyester/VisTouch_polyester_f9_r1_v1_seg04.wav,dataset/tactile/polyester/VisTouch_polyester_f9_r1_v1_seg04.csv,dataset/video/polyester/VisTouch_polyester_f9_r1_v1_seg04.avi
VisTouch_polyester_f9_r1_v1_seg05,polyester_f9_r1_v1,polyester,dilun,涤纶,3,9,1,1,cycle,seg05,test,1607155907.120,1607155917.280,10.160,dataset/audio/polyester/VisTouch_polyester_f9_r1_v1_seg05.wav,dataset/tactile/polyester/VisTouch_polyester_f9_r1_v1_seg05.csv,dataset/video/polyester/VisTouch_polyester_f9_r1_v1_seg05.avi
VisTouch_polyester_f9_r1_v1_wins01,polyester_f9_r1_v1,polyester,dilun,涤纶,3,9,1,1,sliding,wins01,test,1607155860.000,1607155866.000,6.000,dataset/audio/polyester/VisTouch_polyester_f9_r1_v1_wins01.wav,dataset/tactile/polyester/VisTouch_polyester_f9_r1_v1_wins01.csv,dataset/video/polyester/VisTouch_polyester_f9_r1_v1_wins01.avi
VisTouch_polyester_f9_r1_v1_wins02,polyester_f9_r1_v1,polyester,dilun,涤纶,3,9,1,1,sliding,wins02,test,1607155862.500,1607155869.500,7.000,dataset/audio/polyester/VisTouch_polyester_f9_r1_v1_wins02.wav,dataset/tactile/polyester/VisTouch_polyester_f9_r1_v1_wins02.csv,dataset/video/polyester/VisTouch_polyester_f9_r1_v1_wins02.avi
VisTouch_polyester_f9_r1_v1_wins03,polyester_f9_r1_v1,polyester,dilun,涤纶,3,9,1,1,sliding,wins03,test,1607155866.000,1607155873.000,7.000,dataset/audio/polyester/VisTouch_polyester_f9_r1_v1_wins03.wav,dataset/tactile/polyester/VisTouch_polyester_f9_r1_v1_wins03.csv,dataset/video/polyester/VisTouch_polyester_f9_r1_v1_wins03.avi
VisTouch_polyester_f9_r1_v1_wins04,polyester_f9_r1_v1,polyester,dilun,涤纶,3,9,1,1,sliding,wins04,test,1607155869.500,1607155876.500,7.000,dataset/audio/polyester/VisTouch_polyester_f9_r1_v1_wins04.wav,dataset/tactile/polyester/VisTouch_polyester_f9_r1_v1_wins04.csv,dataset/video/polyester/VisTouch_polyester_f9_r1_v1_wins04.avi
VisTouch_polyester_f9_r1_v1_wins05,polyester_f9_r1_v1,polyester,dilun,涤纶,3,9,1,1,sliding,wins05,test,1607155873.000,1607155880.000,7.000,dataset/audio/polyester/VisTouch_polyester_f9_r1_v1_wins05.wav,dataset/tactile/polyester/VisTouch_polyester_f9_r1_v1_wins05.csv,dataset/video/polyester/VisTouch_polyester_f9_r1_v1_wins05.avi
VisTouch_polyester_f9_r1_v1_wins06,polyester_f9_r1_v1,polyester,dilun,涤纶,3,9,1,1,sliding,wins06,test,1607155876.500,1607155883.500,7.000,dataset/audio/polyester/VisTouch_polyester_f9_r1_v1_wins06.wav,dataset/tactile/polyester/VisTouch_polyester_f9_r1_v1_wins06.csv,dataset/video/polyester/VisTouch_polyester_f9_r1_v1_wins06.avi
VisTouch_polyester_f9_r1_v1_wins07,polyester_f9_r1_v1,polyester,dilun,涤纶,3,9,1,1,sliding,wins07,test,1607155880.000,1607155887.000,7.000,dataset/audio/polyester/VisTouch_polyester_f9_r1_v1_wins07.wav,dataset/tactile/polyester/VisTouch_polyester_f9_r1_v1_wins07.csv,dataset/video/polyester/VisTouch_polyester_f9_r1_v1_wins07.avi
VisTouch_polyester_f9_r1_v1_wins08,polyester_f9_r1_v1,polyester,dilun,涤纶,3,9,1,1,sliding,wins08,test,1607155883.500,1607155890.500,7.000,dataset/audio/polyester/VisTouch_polyester_f9_r1_v1_wins08.wav,dataset/tactile/polyester/VisTouch_polyester_f9_r1_v1_wins08.csv,dataset/video/polyester/VisTouch_polyester_f9_r1_v1_wins08.avi
VisTouch_polyester_f9_r1_v1_wins09,polyester_f9_r1_v1,polyester,dilun,涤纶,3,9,1,1,sliding,wins09,test,1607155887.000,1607155894.000,7.000,dataset/audio/polyester/VisTouch_polyester_f9_r1_v1_wins09.wav,dataset/tactile/polyester/VisTouch_polyester_f9_r1_v1_wins09.csv,dataset/video/polyester/VisTouch_polyester_f9_r1_v1_wins09.avi
VisTouch_polyester_f9_r1_v1_wins10,polyester_f9_r1_v1,polyester,dilun,涤纶,3,9,1,1,sliding,wins10,test,1607155890.500,1607155897.500,7.000,dataset/audio/polyester/VisTouch_polyester_f9_r1_v1_wins10.wav,dataset/tactile/polyester/VisTouch_polyester_f9_r1_v1_wins10.csv,dataset/video/polyester/VisTouch_polyester_f9_r1_v1_wins10.avi
VisTouch_polyester_f9_r1_v1_wins11,polyester_f9_r1_v1,polyester,dilun,涤纶,3,9,1,1,sliding,wins11,test,1607155894.000,1607155901.000,7.000,dataset/audio/polyester/VisTouch_polyester_f9_r1_v1_wins11.wav,dataset/tactile/polyester/VisTouch_polyester_f9_r1_v1_wins11.csv,dataset/video/polyester/VisTouch_polyester_f9_r1_v1_wins11.avi
VisTouch_polyester_f9_r1_v1_wins12,polyester_f9_r1_v1,polyester,dilun,涤纶,3,9,1,1,sliding,wins12,test,1607155897.500,1607155904.500,7.000,dataset/audio/polyester/VisTouch_polyester_f9_r1_v1_wins12.wav,dataset/tactile/polyester/VisTouch_polyester_f9_r1_v1_wins12.csv,dataset/video/polyester/VisTouch_polyester_f9_r1_v1_wins12.avi
VisTouch_polyester_f9_r1_v1_wins13,polyester_f9_r1_v1,polyester,dilun,涤纶,3,9,1,1,sliding,wins13,test,1607155901.000,1607155908.000,7.000,dataset/audio/polyester/VisTouch_polyester_f9_r1_v1_wins13.wav,dataset/tactile/polyester/VisTouch_polyester_f9_r1_v1_wins13.csv,dataset/video/polyester/VisTouch_polyester_f9_r1_v1_wins13.avi
VisTouch_polyester_f9_r1_v1_wins14,polyester_f9_r1_v1,polyester,dilun,涤纶,3,9,1,1,sliding,wins14,test,1607155904.500,1607155911.500,7.000,dataset/audio/polyester/VisTouch_polyester_f9_r1_v1_wins14.wav,dataset/tactile/polyester/VisTouch_polyester_f9_r1_v1_wins14.csv,dataset/video/polyester/VisTouch_polyester_f9_r1_v1_wins14.avi
VisTouch_polyester_f9_r1_v1_wins15,polyester_f9_r1_v1,polyester,dilun,涤纶,3,9,1,1,sliding,wins15,test,1607155908.000,1607155915.000,7.000,dataset/audio/polyester/VisTouch_polyester_f9_r1_v1_wins15.wav,dataset/tactile/polyester/VisTouch_polyester_f9_r1_v1_wins15.csv,dataset/video/polyester/VisTouch_polyester_f9_r1_v1_wins15.avi
VisTouch_polyester_f9_r1_v1_wins16,polyester_f9_r1_v1,polyester,dilun,涤纶,3,9,1,1,sliding,wins16,test,1607155911.500,1607155918.500,7.000,dataset/audio/polyester/VisTouch_polyester_f9_r1_v1_wins16.wav,dataset/tactile/polyester/VisTouch_polyester_f9_r1_v1_wins16.csv,dataset/video/polyester/VisTouch_polyester_f9_r1_v1_wins16.avi
VisTouch_polyester_f9_r1_v1_wins17,polyester_f9_r1_v1,polyester,dilun,涤纶,3,9,1,1,sliding,wins17,test,1607155915.000,1607155922.000,7.000,dataset/audio/polyester/VisTouch_polyester_f9_r1_v1_wins17.wav,dataset/tactile/polyester/VisTouch_polyester_f9_r1_v1_wins17.csv,dataset/video/polyester/VisTouch_polyester_f9_r1_v1_wins17.avi
VisTouch_polyester_f9_r1_v1_winm01,polyester_f9_r1_v1,polyester,dilun,涤纶,3,9,1,1,sliding,winm01,test,1607155860.000,1607155869.300,9.300,dataset/audio/polyester/VisTouch_polyester_f9_r1_v1_winm01.wav,dataset/tactile/polyester/VisTouch_polyester_f9_r1_v1_winm01.csv,dataset/video/polyester/VisTouch_polyester_f9_r1_v1_winm01.avi
VisTouch_polyester_f9_r1_v1_winm02,polyester_f9_r1_v1,polyester,dilun,涤纶,3,9,1,1,sliding,winm02,test,1607155864.150,1607155874.450,10.300,dataset/audio/polyester/VisTouch_polyester_f9_r1_v1_winm02.wav,dataset/tactile/polyester/VisTouch_polyester_f9_r1_v1_winm02.csv,dataset/video/polyester/VisTouch_polyester_f9_r1_v1_winm02.avi
VisTouch_polyester_f9_r1_v1_winm03,polyester_f9_r1_v1,polyester,dilun,涤纶,3,9,1,1,sliding,winm03,test,1607155869.300,1607155879.600,10.300,dataset/audio/polyester/VisTouch_polyester_f9_r1_v1_winm03.wav,dataset/tactile/polyester/VisTouch_polyester_f9_r1_v1_winm03.csv,dataset/video/polyester/VisTouch_polyester_f9_r1_v1_winm03.avi
VisTouch_polyester_f9_r1_v1_winm04,polyester_f9_r1_v1,polyester,dilun,涤纶,3,9,1,1,sliding,winm04,test,1607155874.450,1607155884.750,10.300,dataset/audio/polyester/VisTouch_polyester_f9_r1_v1_winm04.wav,dataset/tactile/polyester/VisTouch_polyester_f9_r1_v1_winm04.csv,dataset/video/polyester/VisTouch_polyester_f9_r1_v1_winm04.avi
VisTouch_polyester_f9_r1_v1_winm05,polyester_f9_r1_v1,polyester,dilun,涤纶,3,9,1,1,sliding,winm05,test,1607155879.600,1607155889.900,10.300,dataset/audio/polyester/VisTouch_polyester_f9_r1_v1_winm05.wav,dataset/tactile/polyester/VisTouch_polyester_f9_r1_v1_winm05.csv,dataset/video/polyester/VisTouch_polyester_f9_r1_v1_winm05.avi
VisTouch_polyester_f9_r1_v1_winm06,polyester_f9_r1_v1,polyester,dilun,涤纶,3,9,1,1,sliding,winm06,test,1607155884.750,1607155895.050,10.300,dataset/audio/polyester/VisTouch_polyester_f9_r1_v1_winm06.wav,dataset/tactile/polyester/VisTouch_polyester_f9_r1_v1_winm06.csv,dataset/video/polyester/VisTouch_polyester_f9_r1_v1_winm06.avi
VisTouch_polyester_f9_r1_v1_winm07,polyester_f9_r1_v1,polyester,dilun,涤纶,3,9,1,1,sliding,winm07,test,1607155889.900,1607155900.200,10.300,dataset/audio/polyester/VisTouch_polyester_f9_r1_v1_winm07.wav,dataset/tactile/polyester/VisTouch_polyester_f9_r1_v1_winm07.csv,dataset/video/polyester/VisTouch_polyester_f9_r1_v1_winm07.avi
VisTouch_polyester_f9_r1_v1_winm08,polyester_f9_r1_v1,polyester,dilun,涤纶,3,9,1,1,sliding,winm08,test,1607155895.050,1607155905.350,10.300,dataset/audio/polyester/VisTouch_polyester_f9_r1_v1_winm08.wav,dataset/tactile/polyester/VisTouch_polyester_f9_r1_v1_winm08.csv,dataset/video/polyester/VisTouch_polyester_f9_r1_v1_winm08.avi
VisTouch_polyester_f9_r1_v1_winm09,polyester_f9_r1_v1,polyester,dilun,涤纶,3,9,1,1,sliding,winm09,test,1607155900.200,1607155910.500,10.300,dataset/audio/polyester/VisTouch_polyester_f9_r1_v1_winm09.wav,dataset/tactile/polyester/VisTouch_polyester_f9_r1_v1_winm09.csv,dataset/video/polyester/VisTouch_polyester_f9_r1_v1_winm09.avi
VisTouch_polyester_f9_r1_v1_winm10,polyester_f9_r1_v1,polyester,dilun,涤纶,3,9,1,1,sliding,winm10,test,1607155905.350,1607155915.650,10.300,dataset/audio/polyester/VisTouch_polyester_f9_r1_v1_winm10.wav,dataset/tactile/polyester/VisTouch_polyester_f9_r1_v1_winm10.csv,dataset/video/polyester/VisTouch_polyester_f9_r1_v1_winm10.avi
VisTouch_polyester_f9_r1_v1_winm11,polyester_f9_r1_v1,polyester,dilun,涤纶,3,9,1,1,sliding,winm11,test,1607155910.500,1607155920.800,10.300,dataset/audio/polyester/VisTouch_polyester_f9_r1_v1_winm11.wav,dataset/tactile/polyester/VisTouch_polyester_f9_r1_v1_winm11.csv,dataset/video/polyester/VisTouch_polyester_f9_r1_v1_winm11.avi
VisTouch_polyester_f9_r1_v1_winl01,polyester_f9_r1_v1,polyester,dilun,涤纶,3,9,1,1,sliding,winl01,test,1607155860.000,1607155873.000,13.000,dataset/audio/polyester/VisTouch_polyester_f9_r1_v1_winl01.wav,dataset/tactile/polyester/VisTouch_polyester_f9_r1_v1_winl01.csv,dataset/video/polyester/VisTouch_polyester_f9_r1_v1_winl01.avi
VisTouch_polyester_f9_r1_v1_winl02,polyester_f9_r1_v1,polyester,dilun,涤纶,3,9,1,1,sliding,winl02,test,1607155866.000,1607155880.000,14.000,dataset/audio/polyester/VisTouch_polyester_f9_r1_v1_winl02.wav,dataset/tactile/polyester/VisTouch_polyester_f9_r1_v1_winl02.csv,dataset/video/polyester/VisTouch_polyester_f9_r1_v1_winl02.avi
VisTouch_polyester_f9_r1_v1_winl03,polyester_f9_r1_v1,polyester,dilun,涤纶,3,9,1,1,sliding,winl03,test,1607155873.000,1607155887.000,14.000,dataset/audio/polyester/VisTouch_polyester_f9_r1_v1_winl03.wav,dataset/tactile/polyester/VisTouch_polyester_f9_r1_v1_winl03.csv,dataset/video/polyester/VisTouch_polyester_f9_r1_v1_winl03.avi
VisTouch_polyester_f9_r1_v1_winl04,polyester_f9_r1_v1,polyester,dilun,涤纶,3,9,1,1,sliding,winl04,test,1607155880.000,1607155894.000,14.000,dataset/audio/polyester/VisTouch_polyester_f9_r1_v1_winl04.wav,dataset/tactile/polyester/VisTouch_polyester_f9_r1_v1_winl04.csv,dataset/video/polyester/VisTouch_polyester_f9_r1_v1_winl04.avi
VisTouch_polyester_f9_r1_v1_winl05,polyester_f9_r1_v1,polyester,dilun,涤纶,3,9,1,1,sliding,winl05,test,1607155887.000,1607155901.000,14.000,dataset/audio/polyester/VisTouch_polyester_f9_r1_v1_winl05.wav,dataset/tactile/polyester/VisTouch_polyester_f9_r1_v1_winl05.csv,dataset/video/polyester/VisTouch_polyester_f9_r1_v1_winl05.avi
VisTouch_polyester_f9_r1_v1_winl06,polyester_f9_r1_v1,polyester,dilun,涤纶,3,9,1,1,sliding,winl06,test,1607155894.000,1607155908.000,14.000,dataset/audio/polyester/VisTouch_polyester_f9_r1_v1_winl06.wav,dataset/tactile/polyester/VisTouch_polyester_f9_r1_v1_winl06.csv,dataset/video/polyester/VisTouch_polyester_f9_r1_v1_winl06.avi
VisTouch_polyester_f9_r1_v1_winl07,polyester_f9_r1_v1,polyester,dilun,涤纶,3,9,1,1,sliding,winl07,test,1607155901.000,1607155915.000,14.000,dataset/audio/polyester/VisTouch_polyester_f9_r1_v1_winl07.wav,dataset/tactile/polyester/VisTouch_polyester_f9_r1_v1_winl07.csv,dataset/video/polyester/VisTouch_polyester_f9_r1_v1_winl07.avi
VisTouch_polyester_f9_r1_v1_winl08,polyester_f9_r1_v1,polyester,dilun,涤纶,3,9,1,1,sliding,winl08,test,1607155908.000,1607155922.000,14.000,dataset/audio/polyester/VisTouch_polyester_f9_r1_v1_winl08.wav,dataset/tactile/polyester/VisTouch_polyester_f9_r1_v1_winl08.csv,dataset/video/polyester/VisTouch_polyester_f9_r1_v1_winl08.avi
VisTouch_silk_f3_r1_v1_seg01,silk_f3_r1_v1,silk,sichou,丝绸,4,3,1,1,cycle,seg01,train,1607154134.720,1607154145.000,10.280,dataset/audio/silk/VisTouch_silk_f3_r1_v1_seg01.wav,dataset/tactile/silk/VisTouch_silk_f3_r1_v1_seg01.csv,dataset/video/silk/VisTouch_silk_f3_r1_v1_seg01.avi
VisTouch_silk_f3_r1_v1_seg02,silk_f3_r1_v1,silk,sichou,丝绸,4,3,1,1,cycle,seg02,train,1607154145.000,1607154155.340,10.340,dataset/audio/silk/VisTouch_silk_f3_r1_v1_seg02.wav,dataset/tactile/silk/VisTouch_silk_f3_r1_v1_seg02.csv,dataset/video/silk/VisTouch_silk_f3_r1_v1_seg02.avi
VisTouch_silk_f3_r1_v1_seg03,silk_f3_r1_v1,silk,sichou,丝绸,4,3,1,1,cycle,seg03,train,1607154155.340,1607154165.620,10.280,dataset/audio/silk/VisTouch_silk_f3_r1_v1_seg03.wav,dataset/tactile/silk/VisTouch_silk_f3_r1_v1_seg03.csv,dataset/video/silk/VisTouch_silk_f3_r1_v1_seg03.avi
VisTouch_silk_f3_r1_v1_seg04,silk_f3_r1_v1,silk,sichou,丝绸,4,3,1,1,cycle,seg04,train,1607154165.620,1607154175.880,10.260,dataset/audio/silk/VisTouch_silk_f3_r1_v1_seg04.wav,dataset/tactile/silk/VisTouch_silk_f3_r1_v1_seg04.csv,dataset/video/silk/VisTouch_silk_f3_r1_v1_seg04.avi
VisTouch_silk_f3_r1_v1_seg05,silk_f3_r1_v1,silk,sichou,丝绸,4,3,1,1,cycle,seg05,train,1607154175.880,1607154186.200,10.320,dataset/audio/silk/VisTouch_silk_f3_r1_v1_seg05.wav,dataset/tactile/silk/VisTouch_silk_f3_r1_v1_seg05.csv,dataset/video/silk/VisTouch_silk_f3_r1_v1_seg05.avi
VisTouch_silk_f3_r1_v1_wins01,silk_f3_r1_v1,silk,sichou,丝绸,4,3,1,1,sliding,wins01,train,1607154128.000,1607154135.000,7.000,dataset/audio/silk/VisTouch_silk_f3_r1_v1_wins01.wav,dataset/tactile/silk/VisTouch_silk_f3_r1_v1_wins01.csv,dataset/video/silk/VisTouch_silk_f3_r1_v1_wins01.avi
VisTouch_silk_f3_r1_v1_wins02,silk_f3_r1_v1,silk,sichou,丝绸,4,3,1,1,sliding,wins02,train,1607154131.500,1607154138.500,7.000,dataset/audio/silk/VisTouch_silk_f3_r1_v1_wins02.wav,dataset/tactile/silk/VisTouch_silk_f3_r1_v1_wins02.csv,dataset/video/silk/VisTouch_silk_f3_r1_v1_wins02.avi
VisTouch_silk_f3_r1_v1_wins03,silk_f3_r1_v1,silk,sichou,丝绸,4,3,1,1,sliding,wins03,train,1607154135.000,1607154142.000,7.000,dataset/audio/silk/VisTouch_silk_f3_r1_v1_wins03.wav,dataset/tactile/silk/VisTouch_silk_f3_r1_v1_wins03.csv,dataset/video/silk/VisTouch_silk_f3_r1_v1_wins03.avi
VisTouch_silk_f3_r1_v1_wins04,silk_f3_r1_v1,silk,sichou,丝绸,4,3,1,1,sliding,wins04,train,1607154138.500,1607154145.500,7.000,dataset/audio/silk/VisTouch_silk_f3_r1_v1_wins04.wav,dataset/tactile/silk/VisTouch_silk_f3_r1_v1_wins04.csv,dataset/video/silk/VisTouch_silk_f3_r1_v1_wins04.avi
VisTouch_silk_f3_r1_v1_wins05,silk_f3_r1_v1,silk,sichou,丝绸,4,3,1,1,sliding,wins05,train,1607154142.000,1607154149.000,7.000,dataset/audio/silk/VisTouch_silk_f3_r1_v1_wins05.wav,dataset/tactile/silk/VisTouch_silk_f3_r1_v1_wins05.csv,dataset/video/silk/VisTouch_silk_f3_r1_v1_wins05.avi
VisTouch_silk_f3_r1_v1_wins06,silk_f3_r1_v1,silk,sichou,丝绸,4,3,1,1,sliding,wins06,train,1607154145.500,1607154152.500,7.000,dataset/audio/silk/VisTouch_silk_f3_r1_v1_wins06.wav,dataset/tactile/silk/VisTouch_silk_f3_r1_v1_wins06.csv,dataset/video/silk/VisTouch_silk_f3_r1_v1_wins06.avi
VisTouch_silk_f3_r1_v1_wins07,silk_f3_r1_v1,silk,sichou,丝绸,4,3,1,1,sliding,wins07,train,1607154149.000,1607154156.000,7.000,dataset/audio/silk/VisTouch_silk_f3_r1_v1_wins07.wav,dataset/tactile/silk/VisTouch_silk_f3_r1_v1_wins07.csv,dataset/video/silk/VisTouch_silk_f3_r1_v1_wins07.avi
VisTouch_silk_f3_r1_v1_wins08,silk_f3_r1_v1,silk,sichou,丝绸,4,3,1,1,sliding,wins08,train,1607154152.500,1607154159.500,7.000,dataset/audio/silk/VisTouch_silk_f3_r1_v1_wins08.wav,dataset/tactile/silk/VisTouch_silk_f3_r1_v1_wins08.csv,dataset/video/silk/VisTouch_silk_f3_r1_v1_wins08.avi
VisTouch_silk_f3_r1_v1_wins09,silk_f3_r1_v1,silk,sichou,丝绸,4,3,1,1,sliding,wins09,train,1607154156.000,1607154163.000,7.000,dataset/audio/silk/VisTouch_silk_f3_r1_v1_wins09.wav,dataset/tactile/silk/VisTouch_silk_f3_r1_v1_wins09.csv,dataset/video/silk/VisTouch_silk_f3_r1_v1_wins09.avi
VisTouch_silk_f3_r1_v1_wins10,silk_f3_r1_v1,silk,sichou,丝绸,4,3,1,1,sliding,wins10,train,1607154159.500,1607154166.500,7.000,dataset/audio/silk/VisTouch_silk_f3_r1_v1_wins10.wav,dataset/tactile/silk/VisTouch_silk_f3_r1_v1_wins10.csv,dataset/video/silk/VisTouch_silk_f3_r1_v1_wins10.avi
VisTouch_silk_f3_r1_v1_wins11,silk_f3_r1_v1,silk,sichou,丝绸,4,3,1,1,sliding,wins11,train,1607154163.000,1607154170.000,7.000,dataset/audio/silk/VisTouch_silk_f3_r1_v1_wins11.wav,dataset/tactile/silk/VisTouch_silk_f3_r1_v1_wins11.csv,dataset/video/silk/VisTouch_silk_f3_r1_v1_wins11.avi
VisTouch_silk_f3_r1_v1_wins12,silk_f3_r1_v1,silk,sichou,丝绸,4,3,1,1,sliding,wins12,train,1607154166.500,1607154173.500,7.000,dataset/audio/silk/VisTouch_silk_f3_r1_v1_wins12.wav,dataset/tactile/silk/VisTouch_silk_f3_r1_v1_wins12.csv,dataset/video/silk/VisTouch_silk_f3_r1_v1_wins12.avi
VisTouch_silk_f3_r1_v1_wins13,silk_f3_r1_v1,silk,sichou,丝绸,4,3,1,1,sliding,wins13,train,1607154170.000,1607154177.000,7.000,dataset/audio/silk/VisTouch_silk_f3_r1_v1_wins13.wav,dataset/tactile/silk/VisTouch_silk_f3_r1_v1_wins13.csv,dataset/video/silk/VisTouch_silk_f3_r1_v1_wins13.avi
VisTouch_silk_f3_r1_v1_wins14,silk_f3_r1_v1,silk,sichou,丝绸,4,3,1,1,sliding,wins14,train,1607154173.500,1607154180.500,7.000,dataset/audio/silk/VisTouch_silk_f3_r1_v1_wins14.wav,dataset/tactile/silk/VisTouch_silk_f3_r1_v1_wins14.csv,dataset/video/silk/VisTouch_silk_f3_r1_v1_wins14.avi
VisTouch_silk_f3_r1_v1_wins15,silk_f3_r1_v1,silk,sichou,丝绸,4,3,1,1,sliding,wins15,train,1607154177.000,1607154184.000,7.000,dataset/audio/silk/VisTouch_silk_f3_r1_v1_wins15.wav,dataset/tactile/silk/VisTouch_silk_f3_r1_v1_wins15.csv,dataset/video/silk/VisTouch_silk_f3_r1_v1_wins15.avi
VisTouch_silk_f3_r1_v1_wins16,silk_f3_r1_v1,silk,sichou,丝绸,4,3,1,1,sliding,wins16,train,1607154180.500,1607154187.500,7.000,dataset/audio/silk/VisTouch_silk_f3_r1_v1_wins16.wav,dataset/tactile/silk/VisTouch_silk_f3_r1_v1_wins16.csv,dataset/video/silk/VisTouch_silk_f3_r1_v1_wins16.avi
VisTouch_silk_f3_r1_v1_wins17,silk_f3_r1_v1,silk,sichou,丝绸,4,3,1,1,sliding,wins17,train,1607154184.000,1607154191.000,7.000,dataset/audio/silk/VisTouch_silk_f3_r1_v1_wins17.wav,dataset/tactile/silk/VisTouch_silk_f3_r1_v1_wins17.csv,dataset/video/silk/VisTouch_silk_f3_r1_v1_wins17.avi
VisTouch_silk_f3_r1_v1_winm01,silk_f3_r1_v1,silk,sichou,丝绸,4,3,1,1,sliding,winm01,train,1607154128.000,1607154138.300,10.300,dataset/audio/silk/VisTouch_silk_f3_r1_v1_winm01.wav,dataset/tactile/silk/VisTouch_silk_f3_r1_v1_winm01.csv,dataset/video/silk/VisTouch_silk_f3_r1_v1_winm01.avi
VisTouch_silk_f3_r1_v1_winm02,silk_f3_r1_v1,silk,sichou,丝绸,4,3,1,1,sliding,winm02,train,1607154133.150,1607154143.450,10.300,dataset/audio/silk/VisTouch_silk_f3_r1_v1_winm02.wav,dataset/tactile/silk/VisTouch_silk_f3_r1_v1_winm02.csv,dataset/video/silk/VisTouch_silk_f3_r1_v1_winm02.avi
VisTouch_silk_f3_r1_v1_winm03,silk_f3_r1_v1,silk,sichou,丝绸,4,3,1,1,sliding,winm03,train,1607154138.300,1607154148.600,10.300,dataset/audio/silk/VisTouch_silk_f3_r1_v1_winm03.wav,dataset/tactile/silk/VisTouch_silk_f3_r1_v1_winm03.csv,dataset/video/silk/VisTouch_silk_f3_r1_v1_winm03.avi
VisTouch_silk_f3_r1_v1_winm04,silk_f3_r1_v1,silk,sichou,丝绸,4,3,1,1,sliding,winm04,train,1607154143.450,1607154153.750,10.300,dataset/audio/silk/VisTouch_silk_f3_r1_v1_winm04.wav,dataset/tactile/silk/VisTouch_silk_f3_r1_v1_winm04.csv,dataset/video/silk/VisTouch_silk_f3_r1_v1_winm04.avi
VisTouch_silk_f3_r1_v1_winm05,silk_f3_r1_v1,silk,sichou,丝绸,4,3,1,1,sliding,winm05,train,1607154148.600,1607154158.900,10.300,dataset/audio/silk/VisTouch_silk_f3_r1_v1_winm05.wav,dataset/tactile/silk/VisTouch_silk_f3_r1_v1_winm05.csv,dataset/video/silk/VisTouch_silk_f3_r1_v1_winm05.avi
VisTouch_silk_f3_r1_v1_winm06,silk_f3_r1_v1,silk,sichou,丝绸,4,3,1,1,sliding,winm06,train,1607154153.750,1607154164.050,10.300,dataset/audio/silk/VisTouch_silk_f3_r1_v1_winm06.wav,dataset/tactile/silk/VisTouch_silk_f3_r1_v1_winm06.csv,dataset/video/silk/VisTouch_silk_f3_r1_v1_winm06.avi
VisTouch_silk_f3_r1_v1_winm07,silk_f3_r1_v1,silk,sichou,丝绸,4,3,1,1,sliding,winm07,train,1607154158.900,1607154169.200,10.300,dataset/audio/silk/VisTouch_silk_f3_r1_v1_winm07.wav,dataset/tactile/silk/VisTouch_silk_f3_r1_v1_winm07.csv,dataset/video/silk/VisTouch_silk_f3_r1_v1_winm07.avi
VisTouch_silk_f3_r1_v1_winm08,silk_f3_r1_v1,silk,sichou,丝绸,4,3,1,1,sliding,winm08,train,1607154164.050,1607154174.350,10.300,dataset/audio/silk/VisTouch_silk_f3_r1_v1_winm08.wav,dataset/tactile/silk/VisTouch_silk_f3_r1_v1_winm08.csv,dataset/video/silk/VisTouch_silk_f3_r1_v1_winm08.avi
VisTouch_silk_f3_r1_v1_winm09,silk_f3_r1_v1,silk,sichou,丝绸,4,3,1,1,sliding,winm09,train,1607154169.200,1607154179.500,10.300,dataset/audio/silk/VisTouch_silk_f3_r1_v1_winm09.wav,dataset/tactile/silk/VisTouch_silk_f3_r1_v1_winm09.csv,dataset/video/silk/VisTouch_silk_f3_r1_v1_winm09.avi
VisTouch_silk_f3_r1_v1_winm10,silk_f3_r1_v1,silk,sichou,丝绸,4,3,1,1,sliding,winm10,train,1607154174.350,1607154184.650,10.300,dataset/audio/silk/VisTouch_silk_f3_r1_v1_winm10.wav,dataset/tactile/silk/VisTouch_silk_f3_r1_v1_winm10.csv,dataset/video/silk/VisTouch_silk_f3_r1_v1_winm10.avi
VisTouch_silk_f3_r1_v1_winm11,silk_f3_r1_v1,silk,sichou,丝绸,4,3,1,1,sliding,winm11,train,1607154179.500,1607154189.800,10.300,dataset/audio/silk/VisTouch_silk_f3_r1_v1_winm11.wav,dataset/tactile/silk/VisTouch_silk_f3_r1_v1_winm11.csv,dataset/video/silk/VisTouch_silk_f3_r1_v1_winm11.avi
VisTouch_silk_f3_r1_v1_winl01,silk_f3_r1_v1,silk,sichou,丝绸,4,3,1,1,sliding,winl01,train,1607154128.000,1607154142.000,14.000,dataset/audio/silk/VisTouch_silk_f3_r1_v1_winl01.wav,dataset/tactile/silk/VisTouch_silk_f3_r1_v1_winl01.csv,dataset/video/silk/VisTouch_silk_f3_r1_v1_winl01.avi
VisTouch_silk_f3_r1_v1_winl02,silk_f3_r1_v1,silk,sichou,丝绸,4,3,1,1,sliding,winl02,train,1607154135.000,1607154149.000,14.000,dataset/audio/silk/VisTouch_silk_f3_r1_v1_winl02.wav,dataset/tactile/silk/VisTouch_silk_f3_r1_v1_winl02.csv,dataset/video/silk/VisTouch_silk_f3_r1_v1_winl02.avi
VisTouch_silk_f3_r1_v1_winl03,silk_f3_r1_v1,silk,sichou,丝绸,4,3,1,1,sliding,winl03,train,1607154142.000,1607154156.000,14.000,dataset/audio/silk/VisTouch_silk_f3_r1_v1_winl03.wav,dataset/tactile/silk/VisTouch_silk_f3_r1_v1_winl03.csv,dataset/video/silk/VisTouch_silk_f3_r1_v1_winl03.avi
VisTouch_silk_f3_r1_v1_winl04,silk_f3_r1_v1,silk,sichou,丝绸,4,3,1,1,sliding,winl04,train,1607154149.000,1607154163.000,14.000,dataset/audio/silk/VisTouch_silk_f3_r1_v1_winl04.wav,dataset/tactile/silk/VisTouch_silk_f3_r1_v1_winl04.csv,dataset/video/silk/VisTouch_silk_f3_r1_v1_winl04.avi
VisTouch_silk_f3_r1_v1_winl05,silk_f3_r1_v1,silk,sichou,丝绸,4,3,1,1,sliding,winl05,train,1607154156.000,1607154170.000,14.000,dataset/audio/silk/VisTouch_silk_f3_r1_v1_winl05.wav,dataset/tactile/silk/VisTouch_silk_f3_r1_v1_winl05.csv,dataset/video/silk/VisTouch_silk_f3_r1_v1_winl05.avi
VisTouch_silk_f3_r1_v1_winl06,silk_f3_r1_v1,silk,sichou,丝绸,4,3,1,1,sliding,winl06,train,1607154163.000,1607154177.000,14.000,dataset/audio/silk/VisTouch_silk_f3_r1_v1_winl06.wav,dataset/tactile/silk/VisTouch_silk_f3_r1_v1_winl06.csv,dataset/video/silk/VisTouch_silk_f3_r1_v1_winl06.avi
VisTouch_silk_f3_r1_v1_winl07,silk_f3_r1_v1,silk,sichou,丝绸,4,3,1,1,sliding,winl07,train,1607154170.000,1607154184.000,14.000,dataset/audio/silk/VisTouch_silk_f3_r1_v1_winl07.wav,dataset/tactile/silk/VisTouch_silk_f3_r1_v1_winl07.csv,dataset/video/silk/VisTouch_silk_f3_r1_v1_winl07.avi
VisTouch_silk_f3_r1_v1_winl08,silk_f3_r1_v1,silk,sichou,丝绸,4,3,1,1,sliding,winl08,train,1607154177.000,1607154191.000,14.000,dataset/audio/silk/VisTouch_silk_f3_r1_v1_winl08.wav,dataset/tactile/silk/VisTouch_silk_f3_r1_v1_winl08.csv,dataset/video/silk/VisTouch_silk_f3_r1_v1_winl08.avi
VisTouch_silk_f6_r1_v1_seg01,silk_f6_r1_v1,silk,sichou,丝绸,4,6,1,1,cycle,seg01,train,1607154295.920,1607154306.140,10.220,dataset/audio/silk/VisTouch_silk_f6_r1_v1_seg01.wav,dataset/tactile/silk/VisTouch_silk_f6_r1_v1_seg01.csv,dataset/video/silk/VisTouch_silk_f6_r1_v1_seg01.avi
VisTouch_silk_f6_r1_v1_seg02,silk_f6_r1_v1,silk,sichou,丝绸,4,6,1,1,cycle,seg02,train,1607154306.140,1607154316.400,10.260,dataset/audio/silk/VisTouch_silk_f6_r1_v1_seg02.wav,dataset/tactile/silk/VisTouch_silk_f6_r1_v1_seg02.csv,dataset/video/silk/VisTouch_silk_f6_r1_v1_seg02.avi
VisTouch_silk_f6_r1_v1_seg03,silk_f6_r1_v1,silk,sichou,丝绸,4,6,1,1,cycle,seg03,train,1607154316.400,1607154326.660,10.260,dataset/audio/silk/VisTouch_silk_f6_r1_v1_seg03.wav,dataset/tactile/silk/VisTouch_silk_f6_r1_v1_seg03.csv,dataset/video/silk/VisTouch_silk_f6_r1_v1_seg03.avi
VisTouch_silk_f6_r1_v1_seg04,silk_f6_r1_v1,silk,sichou,丝绸,4,6,1,1,cycle,seg04,train,1607154326.660,1607154336.920,10.260,dataset/audio/silk/VisTouch_silk_f6_r1_v1_seg04.wav,dataset/tactile/silk/VisTouch_silk_f6_r1_v1_seg04.csv,dataset/video/silk/VisTouch_silk_f6_r1_v1_seg04.avi
VisTouch_silk_f6_r1_v1_seg05,silk_f6_r1_v1,silk,sichou,丝绸,4,6,1,1,cycle,seg05,train,1607154336.920,1607154347.180,10.260,dataset/audio/silk/VisTouch_silk_f6_r1_v1_seg05.wav,dataset/tactile/silk/VisTouch_silk_f6_r1_v1_seg05.csv,dataset/video/silk/VisTouch_silk_f6_r1_v1_seg05.avi
VisTouch_silk_f6_r1_v1_wins01,silk_f6_r1_v1,silk,sichou,丝绸,4,6,1,1,sliding,wins01,train,1607154290.000,1607154297.000,7.000,dataset/audio/silk/VisTouch_silk_f6_r1_v1_wins01.wav,dataset/tactile/silk/VisTouch_silk_f6_r1_v1_wins01.csv,dataset/video/silk/VisTouch_silk_f6_r1_v1_wins01.avi
VisTouch_silk_f6_r1_v1_wins02,silk_f6_r1_v1,silk,sichou,丝绸,4,6,1,1,sliding,wins02,train,1607154293.500,1607154300.500,7.000,dataset/audio/silk/VisTouch_silk_f6_r1_v1_wins02.wav,dataset/tactile/silk/VisTouch_silk_f6_r1_v1_wins02.csv,dataset/video/silk/VisTouch_silk_f6_r1_v1_wins02.avi
VisTouch_silk_f6_r1_v1_wins03,silk_f6_r1_v1,silk,sichou,丝绸,4,6,1,1,sliding,wins03,train,1607154297.000,1607154304.000,7.000,dataset/audio/silk/VisTouch_silk_f6_r1_v1_wins03.wav,dataset/tactile/silk/VisTouch_silk_f6_r1_v1_wins03.csv,dataset/video/silk/VisTouch_silk_f6_r1_v1_wins03.avi
VisTouch_silk_f6_r1_v1_wins04,silk_f6_r1_v1,silk,sichou,丝绸,4,6,1,1,sliding,wins04,train,1607154300.500,1607154307.500,7.000,dataset/audio/silk/VisTouch_silk_f6_r1_v1_wins04.wav,dataset/tactile/silk/VisTouch_silk_f6_r1_v1_wins04.csv,dataset/video/silk/VisTouch_silk_f6_r1_v1_wins04.avi
VisTouch_silk_f6_r1_v1_wins05,silk_f6_r1_v1,silk,sichou,丝绸,4,6,1,1,sliding,wins05,train,1607154304.000,1607154311.000,7.000,dataset/audio/silk/VisTouch_silk_f6_r1_v1_wins05.wav,dataset/tactile/silk/VisTouch_silk_f6_r1_v1_wins05.csv,dataset/video/silk/VisTouch_silk_f6_r1_v1_wins05.avi
VisTouch_silk_f6_r1_v1_wins06,silk_f6_r1_v1,silk,sichou,丝绸,4,6,1,1,sliding,wins06,train,1607154307.500,1607154314.500,7.000,dataset/audio/silk/VisTouch_silk_f6_r1_v1_wins06.wav,dataset/tactile/silk/VisTouch_silk_f6_r1_v1_wins06.csv,dataset/video/silk/VisTouch_silk_f6_r1_v1_wins06.avi
VisTouch_silk_f6_r1_v1_wins07,silk_f6_r1_v1,silk,sichou,丝绸,4,6,1,1,sliding,wins07,train,1607154311.000,1607154318.000,7.000,dataset/audio/silk/VisTouch_silk_f6_r1_v1_wins07.wav,dataset/tactile/silk/VisTouch_silk_f6_r1_v1_wins07.csv,dataset/video/silk/VisTouch_silk_f6_r1_v1_wins07.avi
VisTouch_silk_f6_r1_v1_wins08,silk_f6_r1_v1,silk,sichou,丝绸,4,6,1,1,sliding,wins08,train,1607154314.500,1607154321.500,7.000,dataset/audio/silk/VisTouch_silk_f6_r1_v1_wins08.wav,dataset/tactile/silk/VisTouch_silk_f6_r1_v1_wins08.csv,dataset/video/silk/VisTouch_silk_f6_r1_v1_wins08.avi
VisTouch_silk_f6_r1_v1_wins09,silk_f6_r1_v1,silk,sichou,丝绸,4,6,1,1,sliding,wins09,train,1607154318.000,1607154325.000,7.000,dataset/audio/silk/VisTouch_silk_f6_r1_v1_wins09.wav,dataset/tactile/silk/VisTouch_silk_f6_r1_v1_wins09.csv,dataset/video/silk/VisTouch_silk_f6_r1_v1_wins09.avi
VisTouch_silk_f6_r1_v1_wins10,silk_f6_r1_v1,silk,sichou,丝绸,4,6,1,1,sliding,wins10,train,1607154321.500,1607154328.500,7.000,dataset/audio/silk/VisTouch_silk_f6_r1_v1_wins10.wav,dataset/tactile/silk/VisTouch_silk_f6_r1_v1_wins10.csv,dataset/video/silk/VisTouch_silk_f6_r1_v1_wins10.avi
VisTouch_silk_f6_r1_v1_wins11,silk_f6_r1_v1,silk,sichou,丝绸,4,6,1,1,sliding,wins11,train,1607154325.000,1607154332.000,7.000,dataset/audio/silk/VisTouch_silk_f6_r1_v1_wins11.wav,dataset/tactile/silk/VisTouch_silk_f6_r1_v1_wins11.csv,dataset/video/silk/VisTouch_silk_f6_r1_v1_wins11.avi
VisTouch_silk_f6_r1_v1_wins12,silk_f6_r1_v1,silk,sichou,丝绸,4,6,1,1,sliding,wins12,train,1607154328.500,1607154335.500,7.000,dataset/audio/silk/VisTouch_silk_f6_r1_v1_wins12.wav,dataset/tactile/silk/VisTouch_silk_f6_r1_v1_wins12.csv,dataset/video/silk/VisTouch_silk_f6_r1_v1_wins12.avi
VisTouch_silk_f6_r1_v1_wins13,silk_f6_r1_v1,silk,sichou,丝绸,4,6,1,1,sliding,wins13,train,1607154332.000,1607154339.000,7.000,dataset/audio/silk/VisTouch_silk_f6_r1_v1_wins13.wav,dataset/tactile/silk/VisTouch_silk_f6_r1_v1_wins13.csv,dataset/video/silk/VisTouch_silk_f6_r1_v1_wins13.avi
VisTouch_silk_f6_r1_v1_wins14,silk_f6_r1_v1,silk,sichou,丝绸,4,6,1,1,sliding,wins14,train,1607154335.500,1607154342.500,7.000,dataset/audio/silk/VisTouch_silk_f6_r1_v1_wins14.wav,dataset/tactile/silk/VisTouch_silk_f6_r1_v1_wins14.csv,dataset/video/silk/VisTouch_silk_f6_r1_v1_wins14.avi
VisTouch_silk_f6_r1_v1_wins15,silk_f6_r1_v1,silk,sichou,丝绸,4,6,1,1,sliding,wins15,train,1607154339.000,1607154346.000,7.000,dataset/audio/silk/VisTouch_silk_f6_r1_v1_wins15.wav,dataset/tactile/silk/VisTouch_silk_f6_r1_v1_wins15.csv,dataset/video/silk/VisTouch_silk_f6_r1_v1_wins15.avi
VisTouch_silk_f6_r1_v1_wins16,silk_f6_r1_v1,silk,sichou,丝绸,4,6,1,1,sliding,wins16,train,1607154342.500,1607154349.500,7.000,dataset/audio/silk/VisTouch_silk_f6_r1_v1_wins16.wav,dataset/tactile/silk/VisTouch_silk_f6_r1_v1_wins16.csv,dataset/video/silk/VisTouch_silk_f6_r1_v1_wins16.avi
VisTouch_silk_f6_r1_v1_wins17,silk_f6_r1_v1,silk,sichou,丝绸,4,6,1,1,sliding,wins17,train,1607154346.000,1607154353.000,7.000,dataset/audio/silk/VisTouch_silk_f6_r1_v1_wins17.wav,dataset/tactile/silk/VisTouch_silk_f6_r1_v1_wins17.csv,dataset/video/silk/VisTouch_silk_f6_r1_v1_wins17.avi
VisTouch_silk_f6_r1_v1_winm01,silk_f6_r1_v1,silk,sichou,丝绸,4,6,1,1,sliding,winm01,train,1607154290.000,1607154300.300,10.300,dataset/audio/silk/VisTouch_silk_f6_r1_v1_winm01.wav,dataset/tactile/silk/VisTouch_silk_f6_r1_v1_winm01.csv,dataset/video/silk/VisTouch_silk_f6_r1_v1_winm01.avi
VisTouch_silk_f6_r1_v1_winm02,silk_f6_r1_v1,silk,sichou,丝绸,4,6,1,1,sliding,winm02,train,1607154295.150,1607154305.450,10.300,dataset/audio/silk/VisTouch_silk_f6_r1_v1_winm02.wav,dataset/tactile/silk/VisTouch_silk_f6_r1_v1_winm02.csv,dataset/video/silk/VisTouch_silk_f6_r1_v1_winm02.avi
VisTouch_silk_f6_r1_v1_winm03,silk_f6_r1_v1,silk,sichou,丝绸,4,6,1,1,sliding,winm03,train,1607154300.300,1607154310.600,10.300,dataset/audio/silk/VisTouch_silk_f6_r1_v1_winm03.wav,dataset/tactile/silk/VisTouch_silk_f6_r1_v1_winm03.csv,dataset/video/silk/VisTouch_silk_f6_r1_v1_winm03.avi
VisTouch_silk_f6_r1_v1_winm04,silk_f6_r1_v1,silk,sichou,丝绸,4,6,1,1,sliding,winm04,train,1607154305.450,1607154315.750,10.300,dataset/audio/silk/VisTouch_silk_f6_r1_v1_winm04.wav,dataset/tactile/silk/VisTouch_silk_f6_r1_v1_winm04.csv,dataset/video/silk/VisTouch_silk_f6_r1_v1_winm04.avi
VisTouch_silk_f6_r1_v1_winm05,silk_f6_r1_v1,silk,sichou,丝绸,4,6,1,1,sliding,winm05,train,1607154310.600,1607154320.900,10.300,dataset/audio/silk/VisTouch_silk_f6_r1_v1_winm05.wav,dataset/tactile/silk/VisTouch_silk_f6_r1_v1_winm05.csv,dataset/video/silk/VisTouch_silk_f6_r1_v1_winm05.avi
VisTouch_silk_f6_r1_v1_winm06,silk_f6_r1_v1,silk,sichou,丝绸,4,6,1,1,sliding,winm06,train,1607154315.750,1607154326.050,10.300,dataset/audio/silk/VisTouch_silk_f6_r1_v1_winm06.wav,dataset/tactile/silk/VisTouch_silk_f6_r1_v1_winm06.csv,dataset/video/silk/VisTouch_silk_f6_r1_v1_winm06.avi
VisTouch_silk_f6_r1_v1_winm07,silk_f6_r1_v1,silk,sichou,丝绸,4,6,1,1,sliding,winm07,train,1607154320.900,1607154331.200,10.300,dataset/audio/silk/VisTouch_silk_f6_r1_v1_winm07.wav,dataset/tactile/silk/VisTouch_silk_f6_r1_v1_winm07.csv,dataset/video/silk/VisTouch_silk_f6_r1_v1_winm07.avi
VisTouch_silk_f6_r1_v1_winm08,silk_f6_r1_v1,silk,sichou,丝绸,4,6,1,1,sliding,winm08,train,1607154326.050,1607154336.350,10.300,dataset/audio/silk/VisTouch_silk_f6_r1_v1_winm08.wav,dataset/tactile/silk/VisTouch_silk_f6_r1_v1_winm08.csv,dataset/video/silk/VisTouch_silk_f6_r1_v1_winm08.avi
VisTouch_silk_f6_r1_v1_winm09,silk_f6_r1_v1,silk,sichou,丝绸,4,6,1,1,sliding,winm09,train,1607154331.200,1607154341.500,10.300,dataset/audio/silk/VisTouch_silk_f6_r1_v1_winm09.wav,dataset/tactile/silk/VisTouch_silk_f6_r1_v1_winm09.csv,dataset/video/silk/VisTouch_silk_f6_r1_v1_winm09.avi
VisTouch_silk_f6_r1_v1_winm10,silk_f6_r1_v1,silk,sichou,丝绸,4,6,1,1,sliding,winm10,train,1607154336.350,1607154346.650,10.300,dataset/audio/silk/VisTouch_silk_f6_r1_v1_winm10.wav,dataset/tactile/silk/VisTouch_silk_f6_r1_v1_winm10.csv,dataset/video/silk/VisTouch_silk_f6_r1_v1_winm10.avi
VisTouch_silk_f6_r1_v1_winm11,silk_f6_r1_v1,silk,sichou,丝绸,4,6,1,1,sliding,winm11,train,1607154341.500,1607154351.800,10.300,dataset/audio/silk/VisTouch_silk_f6_r1_v1_winm11.wav,dataset/tactile/silk/VisTouch_silk_f6_r1_v1_winm11.csv,dataset/video/silk/VisTouch_silk_f6_r1_v1_winm11.avi
VisTouch_silk_f6_r1_v1_winl01,silk_f6_r1_v1,silk,sichou,丝绸,4,6,1,1,sliding,winl01,train,1607154290.000,1607154304.000,14.000,dataset/audio/silk/VisTouch_silk_f6_r1_v1_winl01.wav,dataset/tactile/silk/VisTouch_silk_f6_r1_v1_winl01.csv,dataset/video/silk/VisTouch_silk_f6_r1_v1_winl01.avi
VisTouch_silk_f6_r1_v1_winl02,silk_f6_r1_v1,silk,sichou,丝绸,4,6,1,1,sliding,winl02,train,1607154297.000,1607154311.000,14.000,dataset/audio/silk/VisTouch_silk_f6_r1_v1_winl02.wav,dataset/tactile/silk/VisTouch_silk_f6_r1_v1_winl02.csv,dataset/video/silk/VisTouch_silk_f6_r1_v1_winl02.avi
VisTouch_silk_f6_r1_v1_winl03,silk_f6_r1_v1,silk,sichou,丝绸,4,6,1,1,sliding,winl03,train,1607154304.000,1607154318.000,14.000,dataset/audio/silk/VisTouch_silk_f6_r1_v1_winl03.wav,dataset/tactile/silk/VisTouch_silk_f6_r1_v1_winl03.csv,dataset/video/silk/VisTouch_silk_f6_r1_v1_winl03.avi
VisTouch_silk_f6_r1_v1_winl04,silk_f6_r1_v1,silk,sichou,丝绸,4,6,1,1,sliding,winl04,train,1607154311.000,1607154325.000,14.000,dataset/audio/silk/VisTouch_silk_f6_r1_v1_winl04.wav,dataset/tactile/silk/VisTouch_silk_f6_r1_v1_winl04.csv,dataset/video/silk/VisTouch_silk_f6_r1_v1_winl04.avi
VisTouch_silk_f6_r1_v1_winl05,silk_f6_r1_v1,silk,sichou,丝绸,4,6,1,1,sliding,winl05,train,1607154318.000,1607154332.000,14.000,dataset/audio/silk/VisTouch_silk_f6_r1_v1_winl05.wav,dataset/tactile/silk/VisTouch_silk_f6_r1_v1_winl05.csv,dataset/video/silk/VisTouch_silk_f6_r1_v1_winl05.avi
VisTouch_silk_f6_r1_v1_winl06,silk_f6_r1_v1,silk,sichou,丝绸,4,6,1,1,sliding,winl06,train,1607154325.000,1607154339.000,14.000,dataset/audio/silk/VisTouch_silk_f6_r1_v1_winl06.wav,dataset/tactile/silk/VisTouch_silk_f6_r1_v1_winl06.csv,dataset/video/silk/VisTouch_silk_f6_r1_v1_winl06.avi
VisTouch_silk_f6_r1_v1_winl07,silk_f6_r1_v1,silk,sichou,丝绸,4,6,1,1,sliding,winl07,train,1607154332.000,1607154346.000,14.000,dataset/audio/silk/VisTouch_silk_f6_r1_v1_winl07.wav,dataset/tactile/silk/VisTouch_silk_f6_r1_v1_winl07.csv,dataset/video/silk/VisTouch_silk_f6_r1_v1_winl07.avi
VisTouch_silk_f6_r1_v1_winl08,silk_f6_r1_v1,silk,sichou,丝绸,4,6,1,1,sliding,winl08,train,1607154339.000,1607154353.000,14.000,dataset/audio/silk/VisTouch_silk_f6_r1_v1_winl08.wav,dataset/tactile/silk/VisTouch_silk_f6_r1_v1_winl08.csv,dataset/video/silk/VisTouch_silk_f6_r1_v1_winl08.avi
VisTouch_silk_f9_r1_v1_seg01,silk_f9_r1_v1,silk,sichou,丝绸,4,9,1,1,cycle,seg01,test,1607154492.660,1607154502.840,10.180,dataset/audio/silk/VisTouch_silk_f9_r1_v1_seg01.wav,dataset/tactile/silk/VisTouch_silk_f9_r1_v1_seg01.csv,dataset/video/silk/VisTouch_silk_f9_r1_v1_seg01.avi
VisTouch_silk_f9_r1_v1_seg02,silk_f9_r1_v1,silk,sichou,丝绸,4,9,1,1,cycle,seg02,test,1607154502.840,1607154513.040,10.200,dataset/audio/silk/VisTouch_silk_f9_r1_v1_seg02.wav,dataset/tactile/silk/VisTouch_silk_f9_r1_v1_seg02.csv,dataset/video/silk/VisTouch_silk_f9_r1_v1_seg02.avi
VisTouch_silk_f9_r1_v1_seg03,silk_f9_r1_v1,silk,sichou,丝绸,4,9,1,1,cycle,seg03,test,1607154513.040,1607154523.240,10.200,dataset/audio/silk/VisTouch_silk_f9_r1_v1_seg03.wav,dataset/tactile/silk/VisTouch_silk_f9_r1_v1_seg03.csv,dataset/video/silk/VisTouch_silk_f9_r1_v1_seg03.avi
VisTouch_silk_f9_r1_v1_seg04,silk_f9_r1_v1,silk,sichou,丝绸,4,9,1,1,cycle,seg04,test,1607154523.240,1607154533.460,10.220,dataset/audio/silk/VisTouch_silk_f9_r1_v1_seg04.wav,dataset/tactile/silk/VisTouch_silk_f9_r1_v1_seg04.csv,dataset/video/silk/VisTouch_silk_f9_r1_v1_seg04.avi
VisTouch_silk_f9_r1_v1_seg05,silk_f9_r1_v1,silk,sichou,丝绸,4,9,1,1,cycle,seg05,test,1607154533.460,1607154543.640,10.180,dataset/audio/silk/VisTouch_silk_f9_r1_v1_seg05.wav,dataset/tactile/silk/VisTouch_silk_f9_r1_v1_seg05.csv,dataset/video/silk/VisTouch_silk_f9_r1_v1_seg05.avi
VisTouch_silk_f9_r1_v1_wins01,silk_f9_r1_v1,silk,sichou,丝绸,4,9,1,1,sliding,wins01,test,1607154486.000,1607154493.000,7.000,dataset/audio/silk/VisTouch_silk_f9_r1_v1_wins01.wav,dataset/tactile/silk/VisTouch_silk_f9_r1_v1_wins01.csv,dataset/video/silk/VisTouch_silk_f9_r1_v1_wins01.avi
VisTouch_silk_f9_r1_v1_wins02,silk_f9_r1_v1,silk,sichou,丝绸,4,9,1,1,sliding,wins02,test,1607154489.500,1607154496.500,7.000,dataset/audio/silk/VisTouch_silk_f9_r1_v1_wins02.wav,dataset/tactile/silk/VisTouch_silk_f9_r1_v1_wins02.csv,dataset/video/silk/VisTouch_silk_f9_r1_v1_wins02.avi
VisTouch_silk_f9_r1_v1_wins03,silk_f9_r1_v1,silk,sichou,丝绸,4,9,1,1,sliding,wins03,test,1607154493.000,1607154500.000,7.000,dataset/audio/silk/VisTouch_silk_f9_r1_v1_wins03.wav,dataset/tactile/silk/VisTouch_silk_f9_r1_v1_wins03.csv,dataset/video/silk/VisTouch_silk_f9_r1_v1_wins03.avi
VisTouch_silk_f9_r1_v1_wins04,silk_f9_r1_v1,silk,sichou,丝绸,4,9,1,1,sliding,wins04,test,1607154496.500,1607154503.500,7.000,dataset/audio/silk/VisTouch_silk_f9_r1_v1_wins04.wav,dataset/tactile/silk/VisTouch_silk_f9_r1_v1_wins04.csv,dataset/video/silk/VisTouch_silk_f9_r1_v1_wins04.avi
VisTouch_silk_f9_r1_v1_wins05,silk_f9_r1_v1,silk,sichou,丝绸,4,9,1,1,sliding,wins05,test,1607154500.000,1607154507.000,7.000,dataset/audio/silk/VisTouch_silk_f9_r1_v1_wins05.wav,dataset/tactile/silk/VisTouch_silk_f9_r1_v1_wins05.csv,dataset/video/silk/VisTouch_silk_f9_r1_v1_wins05.avi
VisTouch_silk_f9_r1_v1_wins06,silk_f9_r1_v1,silk,sichou,丝绸,4,9,1,1,sliding,wins06,test,1607154503.500,1607154510.500,7.000,dataset/audio/silk/VisTouch_silk_f9_r1_v1_wins06.wav,dataset/tactile/silk/VisTouch_silk_f9_r1_v1_wins06.csv,dataset/video/silk/VisTouch_silk_f9_r1_v1_wins06.avi
VisTouch_silk_f9_r1_v1_wins07,silk_f9_r1_v1,silk,sichou,丝绸,4,9,1,1,sliding,wins07,test,1607154507.000,1607154514.000,7.000,dataset/audio/silk/VisTouch_silk_f9_r1_v1_wins07.wav,dataset/tactile/silk/VisTouch_silk_f9_r1_v1_wins07.csv,dataset/video/silk/VisTouch_silk_f9_r1_v1_wins07.avi
VisTouch_silk_f9_r1_v1_wins08,silk_f9_r1_v1,silk,sichou,丝绸,4,9,1,1,sliding,wins08,test,1607154510.500,1607154517.500,7.000,dataset/audio/silk/VisTouch_silk_f9_r1_v1_wins08.wav,dataset/tactile/silk/VisTouch_silk_f9_r1_v1_wins08.csv,dataset/video/silk/VisTouch_silk_f9_r1_v1_wins08.avi
VisTouch_silk_f9_r1_v1_wins09,silk_f9_r1_v1,silk,sichou,丝绸,4,9,1,1,sliding,wins09,test,1607154514.000,1607154521.000,7.000,dataset/audio/silk/VisTouch_silk_f9_r1_v1_wins09.wav,dataset/tactile/silk/VisTouch_silk_f9_r1_v1_wins09.csv,dataset/video/silk/VisTouch_silk_f9_r1_v1_wins09.avi
VisTouch_silk_f9_r1_v1_wins10,silk_f9_r1_v1,silk,sichou,丝绸,4,9,1,1,sliding,wins10,test,1607154517.500,1607154524.500,7.000,dataset/audio/silk/VisTouch_silk_f9_r1_v1_wins10.wav,dataset/tactile/silk/VisTouch_silk_f9_r1_v1_wins10.csv,dataset/video/silk/VisTouch_silk_f9_r1_v1_wins10.avi
VisTouch_silk_f9_r1_v1_wins11,silk_f9_r1_v1,silk,sichou,丝绸,4,9,1,1,sliding,wins11,test,1607154521.000,1607154528.000,7.000,dataset/audio/silk/VisTouch_silk_f9_r1_v1_wins11.wav,dataset/tactile/silk/VisTouch_silk_f9_r1_v1_wins11.csv,dataset/video/silk/VisTouch_silk_f9_r1_v1_wins11.avi
VisTouch_silk_f9_r1_v1_wins12,silk_f9_r1_v1,silk,sichou,丝绸,4,9,1,1,sliding,wins12,test,1607154524.500,1607154531.500,7.000,dataset/audio/silk/VisTouch_silk_f9_r1_v1_wins12.wav,dataset/tactile/silk/VisTouch_silk_f9_r1_v1_wins12.csv,dataset/video/silk/VisTouch_silk_f9_r1_v1_wins12.avi
VisTouch_silk_f9_r1_v1_wins13,silk_f9_r1_v1,silk,sichou,丝绸,4,9,1,1,sliding,wins13,test,1607154528.000,1607154535.000,7.000,dataset/audio/silk/VisTouch_silk_f9_r1_v1_wins13.wav,dataset/tactile/silk/VisTouch_silk_f9_r1_v1_wins13.csv,dataset/video/silk/VisTouch_silk_f9_r1_v1_wins13.avi
VisTouch_silk_f9_r1_v1_wins14,silk_f9_r1_v1,silk,sichou,丝绸,4,9,1,1,sliding,wins14,test,1607154531.500,1607154538.500,7.000,dataset/audio/silk/VisTouch_silk_f9_r1_v1_wins14.wav,dataset/tactile/silk/VisTouch_silk_f9_r1_v1_wins14.csv,dataset/video/silk/VisTouch_silk_f9_r1_v1_wins14.avi
VisTouch_silk_f9_r1_v1_wins15,silk_f9_r1_v1,silk,sichou,丝绸,4,9,1,1,sliding,wins15,test,1607154535.000,1607154542.000,7.000,dataset/audio/silk/VisTouch_silk_f9_r1_v1_wins15.wav,dataset/tactile/silk/VisTouch_silk_f9_r1_v1_wins15.csv,dataset/video/silk/VisTouch_silk_f9_r1_v1_wins15.avi
VisTouch_silk_f9_r1_v1_wins16,silk_f9_r1_v1,silk,sichou,丝绸,4,9,1,1,sliding,wins16,test,1607154538.500,1607154545.500,7.000,dataset/audio/silk/VisTouch_silk_f9_r1_v1_wins16.wav,dataset/tactile/silk/VisTouch_silk_f9_r1_v1_wins16.csv,dataset/video/silk/VisTouch_silk_f9_r1_v1_wins16.avi
VisTouch_silk_f9_r1_v1_wins17,silk_f9_r1_v1,silk,sichou,丝绸,4,9,1,1,sliding,wins17,test,1607154542.000,1607154549.000,7.000,dataset/audio/silk/VisTouch_silk_f9_r1_v1_wins17.wav,dataset/tactile/silk/VisTouch_silk_f9_r1_v1_wins17.csv,dataset/video/silk/VisTouch_silk_f9_r1_v1_wins17.avi
VisTouch_silk_f9_r1_v1_winm01,silk_f9_r1_v1,silk,sichou,丝绸,4,9,1,1,sliding,winm01,test,1607154486.000,1607154496.300,10.300,dataset/audio/silk/VisTouch_silk_f9_r1_v1_winm01.wav,dataset/tactile/silk/VisTouch_silk_f9_r1_v1_winm01.csv,dataset/video/silk/VisTouch_silk_f9_r1_v1_winm01.avi
VisTouch_silk_f9_r1_v1_winm02,silk_f9_r1_v1,silk,sichou,丝绸,4,9,1,1,sliding,winm02,test,1607154491.150,1607154501.450,10.300,dataset/audio/silk/VisTouch_silk_f9_r1_v1_winm02.wav,dataset/tactile/silk/VisTouch_silk_f9_r1_v1_winm02.csv,dataset/video/silk/VisTouch_silk_f9_r1_v1_winm02.avi
VisTouch_silk_f9_r1_v1_winm03,silk_f9_r1_v1,silk,sichou,丝绸,4,9,1,1,sliding,winm03,test,1607154496.300,1607154506.600,10.300,dataset/audio/silk/VisTouch_silk_f9_r1_v1_winm03.wav,dataset/tactile/silk/VisTouch_silk_f9_r1_v1_winm03.csv,dataset/video/silk/VisTouch_silk_f9_r1_v1_winm03.avi
VisTouch_silk_f9_r1_v1_winm04,silk_f9_r1_v1,silk,sichou,丝绸,4,9,1,1,sliding,winm04,test,1607154501.450,1607154511.750,10.300,dataset/audio/silk/VisTouch_silk_f9_r1_v1_winm04.wav,dataset/tactile/silk/VisTouch_silk_f9_r1_v1_winm04.csv,dataset/video/silk/VisTouch_silk_f9_r1_v1_winm04.avi
VisTouch_silk_f9_r1_v1_winm05,silk_f9_r1_v1,silk,sichou,丝绸,4,9,1,1,sliding,winm05,test,1607154506.600,1607154516.900,10.300,dataset/audio/silk/VisTouch_silk_f9_r1_v1_winm05.wav,dataset/tactile/silk/VisTouch_silk_f9_r1_v1_winm05.csv,dataset/video/silk/VisTouch_silk_f9_r1_v1_winm05.avi
VisTouch_silk_f9_r1_v1_winm06,silk_f9_r1_v1,silk,sichou,丝绸,4,9,1,1,sliding,winm06,test,1607154511.750,1607154522.050,10.300,dataset/audio/silk/VisTouch_silk_f9_r1_v1_winm06.wav,dataset/tactile/silk/VisTouch_silk_f9_r1_v1_winm06.csv,dataset/video/silk/VisTouch_silk_f9_r1_v1_winm06.avi
VisTouch_silk_f9_r1_v1_winm07,silk_f9_r1_v1,silk,sichou,丝绸,4,9,1,1,sliding,winm07,test,1607154516.900,1607154527.200,10.300,dataset/audio/silk/VisTouch_silk_f9_r1_v1_winm07.wav,dataset/tactile/silk/VisTouch_silk_f9_r1_v1_winm07.csv,dataset/video/silk/VisTouch_silk_f9_r1_v1_winm07.avi
VisTouch_silk_f9_r1_v1_winm08,silk_f9_r1_v1,silk,sichou,丝绸,4,9,1,1,sliding,winm08,test,1607154522.050,1607154532.350,10.300,dataset/audio/silk/VisTouch_silk_f9_r1_v1_winm08.wav,dataset/tactile/silk/VisTouch_silk_f9_r1_v1_winm08.csv,dataset/video/silk/VisTouch_silk_f9_r1_v1_winm08.avi
VisTouch_silk_f9_r1_v1_winm09,silk_f9_r1_v1,silk,sichou,丝绸,4,9,1,1,sliding,winm09,test,1607154527.200,1607154537.500,10.300,dataset/audio/silk/VisTouch_silk_f9_r1_v1_winm09.wav,dataset/tactile/silk/VisTouch_silk_f9_r1_v1_winm09.csv,dataset/video/silk/VisTouch_silk_f9_r1_v1_winm09.avi
VisTouch_silk_f9_r1_v1_winm10,silk_f9_r1_v1,silk,sichou,丝绸,4,9,1,1,sliding,winm10,test,1607154532.350,1607154542.650,10.300,dataset/audio/silk/VisTouch_silk_f9_r1_v1_winm10.wav,dataset/tactile/silk/VisTouch_silk_f9_r1_v1_winm10.csv,dataset/video/silk/VisTouch_silk_f9_r1_v1_winm10.avi
VisTouch_silk_f9_r1_v1_winm11,silk_f9_r1_v1,silk,sichou,丝绸,4,9,1,1,sliding,winm11,test,1607154537.500,1607154547.800,10.300,dataset/audio/silk/VisTouch_silk_f9_r1_v1_winm11.wav,dataset/tactile/silk/VisTouch_silk_f9_r1_v1_winm11.csv,dataset/video/silk/VisTouch_silk_f9_r1_v1_winm11.avi
VisTouch_silk_f9_r1_v1_winl01,silk_f9_r1_v1,silk,sichou,丝绸,4,9,1,1,sliding,winl01,test,1607154486.000,1607154500.000,14.000,dataset/audio/silk/VisTouch_silk_f9_r1_v1_winl01.wav,dataset/tactile/silk/VisTouch_silk_f9_r1_v1_winl01.csv,dataset/video/silk/VisTouch_silk_f9_r1_v1_winl01.avi
VisTouch_silk_f9_r1_v1_winl02,silk_f9_r1_v1,silk,sichou,丝绸,4,9,1,1,sliding,winl02,test,1607154493.000,1607154507.000,14.000,dataset/audio/silk/VisTouch_silk_f9_r1_v1_winl02.wav,dataset/tactile/silk/VisTouch_silk_f9_r1_v1_winl02.csv,dataset/video/silk/VisTouch_silk_f9_r1_v1_winl02.avi
VisTouch_silk_f9_r1_v1_winl03,silk_f9_r1_v1,silk,sichou,丝绸,4,9,1,1,sliding,winl03,test,1607154500.000,1607154514.000,14.000,dataset/audio/silk/VisTouch_silk_f9_r1_v1_winl03.wav,dataset/tactile/silk/VisTouch_silk_f9_r1_v1_winl03.csv,dataset/video/silk/VisTouch_silk_f9_r1_v1_winl03.avi
VisTouch_silk_f9_r1_v1_winl04,silk_f9_r1_v1,silk,sichou,丝绸,4,9,1,1,sliding,winl04,test,1607154507.000,1607154521.000,14.000,dataset/audio/silk/VisTouch_silk_f9_r1_v1_winl04.wav,dataset/tactile/silk/VisTouch_silk_f9_r1_v1_winl04.csv,dataset/video/silk/VisTouch_silk_f9_r1_v1_winl04.avi
VisTouch_silk_f9_r1_v1_winl05,silk_f9_r1_v1,silk,sichou,丝绸,4,9,1,1,sliding,winl05,test,1607154514.000,1607154528.000,14.000,dataset/audio/silk/VisTouch_silk_f9_r1_v1_winl05.wav,dataset/tactile/silk/VisTouch_silk_f9_r1_v1_winl05.csv,dataset/video/silk/VisTouch_silk_f9_r1_v1_winl05.avi
VisTouch_silk_f9_r1_v1_winl06,silk_f9_r1_v1,silk,sichou,丝绸,4,9,1,1,sliding,winl06,test,1607154521.000,1607154535.000,14.000,dataset/audio/silk/VisTouch_silk_f9_r1_v1_winl06.wav,dataset/tactile/silk/VisTouch_silk_f9_r1_v1_winl06.csv,dataset/video/silk/VisTouch_silk_f9_r1_v1_winl06.avi
VisTouch_silk_f9_r1_v1_winl07,silk_f9_r1_v1,silk,sichou,丝绸,4,9,1,1,sliding,winl07,test,1607154528.000,1607154542.000,14.000,dataset/audio/silk/VisTouch_silk_f9_r1_v1_winl07.wav,dataset/tactile/silk/VisTouch_silk_f9_r1_v1_winl07.csv,dataset/video/silk/VisTouch_silk_f9_r1_v1_winl07.avi
VisTouch_silk_f9_r1_v1_winl08,silk_f9_r1_v1,silk,sichou,丝绸,4,9,1,1,sliding,winl08,test,1607154535.000,1607154549.000,14.000,dataset/audio/silk/VisTouch_silk_f9_r1_v1_winl08.wav,dataset/tactile/silk/VisTouch_silk_f9_r1_v1_winl08.csv,dataset/video/silk/VisTouch_silk_f9_r1_v1_winl08.avi
VisTouch_spandex_f3_r1_v1_seg01,spandex_f3_r1_v1,spandex,anlun,氨纶,5,3,1,1,cycle,seg01,train,1607156651.740,1607156662.040,10.300,dataset/audio/spandex/VisTouch_spandex_f3_r1_v1_seg01.wav,dataset/tactile/spandex/VisTouch_spandex_f3_r1_v1_seg01.csv,dataset/video/spandex/VisTouch_spandex_f3_r1_v1_seg01.avi
VisTouch_spandex_f3_r1_v1_seg02,spandex_f3_r1_v1,spandex,anlun,氨纶,5,3,1,1,cycle,seg02,train,1607156662.040,1607156672.300,10.260,dataset/audio/spandex/VisTouch_spandex_f3_r1_v1_seg02.wav,dataset/tactile/spandex/VisTouch_spandex_f3_r1_v1_seg02.csv,dataset/video/spandex/VisTouch_spandex_f3_r1_v1_seg02.avi
VisTouch_spandex_f3_r1_v1_seg03,spandex_f3_r1_v1,spandex,anlun,氨纶,5,3,1,1,cycle,seg03,train,1607156672.300,1607156682.620,10.320,dataset/audio/spandex/VisTouch_spandex_f3_r1_v1_seg03.wav,dataset/tactile/spandex/VisTouch_spandex_f3_r1_v1_seg03.csv,dataset/video/spandex/VisTouch_spandex_f3_r1_v1_seg03.avi
VisTouch_spandex_f3_r1_v1_seg04,spandex_f3_r1_v1,spandex,anlun,氨纶,5,3,1,1,cycle,seg04,train,1607156682.620,1607156692.880,10.260,dataset/audio/spandex/VisTouch_spandex_f3_r1_v1_seg04.wav,dataset/tactile/spandex/VisTouch_spandex_f3_r1_v1_seg04.csv,dataset/video/spandex/VisTouch_spandex_f3_r1_v1_seg04.avi
VisTouch_spandex_f3_r1_v1_seg05,spandex_f3_r1_v1,spandex,anlun,氨纶,5,3,1,1,cycle,seg05,train,1607156692.880,1607156703.160,10.280,dataset/audio/spandex/VisTouch_spandex_f3_r1_v1_seg05.wav,dataset/tactile/spandex/VisTouch_spandex_f3_r1_v1_seg05.csv,dataset/video/spandex/VisTouch_spandex_f3_r1_v1_seg05.avi
VisTouch_spandex_f3_r1_v1_wins01,spandex_f3_r1_v1,spandex,anlun,氨纶,5,3,1,1,sliding,wins01,train,1607156644.860,1607156651.860,7.000,dataset/audio/spandex/VisTouch_spandex_f3_r1_v1_wins01.wav,dataset/tactile/spandex/VisTouch_spandex_f3_r1_v1_wins01.csv,dataset/video/spandex/VisTouch_spandex_f3_r1_v1_wins01.avi
VisTouch_spandex_f3_r1_v1_wins02,spandex_f3_r1_v1,spandex,anlun,氨纶,5,3,1,1,sliding,wins02,train,1607156648.360,1607156655.360,7.000,dataset/audio/spandex/VisTouch_spandex_f3_r1_v1_wins02.wav,dataset/tactile/spandex/VisTouch_spandex_f3_r1_v1_wins02.csv,dataset/video/spandex/VisTouch_spandex_f3_r1_v1_wins02.avi
VisTouch_spandex_f3_r1_v1_wins03,spandex_f3_r1_v1,spandex,anlun,氨纶,5,3,1,1,sliding,wins03,train,1607156651.860,1607156658.860,7.000,dataset/audio/spandex/VisTouch_spandex_f3_r1_v1_wins03.wav,dataset/tactile/spandex/VisTouch_spandex_f3_r1_v1_wins03.csv,dataset/video/spandex/VisTouch_spandex_f3_r1_v1_wins03.avi
VisTouch_spandex_f3_r1_v1_wins04,spandex_f3_r1_v1,spandex,anlun,氨纶,5,3,1,1,sliding,wins04,train,1607156655.360,1607156662.360,7.000,dataset/audio/spandex/VisTouch_spandex_f3_r1_v1_wins04.wav,dataset/tactile/spandex/VisTouch_spandex_f3_r1_v1_wins04.csv,dataset/video/spandex/VisTouch_spandex_f3_r1_v1_wins04.avi
VisTouch_spandex_f3_r1_v1_wins05,spandex_f3_r1_v1,spandex,anlun,氨纶,5,3,1,1,sliding,wins05,train,1607156658.860,1607156665.860,7.000,dataset/audio/spandex/VisTouch_spandex_f3_r1_v1_wins05.wav,dataset/tactile/spandex/VisTouch_spandex_f3_r1_v1_wins05.csv,dataset/video/spandex/VisTouch_spandex_f3_r1_v1_wins05.avi
VisTouch_spandex_f3_r1_v1_wins06,spandex_f3_r1_v1,spandex,anlun,氨纶,5,3,1,1,sliding,wins06,train,1607156662.360,1607156669.360,7.000,dataset/audio/spandex/VisTouch_spandex_f3_r1_v1_wins06.wav,dataset/tactile/spandex/VisTouch_spandex_f3_r1_v1_wins06.csv,dataset/video/spandex/VisTouch_spandex_f3_r1_v1_wins06.avi
VisTouch_spandex_f3_r1_v1_wins07,spandex_f3_r1_v1,spandex,anlun,氨纶,5,3,1,1,sliding,wins07,train,1607156665.860,1607156672.860,7.000,dataset/audio/spandex/VisTouch_spandex_f3_r1_v1_wins07.wav,dataset/tactile/spandex/VisTouch_spandex_f3_r1_v1_wins07.csv,dataset/video/spandex/VisTouch_spandex_f3_r1_v1_wins07.avi
VisTouch_spandex_f3_r1_v1_wins08,spandex_f3_r1_v1,spandex,anlun,氨纶,5,3,1,1,sliding,wins08,train,1607156669.360,1607156676.360,7.000,dataset/audio/spandex/VisTouch_spandex_f3_r1_v1_wins08.wav,dataset/tactile/spandex/VisTouch_spandex_f3_r1_v1_wins08.csv,dataset/video/spandex/VisTouch_spandex_f3_r1_v1_wins08.avi
VisTouch_spandex_f3_r1_v1_wins09,spandex_f3_r1_v1,spandex,anlun,氨纶,5,3,1,1,sliding,wins09,train,1607156672.860,1607156679.860,7.000,dataset/audio/spandex/VisTouch_spandex_f3_r1_v1_wins09.wav,dataset/tactile/spandex/VisTouch_spandex_f3_r1_v1_wins09.csv,dataset/video/spandex/VisTouch_spandex_f3_r1_v1_wins09.avi
VisTouch_spandex_f3_r1_v1_wins10,spandex_f3_r1_v1,spandex,anlun,氨纶,5,3,1,1,sliding,wins10,train,1607156676.360,1607156683.360,7.000,dataset/audio/spandex/VisTouch_spandex_f3_r1_v1_wins10.wav,dataset/tactile/spandex/VisTouch_spandex_f3_r1_v1_wins10.csv,dataset/video/spandex/VisTouch_spandex_f3_r1_v1_wins10.avi
VisTouch_spandex_f3_r1_v1_wins11,spandex_f3_r1_v1,spandex,anlun,氨纶,5,3,1,1,sliding,wins11,train,1607156679.860,1607156686.860,7.000,dataset/audio/spandex/VisTouch_spandex_f3_r1_v1_wins11.wav,dataset/tactile/spandex/VisTouch_spandex_f3_r1_v1_wins11.csv,dataset/video/spandex/VisTouch_spandex_f3_r1_v1_wins11.avi
VisTouch_spandex_f3_r1_v1_wins12,spandex_f3_r1_v1,spandex,anlun,氨纶,5,3,1,1,sliding,wins12,train,1607156683.360,1607156690.360,7.000,dataset/audio/spandex/VisTouch_spandex_f3_r1_v1_wins12.wav,dataset/tactile/spandex/VisTouch_spandex_f3_r1_v1_wins12.csv,dataset/video/spandex/VisTouch_spandex_f3_r1_v1_wins12.avi
VisTouch_spandex_f3_r1_v1_wins13,spandex_f3_r1_v1,spandex,anlun,氨纶,5,3,1,1,sliding,wins13,train,1607156686.860,1607156693.860,7.000,dataset/audio/spandex/VisTouch_spandex_f3_r1_v1_wins13.wav,dataset/tactile/spandex/VisTouch_spandex_f3_r1_v1_wins13.csv,dataset/video/spandex/VisTouch_spandex_f3_r1_v1_wins13.avi
VisTouch_spandex_f3_r1_v1_wins14,spandex_f3_r1_v1,spandex,anlun,氨纶,5,3,1,1,sliding,wins14,train,1607156690.360,1607156697.360,7.000,dataset/audio/spandex/VisTouch_spandex_f3_r1_v1_wins14.wav,dataset/tactile/spandex/VisTouch_spandex_f3_r1_v1_wins14.csv,dataset/video/spandex/VisTouch_spandex_f3_r1_v1_wins14.avi
VisTouch_spandex_f3_r1_v1_wins15,spandex_f3_r1_v1,spandex,anlun,氨纶,5,3,1,1,sliding,wins15,train,1607156693.860,1607156700.860,7.000,dataset/audio/spandex/VisTouch_spandex_f3_r1_v1_wins15.wav,dataset/tactile/spandex/VisTouch_spandex_f3_r1_v1_wins15.csv,dataset/video/spandex/VisTouch_spandex_f3_r1_v1_wins15.avi
VisTouch_spandex_f3_r1_v1_wins16,spandex_f3_r1_v1,spandex,anlun,氨纶,5,3,1,1,sliding,wins16,train,1607156697.360,1607156704.360,7.000,dataset/audio/spandex/VisTouch_spandex_f3_r1_v1_wins16.wav,dataset/tactile/spandex/VisTouch_spandex_f3_r1_v1_wins16.csv,dataset/video/spandex/VisTouch_spandex_f3_r1_v1_wins16.avi
VisTouch_spandex_f3_r1_v1_wins17,spandex_f3_r1_v1,spandex,anlun,氨纶,5,3,1,1,sliding,wins17,train,1607156700.860,1607156707.860,7.000,dataset/audio/spandex/VisTouch_spandex_f3_r1_v1_wins17.wav,dataset/tactile/spandex/VisTouch_spandex_f3_r1_v1_wins17.csv,dataset/video/spandex/VisTouch_spandex_f3_r1_v1_wins17.avi
VisTouch_spandex_f3_r1_v1_winm01,spandex_f3_r1_v1,spandex,anlun,氨纶,5,3,1,1,sliding,winm01,train,1607156644.860,1607156655.160,10.300,dataset/audio/spandex/VisTouch_spandex_f3_r1_v1_winm01.wav,dataset/tactile/spandex/VisTouch_spandex_f3_r1_v1_winm01.csv,dataset/video/spandex/VisTouch_spandex_f3_r1_v1_winm01.avi
VisTouch_spandex_f3_r1_v1_winm02,spandex_f3_r1_v1,spandex,anlun,氨纶,5,3,1,1,sliding,winm02,train,1607156650.010,1607156660.310,10.300,dataset/audio/spandex/VisTouch_spandex_f3_r1_v1_winm02.wav,dataset/tactile/spandex/VisTouch_spandex_f3_r1_v1_winm02.csv,dataset/video/spandex/VisTouch_spandex_f3_r1_v1_winm02.avi
VisTouch_spandex_f3_r1_v1_winm03,spandex_f3_r1_v1,spandex,anlun,氨纶,5,3,1,1,sliding,winm03,train,1607156655.160,1607156665.460,10.300,dataset/audio/spandex/VisTouch_spandex_f3_r1_v1_winm03.wav,dataset/tactile/spandex/VisTouch_spandex_f3_r1_v1_winm03.csv,dataset/video/spandex/VisTouch_spandex_f3_r1_v1_winm03.avi
VisTouch_spandex_f3_r1_v1_winm04,spandex_f3_r1_v1,spandex,anlun,氨纶,5,3,1,1,sliding,winm04,train,1607156660.310,1607156670.610,10.300,dataset/audio/spandex/VisTouch_spandex_f3_r1_v1_winm04.wav,dataset/tactile/spandex/VisTouch_spandex_f3_r1_v1_winm04.csv,dataset/video/spandex/VisTouch_spandex_f3_r1_v1_winm04.avi
VisTouch_spandex_f3_r1_v1_winm05,spandex_f3_r1_v1,spandex,anlun,氨纶,5,3,1,1,sliding,winm05,train,1607156665.460,1607156675.760,10.300,dataset/audio/spandex/VisTouch_spandex_f3_r1_v1_winm05.wav,dataset/tactile/spandex/VisTouch_spandex_f3_r1_v1_winm05.csv,dataset/video/spandex/VisTouch_spandex_f3_r1_v1_winm05.avi
VisTouch_spandex_f3_r1_v1_winm06,spandex_f3_r1_v1,spandex,anlun,氨纶,5,3,1,1,sliding,winm06,train,1607156670.610,1607156680.910,10.300,dataset/audio/spandex/VisTouch_spandex_f3_r1_v1_winm06.wav,dataset/tactile/spandex/VisTouch_spandex_f3_r1_v1_winm06.csv,dataset/video/spandex/VisTouch_spandex_f3_r1_v1_winm06.avi
VisTouch_spandex_f3_r1_v1_winm07,spandex_f3_r1_v1,spandex,anlun,氨纶,5,3,1,1,sliding,winm07,train,1607156675.760,1607156686.060,10.300,dataset/audio/spandex/VisTouch_spandex_f3_r1_v1_winm07.wav,dataset/tactile/spandex/VisTouch_spandex_f3_r1_v1_winm07.csv,dataset/video/spandex/VisTouch_spandex_f3_r1_v1_winm07.avi
VisTouch_spandex_f3_r1_v1_winm08,spandex_f3_r1_v1,spandex,anlun,氨纶,5,3,1,1,sliding,winm08,train,1607156680.910,1607156691.210,10.300,dataset/audio/spandex/VisTouch_spandex_f3_r1_v1_winm08.wav,dataset/tactile/spandex/VisTouch_spandex_f3_r1_v1_winm08.csv,dataset/video/spandex/VisTouch_spandex_f3_r1_v1_winm08.avi
VisTouch_spandex_f3_r1_v1_winm09,spandex_f3_r1_v1,spandex,anlun,氨纶,5,3,1,1,sliding,winm09,train,1607156686.060,1607156696.360,10.300,dataset/audio/spandex/VisTouch_spandex_f3_r1_v1_winm09.wav,dataset/tactile/spandex/VisTouch_spandex_f3_r1_v1_winm09.csv,dataset/video/spandex/VisTouch_spandex_f3_r1_v1_winm09.avi
VisTouch_spandex_f3_r1_v1_winm10,spandex_f3_r1_v1,spandex,anlun,氨纶,5,3,1,1,sliding,winm10,train,1607156691.210,1607156701.510,10.300,dataset/audio/spandex/VisTouch_spandex_f3_r1_v1_winm10.wav,dataset/tactile/spandex/VisTouch_spandex_f3_r1_v1_winm10.csv,dataset/video/spandex/VisTouch_spandex_f3_r1_v1_winm10.avi
VisTouch_spandex_f3_r1_v1_winm11,spandex_f3_r1_v1,spandex,anlun,氨纶,5,3,1,1,sliding,winm11,train,1607156696.360,1607156706.660,10.300,dataset/audio/spandex/VisTouch_spandex_f3_r1_v1_winm11.wav,dataset/tactile/spandex/VisTouch_spandex_f3_r1_v1_winm11.csv,dataset/video/spandex/VisTouch_spandex_f3_r1_v1_winm11.avi
VisTouch_spandex_f3_r1_v1_winl01,spandex_f3_r1_v1,spandex,anlun,氨纶,5,3,1,1,sliding,winl01,train,1607156644.860,1607156658.860,14.000,dataset/audio/spandex/VisTouch_spandex_f3_r1_v1_winl01.wav,dataset/tactile/spandex/VisTouch_spandex_f3_r1_v1_winl01.csv,dataset/video/spandex/VisTouch_spandex_f3_r1_v1_winl01.avi
VisTouch_spandex_f3_r1_v1_winl02,spandex_f3_r1_v1,spandex,anlun,氨纶,5,3,1,1,sliding,winl02,train,1607156651.860,1607156665.860,14.000,dataset/audio/spandex/VisTouch_spandex_f3_r1_v1_winl02.wav,dataset/tactile/spandex/VisTouch_spandex_f3_r1_v1_winl02.csv,dataset/video/spandex/VisTouch_spandex_f3_r1_v1_winl02.avi
VisTouch_spandex_f3_r1_v1_winl03,spandex_f3_r1_v1,spandex,anlun,氨纶,5,3,1,1,sliding,winl03,train,1607156658.860,1607156672.860,14.000,dataset/audio/spandex/VisTouch_spandex_f3_r1_v1_winl03.wav,dataset/tactile/spandex/VisTouch_spandex_f3_r1_v1_winl03.csv,dataset/video/spandex/VisTouch_spandex_f3_r1_v1_winl03.avi
VisTouch_spandex_f3_r1_v1_winl04,spandex_f3_r1_v1,spandex,anlun,氨纶,5,3,1,1,sliding,winl04,train,1607156665.860,1607156679.860,14.000,dataset/audio/spandex/VisTouch_spandex_f3_r1_v1_winl04.wav,dataset/tactile/spandex/VisTouch_spandex_f3_r1_v1_winl04.csv,dataset/video/spandex/VisTouch_spandex_f3_r1_v1_winl04.avi
VisTouch_spandex_f3_r1_v1_winl05,spandex_f3_r1_v1,spandex,anlun,氨纶,5,3,1,1,sliding,winl05,train,1607156672.860,1607156686.860,14.000,dataset/audio/spandex/VisTouch_spandex_f3_r1_v1_winl05.wav,dataset/tactile/spandex/VisTouch_spandex_f3_r1_v1_winl05.csv,dataset/video/spandex/VisTouch_spandex_f3_r1_v1_winl05.avi
VisTouch_spandex_f3_r1_v1_winl06,spandex_f3_r1_v1,spandex,anlun,氨纶,5,3,1,1,sliding,winl06,train,1607156679.860,1607156693.860,14.000,dataset/audio/spandex/VisTouch_spandex_f3_r1_v1_winl06.wav,dataset/tactile/spandex/VisTouch_spandex_f3_r1_v1_winl06.csv,dataset/video/spandex/VisTouch_spandex_f3_r1_v1_winl06.avi
VisTouch_spandex_f3_r1_v1_winl07,spandex_f3_r1_v1,spandex,anlun,氨纶,5,3,1,1,sliding,winl07,train,1607156686.860,1607156700.860,14.000,dataset/audio/spandex/VisTouch_spandex_f3_r1_v1_winl07.wav,dataset/tactile/spandex/VisTouch_spandex_f3_r1_v1_winl07.csv,dataset/video/spandex/VisTouch_spandex_f3_r1_v1_winl07.avi
VisTouch_spandex_f3_r1_v1_winl08,spandex_f3_r1_v1,spandex,anlun,氨纶,5,3,1,1,sliding,winl08,train,1607156693.860,1607156707.860,14.000,dataset/audio/spandex/VisTouch_spandex_f3_r1_v1_winl08.wav,dataset/tactile/spandex/VisTouch_spandex_f3_r1_v1_winl08.csv,dataset/video/spandex/VisTouch_spandex_f3_r1_v1_winl08.avi
VisTouch_spandex_f6_r1_v1_seg01,spandex_f6_r1_v1,spandex,anlun,氨纶,5,6,1,1,cycle,seg01,train,1607157012.280,1607157022.540,10.260,dataset/audio/spandex/VisTouch_spandex_f6_r1_v1_seg01.wav,dataset/tactile/spandex/VisTouch_spandex_f6_r1_v1_seg01.csv,dataset/video/spandex/VisTouch_spandex_f6_r1_v1_seg01.avi
VisTouch_spandex_f6_r1_v1_seg02,spandex_f6_r1_v1,spandex,anlun,氨纶,5,6,1,1,cycle,seg02,train,1607157022.540,1607157032.760,10.220,dataset/audio/spandex/VisTouch_spandex_f6_r1_v1_seg02.wav,dataset/tactile/spandex/VisTouch_spandex_f6_r1_v1_seg02.csv,dataset/video/spandex/VisTouch_spandex_f6_r1_v1_seg02.avi
VisTouch_spandex_f6_r1_v1_seg03,spandex_f6_r1_v1,spandex,anlun,氨纶,5,6,1,1,cycle,seg03,train,1607157032.760,1607157042.980,10.220,dataset/audio/spandex/VisTouch_spandex_f6_r1_v1_seg03.wav,dataset/tactile/spandex/VisTouch_spandex_f6_r1_v1_seg03.csv,dataset/video/spandex/VisTouch_spandex_f6_r1_v1_seg03.avi
VisTouch_spandex_f6_r1_v1_seg04,spandex_f6_r1_v1,spandex,anlun,氨纶,5,6,1,1,cycle,seg04,train,1607157042.980,1607157053.240,10.260,dataset/audio/spandex/VisTouch_spandex_f6_r1_v1_seg04.wav,dataset/tactile/spandex/VisTouch_spandex_f6_r1_v1_seg04.csv,dataset/video/spandex/VisTouch_spandex_f6_r1_v1_seg04.avi
VisTouch_spandex_f6_r1_v1_seg05,spandex_f6_r1_v1,spandex,anlun,氨纶,5,6,1,1,cycle,seg05,train,1607157053.240,1607157063.460,10.220,dataset/audio/spandex/VisTouch_spandex_f6_r1_v1_seg05.wav,dataset/tactile/spandex/VisTouch_spandex_f6_r1_v1_seg05.csv,dataset/video/spandex/VisTouch_spandex_f6_r1_v1_seg05.avi
VisTouch_spandex_f6_r1_v1_wins01,spandex_f6_r1_v1,spandex,anlun,氨纶,5,6,1,1,sliding,wins01,train,1607157006.000,1607157013.000,7.000,dataset/audio/spandex/VisTouch_spandex_f6_r1_v1_wins01.wav,dataset/tactile/spandex/VisTouch_spandex_f6_r1_v1_wins01.csv,dataset/video/spandex/VisTouch_spandex_f6_r1_v1_wins01.avi
VisTouch_spandex_f6_r1_v1_wins02,spandex_f6_r1_v1,spandex,anlun,氨纶,5,6,1,1,sliding,wins02,train,1607157009.500,1607157016.500,7.000,dataset/audio/spandex/VisTouch_spandex_f6_r1_v1_wins02.wav,dataset/tactile/spandex/VisTouch_spandex_f6_r1_v1_wins02.csv,dataset/video/spandex/VisTouch_spandex_f6_r1_v1_wins02.avi
VisTouch_spandex_f6_r1_v1_wins03,spandex_f6_r1_v1,spandex,anlun,氨纶,5,6,1,1,sliding,wins03,train,1607157013.000,1607157020.000,7.000,dataset/audio/spandex/VisTouch_spandex_f6_r1_v1_wins03.wav,dataset/tactile/spandex/VisTouch_spandex_f6_r1_v1_wins03.csv,dataset/video/spandex/VisTouch_spandex_f6_r1_v1_wins03.avi
VisTouch_spandex_f6_r1_v1_wins04,spandex_f6_r1_v1,spandex,anlun,氨纶,5,6,1,1,sliding,wins04,train,1607157016.500,1607157023.500,7.000,dataset/audio/spandex/VisTouch_spandex_f6_r1_v1_wins04.wav,dataset/tactile/spandex/VisTouch_spandex_f6_r1_v1_wins04.csv,dataset/video/spandex/VisTouch_spandex_f6_r1_v1_wins04.avi
VisTouch_spandex_f6_r1_v1_wins05,spandex_f6_r1_v1,spandex,anlun,氨纶,5,6,1,1,sliding,wins05,train,1607157020.000,1607157027.000,7.000,dataset/audio/spandex/VisTouch_spandex_f6_r1_v1_wins05.wav,dataset/tactile/spandex/VisTouch_spandex_f6_r1_v1_wins05.csv,dataset/video/spandex/VisTouch_spandex_f6_r1_v1_wins05.avi
VisTouch_spandex_f6_r1_v1_wins06,spandex_f6_r1_v1,spandex,anlun,氨纶,5,6,1,1,sliding,wins06,train,1607157023.500,1607157030.500,7.000,dataset/audio/spandex/VisTouch_spandex_f6_r1_v1_wins06.wav,dataset/tactile/spandex/VisTouch_spandex_f6_r1_v1_wins06.csv,dataset/video/spandex/VisTouch_spandex_f6_r1_v1_wins06.avi
VisTouch_spandex_f6_r1_v1_wins07,spandex_f6_r1_v1,spandex,anlun,氨纶,5,6,1,1,sliding,wins07,train,1607157027.000,1607157034.000,7.000,dataset/audio/spandex/VisTouch_spandex_f6_r1_v1_wins07.wav,dataset/tactile/spandex/VisTouch_spandex_f6_r1_v1_wins07.csv,dataset/video/spandex/VisTouch_spandex_f6_r1_v1_wins07.avi
VisTouch_spandex_f6_r1_v1_wins08,spandex_f6_r1_v1,spandex,anlun,氨纶,5,6,1,1,sliding,wins08,train,1607157030.500,1607157037.500,7.000,dataset/audio/spandex/VisTouch_spandex_f6_r1_v1_wins08.wav,dataset/tactile/spandex/VisTouch_spandex_f6_r1_v1_wins08.csv,dataset/video/spandex/VisTouch_spandex_f6_r1_v1_wins08.avi
VisTouch_spandex_f6_r1_v1_wins09,spandex_f6_r1_v1,spandex,anlun,氨纶,5,6,1,1,sliding,wins09,train,1607157034.000,1607157041.000,7.000,dataset/audio/spandex/VisTouch_spandex_f6_r1_v1_wins09.wav,dataset/tactile/spandex/VisTouch_spandex_f6_r1_v1_wins09.csv,dataset/video/spandex/VisTouch_spandex_f6_r1_v1_wins09.avi
VisTouch_spandex_f6_r1_v1_wins10,spandex_f6_r1_v1,spandex,anlun,氨纶,5,6,1,1,sliding,wins10,train,1607157037.500,1607157044.500,7.000,dataset/audio/spandex/VisTouch_spandex_f6_r1_v1_wins10.wav,dataset/tactile/spandex/VisTouch_spandex_f6_r1_v1_wins10.csv,dataset/video/spandex/VisTouch_spandex_f6_r1_v1_wins10.avi
VisTouch_spandex_f6_r1_v1_wins11,spandex_f6_r1_v1,spandex,anlun,氨纶,5,6,1,1,sliding,wins11,train,1607157041.000,1607157048.000,7.000,dataset/audio/spandex/VisTouch_spandex_f6_r1_v1_wins11.wav,dataset/tactile/spandex/VisTouch_spandex_f6_r1_v1_wins11.csv,dataset/video/spandex/VisTouch_spandex_f6_r1_v1_wins11.avi
VisTouch_spandex_f6_r1_v1_wins12,spandex_f6_r1_v1,spandex,anlun,氨纶,5,6,1,1,sliding,wins12,train,1607157044.500,1607157051.500,7.000,dataset/audio/spandex/VisTouch_spandex_f6_r1_v1_wins12.wav,dataset/tactile/spandex/VisTouch_spandex_f6_r1_v1_wins12.csv,dataset/video/spandex/VisTouch_spandex_f6_r1_v1_wins12.avi
VisTouch_spandex_f6_r1_v1_wins13,spandex_f6_r1_v1,spandex,anlun,氨纶,5,6,1,1,sliding,wins13,train,1607157048.000,1607157055.000,7.000,dataset/audio/spandex/VisTouch_spandex_f6_r1_v1_wins13.wav,dataset/tactile/spandex/VisTouch_spandex_f6_r1_v1_wins13.csv,dataset/video/spandex/VisTouch_spandex_f6_r1_v1_wins13.avi
VisTouch_spandex_f6_r1_v1_wins14,spandex_f6_r1_v1,spandex,anlun,氨纶,5,6,1,1,sliding,wins14,train,1607157051.500,1607157058.500,7.000,dataset/audio/spandex/VisTouch_spandex_f6_r1_v1_wins14.wav,dataset/tactile/spandex/VisTouch_spandex_f6_r1_v1_wins14.csv,dataset/video/spandex/VisTouch_spandex_f6_r1_v1_wins14.avi
VisTouch_spandex_f6_r1_v1_wins15,spandex_f6_r1_v1,spandex,anlun,氨纶,5,6,1,1,sliding,wins15,train,1607157055.000,1607157062.000,7.000,dataset/audio/spandex/VisTouch_spandex_f6_r1_v1_wins15.wav,dataset/tactile/spandex/VisTouch_spandex_f6_r1_v1_wins15.csv,dataset/video/spandex/VisTouch_spandex_f6_r1_v1_wins15.avi
VisTouch_spandex_f6_r1_v1_wins16,spandex_f6_r1_v1,spandex,anlun,氨纶,5,6,1,1,sliding,wins16,train,1607157058.500,1607157065.500,7.000,dataset/audio/spandex/VisTouch_spandex_f6_r1_v1_wins16.wav,dataset/tactile/spandex/VisTouch_spandex_f6_r1_v1_wins16.csv,dataset/video/spandex/VisTouch_spandex_f6_r1_v1_wins16.avi
VisTouch_spandex_f6_r1_v1_wins17,spandex_f6_r1_v1,spandex,anlun,氨纶,5,6,1,1,sliding,wins17,train,1607157062.000,1607157069.000,7.000,dataset/audio/spandex/VisTouch_spandex_f6_r1_v1_wins17.wav,dataset/tactile/spandex/VisTouch_spandex_f6_r1_v1_wins17.csv,dataset/video/spandex/VisTouch_spandex_f6_r1_v1_wins17.avi
VisTouch_spandex_f6_r1_v1_winm01,spandex_f6_r1_v1,spandex,anlun,氨纶,5,6,1,1,sliding,winm01,train,1607157006.000,1607157016.300,10.300,dataset/audio/spandex/VisTouch_spandex_f6_r1_v1_winm01.wav,dataset/tactile/spandex/VisTouch_spandex_f6_r1_v1_winm01.csv,dataset/video/spandex/VisTouch_spandex_f6_r1_v1_winm01.avi
VisTouch_spandex_f6_r1_v1_winm02,spandex_f6_r1_v1,spandex,anlun,氨纶,5,6,1,1,sliding,winm02,train,1607157011.150,1607157021.450,10.300,dataset/audio/spandex/VisTouch_spandex_f6_r1_v1_winm02.wav,dataset/tactile/spandex/VisTouch_spandex_f6_r1_v1_winm02.csv,dataset/video/spandex/VisTouch_spandex_f6_r1_v1_winm02.avi
VisTouch_spandex_f6_r1_v1_winm03,spandex_f6_r1_v1,spandex,anlun,氨纶,5,6,1,1,sliding,winm03,train,1607157016.300,1607157026.600,10.300,dataset/audio/spandex/VisTouch_spandex_f6_r1_v1_winm03.wav,dataset/tactile/spandex/VisTouch_spandex_f6_r1_v1_winm03.csv,dataset/video/spandex/VisTouch_spandex_f6_r1_v1_winm03.avi
VisTouch_spandex_f6_r1_v1_winm04,spandex_f6_r1_v1,spandex,anlun,氨纶,5,6,1,1,sliding,winm04,train,1607157021.450,1607157031.750,10.300,dataset/audio/spandex/VisTouch_spandex_f6_r1_v1_winm04.wav,dataset/tactile/spandex/VisTouch_spandex_f6_r1_v1_winm04.csv,dataset/video/spandex/VisTouch_spandex_f6_r1_v1_winm04.avi
VisTouch_spandex_f6_r1_v1_winm05,spandex_f6_r1_v1,spandex,anlun,氨纶,5,6,1,1,sliding,winm05,train,1607157026.600,1607157036.900,10.300,dataset/audio/spandex/VisTouch_spandex_f6_r1_v1_winm05.wav,dataset/tactile/spandex/VisTouch_spandex_f6_r1_v1_winm05.csv,dataset/video/spandex/VisTouch_spandex_f6_r1_v1_winm05.avi
VisTouch_spandex_f6_r1_v1_winm06,spandex_f6_r1_v1,spandex,anlun,氨纶,5,6,1,1,sliding,winm06,train,1607157031.750,1607157042.050,10.300,dataset/audio/spandex/VisTouch_spandex_f6_r1_v1_winm06.wav,dataset/tactile/spandex/VisTouch_spandex_f6_r1_v1_winm06.csv,dataset/video/spandex/VisTouch_spandex_f6_r1_v1_winm06.avi
VisTouch_spandex_f6_r1_v1_winm07,spandex_f6_r1_v1,spandex,anlun,氨纶,5,6,1,1,sliding,winm07,train,1607157036.900,1607157047.200,10.300,dataset/audio/spandex/VisTouch_spandex_f6_r1_v1_winm07.wav,dataset/tactile/spandex/VisTouch_spandex_f6_r1_v1_winm07.csv,dataset/video/spandex/VisTouch_spandex_f6_r1_v1_winm07.avi
VisTouch_spandex_f6_r1_v1_winm08,spandex_f6_r1_v1,spandex,anlun,氨纶,5,6,1,1,sliding,winm08,train,1607157042.050,1607157052.350,10.300,dataset/audio/spandex/VisTouch_spandex_f6_r1_v1_winm08.wav,dataset/tactile/spandex/VisTouch_spandex_f6_r1_v1_winm08.csv,dataset/video/spandex/VisTouch_spandex_f6_r1_v1_winm08.avi
VisTouch_spandex_f6_r1_v1_winm09,spandex_f6_r1_v1,spandex,anlun,氨纶,5,6,1,1,sliding,winm09,train,1607157047.200,1607157057.500,10.300,dataset/audio/spandex/VisTouch_spandex_f6_r1_v1_winm09.wav,dataset/tactile/spandex/VisTouch_spandex_f6_r1_v1_winm09.csv,dataset/video/spandex/VisTouch_spandex_f6_r1_v1_winm09.avi
VisTouch_spandex_f6_r1_v1_winm10,spandex_f6_r1_v1,spandex,anlun,氨纶,5,6,1,1,sliding,winm10,train,1607157052.350,1607157062.650,10.300,dataset/audio/spandex/VisTouch_spandex_f6_r1_v1_winm10.wav,dataset/tactile/spandex/VisTouch_spandex_f6_r1_v1_winm10.csv,dataset/video/spandex/VisTouch_spandex_f6_r1_v1_winm10.avi
VisTouch_spandex_f6_r1_v1_winm11,spandex_f6_r1_v1,spandex,anlun,氨纶,5,6,1,1,sliding,winm11,train,1607157057.500,1607157067.800,10.300,dataset/audio/spandex/VisTouch_spandex_f6_r1_v1_winm11.wav,dataset/tactile/spandex/VisTouch_spandex_f6_r1_v1_winm11.csv,dataset/video/spandex/VisTouch_spandex_f6_r1_v1_winm11.avi
VisTouch_spandex_f6_r1_v1_winl01,spandex_f6_r1_v1,spandex,anlun,氨纶,5,6,1,1,sliding,winl01,train,1607157006.000,1607157020.000,14.000,dataset/audio/spandex/VisTouch_spandex_f6_r1_v1_winl01.wav,dataset/tactile/spandex/VisTouch_spandex_f6_r1_v1_winl01.csv,dataset/video/spandex/VisTouch_spandex_f6_r1_v1_winl01.avi
VisTouch_spandex_f6_r1_v1_winl02,spandex_f6_r1_v1,spandex,anlun,氨纶,5,6,1,1,sliding,winl02,train,1607157013.000,1607157027.000,14.000,dataset/audio/spandex/VisTouch_spandex_f6_r1_v1_winl02.wav,dataset/tactile/spandex/VisTouch_spandex_f6_r1_v1_winl02.csv,dataset/video/spandex/VisTouch_spandex_f6_r1_v1_winl02.avi
VisTouch_spandex_f6_r1_v1_winl03,spandex_f6_r1_v1,spandex,anlun,氨纶,5,6,1,1,sliding,winl03,train,1607157020.000,1607157034.000,14.000,dataset/audio/spandex/VisTouch_spandex_f6_r1_v1_winl03.wav,dataset/tactile/spandex/VisTouch_spandex_f6_r1_v1_winl03.csv,dataset/video/spandex/VisTouch_spandex_f6_r1_v1_winl03.avi
VisTouch_spandex_f6_r1_v1_winl04,spandex_f6_r1_v1,spandex,anlun,氨纶,5,6,1,1,sliding,winl04,train,1607157027.000,1607157041.000,14.000,dataset/audio/spandex/VisTouch_spandex_f6_r1_v1_winl04.wav,dataset/tactile/spandex/VisTouch_spandex_f6_r1_v1_winl04.csv,dataset/video/spandex/VisTouch_spandex_f6_r1_v1_winl04.avi
VisTouch_spandex_f6_r1_v1_winl05,spandex_f6_r1_v1,spandex,anlun,氨纶,5,6,1,1,sliding,winl05,train,1607157034.000,1607157048.000,14.000,dataset/audio/spandex/VisTouch_spandex_f6_r1_v1_winl05.wav,dataset/tactile/spandex/VisTouch_spandex_f6_r1_v1_winl05.csv,dataset/video/spandex/VisTouch_spandex_f6_r1_v1_winl05.avi
VisTouch_spandex_f6_r1_v1_winl06,spandex_f6_r1_v1,spandex,anlun,氨纶,5,6,1,1,sliding,winl06,train,1607157041.000,1607157055.000,14.000,dataset/audio/spandex/VisTouch_spandex_f6_r1_v1_winl06.wav,dataset/tactile/spandex/VisTouch_spandex_f6_r1_v1_winl06.csv,dataset/video/spandex/VisTouch_spandex_f6_r1_v1_winl06.avi
VisTouch_spandex_f6_r1_v1_winl07,spandex_f6_r1_v1,spandex,anlun,氨纶,5,6,1,1,sliding,winl07,train,1607157048.000,1607157062.000,14.000,dataset/audio/spandex/VisTouch_spandex_f6_r1_v1_winl07.wav,dataset/tactile/spandex/VisTouch_spandex_f6_r1_v1_winl07.csv,dataset/video/spandex/VisTouch_spandex_f6_r1_v1_winl07.avi
VisTouch_spandex_f6_r1_v1_winl08,spandex_f6_r1_v1,spandex,anlun,氨纶,5,6,1,1,sliding,winl08,train,1607157055.000,1607157069.000,14.000,dataset/audio/spandex/VisTouch_spandex_f6_r1_v1_winl08.wav,dataset/tactile/spandex/VisTouch_spandex_f6_r1_v1_winl08.csv,dataset/video/spandex/VisTouch_spandex_f6_r1_v1_winl08.avi
VisTouch_spandex_f9_r1_v1_seg01,spandex_f9_r1_v1,spandex,anlun,氨纶,5,9,1,1,cycle,seg01,test,1607157243.060,1607157253.280,10.220,dataset/audio/spandex/VisTouch_spandex_f9_r1_v1_seg01.wav,dataset/tactile/spandex/VisTouch_spandex_f9_r1_v1_seg01.csv,dataset/video/spandex/VisTouch_spandex_f9_r1_v1_seg01.avi
VisTouch_spandex_f9_r1_v1_seg02,spandex_f9_r1_v1,spandex,anlun,氨纶,5,9,1,1,cycle,seg02,test,1607157253.280,1607157263.460,10.180,dataset/audio/spandex/VisTouch_spandex_f9_r1_v1_seg02.wav,dataset/tactile/spandex/VisTouch_spandex_f9_r1_v1_seg02.csv,dataset/video/spandex/VisTouch_spandex_f9_r1_v1_seg02.avi
VisTouch_spandex_f9_r1_v1_seg03,spandex_f9_r1_v1,spandex,anlun,氨纶,5,9,1,1,cycle,seg03,test,1607157263.460,1607157273.640,10.180,dataset/audio/spandex/VisTouch_spandex_f9_r1_v1_seg03.wav,dataset/tactile/spandex/VisTouch_spandex_f9_r1_v1_seg03.csv,dataset/video/spandex/VisTouch_spandex_f9_r1_v1_seg03.avi
VisTouch_spandex_f9_r1_v1_seg04,spandex_f9_r1_v1,spandex,anlun,氨纶,5,9,1,1,cycle,seg04,test,1607157273.640,1607157283.800,10.160,dataset/audio/spandex/VisTouch_spandex_f9_r1_v1_seg04.wav,dataset/tactile/spandex/VisTouch_spandex_f9_r1_v1_seg04.csv,dataset/video/spandex/VisTouch_spandex_f9_r1_v1_seg04.avi
VisTouch_spandex_f9_r1_v1_seg05,spandex_f9_r1_v1,spandex,anlun,氨纶,5,9,1,1,cycle,seg05,test,1607157283.800,1607157293.980,10.180,dataset/audio/spandex/VisTouch_spandex_f9_r1_v1_seg05.wav,dataset/tactile/spandex/VisTouch_spandex_f9_r1_v1_seg05.csv,dataset/video/spandex/VisTouch_spandex_f9_r1_v1_seg05.avi
VisTouch_spandex_f9_r1_v1_wins01,spandex_f9_r1_v1,spandex,anlun,氨纶,5,9,1,1,sliding,wins01,test,1607157237.000,1607157244.000,7.000,dataset/audio/spandex/VisTouch_spandex_f9_r1_v1_wins01.wav,dataset/tactile/spandex/VisTouch_spandex_f9_r1_v1_wins01.csv,dataset/video/spandex/VisTouch_spandex_f9_r1_v1_wins01.avi
VisTouch_spandex_f9_r1_v1_wins02,spandex_f9_r1_v1,spandex,anlun,氨纶,5,9,1,1,sliding,wins02,test,1607157240.500,1607157247.500,7.000,dataset/audio/spandex/VisTouch_spandex_f9_r1_v1_wins02.wav,dataset/tactile/spandex/VisTouch_spandex_f9_r1_v1_wins02.csv,dataset/video/spandex/VisTouch_spandex_f9_r1_v1_wins02.avi
VisTouch_spandex_f9_r1_v1_wins03,spandex_f9_r1_v1,spandex,anlun,氨纶,5,9,1,1,sliding,wins03,test,1607157244.000,1607157251.000,7.000,dataset/audio/spandex/VisTouch_spandex_f9_r1_v1_wins03.wav,dataset/tactile/spandex/VisTouch_spandex_f9_r1_v1_wins03.csv,dataset/video/spandex/VisTouch_spandex_f9_r1_v1_wins03.avi
VisTouch_spandex_f9_r1_v1_wins04,spandex_f9_r1_v1,spandex,anlun,氨纶,5,9,1,1,sliding,wins04,test,1607157247.500,1607157254.500,7.000,dataset/audio/spandex/VisTouch_spandex_f9_r1_v1_wins04.wav,dataset/tactile/spandex/VisTouch_spandex_f9_r1_v1_wins04.csv,dataset/video/spandex/VisTouch_spandex_f9_r1_v1_wins04.avi
VisTouch_spandex_f9_r1_v1_wins05,spandex_f9_r1_v1,spandex,anlun,氨纶,5,9,1,1,sliding,wins05,test,1607157251.000,1607157258.000,7.000,dataset/audio/spandex/VisTouch_spandex_f9_r1_v1_wins05.wav,dataset/tactile/spandex/VisTouch_spandex_f9_r1_v1_wins05.csv,dataset/video/spandex/VisTouch_spandex_f9_r1_v1_wins05.avi
VisTouch_spandex_f9_r1_v1_wins06,spandex_f9_r1_v1,spandex,anlun,氨纶,5,9,1,1,sliding,wins06,test,1607157254.500,1607157261.500,7.000,dataset/audio/spandex/VisTouch_spandex_f9_r1_v1_wins06.wav,dataset/tactile/spandex/VisTouch_spandex_f9_r1_v1_wins06.csv,dataset/video/spandex/VisTouch_spandex_f9_r1_v1_wins06.avi
VisTouch_spandex_f9_r1_v1_wins07,spandex_f9_r1_v1,spandex,anlun,氨纶,5,9,1,1,sliding,wins07,test,1607157258.000,1607157265.000,7.000,dataset/audio/spandex/VisTouch_spandex_f9_r1_v1_wins07.wav,dataset/tactile/spandex/VisTouch_spandex_f9_r1_v1_wins07.csv,dataset/video/spandex/VisTouch_spandex_f9_r1_v1_wins07.avi
VisTouch_spandex_f9_r1_v1_wins08,spandex_f9_r1_v1,spandex,anlun,氨纶,5,9,1,1,sliding,wins08,test,1607157261.500,1607157268.500,7.000,dataset/audio/spandex/VisTouch_spandex_f9_r1_v1_wins08.wav,dataset/tactile/spandex/VisTouch_spandex_f9_r1_v1_wins08.csv,dataset/video/spandex/VisTouch_spandex_f9_r1_v1_wins08.avi
VisTouch_spandex_f9_r1_v1_wins09,spandex_f9_r1_v1,spandex,anlun,氨纶,5,9,1,1,sliding,wins09,test,1607157265.000,1607157272.000,7.000,dataset/audio/spandex/VisTouch_spandex_f9_r1_v1_wins09.wav,dataset/tactile/spandex/VisTouch_spandex_f9_r1_v1_wins09.csv,dataset/video/spandex/VisTouch_spandex_f9_r1_v1_wins09.avi
VisTouch_spandex_f9_r1_v1_wins10,spandex_f9_r1_v1,spandex,anlun,氨纶,5,9,1,1,sliding,wins10,test,1607157268.500,1607157275.500,7.000,dataset/audio/spandex/VisTouch_spandex_f9_r1_v1_wins10.wav,dataset/tactile/spandex/VisTouch_spandex_f9_r1_v1_wins10.csv,dataset/video/spandex/VisTouch_spandex_f9_r1_v1_wins10.avi
VisTouch_spandex_f9_r1_v1_wins11,spandex_f9_r1_v1,spandex,anlun,氨纶,5,9,1,1,sliding,wins11,test,1607157272.000,1607157279.000,7.000,dataset/audio/spandex/VisTouch_spandex_f9_r1_v1_wins11.wav,dataset/tactile/spandex/VisTouch_spandex_f9_r1_v1_wins11.csv,dataset/video/spandex/VisTouch_spandex_f9_r1_v1_wins11.avi
VisTouch_spandex_f9_r1_v1_wins12,spandex_f9_r1_v1,spandex,anlun,氨纶,5,9,1,1,sliding,wins12,test,1607157275.500,1607157282.500,7.000,dataset/audio/spandex/VisTouch_spandex_f9_r1_v1_wins12.wav,dataset/tactile/spandex/VisTouch_spandex_f9_r1_v1_wins12.csv,dataset/video/spandex/VisTouch_spandex_f9_r1_v1_wins12.avi
VisTouch_spandex_f9_r1_v1_wins13,spandex_f9_r1_v1,spandex,anlun,氨纶,5,9,1,1,sliding,wins13,test,1607157279.000,1607157286.000,7.000,dataset/audio/spandex/VisTouch_spandex_f9_r1_v1_wins13.wav,dataset/tactile/spandex/VisTouch_spandex_f9_r1_v1_wins13.csv,dataset/video/spandex/VisTouch_spandex_f9_r1_v1_wins13.avi
VisTouch_spandex_f9_r1_v1_wins14,spandex_f9_r1_v1,spandex,anlun,氨纶,5,9,1,1,sliding,wins14,test,1607157282.500,1607157289.500,7.000,dataset/audio/spandex/VisTouch_spandex_f9_r1_v1_wins14.wav,dataset/tactile/spandex/VisTouch_spandex_f9_r1_v1_wins14.csv,dataset/video/spandex/VisTouch_spandex_f9_r1_v1_wins14.avi
VisTouch_spandex_f9_r1_v1_wins15,spandex_f9_r1_v1,spandex,anlun,氨纶,5,9,1,1,sliding,wins15,test,1607157286.000,1607157293.000,7.000,dataset/audio/spandex/VisTouch_spandex_f9_r1_v1_wins15.wav,dataset/tactile/spandex/VisTouch_spandex_f9_r1_v1_wins15.csv,dataset/video/spandex/VisTouch_spandex_f9_r1_v1_wins15.avi
VisTouch_spandex_f9_r1_v1_wins16,spandex_f9_r1_v1,spandex,anlun,氨纶,5,9,1,1,sliding,wins16,test,1607157289.500,1607157296.500,7.000,dataset/audio/spandex/VisTouch_spandex_f9_r1_v1_wins16.wav,dataset/tactile/spandex/VisTouch_spandex_f9_r1_v1_wins16.csv,dataset/video/spandex/VisTouch_spandex_f9_r1_v1_wins16.avi
VisTouch_spandex_f9_r1_v1_wins17,spandex_f9_r1_v1,spandex,anlun,氨纶,5,9,1,1,sliding,wins17,test,1607157293.000,1607157300.000,7.000,dataset/audio/spandex/VisTouch_spandex_f9_r1_v1_wins17.wav,dataset/tactile/spandex/VisTouch_spandex_f9_r1_v1_wins17.csv,dataset/video/spandex/VisTouch_spandex_f9_r1_v1_wins17.avi
VisTouch_spandex_f9_r1_v1_winm01,spandex_f9_r1_v1,spandex,anlun,氨纶,5,9,1,1,sliding,winm01,test,1607157237.000,1607157247.300,10.300,dataset/audio/spandex/VisTouch_spandex_f9_r1_v1_winm01.wav,dataset/tactile/spandex/VisTouch_spandex_f9_r1_v1_winm01.csv,dataset/video/spandex/VisTouch_spandex_f9_r1_v1_winm01.avi
VisTouch_spandex_f9_r1_v1_winm02,spandex_f9_r1_v1,spandex,anlun,氨纶,5,9,1,1,sliding,winm02,test,1607157242.150,1607157252.450,10.300,dataset/audio/spandex/VisTouch_spandex_f9_r1_v1_winm02.wav,dataset/tactile/spandex/VisTouch_spandex_f9_r1_v1_winm02.csv,dataset/video/spandex/VisTouch_spandex_f9_r1_v1_winm02.avi
VisTouch_spandex_f9_r1_v1_winm03,spandex_f9_r1_v1,spandex,anlun,氨纶,5,9,1,1,sliding,winm03,test,1607157247.300,1607157257.600,10.300,dataset/audio/spandex/VisTouch_spandex_f9_r1_v1_winm03.wav,dataset/tactile/spandex/VisTouch_spandex_f9_r1_v1_winm03.csv,dataset/video/spandex/VisTouch_spandex_f9_r1_v1_winm03.avi
VisTouch_spandex_f9_r1_v1_winm04,spandex_f9_r1_v1,spandex,anlun,氨纶,5,9,1,1,sliding,winm04,test,1607157252.450,1607157262.750,10.300,dataset/audio/spandex/VisTouch_spandex_f9_r1_v1_winm04.wav,dataset/tactile/spandex/VisTouch_spandex_f9_r1_v1_winm04.csv,dataset/video/spandex/VisTouch_spandex_f9_r1_v1_winm04.avi
VisTouch_spandex_f9_r1_v1_winm05,spandex_f9_r1_v1,spandex,anlun,氨纶,5,9,1,1,sliding,winm05,test,1607157257.600,1607157267.900,10.300,dataset/audio/spandex/VisTouch_spandex_f9_r1_v1_winm05.wav,dataset/tactile/spandex/VisTouch_spandex_f9_r1_v1_winm05.csv,dataset/video/spandex/VisTouch_spandex_f9_r1_v1_winm05.avi
VisTouch_spandex_f9_r1_v1_winm06,spandex_f9_r1_v1,spandex,anlun,氨纶,5,9,1,1,sliding,winm06,test,1607157262.750,1607157273.050,10.300,dataset/audio/spandex/VisTouch_spandex_f9_r1_v1_winm06.wav,dataset/tactile/spandex/VisTouch_spandex_f9_r1_v1_winm06.csv,dataset/video/spandex/VisTouch_spandex_f9_r1_v1_winm06.avi
VisTouch_spandex_f9_r1_v1_winm07,spandex_f9_r1_v1,spandex,anlun,氨纶,5,9,1,1,sliding,winm07,test,1607157267.900,1607157278.200,10.300,dataset/audio/spandex/VisTouch_spandex_f9_r1_v1_winm07.wav,dataset/tactile/spandex/VisTouch_spandex_f9_r1_v1_winm07.csv,dataset/video/spandex/VisTouch_spandex_f9_r1_v1_winm07.avi
VisTouch_spandex_f9_r1_v1_winm08,spandex_f9_r1_v1,spandex,anlun,氨纶,5,9,1,1,sliding,winm08,test,1607157273.050,1607157283.350,10.300,dataset/audio/spandex/VisTouch_spandex_f9_r1_v1_winm08.wav,dataset/tactile/spandex/VisTouch_spandex_f9_r1_v1_winm08.csv,dataset/video/spandex/VisTouch_spandex_f9_r1_v1_winm08.avi
VisTouch_spandex_f9_r1_v1_winm09,spandex_f9_r1_v1,spandex,anlun,氨纶,5,9,1,1,sliding,winm09,test,1607157278.200,1607157288.500,10.300,dataset/audio/spandex/VisTouch_spandex_f9_r1_v1_winm09.wav,dataset/tactile/spandex/VisTouch_spandex_f9_r1_v1_winm09.csv,dataset/video/spandex/VisTouch_spandex_f9_r1_v1_winm09.avi
VisTouch_spandex_f9_r1_v1_winm10,spandex_f9_r1_v1,spandex,anlun,氨纶,5,9,1,1,sliding,winm10,test,1607157283.350,1607157293.650,10.300,dataset/audio/spandex/VisTouch_spandex_f9_r1_v1_winm10.wav,dataset/tactile/spandex/VisTouch_spandex_f9_r1_v1_winm10.csv,dataset/video/spandex/VisTouch_spandex_f9_r1_v1_winm10.avi
VisTouch_spandex_f9_r1_v1_winm11,spandex_f9_r1_v1,spandex,anlun,氨纶,5,9,1,1,sliding,winm11,test,1607157288.500,1607157298.800,10.300,dataset/audio/spandex/VisTouch_spandex_f9_r1_v1_winm11.wav,dataset/tactile/spandex/VisTouch_spandex_f9_r1_v1_winm11.csv,dataset/video/spandex/VisTouch_spandex_f9_r1_v1_winm11.avi
VisTouch_spandex_f9_r1_v1_winl01,spandex_f9_r1_v1,spandex,anlun,氨纶,5,9,1,1,sliding,winl01,test,1607157237.000,1607157251.000,14.000,dataset/audio/spandex/VisTouch_spandex_f9_r1_v1_winl01.wav,dataset/tactile/spandex/VisTouch_spandex_f9_r1_v1_winl01.csv,dataset/video/spandex/VisTouch_spandex_f9_r1_v1_winl01.avi
VisTouch_spandex_f9_r1_v1_winl02,spandex_f9_r1_v1,spandex,anlun,氨纶,5,9,1,1,sliding,winl02,test,1607157244.000,1607157258.000,14.000,dataset/audio/spandex/VisTouch_spandex_f9_r1_v1_winl02.wav,dataset/tactile/spandex/VisTouch_spandex_f9_r1_v1_winl02.csv,dataset/video/spandex/VisTouch_spandex_f9_r1_v1_winl02.avi
VisTouch_spandex_f9_r1_v1_winl03,spandex_f9_r1_v1,spandex,anlun,氨纶,5,9,1,1,sliding,winl03,test,1607157251.000,1607157265.000,14.000,dataset/audio/spandex/VisTouch_spandex_f9_r1_v1_winl03.wav,dataset/tactile/spandex/VisTouch_spandex_f9_r1_v1_winl03.csv,dataset/video/spandex/VisTouch_spandex_f9_r1_v1_winl03.avi
VisTouch_spandex_f9_r1_v1_winl04,spandex_f9_r1_v1,spandex,anlun,氨纶,5,9,1,1,sliding,winl04,test,1607157258.000,1607157272.000,14.000,dataset/audio/spandex/VisTouch_spandex_f9_r1_v1_winl04.wav,dataset/tactile/spandex/VisTouch_spandex_f9_r1_v1_winl04.csv,dataset/video/spandex/VisTouch_spandex_f9_r1_v1_winl04.avi
VisTouch_spandex_f9_r1_v1_winl05,spandex_f9_r1_v1,spandex,anlun,氨纶,5,9,1,1,sliding,winl05,test,1607157265.000,1607157279.000,14.000,dataset/audio/spandex/VisTouch_spandex_f9_r1_v1_winl05.wav,dataset/tactile/spandex/VisTouch_spandex_f9_r1_v1_winl05.csv,dataset/video/spandex/VisTouch_spandex_f9_r1_v1_winl05.avi
VisTouch_spandex_f9_r1_v1_winl06,spandex_f9_r1_v1,spandex,anlun,氨纶,5,9,1,1,sliding,winl06,test,1607157272.000,1607157286.000,14.000,dataset/audio/spandex/VisTouch_spandex_f9_r1_v1_winl06.wav,dataset/tactile/spandex/VisTouch_spandex_f9_r1_v1_winl06.csv,dataset/video/spandex/VisTouch_spandex_f9_r1_v1_winl06.avi
VisTouch_spandex_f9_r1_v1_winl07,spandex_f9_r1_v1,spandex,anlun,氨纶,5,9,1,1,sliding,winl07,test,1607157279.000,1607157293.000,14.000,dataset/audio/spandex/VisTouch_spandex_f9_r1_v1_winl07.wav,dataset/tactile/spandex/VisTouch_spandex_f9_r1_v1_winl07.csv,dataset/video/spandex/VisTouch_spandex_f9_r1_v1_winl07.avi
VisTouch_spandex_f9_r1_v1_winl08,spandex_f9_r1_v1,spandex,anlun,氨纶,5,9,1,1,sliding,winl08,test,1607157286.000,1607157300.000,14.000,dataset/audio/spandex/VisTouch_spandex_f9_r1_v1_winl08.wav,dataset/tactile/spandex/VisTouch_spandex_f9_r1_v1_winl08.csv,dataset/video/spandex/VisTouch_spandex_f9_r1_v1_winl08.avi
VisTouch_stone_f3_r1_v1_seg01,stone_f3_r1_v1,stone,shitou,石头,6,3,1,1,cycle,seg01,train,1607153177.020,1607153187.240,10.220,dataset/audio/stone/VisTouch_stone_f3_r1_v1_seg01.wav,dataset/tactile/stone/VisTouch_stone_f3_r1_v1_seg01.csv,dataset/video/stone/VisTouch_stone_f3_r1_v1_seg01.avi
VisTouch_stone_f3_r1_v1_seg02,stone_f3_r1_v1,stone,shitou,石头,6,3,1,1,cycle,seg02,train,1607153187.240,1607153197.540,10.300,dataset/audio/stone/VisTouch_stone_f3_r1_v1_seg02.wav,dataset/tactile/stone/VisTouch_stone_f3_r1_v1_seg02.csv,dataset/video/stone/VisTouch_stone_f3_r1_v1_seg02.avi
VisTouch_stone_f3_r1_v1_seg03,stone_f3_r1_v1,stone,shitou,石头,6,3,1,1,cycle,seg03,train,1607153197.540,1607153207.820,10.280,dataset/audio/stone/VisTouch_stone_f3_r1_v1_seg03.wav,dataset/tactile/stone/VisTouch_stone_f3_r1_v1_seg03.csv,dataset/video/stone/VisTouch_stone_f3_r1_v1_seg03.avi
VisTouch_stone_f3_r1_v1_seg04,stone_f3_r1_v1,stone,shitou,石头,6,3,1,1,cycle,seg04,train,1607153207.820,1607153218.100,10.280,dataset/audio/stone/VisTouch_stone_f3_r1_v1_seg04.wav,dataset/tactile/stone/VisTouch_stone_f3_r1_v1_seg04.csv,dataset/video/stone/VisTouch_stone_f3_r1_v1_seg04.avi
VisTouch_stone_f3_r1_v1_seg05,stone_f3_r1_v1,stone,shitou,石头,6,3,1,1,cycle,seg05,train,1607153218.100,1607153228.360,10.260,dataset/audio/stone/VisTouch_stone_f3_r1_v1_seg05.wav,dataset/tactile/stone/VisTouch_stone_f3_r1_v1_seg05.csv,dataset/video/stone/VisTouch_stone_f3_r1_v1_seg05.avi
VisTouch_stone_f3_r1_v1_wins01,stone_f3_r1_v1,stone,shitou,石头,6,3,1,1,sliding,wins01,train,1607153171.000,1607153178.000,7.000,dataset/audio/stone/VisTouch_stone_f3_r1_v1_wins01.wav,dataset/tactile/stone/VisTouch_stone_f3_r1_v1_wins01.csv,dataset/video/stone/VisTouch_stone_f3_r1_v1_wins01.avi
VisTouch_stone_f3_r1_v1_wins02,stone_f3_r1_v1,stone,shitou,石头,6,3,1,1,sliding,wins02,train,1607153174.500,1607153181.500,7.000,dataset/audio/stone/VisTouch_stone_f3_r1_v1_wins02.wav,dataset/tactile/stone/VisTouch_stone_f3_r1_v1_wins02.csv,dataset/video/stone/VisTouch_stone_f3_r1_v1_wins02.avi
VisTouch_stone_f3_r1_v1_wins03,stone_f3_r1_v1,stone,shitou,石头,6,3,1,1,sliding,wins03,train,1607153178.000,1607153185.000,7.000,dataset/audio/stone/VisTouch_stone_f3_r1_v1_wins03.wav,dataset/tactile/stone/VisTouch_stone_f3_r1_v1_wins03.csv,dataset/video/stone/VisTouch_stone_f3_r1_v1_wins03.avi
VisTouch_stone_f3_r1_v1_wins04,stone_f3_r1_v1,stone,shitou,石头,6,3,1,1,sliding,wins04,train,1607153181.500,1607153188.500,7.000,dataset/audio/stone/VisTouch_stone_f3_r1_v1_wins04.wav,dataset/tactile/stone/VisTouch_stone_f3_r1_v1_wins04.csv,dataset/video/stone/VisTouch_stone_f3_r1_v1_wins04.avi
VisTouch_stone_f3_r1_v1_wins05,stone_f3_r1_v1,stone,shitou,石头,6,3,1,1,sliding,wins05,train,1607153185.000,1607153192.000,7.000,dataset/audio/stone/VisTouch_stone_f3_r1_v1_wins05.wav,dataset/tactile/stone/VisTouch_stone_f3_r1_v1_wins05.csv,dataset/video/stone/VisTouch_stone_f3_r1_v1_wins05.avi
VisTouch_stone_f3_r1_v1_wins06,stone_f3_r1_v1,stone,shitou,石头,6,3,1,1,sliding,wins06,train,1607153188.500,1607153195.500,7.000,dataset/audio/stone/VisTouch_stone_f3_r1_v1_wins06.wav,dataset/tactile/stone/VisTouch_stone_f3_r1_v1_wins06.csv,dataset/video/stone/VisTouch_stone_f3_r1_v1_wins06.avi
VisTouch_stone_f3_r1_v1_wins07,stone_f3_r1_v1,stone,shitou,石头,6,3,1,1,sliding,wins07,train,1607153192.000,1607153199.000,7.000,dataset/audio/stone/VisTouch_stone_f3_r1_v1_wins07.wav,dataset/tactile/stone/VisTouch_stone_f3_r1_v1_wins07.csv,dataset/video/stone/VisTouch_stone_f3_r1_v1_wins07.avi
VisTouch_stone_f3_r1_v1_wins08,stone_f3_r1_v1,stone,shitou,石头,6,3,1,1,sliding,wins08,train,1607153195.500,1607153202.500,7.000,dataset/audio/stone/VisTouch_stone_f3_r1_v1_wins08.wav,dataset/tactile/stone/VisTouch_stone_f3_r1_v1_wins08.csv,dataset/video/stone/VisTouch_stone_f3_r1_v1_wins08.avi
VisTouch_stone_f3_r1_v1_wins09,stone_f3_r1_v1,stone,shitou,石头,6,3,1,1,sliding,wins09,train,1607153199.000,1607153206.000,7.000,dataset/audio/stone/VisTouch_stone_f3_r1_v1_wins09.wav,dataset/tactile/stone/VisTouch_stone_f3_r1_v1_wins09.csv,dataset/video/stone/VisTouch_stone_f3_r1_v1_wins09.avi
VisTouch_stone_f3_r1_v1_wins10,stone_f3_r1_v1,stone,shitou,石头,6,3,1,1,sliding,wins10,train,1607153202.500,1607153209.500,7.000,dataset/audio/stone/VisTouch_stone_f3_r1_v1_wins10.wav,dataset/tactile/stone/VisTouch_stone_f3_r1_v1_wins10.csv,dataset/video/stone/VisTouch_stone_f3_r1_v1_wins10.avi
VisTouch_stone_f3_r1_v1_wins11,stone_f3_r1_v1,stone,shitou,石头,6,3,1,1,sliding,wins11,train,1607153206.000,1607153213.000,7.000,dataset/audio/stone/VisTouch_stone_f3_r1_v1_wins11.wav,dataset/tactile/stone/VisTouch_stone_f3_r1_v1_wins11.csv,dataset/video/stone/VisTouch_stone_f3_r1_v1_wins11.avi
VisTouch_stone_f3_r1_v1_wins12,stone_f3_r1_v1,stone,shitou,石头,6,3,1,1,sliding,wins12,train,1607153209.500,1607153216.500,7.000,dataset/audio/stone/VisTouch_stone_f3_r1_v1_wins12.wav,dataset/tactile/stone/VisTouch_stone_f3_r1_v1_wins12.csv,dataset/video/stone/VisTouch_stone_f3_r1_v1_wins12.avi
VisTouch_stone_f3_r1_v1_wins13,stone_f3_r1_v1,stone,shitou,石头,6,3,1,1,sliding,wins13,train,1607153213.000,1607153220.000,7.000,dataset/audio/stone/VisTouch_stone_f3_r1_v1_wins13.wav,dataset/tactile/stone/VisTouch_stone_f3_r1_v1_wins13.csv,dataset/video/stone/VisTouch_stone_f3_r1_v1_wins13.avi
VisTouch_stone_f3_r1_v1_wins14,stone_f3_r1_v1,stone,shitou,石头,6,3,1,1,sliding,wins14,train,1607153216.500,1607153223.500,7.000,dataset/audio/stone/VisTouch_stone_f3_r1_v1_wins14.wav,dataset/tactile/stone/VisTouch_stone_f3_r1_v1_wins14.csv,dataset/video/stone/VisTouch_stone_f3_r1_v1_wins14.avi
VisTouch_stone_f3_r1_v1_wins15,stone_f3_r1_v1,stone,shitou,石头,6,3,1,1,sliding,wins15,train,1607153220.000,1607153227.000,7.000,dataset/audio/stone/VisTouch_stone_f3_r1_v1_wins15.wav,dataset/tactile/stone/VisTouch_stone_f3_r1_v1_wins15.csv,dataset/video/stone/VisTouch_stone_f3_r1_v1_wins15.avi
VisTouch_stone_f3_r1_v1_wins16,stone_f3_r1_v1,stone,shitou,石头,6,3,1,1,sliding,wins16,train,1607153223.500,1607153230.500,7.000,dataset/audio/stone/VisTouch_stone_f3_r1_v1_wins16.wav,dataset/tactile/stone/VisTouch_stone_f3_r1_v1_wins16.csv,dataset/video/stone/VisTouch_stone_f3_r1_v1_wins16.avi
VisTouch_stone_f3_r1_v1_wins17,stone_f3_r1_v1,stone,shitou,石头,6,3,1,1,sliding,wins17,train,1607153227.000,1607153234.000,7.000,dataset/audio/stone/VisTouch_stone_f3_r1_v1_wins17.wav,dataset/tactile/stone/VisTouch_stone_f3_r1_v1_wins17.csv,dataset/video/stone/VisTouch_stone_f3_r1_v1_wins17.avi
VisTouch_stone_f3_r1_v1_winm01,stone_f3_r1_v1,stone,shitou,石头,6,3,1,1,sliding,winm01,train,1607153171.000,1607153181.300,10.300,dataset/audio/stone/VisTouch_stone_f3_r1_v1_winm01.wav,dataset/tactile/stone/VisTouch_stone_f3_r1_v1_winm01.csv,dataset/video/stone/VisTouch_stone_f3_r1_v1_winm01.avi
VisTouch_stone_f3_r1_v1_winm02,stone_f3_r1_v1,stone,shitou,石头,6,3,1,1,sliding,winm02,train,1607153176.150,1607153186.450,10.300,dataset/audio/stone/VisTouch_stone_f3_r1_v1_winm02.wav,dataset/tactile/stone/VisTouch_stone_f3_r1_v1_winm02.csv,dataset/video/stone/VisTouch_stone_f3_r1_v1_winm02.avi
VisTouch_stone_f3_r1_v1_winm03,stone_f3_r1_v1,stone,shitou,石头,6,3,1,1,sliding,winm03,train,1607153181.300,1607153191.600,10.300,dataset/audio/stone/VisTouch_stone_f3_r1_v1_winm03.wav,dataset/tactile/stone/VisTouch_stone_f3_r1_v1_winm03.csv,dataset/video/stone/VisTouch_stone_f3_r1_v1_winm03.avi
VisTouch_stone_f3_r1_v1_winm04,stone_f3_r1_v1,stone,shitou,石头,6,3,1,1,sliding,winm04,train,1607153186.450,1607153196.750,10.300,dataset/audio/stone/VisTouch_stone_f3_r1_v1_winm04.wav,dataset/tactile/stone/VisTouch_stone_f3_r1_v1_winm04.csv,dataset/video/stone/VisTouch_stone_f3_r1_v1_winm04.avi
VisTouch_stone_f3_r1_v1_winm05,stone_f3_r1_v1,stone,shitou,石头,6,3,1,1,sliding,winm05,train,1607153191.600,1607153201.900,10.300,dataset/audio/stone/VisTouch_stone_f3_r1_v1_winm05.wav,dataset/tactile/stone/VisTouch_stone_f3_r1_v1_winm05.csv,dataset/video/stone/VisTouch_stone_f3_r1_v1_winm05.avi
VisTouch_stone_f3_r1_v1_winm06,stone_f3_r1_v1,stone,shitou,石头,6,3,1,1,sliding,winm06,train,1607153196.750,1607153207.050,10.300,dataset/audio/stone/VisTouch_stone_f3_r1_v1_winm06.wav,dataset/tactile/stone/VisTouch_stone_f3_r1_v1_winm06.csv,dataset/video/stone/VisTouch_stone_f3_r1_v1_winm06.avi
VisTouch_stone_f3_r1_v1_winm07,stone_f3_r1_v1,stone,shitou,石头,6,3,1,1,sliding,winm07,train,1607153201.900,1607153212.200,10.300,dataset/audio/stone/VisTouch_stone_f3_r1_v1_winm07.wav,dataset/tactile/stone/VisTouch_stone_f3_r1_v1_winm07.csv,dataset/video/stone/VisTouch_stone_f3_r1_v1_winm07.avi
VisTouch_stone_f3_r1_v1_winm08,stone_f3_r1_v1,stone,shitou,石头,6,3,1,1,sliding,winm08,train,1607153207.050,1607153217.350,10.300,dataset/audio/stone/VisTouch_stone_f3_r1_v1_winm08.wav,dataset/tactile/stone/VisTouch_stone_f3_r1_v1_winm08.csv,dataset/video/stone/VisTouch_stone_f3_r1_v1_winm08.avi
VisTouch_stone_f3_r1_v1_winm09,stone_f3_r1_v1,stone,shitou,石头,6,3,1,1,sliding,winm09,train,1607153212.200,1607153222.500,10.300,dataset/audio/stone/VisTouch_stone_f3_r1_v1_winm09.wav,dataset/tactile/stone/VisTouch_stone_f3_r1_v1_winm09.csv,dataset/video/stone/VisTouch_stone_f3_r1_v1_winm09.avi
VisTouch_stone_f3_r1_v1_winm10,stone_f3_r1_v1,stone,shitou,石头,6,3,1,1,sliding,winm10,train,1607153217.350,1607153227.650,10.300,dataset/audio/stone/VisTouch_stone_f3_r1_v1_winm10.wav,dataset/tactile/stone/VisTouch_stone_f3_r1_v1_winm10.csv,dataset/video/stone/VisTouch_stone_f3_r1_v1_winm10.avi
VisTouch_stone_f3_r1_v1_winm11,stone_f3_r1_v1,stone,shitou,石头,6,3,1,1,sliding,winm11,train,1607153222.500,1607153232.800,10.300,dataset/audio/stone/VisTouch_stone_f3_r1_v1_winm11.wav,dataset/tactile/stone/VisTouch_stone_f3_r1_v1_winm11.csv,dataset/video/stone/VisTouch_stone_f3_r1_v1_winm11.avi
VisTouch_stone_f3_r1_v1_winl01,stone_f3_r1_v1,stone,shitou,石头,6,3,1,1,sliding,winl01,train,1607153171.000,1607153185.000,14.000,dataset/audio/stone/VisTouch_stone_f3_r1_v1_winl01.wav,dataset/tactile/stone/VisTouch_stone_f3_r1_v1_winl01.csv,dataset/video/stone/VisTouch_stone_f3_r1_v1_winl01.avi
VisTouch_stone_f3_r1_v1_winl02,stone_f3_r1_v1,stone,shitou,石头,6,3,1,1,sliding,winl02,train,1607153178.000,1607153192.000,14.000,dataset/audio/stone/VisTouch_stone_f3_r1_v1_winl02.wav,dataset/tactile/stone/VisTouch_stone_f3_r1_v1_winl02.csv,dataset/video/stone/VisTouch_stone_f3_r1_v1_winl02.avi
VisTouch_stone_f3_r1_v1_winl03,stone_f3_r1_v1,stone,shitou,石头,6,3,1,1,sliding,winl03,train,1607153185.000,1607153199.000,14.000,dataset/audio/stone/VisTouch_stone_f3_r1_v1_winl03.wav,dataset/tactile/stone/VisTouch_stone_f3_r1_v1_winl03.csv,dataset/video/stone/VisTouch_stone_f3_r1_v1_winl03.avi
VisTouch_stone_f3_r1_v1_winl04,stone_f3_r1_v1,stone,shitou,石头,6,3,1,1,sliding,winl04,train,1607153192.000,1607153206.000,14.000,dataset/audio/stone/VisTouch_stone_f3_r1_v1_winl04.wav,dataset/tactile/stone/VisTouch_stone_f3_r1_v1_winl04.csv,dataset/video/stone/VisTouch_stone_f3_r1_v1_winl04.avi
VisTouch_stone_f3_r1_v1_winl05,stone_f3_r1_v1,stone,shitou,石头,6,3,1,1,sliding,winl05,train,1607153199.000,1607153213.000,14.000,dataset/audio/stone/VisTouch_stone_f3_r1_v1_winl05.wav,dataset/tactile/stone/VisTouch_stone_f3_r1_v1_winl05.csv,dataset/video/stone/VisTouch_stone_f3_r1_v1_winl05.avi
VisTouch_stone_f3_r1_v1_winl06,stone_f3_r1_v1,stone,shitou,石头,6,3,1,1,sliding,winl06,train,1607153206.000,1607153220.000,14.000,dataset/audio/stone/VisTouch_stone_f3_r1_v1_winl06.wav,dataset/tactile/stone/VisTouch_stone_f3_r1_v1_winl06.csv,dataset/video/stone/VisTouch_stone_f3_r1_v1_winl06.avi
VisTouch_stone_f3_r1_v1_winl07,stone_f3_r1_v1,stone,shitou,石头,6,3,1,1,sliding,winl07,train,1607153213.000,1607153227.000,14.000,dataset/audio/stone/VisTouch_stone_f3_r1_v1_winl07.wav,dataset/tactile/stone/VisTouch_stone_f3_r1_v1_winl07.csv,dataset/video/stone/VisTouch_stone_f3_r1_v1_winl07.avi
VisTouch_stone_f3_r1_v1_winl08,stone_f3_r1_v1,stone,shitou,石头,6,3,1,1,sliding,winl08,train,1607153220.000,1607153234.000,14.000,dataset/audio/stone/VisTouch_stone_f3_r1_v1_winl08.wav,dataset/tactile/stone/VisTouch_stone_f3_r1_v1_winl08.csv,dataset/video/stone/VisTouch_stone_f3_r1_v1_winl08.avi
VisTouch_stone_f6_r1_v1_seg01,stone_f6_r1_v1,stone,shitou,石头,6,6,1,1,cycle,seg01,train,1607153377.700,1607153387.960,10.260,dataset/audio/stone/VisTouch_stone_f6_r1_v1_seg01.wav,dataset/tactile/stone/VisTouch_stone_f6_r1_v1_seg01.csv,dataset/video/stone/VisTouch_stone_f6_r1_v1_seg01.avi
VisTouch_stone_f6_r1_v1_seg02,stone_f6_r1_v1,stone,shitou,石头,6,6,1,1,cycle,seg02,train,1607153387.960,1607153398.160,10.200,dataset/audio/stone/VisTouch_stone_f6_r1_v1_seg02.wav,dataset/tactile/stone/VisTouch_stone_f6_r1_v1_seg02.csv,dataset/video/stone/VisTouch_stone_f6_r1_v1_seg02.avi
VisTouch_stone_f6_r1_v1_seg03,stone_f6_r1_v1,stone,shitou,石头,6,6,1,1,cycle,seg03,train,1607153398.160,1607153408.380,10.220,dataset/audio/stone/VisTouch_stone_f6_r1_v1_seg03.wav,dataset/tactile/stone/VisTouch_stone_f6_r1_v1_seg03.csv,dataset/video/stone/VisTouch_stone_f6_r1_v1_seg03.avi
VisTouch_stone_f6_r1_v1_seg04,stone_f6_r1_v1,stone,shitou,石头,6,6,1,1,cycle,seg04,train,1607153408.380,1607153418.640,10.260,dataset/audio/stone/VisTouch_stone_f6_r1_v1_seg04.wav,dataset/tactile/stone/VisTouch_stone_f6_r1_v1_seg04.csv,dataset/video/stone/VisTouch_stone_f6_r1_v1_seg04.avi
VisTouch_stone_f6_r1_v1_seg05,stone_f6_r1_v1,stone,shitou,石头,6,6,1,1,cycle,seg05,train,1607153418.640,1607153428.840,10.200,dataset/audio/stone/VisTouch_stone_f6_r1_v1_seg05.wav,dataset/tactile/stone/VisTouch_stone_f6_r1_v1_seg05.csv,dataset/video/stone/VisTouch_stone_f6_r1_v1_seg05.avi
VisTouch_stone_f6_r1_v1_wins01,stone_f6_r1_v1,stone,shitou,石头,6,6,1,1,sliding,wins01,train,1607153370.740,1607153377.740,7.000,dataset/audio/stone/VisTouch_stone_f6_r1_v1_wins01.wav,dataset/tactile/stone/VisTouch_stone_f6_r1_v1_wins01.csv,dataset/video/stone/VisTouch_stone_f6_r1_v1_wins01.avi
VisTouch_stone_f6_r1_v1_wins02,stone_f6_r1_v1,stone,shitou,石头,6,6,1,1,sliding,wins02,train,1607153374.240,1607153381.240,7.000,dataset/audio/stone/VisTouch_stone_f6_r1_v1_wins02.wav,dataset/tactile/stone/VisTouch_stone_f6_r1_v1_wins02.csv,dataset/video/stone/VisTouch_stone_f6_r1_v1_wins02.avi
VisTouch_stone_f6_r1_v1_wins03,stone_f6_r1_v1,stone,shitou,石头,6,6,1,1,sliding,wins03,train,1607153377.740,1607153384.740,7.000,dataset/audio/stone/VisTouch_stone_f6_r1_v1_wins03.wav,dataset/tactile/stone/VisTouch_stone_f6_r1_v1_wins03.csv,dataset/video/stone/VisTouch_stone_f6_r1_v1_wins03.avi
VisTouch_stone_f6_r1_v1_wins04,stone_f6_r1_v1,stone,shitou,石头,6,6,1,1,sliding,wins04,train,1607153381.240,1607153388.240,7.000,dataset/audio/stone/VisTouch_stone_f6_r1_v1_wins04.wav,dataset/tactile/stone/VisTouch_stone_f6_r1_v1_wins04.csv,dataset/video/stone/VisTouch_stone_f6_r1_v1_wins04.avi
VisTouch_stone_f6_r1_v1_wins05,stone_f6_r1_v1,stone,shitou,石头,6,6,1,1,sliding,wins05,train,1607153384.740,1607153391.740,7.000,dataset/audio/stone/VisTouch_stone_f6_r1_v1_wins05.wav,dataset/tactile/stone/VisTouch_stone_f6_r1_v1_wins05.csv,dataset/video/stone/VisTouch_stone_f6_r1_v1_wins05.avi
VisTouch_stone_f6_r1_v1_wins06,stone_f6_r1_v1,stone,shitou,石头,6,6,1,1,sliding,wins06,train,1607153388.240,1607153395.240,7.000,dataset/audio/stone/VisTouch_stone_f6_r1_v1_wins06.wav,dataset/tactile/stone/VisTouch_stone_f6_r1_v1_wins06.csv,dataset/video/stone/VisTouch_stone_f6_r1_v1_wins06.avi
VisTouch_stone_f6_r1_v1_wins07,stone_f6_r1_v1,stone,shitou,石头,6,6,1,1,sliding,wins07,train,1607153391.740,1607153398.740,7.000,dataset/audio/stone/VisTouch_stone_f6_r1_v1_wins07.wav,dataset/tactile/stone/VisTouch_stone_f6_r1_v1_wins07.csv,dataset/video/stone/VisTouch_stone_f6_r1_v1_wins07.avi
VisTouch_stone_f6_r1_v1_wins08,stone_f6_r1_v1,stone,shitou,石头,6,6,1,1,sliding,wins08,train,1607153395.240,1607153402.240,7.000,dataset/audio/stone/VisTouch_stone_f6_r1_v1_wins08.wav,dataset/tactile/stone/VisTouch_stone_f6_r1_v1_wins08.csv,dataset/video/stone/VisTouch_stone_f6_r1_v1_wins08.avi
VisTouch_stone_f6_r1_v1_wins09,stone_f6_r1_v1,stone,shitou,石头,6,6,1,1,sliding,wins09,train,1607153398.740,1607153405.740,7.000,dataset/audio/stone/VisTouch_stone_f6_r1_v1_wins09.wav,dataset/tactile/stone/VisTouch_stone_f6_r1_v1_wins09.csv,dataset/video/stone/VisTouch_stone_f6_r1_v1_wins09.avi
VisTouch_stone_f6_r1_v1_wins10,stone_f6_r1_v1,stone,shitou,石头,6,6,1,1,sliding,wins10,train,1607153402.240,1607153409.240,7.000,dataset/audio/stone/VisTouch_stone_f6_r1_v1_wins10.wav,dataset/tactile/stone/VisTouch_stone_f6_r1_v1_wins10.csv,dataset/video/stone/VisTouch_stone_f6_r1_v1_wins10.avi
VisTouch_stone_f6_r1_v1_wins11,stone_f6_r1_v1,stone,shitou,石头,6,6,1,1,sliding,wins11,train,1607153405.740,1607153412.740,7.000,dataset/audio/stone/VisTouch_stone_f6_r1_v1_wins11.wav,dataset/tactile/stone/VisTouch_stone_f6_r1_v1_wins11.csv,dataset/video/stone/VisTouch_stone_f6_r1_v1_wins11.avi
VisTouch_stone_f6_r1_v1_wins12,stone_f6_r1_v1,stone,shitou,石头,6,6,1,1,sliding,wins12,train,1607153409.240,1607153416.240,7.000,dataset/audio/stone/VisTouch_stone_f6_r1_v1_wins12.wav,dataset/tactile/stone/VisTouch_stone_f6_r1_v1_wins12.csv,dataset/video/stone/VisTouch_stone_f6_r1_v1_wins12.avi
VisTouch_stone_f6_r1_v1_wins13,stone_f6_r1_v1,stone,shitou,石头,6,6,1,1,sliding,wins13,train,1607153412.740,1607153419.740,7.000,dataset/audio/stone/VisTouch_stone_f6_r1_v1_wins13.wav,dataset/tactile/stone/VisTouch_stone_f6_r1_v1_wins13.csv,dataset/video/stone/VisTouch_stone_f6_r1_v1_wins13.avi
VisTouch_stone_f6_r1_v1_wins14,stone_f6_r1_v1,stone,shitou,石头,6,6,1,1,sliding,wins14,train,1607153416.240,1607153423.240,7.000,dataset/audio/stone/VisTouch_stone_f6_r1_v1_wins14.wav,dataset/tactile/stone/VisTouch_stone_f6_r1_v1_wins14.csv,dataset/video/stone/VisTouch_stone_f6_r1_v1_wins14.avi
VisTouch_stone_f6_r1_v1_wins15,stone_f6_r1_v1,stone,shitou,石头,6,6,1,1,sliding,wins15,train,1607153419.740,1607153426.740,7.000,dataset/audio/stone/VisTouch_stone_f6_r1_v1_wins15.wav,dataset/tactile/stone/VisTouch_stone_f6_r1_v1_wins15.csv,dataset/video/stone/VisTouch_stone_f6_r1_v1_wins15.avi
VisTouch_stone_f6_r1_v1_wins16,stone_f6_r1_v1,stone,shitou,石头,6,6,1,1,sliding,wins16,train,1607153423.240,1607153430.240,7.000,dataset/audio/stone/VisTouch_stone_f6_r1_v1_wins16.wav,dataset/tactile/stone/VisTouch_stone_f6_r1_v1_wins16.csv,dataset/video/stone/VisTouch_stone_f6_r1_v1_wins16.avi
VisTouch_stone_f6_r1_v1_wins17,stone_f6_r1_v1,stone,shitou,石头,6,6,1,1,sliding,wins17,train,1607153426.740,1607153433.740,7.000,dataset/audio/stone/VisTouch_stone_f6_r1_v1_wins17.wav,dataset/tactile/stone/VisTouch_stone_f6_r1_v1_wins17.csv,dataset/video/stone/VisTouch_stone_f6_r1_v1_wins17.avi
VisTouch_stone_f6_r1_v1_winm01,stone_f6_r1_v1,stone,shitou,石头,6,6,1,1,sliding,winm01,train,1607153370.740,1607153381.040,10.300,dataset/audio/stone/VisTouch_stone_f6_r1_v1_winm01.wav,dataset/tactile/stone/VisTouch_stone_f6_r1_v1_winm01.csv,dataset/video/stone/VisTouch_stone_f6_r1_v1_winm01.avi
VisTouch_stone_f6_r1_v1_winm02,stone_f6_r1_v1,stone,shitou,石头,6,6,1,1,sliding,winm02,train,1607153375.890,1607153386.190,10.300,dataset/audio/stone/VisTouch_stone_f6_r1_v1_winm02.wav,dataset/tactile/stone/VisTouch_stone_f6_r1_v1_winm02.csv,dataset/video/stone/VisTouch_stone_f6_r1_v1_winm02.avi
VisTouch_stone_f6_r1_v1_winm03,stone_f6_r1_v1,stone,shitou,石头,6,6,1,1,sliding,winm03,train,1607153381.040,1607153391.340,10.300,dataset/audio/stone/VisTouch_stone_f6_r1_v1_winm03.wav,dataset/tactile/stone/VisTouch_stone_f6_r1_v1_winm03.csv,dataset/video/stone/VisTouch_stone_f6_r1_v1_winm03.avi
VisTouch_stone_f6_r1_v1_winm04,stone_f6_r1_v1,stone,shitou,石头,6,6,1,1,sliding,winm04,train,1607153386.190,1607153396.490,10.300,dataset/audio/stone/VisTouch_stone_f6_r1_v1_winm04.wav,dataset/tactile/stone/VisTouch_stone_f6_r1_v1_winm04.csv,dataset/video/stone/VisTouch_stone_f6_r1_v1_winm04.avi
VisTouch_stone_f6_r1_v1_winm05,stone_f6_r1_v1,stone,shitou,石头,6,6,1,1,sliding,winm05,train,1607153391.340,1607153401.640,10.300,dataset/audio/stone/VisTouch_stone_f6_r1_v1_winm05.wav,dataset/tactile/stone/VisTouch_stone_f6_r1_v1_winm05.csv,dataset/video/stone/VisTouch_stone_f6_r1_v1_winm05.avi
VisTouch_stone_f6_r1_v1_winm06,stone_f6_r1_v1,stone,shitou,石头,6,6,1,1,sliding,winm06,train,1607153396.490,1607153406.790,10.300,dataset/audio/stone/VisTouch_stone_f6_r1_v1_winm06.wav,dataset/tactile/stone/VisTouch_stone_f6_r1_v1_winm06.csv,dataset/video/stone/VisTouch_stone_f6_r1_v1_winm06.avi
VisTouch_stone_f6_r1_v1_winm07,stone_f6_r1_v1,stone,shitou,石头,6,6,1,1,sliding,winm07,train,1607153401.640,1607153411.940,10.300,dataset/audio/stone/VisTouch_stone_f6_r1_v1_winm07.wav,dataset/tactile/stone/VisTouch_stone_f6_r1_v1_winm07.csv,dataset/video/stone/VisTouch_stone_f6_r1_v1_winm07.avi
VisTouch_stone_f6_r1_v1_winm08,stone_f6_r1_v1,stone,shitou,石头,6,6,1,1,sliding,winm08,train,1607153406.790,1607153417.090,10.300,dataset/audio/stone/VisTouch_stone_f6_r1_v1_winm08.wav,dataset/tactile/stone/VisTouch_stone_f6_r1_v1_winm08.csv,dataset/video/stone/VisTouch_stone_f6_r1_v1_winm08.avi
VisTouch_stone_f6_r1_v1_winm09,stone_f6_r1_v1,stone,shitou,石头,6,6,1,1,sliding,winm09,train,1607153411.940,1607153422.240,10.300,dataset/audio/stone/VisTouch_stone_f6_r1_v1_winm09.wav,dataset/tactile/stone/VisTouch_stone_f6_r1_v1_winm09.csv,dataset/video/stone/VisTouch_stone_f6_r1_v1_winm09.avi
VisTouch_stone_f6_r1_v1_winm10,stone_f6_r1_v1,stone,shitou,石头,6,6,1,1,sliding,winm10,train,1607153417.090,1607153427.390,10.300,dataset/audio/stone/VisTouch_stone_f6_r1_v1_winm10.wav,dataset/tactile/stone/VisTouch_stone_f6_r1_v1_winm10.csv,dataset/video/stone/VisTouch_stone_f6_r1_v1_winm10.avi
VisTouch_stone_f6_r1_v1_winm11,stone_f6_r1_v1,stone,shitou,石头,6,6,1,1,sliding,winm11,train,1607153422.240,1607153432.540,10.300,dataset/audio/stone/VisTouch_stone_f6_r1_v1_winm11.wav,dataset/tactile/stone/VisTouch_stone_f6_r1_v1_winm11.csv,dataset/video/stone/VisTouch_stone_f6_r1_v1_winm11.avi
VisTouch_stone_f6_r1_v1_winl01,stone_f6_r1_v1,stone,shitou,石头,6,6,1,1,sliding,winl01,train,1607153370.740,1607153384.740,14.000,dataset/audio/stone/VisTouch_stone_f6_r1_v1_winl01.wav,dataset/tactile/stone/VisTouch_stone_f6_r1_v1_winl01.csv,dataset/video/stone/VisTouch_stone_f6_r1_v1_winl01.avi
VisTouch_stone_f6_r1_v1_winl02,stone_f6_r1_v1,stone,shitou,石头,6,6,1,1,sliding,winl02,train,1607153377.740,1607153391.740,14.000,dataset/audio/stone/VisTouch_stone_f6_r1_v1_winl02.wav,dataset/tactile/stone/VisTouch_stone_f6_r1_v1_winl02.csv,dataset/video/stone/VisTouch_stone_f6_r1_v1_winl02.avi
VisTouch_stone_f6_r1_v1_winl03,stone_f6_r1_v1,stone,shitou,石头,6,6,1,1,sliding,winl03,train,1607153384.740,1607153398.740,14.000,dataset/audio/stone/VisTouch_stone_f6_r1_v1_winl03.wav,dataset/tactile/stone/VisTouch_stone_f6_r1_v1_winl03.csv,dataset/video/stone/VisTouch_stone_f6_r1_v1_winl03.avi
VisTouch_stone_f6_r1_v1_winl04,stone_f6_r1_v1,stone,shitou,石头,6,6,1,1,sliding,winl04,train,1607153391.740,1607153405.740,14.000,dataset/audio/stone/VisTouch_stone_f6_r1_v1_winl04.wav,dataset/tactile/stone/VisTouch_stone_f6_r1_v1_winl04.csv,dataset/video/stone/VisTouch_stone_f6_r1_v1_winl04.avi
VisTouch_stone_f6_r1_v1_winl05,stone_f6_r1_v1,stone,shitou,石头,6,6,1,1,sliding,winl05,train,1607153398.740,1607153412.740,14.000,dataset/audio/stone/VisTouch_stone_f6_r1_v1_winl05.wav,dataset/tactile/stone/VisTouch_stone_f6_r1_v1_winl05.csv,dataset/video/stone/VisTouch_stone_f6_r1_v1_winl05.avi
VisTouch_stone_f6_r1_v1_winl06,stone_f6_r1_v1,stone,shitou,石头,6,6,1,1,sliding,winl06,train,1607153405.740,1607153419.740,14.000,dataset/audio/stone/VisTouch_stone_f6_r1_v1_winl06.wav,dataset/tactile/stone/VisTouch_stone_f6_r1_v1_winl06.csv,dataset/video/stone/VisTouch_stone_f6_r1_v1_winl06.avi
VisTouch_stone_f6_r1_v1_winl07,stone_f6_r1_v1,stone,shitou,石头,6,6,1,1,sliding,winl07,train,1607153412.740,1607153426.740,14.000,dataset/audio/stone/VisTouch_stone_f6_r1_v1_winl07.wav,dataset/tactile/stone/VisTouch_stone_f6_r1_v1_winl07.csv,dataset/video/stone/VisTouch_stone_f6_r1_v1_winl07.avi
VisTouch_stone_f6_r1_v1_winl08,stone_f6_r1_v1,stone,shitou,石头,6,6,1,1,sliding,winl08,train,1607153419.740,1607153433.740,14.000,dataset/audio/stone/VisTouch_stone_f6_r1_v1_winl08.wav,dataset/tactile/stone/VisTouch_stone_f6_r1_v1_winl08.csv,dataset/video/stone/VisTouch_stone_f6_r1_v1_winl08.avi
VisTouch_stone_f9_r1_v1_seg01,stone_f9_r1_v1,stone,shitou,石头,6,9,1,1,cycle,seg01,test,1607153548.680,1607153558.860,10.180,dataset/audio/stone/VisTouch_stone_f9_r1_v1_seg01.wav,dataset/tactile/stone/VisTouch_stone_f9_r1_v1_seg01.csv,dataset/video/stone/VisTouch_stone_f9_r1_v1_seg01.avi
VisTouch_stone_f9_r1_v1_seg02,stone_f9_r1_v1,stone,shitou,石头,6,9,1,1,cycle,seg02,test,1607153558.860,1607153569.020,10.160,dataset/audio/stone/VisTouch_stone_f9_r1_v1_seg02.wav,dataset/tactile/stone/VisTouch_stone_f9_r1_v1_seg02.csv,dataset/video/stone/VisTouch_stone_f9_r1_v1_seg02.avi
VisTouch_stone_f9_r1_v1_seg03,stone_f9_r1_v1,stone,shitou,石头,6,9,1,1,cycle,seg03,test,1607153569.020,1607153579.220,10.200,dataset/audio/stone/VisTouch_stone_f9_r1_v1_seg03.wav,dataset/tactile/stone/VisTouch_stone_f9_r1_v1_seg03.csv,dataset/video/stone/VisTouch_stone_f9_r1_v1_seg03.avi
VisTouch_stone_f9_r1_v1_seg04,stone_f9_r1_v1,stone,shitou,石头,6,9,1,1,cycle,seg04,test,1607153579.220,1607153589.360,10.140,dataset/audio/stone/VisTouch_stone_f9_r1_v1_seg04.wav,dataset/tactile/stone/VisTouch_stone_f9_r1_v1_seg04.csv,dataset/video/stone/VisTouch_stone_f9_r1_v1_seg04.avi
VisTouch_stone_f9_r1_v1_seg05,stone_f9_r1_v1,stone,shitou,石头,6,9,1,1,cycle,seg05,test,1607153589.360,1607153599.540,10.180,dataset/audio/stone/VisTouch_stone_f9_r1_v1_seg05.wav,dataset/tactile/stone/VisTouch_stone_f9_r1_v1_seg05.csv,dataset/video/stone/VisTouch_stone_f9_r1_v1_seg05.avi
VisTouch_stone_f9_r1_v1_wins01,stone_f9_r1_v1,stone,shitou,石头,6,9,1,1,sliding,wins01,test,1607153542.000,1607153549.000,7.000,dataset/audio/stone/VisTouch_stone_f9_r1_v1_wins01.wav,dataset/tactile/stone/VisTouch_stone_f9_r1_v1_wins01.csv,dataset/video/stone/VisTouch_stone_f9_r1_v1_wins01.avi
VisTouch_stone_f9_r1_v1_wins02,stone_f9_r1_v1,stone,shitou,石头,6,9,1,1,sliding,wins02,test,1607153545.500,1607153552.500,7.000,dataset/audio/stone/VisTouch_stone_f9_r1_v1_wins02.wav,dataset/tactile/stone/VisTouch_stone_f9_r1_v1_wins02.csv,dataset/video/stone/VisTouch_stone_f9_r1_v1_wins02.avi
VisTouch_stone_f9_r1_v1_wins03,stone_f9_r1_v1,stone,shitou,石头,6,9,1,1,sliding,wins03,test,1607153549.000,1607153556.000,7.000,dataset/audio/stone/VisTouch_stone_f9_r1_v1_wins03.wav,dataset/tactile/stone/VisTouch_stone_f9_r1_v1_wins03.csv,dataset/video/stone/VisTouch_stone_f9_r1_v1_wins03.avi
VisTouch_stone_f9_r1_v1_wins04,stone_f9_r1_v1,stone,shitou,石头,6,9,1,1,sliding,wins04,test,1607153552.500,1607153559.500,7.000,dataset/audio/stone/VisTouch_stone_f9_r1_v1_wins04.wav,dataset/tactile/stone/VisTouch_stone_f9_r1_v1_wins04.csv,dataset/video/stone/VisTouch_stone_f9_r1_v1_wins04.avi
VisTouch_stone_f9_r1_v1_wins05,stone_f9_r1_v1,stone,shitou,石头,6,9,1,1,sliding,wins05,test,1607153556.000,1607153563.000,7.000,dataset/audio/stone/VisTouch_stone_f9_r1_v1_wins05.wav,dataset/tactile/stone/VisTouch_stone_f9_r1_v1_wins05.csv,dataset/video/stone/VisTouch_stone_f9_r1_v1_wins05.avi
VisTouch_stone_f9_r1_v1_wins06,stone_f9_r1_v1,stone,shitou,石头,6,9,1,1,sliding,wins06,test,1607153559.500,1607153566.500,7.000,dataset/audio/stone/VisTouch_stone_f9_r1_v1_wins06.wav,dataset/tactile/stone/VisTouch_stone_f9_r1_v1_wins06.csv,dataset/video/stone/VisTouch_stone_f9_r1_v1_wins06.avi
VisTouch_stone_f9_r1_v1_wins07,stone_f9_r1_v1,stone,shitou,石头,6,9,1,1,sliding,wins07,test,1607153563.000,1607153570.000,7.000,dataset/audio/stone/VisTouch_stone_f9_r1_v1_wins07.wav,dataset/tactile/stone/VisTouch_stone_f9_r1_v1_wins07.csv,dataset/video/stone/VisTouch_stone_f9_r1_v1_wins07.avi
VisTouch_stone_f9_r1_v1_wins08,stone_f9_r1_v1,stone,shitou,石头,6,9,1,1,sliding,wins08,test,1607153566.500,1607153573.500,7.000,dataset/audio/stone/VisTouch_stone_f9_r1_v1_wins08.wav,dataset/tactile/stone/VisTouch_stone_f9_r1_v1_wins08.csv,dataset/video/stone/VisTouch_stone_f9_r1_v1_wins08.avi
VisTouch_stone_f9_r1_v1_wins09,stone_f9_r1_v1,stone,shitou,石头,6,9,1,1,sliding,wins09,test,1607153570.000,1607153577.000,7.000,dataset/audio/stone/VisTouch_stone_f9_r1_v1_wins09.wav,dataset/tactile/stone/VisTouch_stone_f9_r1_v1_wins09.csv,dataset/video/stone/VisTouch_stone_f9_r1_v1_wins09.avi
VisTouch_stone_f9_r1_v1_wins10,stone_f9_r1_v1,stone,shitou,石头,6,9,1,1,sliding,wins10,test,1607153573.500,1607153580.500,7.000,dataset/audio/stone/VisTouch_stone_f9_r1_v1_wins10.wav,dataset/tactile/stone/VisTouch_stone_f9_r1_v1_wins10.csv,dataset/video/stone/VisTouch_stone_f9_r1_v1_wins10.avi
VisTouch_stone_f9_r1_v1_wins11,stone_f9_r1_v1,stone,shitou,石头,6,9,1,1,sliding,wins11,test,1607153577.000,1607153584.000,7.000,dataset/audio/stone/VisTouch_stone_f9_r1_v1_wins11.wav,dataset/tactile/stone/VisTouch_stone_f9_r1_v1_wins11.csv,dataset/video/stone/VisTouch_stone_f9_r1_v1_wins11.avi
VisTouch_stone_f9_r1_v1_wins12,stone_f9_r1_v1,stone,shitou,石头,6,9,1,1,sliding,wins12,test,1607153580.500,1607153587.500,7.000,dataset/audio/stone/VisTouch_stone_f9_r1_v1_wins12.wav,dataset/tactile/stone/VisTouch_stone_f9_r1_v1_wins12.csv,dataset/video/stone/VisTouch_stone_f9_r1_v1_wins12.avi
VisTouch_stone_f9_r1_v1_wins13,stone_f9_r1_v1,stone,shitou,石头,6,9,1,1,sliding,wins13,test,1607153584.000,1607153591.000,7.000,dataset/audio/stone/VisTouch_stone_f9_r1_v1_wins13.wav,dataset/tactile/stone/VisTouch_stone_f9_r1_v1_wins13.csv,dataset/video/stone/VisTouch_stone_f9_r1_v1_wins13.avi
VisTouch_stone_f9_r1_v1_wins14,stone_f9_r1_v1,stone,shitou,石头,6,9,1,1,sliding,wins14,test,1607153587.500,1607153594.500,7.000,dataset/audio/stone/VisTouch_stone_f9_r1_v1_wins14.wav,dataset/tactile/stone/VisTouch_stone_f9_r1_v1_wins14.csv,dataset/video/stone/VisTouch_stone_f9_r1_v1_wins14.avi
VisTouch_stone_f9_r1_v1_wins15,stone_f9_r1_v1,stone,shitou,石头,6,9,1,1,sliding,wins15,test,1607153591.000,1607153598.000,7.000,dataset/audio/stone/VisTouch_stone_f9_r1_v1_wins15.wav,dataset/tactile/stone/VisTouch_stone_f9_r1_v1_wins15.csv,dataset/video/stone/VisTouch_stone_f9_r1_v1_wins15.avi
VisTouch_stone_f9_r1_v1_wins16,stone_f9_r1_v1,stone,shitou,石头,6,9,1,1,sliding,wins16,test,1607153594.500,1607153601.500,7.000,dataset/audio/stone/VisTouch_stone_f9_r1_v1_wins16.wav,dataset/tactile/stone/VisTouch_stone_f9_r1_v1_wins16.csv,dataset/video/stone/VisTouch_stone_f9_r1_v1_wins16.avi
VisTouch_stone_f9_r1_v1_wins17,stone_f9_r1_v1,stone,shitou,石头,6,9,1,1,sliding,wins17,test,1607153598.000,1607153605.000,7.000,dataset/audio/stone/VisTouch_stone_f9_r1_v1_wins17.wav,dataset/tactile/stone/VisTouch_stone_f9_r1_v1_wins17.csv,dataset/video/stone/VisTouch_stone_f9_r1_v1_wins17.avi
VisTouch_stone_f9_r1_v1_winm01,stone_f9_r1_v1,stone,shitou,石头,6,9,1,1,sliding,winm01,test,1607153542.000,1607153552.300,10.300,dataset/audio/stone/VisTouch_stone_f9_r1_v1_winm01.wav,dataset/tactile/stone/VisTouch_stone_f9_r1_v1_winm01.csv,dataset/video/stone/VisTouch_stone_f9_r1_v1_winm01.avi
VisTouch_stone_f9_r1_v1_winm02,stone_f9_r1_v1,stone,shitou,石头,6,9,1,1,sliding,winm02,test,1607153547.150,1607153557.450,10.300,dataset/audio/stone/VisTouch_stone_f9_r1_v1_winm02.wav,dataset/tactile/stone/VisTouch_stone_f9_r1_v1_winm02.csv,dataset/video/stone/VisTouch_stone_f9_r1_v1_winm02.avi
VisTouch_stone_f9_r1_v1_winm03,stone_f9_r1_v1,stone,shitou,石头,6,9,1,1,sliding,winm03,test,1607153552.300,1607153562.600,10.300,dataset/audio/stone/VisTouch_stone_f9_r1_v1_winm03.wav,dataset/tactile/stone/VisTouch_stone_f9_r1_v1_winm03.csv,dataset/video/stone/VisTouch_stone_f9_r1_v1_winm03.avi
VisTouch_stone_f9_r1_v1_winm04,stone_f9_r1_v1,stone,shitou,石头,6,9,1,1,sliding,winm04,test,1607153557.450,1607153567.750,10.300,dataset/audio/stone/VisTouch_stone_f9_r1_v1_winm04.wav,dataset/tactile/stone/VisTouch_stone_f9_r1_v1_winm04.csv,dataset/video/stone/VisTouch_stone_f9_r1_v1_winm04.avi
VisTouch_stone_f9_r1_v1_winm05,stone_f9_r1_v1,stone,shitou,石头,6,9,1,1,sliding,winm05,test,1607153562.600,1607153572.900,10.300,dataset/audio/stone/VisTouch_stone_f9_r1_v1_winm05.wav,dataset/tactile/stone/VisTouch_stone_f9_r1_v1_winm05.csv,dataset/video/stone/VisTouch_stone_f9_r1_v1_winm05.avi
VisTouch_stone_f9_r1_v1_winm06,stone_f9_r1_v1,stone,shitou,石头,6,9,1,1,sliding,winm06,test,1607153567.750,1607153578.050,10.300,dataset/audio/stone/VisTouch_stone_f9_r1_v1_winm06.wav,dataset/tactile/stone/VisTouch_stone_f9_r1_v1_winm06.csv,dataset/video/stone/VisTouch_stone_f9_r1_v1_winm06.avi
VisTouch_stone_f9_r1_v1_winm07,stone_f9_r1_v1,stone,shitou,石头,6,9,1,1,sliding,winm07,test,1607153572.900,1607153583.200,10.300,dataset/audio/stone/VisTouch_stone_f9_r1_v1_winm07.wav,dataset/tactile/stone/VisTouch_stone_f9_r1_v1_winm07.csv,dataset/video/stone/VisTouch_stone_f9_r1_v1_winm07.avi
VisTouch_stone_f9_r1_v1_winm08,stone_f9_r1_v1,stone,shitou,石头,6,9,1,1,sliding,winm08,test,1607153578.050,1607153588.350,10.300,dataset/audio/stone/VisTouch_stone_f9_r1_v1_winm08.wav,dataset/tactile/stone/VisTouch_stone_f9_r1_v1_winm08.csv,dataset/video/stone/VisTouch_stone_f9_r1_v1_winm08.avi
VisTouch_stone_f9_r1_v1_winm09,stone_f9_r1_v1,stone,shitou,石头,6,9,1,1,sliding,winm09,test,1607153583.200,1607153593.500,10.300,dataset/audio/stone/VisTouch_stone_f9_r1_v1_winm09.wav,dataset/tactile/stone/VisTouch_stone_f9_r1_v1_winm09.csv,dataset/video/stone/VisTouch_stone_f9_r1_v1_winm09.avi
VisTouch_stone_f9_r1_v1_winm10,stone_f9_r1_v1,stone,shitou,石头,6,9,1,1,sliding,winm10,test,1607153588.350,1607153598.650,10.300,dataset/audio/stone/VisTouch_stone_f9_r1_v1_winm10.wav,dataset/tactile/stone/VisTouch_stone_f9_r1_v1_winm10.csv,dataset/video/stone/VisTouch_stone_f9_r1_v1_winm10.avi
VisTouch_stone_f9_r1_v1_winm11,stone_f9_r1_v1,stone,shitou,石头,6,9,1,1,sliding,winm11,test,1607153593.500,1607153603.800,10.300,dataset/audio/stone/VisTouch_stone_f9_r1_v1_winm11.wav,dataset/tactile/stone/VisTouch_stone_f9_r1_v1_winm11.csv,dataset/video/stone/VisTouch_stone_f9_r1_v1_winm11.avi
VisTouch_stone_f9_r1_v1_winl01,stone_f9_r1_v1,stone,shitou,石头,6,9,1,1,sliding,winl01,test,1607153542.000,1607153556.000,14.000,dataset/audio/stone/VisTouch_stone_f9_r1_v1_winl01.wav,dataset/tactile/stone/VisTouch_stone_f9_r1_v1_winl01.csv,dataset/video/stone/VisTouch_stone_f9_r1_v1_winl01.avi
VisTouch_stone_f9_r1_v1_winl02,stone_f9_r1_v1,stone,shitou,石头,6,9,1,1,sliding,winl02,test,1607153549.000,1607153563.000,14.000,dataset/audio/stone/VisTouch_stone_f9_r1_v1_winl02.wav,dataset/tactile/stone/VisTouch_stone_f9_r1_v1_winl02.csv,dataset/video/stone/VisTouch_stone_f9_r1_v1_winl02.avi
VisTouch_stone_f9_r1_v1_winl03,stone_f9_r1_v1,stone,shitou,石头,6,9,1,1,sliding,winl03,test,1607153556.000,1607153570.000,14.000,dataset/audio/stone/VisTouch_stone_f9_r1_v1_winl03.wav,dataset/tactile/stone/VisTouch_stone_f9_r1_v1_winl03.csv,dataset/video/stone/VisTouch_stone_f9_r1_v1_winl03.avi
VisTouch_stone_f9_r1_v1_winl04,stone_f9_r1_v1,stone,shitou,石头,6,9,1,1,sliding,winl04,test,1607153563.000,1607153577.000,14.000,dataset/audio/stone/VisTouch_stone_f9_r1_v1_winl04.wav,dataset/tactile/stone/VisTouch_stone_f9_r1_v1_winl04.csv,dataset/video/stone/VisTouch_stone_f9_r1_v1_winl04.avi
VisTouch_stone_f9_r1_v1_winl05,stone_f9_r1_v1,stone,shitou,石头,6,9,1,1,sliding,winl05,test,1607153570.000,1607153584.000,14.000,dataset/audio/stone/VisTouch_stone_f9_r1_v1_winl05.wav,dataset/tactile/stone/VisTouch_stone_f9_r1_v1_winl05.csv,dataset/video/stone/VisTouch_stone_f9_r1_v1_winl05.avi
VisTouch_stone_f9_r1_v1_winl06,stone_f9_r1_v1,stone,shitou,石头,6,9,1,1,sliding,winl06,test,1607153577.000,1607153591.000,14.000,dataset/audio/stone/VisTouch_stone_f9_r1_v1_winl06.wav,dataset/tactile/stone/VisTouch_stone_f9_r1_v1_winl06.csv,dataset/video/stone/VisTouch_stone_f9_r1_v1_winl06.avi
VisTouch_stone_f9_r1_v1_winl07,stone_f9_r1_v1,stone,shitou,石头,6,9,1,1,sliding,winl07,test,1607153584.000,1607153598.000,14.000,dataset/audio/stone/VisTouch_stone_f9_r1_v1_winl07.wav,dataset/tactile/stone/VisTouch_stone_f9_r1_v1_winl07.csv,dataset/video/stone/VisTouch_stone_f9_r1_v1_winl07.avi
VisTouch_stone_f9_r1_v1_winl08,stone_f9_r1_v1,stone,shitou,石头,6,9,1,1,sliding,winl08,test,1607153591.000,1607153605.000,14.000,dataset/audio/stone/VisTouch_stone_f9_r1_v1_winl08.wav,dataset/tactile/stone/VisTouch_stone_f9_r1_v1_winl08.csv,dataset/video/stone/VisTouch_stone_f9_r1_v1_winl08.avi
VisTouch_wood_f3_r1_v1_seg01,wood_f3_r1_v1,wood,muban,木板,7,3,1,1,cycle,seg01,train,1607154812.000,1607154822.300,10.300,dataset/audio/wood/VisTouch_wood_f3_r1_v1_seg01.wav,dataset/tactile/wood/VisTouch_wood_f3_r1_v1_seg01.csv,dataset/video/wood/VisTouch_wood_f3_r1_v1_seg01.avi
VisTouch_wood_f3_r1_v1_seg02,wood_f3_r1_v1,wood,muban,木板,7,3,1,1,cycle,seg02,train,1607154822.300,1607154832.620,10.320,dataset/audio/wood/VisTouch_wood_f3_r1_v1_seg02.wav,dataset/tactile/wood/VisTouch_wood_f3_r1_v1_seg02.csv,dataset/video/wood/VisTouch_wood_f3_r1_v1_seg02.avi
VisTouch_wood_f3_r1_v1_seg03,wood_f3_r1_v1,wood,muban,木板,7,3,1,1,cycle,seg03,train,1607154832.620,1607154842.920,10.300,dataset/audio/wood/VisTouch_wood_f3_r1_v1_seg03.wav,dataset/tactile/wood/VisTouch_wood_f3_r1_v1_seg03.csv,dataset/video/wood/VisTouch_wood_f3_r1_v1_seg03.avi
VisTouch_wood_f3_r1_v1_seg04,wood_f3_r1_v1,wood,muban,木板,7,3,1,1,cycle,seg04,train,1607154842.920,1607154853.220,10.300,dataset/audio/wood/VisTouch_wood_f3_r1_v1_seg04.wav,dataset/tactile/wood/VisTouch_wood_f3_r1_v1_seg04.csv,dataset/video/wood/VisTouch_wood_f3_r1_v1_seg04.avi
VisTouch_wood_f3_r1_v1_seg05,wood_f3_r1_v1,wood,muban,木板,7,3,1,1,cycle,seg05,train,1607154853.220,1607154863.520,10.300,dataset/audio/wood/VisTouch_wood_f3_r1_v1_seg05.wav,dataset/tactile/wood/VisTouch_wood_f3_r1_v1_seg05.csv,dataset/video/wood/VisTouch_wood_f3_r1_v1_seg05.avi
VisTouch_wood_f3_r1_v1_wins01,wood_f3_r1_v1,wood,muban,木板,7,3,1,1,sliding,wins01,train,1607154805.000,1607154812.000,7.000,dataset/audio/wood/VisTouch_wood_f3_r1_v1_wins01.wav,dataset/tactile/wood/VisTouch_wood_f3_r1_v1_wins01.csv,dataset/video/wood/VisTouch_wood_f3_r1_v1_wins01.avi
VisTouch_wood_f3_r1_v1_wins02,wood_f3_r1_v1,wood,muban,木板,7,3,1,1,sliding,wins02,train,1607154808.500,1607154815.500,7.000,dataset/audio/wood/VisTouch_wood_f3_r1_v1_wins02.wav,dataset/tactile/wood/VisTouch_wood_f3_r1_v1_wins02.csv,dataset/video/wood/VisTouch_wood_f3_r1_v1_wins02.avi
VisTouch_wood_f3_r1_v1_wins03,wood_f3_r1_v1,wood,muban,木板,7,3,1,1,sliding,wins03,train,1607154812.000,1607154819.000,7.000,dataset/audio/wood/VisTouch_wood_f3_r1_v1_wins03.wav,dataset/tactile/wood/VisTouch_wood_f3_r1_v1_wins03.csv,dataset/video/wood/VisTouch_wood_f3_r1_v1_wins03.avi
VisTouch_wood_f3_r1_v1_wins04,wood_f3_r1_v1,wood,muban,木板,7,3,1,1,sliding,wins04,train,1607154815.500,1607154822.500,7.000,dataset/audio/wood/VisTouch_wood_f3_r1_v1_wins04.wav,dataset/tactile/wood/VisTouch_wood_f3_r1_v1_wins04.csv,dataset/video/wood/VisTouch_wood_f3_r1_v1_wins04.avi
VisTouch_wood_f3_r1_v1_wins05,wood_f3_r1_v1,wood,muban,木板,7,3,1,1,sliding,wins05,train,1607154819.000,1607154826.000,7.000,dataset/audio/wood/VisTouch_wood_f3_r1_v1_wins05.wav,dataset/tactile/wood/VisTouch_wood_f3_r1_v1_wins05.csv,dataset/video/wood/VisTouch_wood_f3_r1_v1_wins05.avi
VisTouch_wood_f3_r1_v1_wins06,wood_f3_r1_v1,wood,muban,木板,7,3,1,1,sliding,wins06,train,1607154822.500,1607154829.500,7.000,dataset/audio/wood/VisTouch_wood_f3_r1_v1_wins06.wav,dataset/tactile/wood/VisTouch_wood_f3_r1_v1_wins06.csv,dataset/video/wood/VisTouch_wood_f3_r1_v1_wins06.avi
VisTouch_wood_f3_r1_v1_wins07,wood_f3_r1_v1,wood,muban,木板,7,3,1,1,sliding,wins07,train,1607154826.000,1607154833.000,7.000,dataset/audio/wood/VisTouch_wood_f3_r1_v1_wins07.wav,dataset/tactile/wood/VisTouch_wood_f3_r1_v1_wins07.csv,dataset/video/wood/VisTouch_wood_f3_r1_v1_wins07.avi
VisTouch_wood_f3_r1_v1_wins08,wood_f3_r1_v1,wood,muban,木板,7,3,1,1,sliding,wins08,train,1607154829.500,1607154836.500,7.000,dataset/audio/wood/VisTouch_wood_f3_r1_v1_wins08.wav,dataset/tactile/wood/VisTouch_wood_f3_r1_v1_wins08.csv,dataset/video/wood/VisTouch_wood_f3_r1_v1_wins08.avi
VisTouch_wood_f3_r1_v1_wins09,wood_f3_r1_v1,wood,muban,木板,7,3,1,1,sliding,wins09,train,1607154833.000,1607154840.000,7.000,dataset/audio/wood/VisTouch_wood_f3_r1_v1_wins09.wav,dataset/tactile/wood/VisTouch_wood_f3_r1_v1_wins09.csv,dataset/video/wood/VisTouch_wood_f3_r1_v1_wins09.avi
VisTouch_wood_f3_r1_v1_wins10,wood_f3_r1_v1,wood,muban,木板,7,3,1,1,sliding,wins10,train,1607154836.500,1607154843.500,7.000,dataset/audio/wood/VisTouch_wood_f3_r1_v1_wins10.wav,dataset/tactile/wood/VisTouch_wood_f3_r1_v1_wins10.csv,dataset/video/wood/VisTouch_wood_f3_r1_v1_wins10.avi
VisTouch_wood_f3_r1_v1_wins11,wood_f3_r1_v1,wood,muban,木板,7,3,1,1,sliding,wins11,train,1607154840.000,1607154847.000,7.000,dataset/audio/wood/VisTouch_wood_f3_r1_v1_wins11.wav,dataset/tactile/wood/VisTouch_wood_f3_r1_v1_wins11.csv,dataset/video/wood/VisTouch_wood_f3_r1_v1_wins11.avi
VisTouch_wood_f3_r1_v1_wins12,wood_f3_r1_v1,wood,muban,木板,7,3,1,1,sliding,wins12,train,1607154843.500,1607154850.500,7.000,dataset/audio/wood/VisTouch_wood_f3_r1_v1_wins12.wav,dataset/tactile/wood/VisTouch_wood_f3_r1_v1_wins12.csv,dataset/video/wood/VisTouch_wood_f3_r1_v1_wins12.avi
VisTouch_wood_f3_r1_v1_wins13,wood_f3_r1_v1,wood,muban,木板,7,3,1,1,sliding,wins13,train,1607154847.000,1607154854.000,7.000,dataset/audio/wood/VisTouch_wood_f3_r1_v1_wins13.wav,dataset/tactile/wood/VisTouch_wood_f3_r1_v1_wins13.csv,dataset/video/wood/VisTouch_wood_f3_r1_v1_wins13.avi
VisTouch_wood_f3_r1_v1_wins14,wood_f3_r1_v1,wood,muban,木板,7,3,1,1,sliding,wins14,train,1607154850.500,1607154857.500,7.000,dataset/audio/wood/VisTouch_wood_f3_r1_v1_wins14.wav,dataset/tactile/wood/VisTouch_wood_f3_r1_v1_wins14.csv,dataset/video/wood/VisTouch_wood_f3_r1_v1_wins14.avi
VisTouch_wood_f3_r1_v1_wins15,wood_f3_r1_v1,wood,muban,木板,7,3,1,1,sliding,wins15,train,1607154854.000,1607154861.000,7.000,dataset/audio/wood/VisTouch_wood_f3_r1_v1_wins15.wav,dataset/tactile/wood/VisTouch_wood_f3_r1_v1_wins15.csv,dataset/video/wood/VisTouch_wood_f3_r1_v1_wins15.avi
VisTouch_wood_f3_r1_v1_wins16,wood_f3_r1_v1,wood,muban,木板,7,3,1,1,sliding,wins16,train,1607154857.500,1607154864.500,7.000,dataset/audio/wood/VisTouch_wood_f3_r1_v1_wins16.wav,dataset/tactile/wood/VisTouch_wood_f3_r1_v1_wins16.csv,dataset/video/wood/VisTouch_wood_f3_r1_v1_wins16.avi
VisTouch_wood_f3_r1_v1_wins17,wood_f3_r1_v1,wood,muban,木板,7,3,1,1,sliding,wins17,train,1607154861.000,1607154868.000,7.000,dataset/audio/wood/VisTouch_wood_f3_r1_v1_wins17.wav,dataset/tactile/wood/VisTouch_wood_f3_r1_v1_wins17.csv,dataset/video/wood/VisTouch_wood_f3_r1_v1_wins17.avi
VisTouch_wood_f3_r1_v1_winm01,wood_f3_r1_v1,wood,muban,木板,7,3,1,1,sliding,winm01,train,1607154805.000,1607154815.300,10.300,dataset/audio/wood/VisTouch_wood_f3_r1_v1_winm01.wav,dataset/tactile/wood/VisTouch_wood_f3_r1_v1_winm01.csv,dataset/video/wood/VisTouch_wood_f3_r1_v1_winm01.avi
VisTouch_wood_f3_r1_v1_winm02,wood_f3_r1_v1,wood,muban,木板,7,3,1,1,sliding,winm02,train,1607154810.150,1607154820.450,10.300,dataset/audio/wood/VisTouch_wood_f3_r1_v1_winm02.wav,dataset/tactile/wood/VisTouch_wood_f3_r1_v1_winm02.csv,dataset/video/wood/VisTouch_wood_f3_r1_v1_winm02.avi
VisTouch_wood_f3_r1_v1_winm03,wood_f3_r1_v1,wood,muban,木板,7,3,1,1,sliding,winm03,train,1607154815.300,1607154825.600,10.300,dataset/audio/wood/VisTouch_wood_f3_r1_v1_winm03.wav,dataset/tactile/wood/VisTouch_wood_f3_r1_v1_winm03.csv,dataset/video/wood/VisTouch_wood_f3_r1_v1_winm03.avi
VisTouch_wood_f3_r1_v1_winm04,wood_f3_r1_v1,wood,muban,木板,7,3,1,1,sliding,winm04,train,1607154820.450,1607154830.750,10.300,dataset/audio/wood/VisTouch_wood_f3_r1_v1_winm04.wav,dataset/tactile/wood/VisTouch_wood_f3_r1_v1_winm04.csv,dataset/video/wood/VisTouch_wood_f3_r1_v1_winm04.avi
VisTouch_wood_f3_r1_v1_winm05,wood_f3_r1_v1,wood,muban,木板,7,3,1,1,sliding,winm05,train,1607154825.600,1607154835.900,10.300,dataset/audio/wood/VisTouch_wood_f3_r1_v1_winm05.wav,dataset/tactile/wood/VisTouch_wood_f3_r1_v1_winm05.csv,dataset/video/wood/VisTouch_wood_f3_r1_v1_winm05.avi
VisTouch_wood_f3_r1_v1_winm06,wood_f3_r1_v1,wood,muban,木板,7,3,1,1,sliding,winm06,train,1607154830.750,1607154841.050,10.300,dataset/audio/wood/VisTouch_wood_f3_r1_v1_winm06.wav,dataset/tactile/wood/VisTouch_wood_f3_r1_v1_winm06.csv,dataset/video/wood/VisTouch_wood_f3_r1_v1_winm06.avi
VisTouch_wood_f3_r1_v1_winm07,wood_f3_r1_v1,wood,muban,木板,7,3,1,1,sliding,winm07,train,1607154835.900,1607154846.200,10.300,dataset/audio/wood/VisTouch_wood_f3_r1_v1_winm07.wav,dataset/tactile/wood/VisTouch_wood_f3_r1_v1_winm07.csv,dataset/video/wood/VisTouch_wood_f3_r1_v1_winm07.avi
VisTouch_wood_f3_r1_v1_winm08,wood_f3_r1_v1,wood,muban,木板,7,3,1,1,sliding,winm08,train,1607154841.050,1607154851.350,10.300,dataset/audio/wood/VisTouch_wood_f3_r1_v1_winm08.wav,dataset/tactile/wood/VisTouch_wood_f3_r1_v1_winm08.csv,dataset/video/wood/VisTouch_wood_f3_r1_v1_winm08.avi
VisTouch_wood_f3_r1_v1_winm09,wood_f3_r1_v1,wood,muban,木板,7,3,1,1,sliding,winm09,train,1607154846.200,1607154856.500,10.300,dataset/audio/wood/VisTouch_wood_f3_r1_v1_winm09.wav,dataset/tactile/wood/VisTouch_wood_f3_r1_v1_winm09.csv,dataset/video/wood/VisTouch_wood_f3_r1_v1_winm09.avi
VisTouch_wood_f3_r1_v1_winm10,wood_f3_r1_v1,wood,muban,木板,7,3,1,1,sliding,winm10,train,1607154851.350,1607154861.650,10.300,dataset/audio/wood/VisTouch_wood_f3_r1_v1_winm10.wav,dataset/tactile/wood/VisTouch_wood_f3_r1_v1_winm10.csv,dataset/video/wood/VisTouch_wood_f3_r1_v1_winm10.avi
VisTouch_wood_f3_r1_v1_winm11,wood_f3_r1_v1,wood,muban,木板,7,3,1,1,sliding,winm11,train,1607154856.500,1607154866.800,10.300,dataset/audio/wood/VisTouch_wood_f3_r1_v1_winm11.wav,dataset/tactile/wood/VisTouch_wood_f3_r1_v1_winm11.csv,dataset/video/wood/VisTouch_wood_f3_r1_v1_winm11.avi
VisTouch_wood_f3_r1_v1_winl01,wood_f3_r1_v1,wood,muban,木板,7,3,1,1,sliding,winl01,train,1607154805.000,1607154819.000,14.000,dataset/audio/wood/VisTouch_wood_f3_r1_v1_winl01.wav,dataset/tactile/wood/VisTouch_wood_f3_r1_v1_winl01.csv,dataset/video/wood/VisTouch_wood_f3_r1_v1_winl01.avi
VisTouch_wood_f3_r1_v1_winl02,wood_f3_r1_v1,wood,muban,木板,7,3,1,1,sliding,winl02,train,1607154812.000,1607154826.000,14.000,dataset/audio/wood/VisTouch_wood_f3_r1_v1_winl02.wav,dataset/tactile/wood/VisTouch_wood_f3_r1_v1_winl02.csv,dataset/video/wood/VisTouch_wood_f3_r1_v1_winl02.avi
VisTouch_wood_f3_r1_v1_winl03,wood_f3_r1_v1,wood,muban,木板,7,3,1,1,sliding,winl03,train,1607154819.000,1607154833.000,14.000,dataset/audio/wood/VisTouch_wood_f3_r1_v1_winl03.wav,dataset/tactile/wood/VisTouch_wood_f3_r1_v1_winl03.csv,dataset/video/wood/VisTouch_wood_f3_r1_v1_winl03.avi
VisTouch_wood_f3_r1_v1_winl04,wood_f3_r1_v1,wood,muban,木板,7,3,1,1,sliding,winl04,train,1607154826.000,1607154840.000,14.000,dataset/audio/wood/VisTouch_wood_f3_r1_v1_winl04.wav,dataset/tactile/wood/VisTouch_wood_f3_r1_v1_winl04.csv,dataset/video/wood/VisTouch_wood_f3_r1_v1_winl04.avi
VisTouch_wood_f3_r1_v1_winl05,wood_f3_r1_v1,wood,muban,木板,7,3,1,1,sliding,winl05,train,1607154833.000,1607154847.000,14.000,dataset/audio/wood/VisTouch_wood_f3_r1_v1_winl05.wav,dataset/tactile/wood/VisTouch_wood_f3_r1_v1_winl05.csv,dataset/video/wood/VisTouch_wood_f3_r1_v1_winl05.avi
VisTouch_wood_f3_r1_v1_winl06,wood_f3_r1_v1,wood,muban,木板,7,3,1,1,sliding,winl06,train,1607154840.000,1607154854.000,14.000,dataset/audio/wood/VisTouch_wood_f3_r1_v1_winl06.wav,dataset/tactile/wood/VisTouch_wood_f3_r1_v1_winl06.csv,dataset/video/wood/VisTouch_wood_f3_r1_v1_winl06.avi
VisTouch_wood_f3_r1_v1_winl07,wood_f3_r1_v1,wood,muban,木板,7,3,1,1,sliding,winl07,train,1607154847.000,1607154861.000,14.000,dataset/audio/wood/VisTouch_wood_f3_r1_v1_winl07.wav,dataset/tactile/wood/VisTouch_wood_f3_r1_v1_winl07.csv,dataset/video/wood/VisTouch_wood_f3_r1_v1_winl07.avi
VisTouch_wood_f3_r1_v1_winl08,wood_f3_r1_v1,wood,muban,木板,7,3,1,1,sliding,winl08,train,1607154854.000,1607154868.000,14.000,dataset/audio/wood/VisTouch_wood_f3_r1_v1_winl08.wav,dataset/tactile/wood/VisTouch_wood_f3_r1_v1_winl08.csv,dataset/video/wood/VisTouch_wood_f3_r1_v1_winl08.avi
VisTouch_wood_f6_r1_v1_seg01,wood_f6_r1_v1,wood,muban,木板,7,6,1,1,cycle,seg01,train,1607154952.680,1607154962.920,10.240,dataset/audio/wood/VisTouch_wood_f6_r1_v1_seg01.wav,dataset/tactile/wood/VisTouch_wood_f6_r1_v1_seg01.csv,dataset/video/wood/VisTouch_wood_f6_r1_v1_seg01.avi
VisTouch_wood_f6_r1_v1_seg02,wood_f6_r1_v1,wood,muban,木板,7,6,1,1,cycle,seg02,train,1607154962.920,1607154973.160,10.240,dataset/audio/wood/VisTouch_wood_f6_r1_v1_seg02.wav,dataset/tactile/wood/VisTouch_wood_f6_r1_v1_seg02.csv,dataset/video/wood/VisTouch_wood_f6_r1_v1_seg02.avi
VisTouch_wood_f6_r1_v1_seg03,wood_f6_r1_v1,wood,muban,木板,7,6,1,1,cycle,seg03,train,1607154973.160,1607154983.420,10.260,dataset/audio/wood/VisTouch_wood_f6_r1_v1_seg03.wav,dataset/tactile/wood/VisTouch_wood_f6_r1_v1_seg03.csv,dataset/video/wood/VisTouch_wood_f6_r1_v1_seg03.avi
VisTouch_wood_f6_r1_v1_seg04,wood_f6_r1_v1,wood,muban,木板,7,6,1,1,cycle,seg04,train,1607154983.420,1607154993.640,10.220,dataset/audio/wood/VisTouch_wood_f6_r1_v1_seg04.wav,dataset/tactile/wood/VisTouch_wood_f6_r1_v1_seg04.csv,dataset/video/wood/VisTouch_wood_f6_r1_v1_seg04.avi
VisTouch_wood_f6_r1_v1_seg05,wood_f6_r1_v1,wood,muban,木板,7,6,1,1,cycle,seg05,train,1607154993.640,1607155003.880,10.240,dataset/audio/wood/VisTouch_wood_f6_r1_v1_seg05.wav,dataset/tactile/wood/VisTouch_wood_f6_r1_v1_seg05.csv,dataset/video/wood/VisTouch_wood_f6_r1_v1_seg05.avi
VisTouch_wood_f6_r1_v1_wins01,wood_f6_r1_v1,wood,muban,木板,7,6,1,1,sliding,wins01,train,1607154946.000,1607154953.000,7.000,dataset/audio/wood/VisTouch_wood_f6_r1_v1_wins01.wav,dataset/tactile/wood/VisTouch_wood_f6_r1_v1_wins01.csv,dataset/video/wood/VisTouch_wood_f6_r1_v1_wins01.avi
VisTouch_wood_f6_r1_v1_wins02,wood_f6_r1_v1,wood,muban,木板,7,6,1,1,sliding,wins02,train,1607154949.500,1607154956.500,7.000,dataset/audio/wood/VisTouch_wood_f6_r1_v1_wins02.wav,dataset/tactile/wood/VisTouch_wood_f6_r1_v1_wins02.csv,dataset/video/wood/VisTouch_wood_f6_r1_v1_wins02.avi
VisTouch_wood_f6_r1_v1_wins03,wood_f6_r1_v1,wood,muban,木板,7,6,1,1,sliding,wins03,train,1607154953.000,1607154960.000,7.000,dataset/audio/wood/VisTouch_wood_f6_r1_v1_wins03.wav,dataset/tactile/wood/VisTouch_wood_f6_r1_v1_wins03.csv,dataset/video/wood/VisTouch_wood_f6_r1_v1_wins03.avi
VisTouch_wood_f6_r1_v1_wins04,wood_f6_r1_v1,wood,muban,木板,7,6,1,1,sliding,wins04,train,1607154956.500,1607154963.500,7.000,dataset/audio/wood/VisTouch_wood_f6_r1_v1_wins04.wav,dataset/tactile/wood/VisTouch_wood_f6_r1_v1_wins04.csv,dataset/video/wood/VisTouch_wood_f6_r1_v1_wins04.avi
VisTouch_wood_f6_r1_v1_wins05,wood_f6_r1_v1,wood,muban,木板,7,6,1,1,sliding,wins05,train,1607154960.000,1607154967.000,7.000,dataset/audio/wood/VisTouch_wood_f6_r1_v1_wins05.wav,dataset/tactile/wood/VisTouch_wood_f6_r1_v1_wins05.csv,dataset/video/wood/VisTouch_wood_f6_r1_v1_wins05.avi
VisTouch_wood_f6_r1_v1_wins06,wood_f6_r1_v1,wood,muban,木板,7,6,1,1,sliding,wins06,train,1607154963.500,1607154970.500,7.000,dataset/audio/wood/VisTouch_wood_f6_r1_v1_wins06.wav,dataset/tactile/wood/VisTouch_wood_f6_r1_v1_wins06.csv,dataset/video/wood/VisTouch_wood_f6_r1_v1_wins06.avi
VisTouch_wood_f6_r1_v1_wins07,wood_f6_r1_v1,wood,muban,木板,7,6,1,1,sliding,wins07,train,1607154967.000,1607154974.000,7.000,dataset/audio/wood/VisTouch_wood_f6_r1_v1_wins07.wav,dataset/tactile/wood/VisTouch_wood_f6_r1_v1_wins07.csv,dataset/video/wood/VisTouch_wood_f6_r1_v1_wins07.avi
VisTouch_wood_f6_r1_v1_wins08,wood_f6_r1_v1,wood,muban,木板,7,6,1,1,sliding,wins08,train,1607154970.500,1607154977.500,7.000,dataset/audio/wood/VisTouch_wood_f6_r1_v1_wins08.wav,dataset/tactile/wood/VisTouch_wood_f6_r1_v1_wins08.csv,dataset/video/wood/VisTouch_wood_f6_r1_v1_wins08.avi
VisTouch_wood_f6_r1_v1_wins09,wood_f6_r1_v1,wood,muban,木板,7,6,1,1,sliding,wins09,train,1607154974.000,1607154981.000,7.000,dataset/audio/wood/VisTouch_wood_f6_r1_v1_wins09.wav,dataset/tactile/wood/VisTouch_wood_f6_r1_v1_wins09.csv,dataset/video/wood/VisTouch_wood_f6_r1_v1_wins09.avi
VisTouch_wood_f6_r1_v1_wins10,wood_f6_r1_v1,wood,muban,木板,7,6,1,1,sliding,wins10,train,1607154977.500,1607154984.500,7.000,dataset/audio/wood/VisTouch_wood_f6_r1_v1_wins10.wav,dataset/tactile/wood/VisTouch_wood_f6_r1_v1_wins10.csv,dataset/video/wood/VisTouch_wood_f6_r1_v1_wins10.avi
VisTouch_wood_f6_r1_v1_wins11,wood_f6_r1_v1,wood,muban,木板,7,6,1,1,sliding,wins11,train,1607154981.000,1607154988.000,7.000,dataset/audio/wood/VisTouch_wood_f6_r1_v1_wins11.wav,dataset/tactile/wood/VisTouch_wood_f6_r1_v1_wins11.csv,dataset/video/wood/VisTouch_wood_f6_r1_v1_wins11.avi
VisTouch_wood_f6_r1_v1_wins12,wood_f6_r1_v1,wood,muban,木板,7,6,1,1,sliding,wins12,train,1607154984.500,1607154991.500,7.000,dataset/audio/wood/VisTouch_wood_f6_r1_v1_wins12.wav,dataset/tactile/wood/VisTouch_wood_f6_r1_v1_wins12.csv,dataset/video/wood/VisTouch_wood_f6_r1_v1_wins12.avi
VisTouch_wood_f6_r1_v1_wins13,wood_f6_r1_v1,wood,muban,木板,7,6,1,1,sliding,wins13,train,1607154988.000,1607154995.000,7.000,dataset/audio/wood/VisTouch_wood_f6_r1_v1_wins13.wav,dataset/tactile/wood/VisTouch_wood_f6_r1_v1_wins13.csv,dataset/video/wood/VisTouch_wood_f6_r1_v1_wins13.avi
VisTouch_wood_f6_r1_v1_wins14,wood_f6_r1_v1,wood,muban,木板,7,6,1,1,sliding,wins14,train,1607154991.500,1607154998.500,7.000,dataset/audio/wood/VisTouch_wood_f6_r1_v1_wins14.wav,dataset/tactile/wood/VisTouch_wood_f6_r1_v1_wins14.csv,dataset/video/wood/VisTouch_wood_f6_r1_v1_wins14.avi
VisTouch_wood_f6_r1_v1_wins15,wood_f6_r1_v1,wood,muban,木板,7,6,1,1,sliding,wins15,train,1607154995.000,1607155002.000,7.000,dataset/audio/wood/VisTouch_wood_f6_r1_v1_wins15.wav,dataset/tactile/wood/VisTouch_wood_f6_r1_v1_wins15.csv,dataset/video/wood/VisTouch_wood_f6_r1_v1_wins15.avi
VisTouch_wood_f6_r1_v1_wins16,wood_f6_r1_v1,wood,muban,木板,7,6,1,1,sliding,wins16,train,1607154998.500,1607155005.500,7.000,dataset/audio/wood/VisTouch_wood_f6_r1_v1_wins16.wav,dataset/tactile/wood/VisTouch_wood_f6_r1_v1_wins16.csv,dataset/video/wood/VisTouch_wood_f6_r1_v1_wins16.avi
VisTouch_wood_f6_r1_v1_wins17,wood_f6_r1_v1,wood,muban,木板,7,6,1,1,sliding,wins17,train,1607155002.000,1607155009.000,7.000,dataset/audio/wood/VisTouch_wood_f6_r1_v1_wins17.wav,dataset/tactile/wood/VisTouch_wood_f6_r1_v1_wins17.csv,dataset/video/wood/VisTouch_wood_f6_r1_v1_wins17.avi
VisTouch_wood_f6_r1_v1_winm01,wood_f6_r1_v1,wood,muban,木板,7,6,1,1,sliding,winm01,train,1607154946.000,1607154956.300,10.300,dataset/audio/wood/VisTouch_wood_f6_r1_v1_winm01.wav,dataset/tactile/wood/VisTouch_wood_f6_r1_v1_winm01.csv,dataset/video/wood/VisTouch_wood_f6_r1_v1_winm01.avi
VisTouch_wood_f6_r1_v1_winm02,wood_f6_r1_v1,wood,muban,木板,7,6,1,1,sliding,winm02,train,1607154951.150,1607154961.450,10.300,dataset/audio/wood/VisTouch_wood_f6_r1_v1_winm02.wav,dataset/tactile/wood/VisTouch_wood_f6_r1_v1_winm02.csv,dataset/video/wood/VisTouch_wood_f6_r1_v1_winm02.avi
VisTouch_wood_f6_r1_v1_winm03,wood_f6_r1_v1,wood,muban,木板,7,6,1,1,sliding,winm03,train,1607154956.300,1607154966.600,10.300,dataset/audio/wood/VisTouch_wood_f6_r1_v1_winm03.wav,dataset/tactile/wood/VisTouch_wood_f6_r1_v1_winm03.csv,dataset/video/wood/VisTouch_wood_f6_r1_v1_winm03.avi
VisTouch_wood_f6_r1_v1_winm04,wood_f6_r1_v1,wood,muban,木板,7,6,1,1,sliding,winm04,train,1607154961.450,1607154971.750,10.300,dataset/audio/wood/VisTouch_wood_f6_r1_v1_winm04.wav,dataset/tactile/wood/VisTouch_wood_f6_r1_v1_winm04.csv,dataset/video/wood/VisTouch_wood_f6_r1_v1_winm04.avi
VisTouch_wood_f6_r1_v1_winm05,wood_f6_r1_v1,wood,muban,木板,7,6,1,1,sliding,winm05,train,1607154966.600,1607154976.900,10.300,dataset/audio/wood/VisTouch_wood_f6_r1_v1_winm05.wav,dataset/tactile/wood/VisTouch_wood_f6_r1_v1_winm05.csv,dataset/video/wood/VisTouch_wood_f6_r1_v1_winm05.avi
VisTouch_wood_f6_r1_v1_winm06,wood_f6_r1_v1,wood,muban,木板,7,6,1,1,sliding,winm06,train,1607154971.750,1607154982.050,10.300,dataset/audio/wood/VisTouch_wood_f6_r1_v1_winm06.wav,dataset/tactile/wood/VisTouch_wood_f6_r1_v1_winm06.csv,dataset/video/wood/VisTouch_wood_f6_r1_v1_winm06.avi
VisTouch_wood_f6_r1_v1_winm07,wood_f6_r1_v1,wood,muban,木板,7,6,1,1,sliding,winm07,train,1607154976.900,1607154987.200,10.300,dataset/audio/wood/VisTouch_wood_f6_r1_v1_winm07.wav,dataset/tactile/wood/VisTouch_wood_f6_r1_v1_winm07.csv,dataset/video/wood/VisTouch_wood_f6_r1_v1_winm07.avi
VisTouch_wood_f6_r1_v1_winm08,wood_f6_r1_v1,wood,muban,木板,7,6,1,1,sliding,winm08,train,1607154982.050,1607154992.350,10.300,dataset/audio/wood/VisTouch_wood_f6_r1_v1_winm08.wav,dataset/tactile/wood/VisTouch_wood_f6_r1_v1_winm08.csv,dataset/video/wood/VisTouch_wood_f6_r1_v1_winm08.avi
VisTouch_wood_f6_r1_v1_winm09,wood_f6_r1_v1,wood,muban,木板,7,6,1,1,sliding,winm09,train,1607154987.200,1607154997.500,10.300,dataset/audio/wood/VisTouch_wood_f6_r1_v1_winm09.wav,dataset/tactile/wood/VisTouch_wood_f6_r1_v1_winm09.csv,dataset/video/wood/VisTouch_wood_f6_r1_v1_winm09.avi
VisTouch_wood_f6_r1_v1_winm10,wood_f6_r1_v1,wood,muban,木板,7,6,1,1,sliding,winm10,train,1607154992.350,1607155002.650,10.300,dataset/audio/wood/VisTouch_wood_f6_r1_v1_winm10.wav,dataset/tactile/wood/VisTouch_wood_f6_r1_v1_winm10.csv,dataset/video/wood/VisTouch_wood_f6_r1_v1_winm10.avi
VisTouch_wood_f6_r1_v1_winm11,wood_f6_r1_v1,wood,muban,木板,7,6,1,1,sliding,winm11,train,1607154997.500,1607155007.800,10.300,dataset/audio/wood/VisTouch_wood_f6_r1_v1_winm11.wav,dataset/tactile/wood/VisTouch_wood_f6_r1_v1_winm11.csv,dataset/video/wood/VisTouch_wood_f6_r1_v1_winm11.avi
VisTouch_wood_f6_r1_v1_winl01,wood_f6_r1_v1,wood,muban,木板,7,6,1,1,sliding,winl01,train,1607154946.000,1607154960.000,14.000,dataset/audio/wood/VisTouch_wood_f6_r1_v1_winl01.wav,dataset/tactile/wood/VisTouch_wood_f6_r1_v1_winl01.csv,dataset/video/wood/VisTouch_wood_f6_r1_v1_winl01.avi
VisTouch_wood_f6_r1_v1_winl02,wood_f6_r1_v1,wood,muban,木板,7,6,1,1,sliding,winl02,train,1607154953.000,1607154967.000,14.000,dataset/audio/wood/VisTouch_wood_f6_r1_v1_winl02.wav,dataset/tactile/wood/VisTouch_wood_f6_r1_v1_winl02.csv,dataset/video/wood/VisTouch_wood_f6_r1_v1_winl02.avi
VisTouch_wood_f6_r1_v1_winl03,wood_f6_r1_v1,wood,muban,木板,7,6,1,1,sliding,winl03,train,1607154960.000,1607154974.000,14.000,dataset/audio/wood/VisTouch_wood_f6_r1_v1_winl03.wav,dataset/tactile/wood/VisTouch_wood_f6_r1_v1_winl03.csv,dataset/video/wood/VisTouch_wood_f6_r1_v1_winl03.avi
VisTouch_wood_f6_r1_v1_winl04,wood_f6_r1_v1,wood,muban,木板,7,6,1,1,sliding,winl04,train,1607154967.000,1607154981.000,14.000,dataset/audio/wood/VisTouch_wood_f6_r1_v1_winl04.wav,dataset/tactile/wood/VisTouch_wood_f6_r1_v1_winl04.csv,dataset/video/wood/VisTouch_wood_f6_r1_v1_winl04.avi
VisTouch_wood_f6_r1_v1_winl05,wood_f6_r1_v1,wood,muban,木板,7,6,1,1,sliding,winl05,train,1607154974.000,1607154988.000,14.000,dataset/audio/wood/VisTouch_wood_f6_r1_v1_winl05.wav,dataset/tactile/wood/VisTouch_wood_f6_r1_v1_winl05.csv,dataset/video/wood/VisTouch_wood_f6_r1_v1_winl05.avi
VisTouch_wood_f6_r1_v1_winl06,wood_f6_r1_v1,wood,muban,木板,7,6,1,1,sliding,winl06,train,1607154981.000,1607154995.000,14.000,dataset/audio/wood/VisTouch_wood_f6_r1_v1_winl06.wav,dataset/tactile/wood/VisTouch_wood_f6_r1_v1_winl06.csv,dataset/video/wood/VisTouch_wood_f6_r1_v1_winl06.avi
VisTouch_wood_f6_r1_v1_winl07,wood_f6_r1_v1,wood,muban,木板,7,6,1,1,sliding,winl07,train,1607154988.000,1607155002.000,14.000,dataset/audio/wood/VisTouch_wood_f6_r1_v1_winl07.wav,dataset/tactile/wood/VisTouch_wood_f6_r1_v1_winl07.csv,dataset/video/wood/VisTouch_wood_f6_r1_v1_winl07.avi
VisTouch_wood_f6_r1_v1_winl08,wood_f6_r1_v1,wood,muban,木板,7,6,1,1,sliding,winl08,train,1607154995.000,1607155009.000,14.000,dataset/audio/wood/VisTouch_wood_f6_r1_v1_winl08.wav,dataset/tactile/wood/VisTouch_wood_f6_r1_v1_winl08.csv,dataset/video/wood/VisTouch_wood_f6_r1_v1_winl08.avi
VisTouch_wood_f9_r1_v1_seg01,wood_f9_r1_v1,wood,muban,木板,7,9,1,1,cycle,seg01,test,1607155070.780,1607155080.920,10.140,dataset/audio/wood/VisTouch_wood_f9_r1_v1_seg01.wav,dataset/tactile/wood/VisTouch_wood_f9_r1_v1_seg01.csv,dataset/video/wood/VisTouch_wood_f9_r1_v1_seg01.avi
VisTouch_wood_f9_r1_v1_seg02,wood_f9_r1_v1,wood,muban,木板,7,9,1,1,cycle,seg02,test,1607155080.920,1607155091.140,10.220,dataset/audio/wood/VisTouch_wood_f9_r1_v1_seg02.wav,dataset/tactile/wood/VisTouch_wood_f9_r1_v1_seg02.csv,dataset/video/wood/VisTouch_wood_f9_r1_v1_seg02.avi
VisTouch_wood_f9_r1_v1_seg03,wood_f9_r1_v1,wood,muban,木板,7,9,1,1,cycle,seg03,test,1607155091.140,1607155101.300,10.160,dataset/audio/wood/VisTouch_wood_f9_r1_v1_seg03.wav,dataset/tactile/wood/VisTouch_wood_f9_r1_v1_seg03.csv,dataset/video/wood/VisTouch_wood_f9_r1_v1_seg03.avi
VisTouch_wood_f9_r1_v1_seg04,wood_f9_r1_v1,wood,muban,木板,7,9,1,1,cycle,seg04,test,1607155101.300,1607155111.500,10.200,dataset/audio/wood/VisTouch_wood_f9_r1_v1_seg04.wav,dataset/tactile/wood/VisTouch_wood_f9_r1_v1_seg04.csv,dataset/video/wood/VisTouch_wood_f9_r1_v1_seg04.avi
VisTouch_wood_f9_r1_v1_seg05,wood_f9_r1_v1,wood,muban,木板,7,9,1,1,cycle,seg05,test,1607155111.500,1607155121.720,10.220,dataset/audio/wood/VisTouch_wood_f9_r1_v1_seg05.wav,dataset/tactile/wood/VisTouch_wood_f9_r1_v1_seg05.csv,dataset/video/wood/VisTouch_wood_f9_r1_v1_seg05.avi
VisTouch_wood_f9_r1_v1_wins01,wood_f9_r1_v1,wood,muban,木板,7,9,1,1,sliding,wins01,test,1607155065.000,1607155072.000,7.000,dataset/audio/wood/VisTouch_wood_f9_r1_v1_wins01.wav,dataset/tactile/wood/VisTouch_wood_f9_r1_v1_wins01.csv,dataset/video/wood/VisTouch_wood_f9_r1_v1_wins01.avi
VisTouch_wood_f9_r1_v1_wins02,wood_f9_r1_v1,wood,muban,木板,7,9,1,1,sliding,wins02,test,1607155068.500,1607155075.500,7.000,dataset/audio/wood/VisTouch_wood_f9_r1_v1_wins02.wav,dataset/tactile/wood/VisTouch_wood_f9_r1_v1_wins02.csv,dataset/video/wood/VisTouch_wood_f9_r1_v1_wins02.avi
VisTouch_wood_f9_r1_v1_wins03,wood_f9_r1_v1,wood,muban,木板,7,9,1,1,sliding,wins03,test,1607155072.000,1607155079.000,7.000,dataset/audio/wood/VisTouch_wood_f9_r1_v1_wins03.wav,dataset/tactile/wood/VisTouch_wood_f9_r1_v1_wins03.csv,dataset/video/wood/VisTouch_wood_f9_r1_v1_wins03.avi
VisTouch_wood_f9_r1_v1_wins04,wood_f9_r1_v1,wood,muban,木板,7,9,1,1,sliding,wins04,test,1607155075.500,1607155082.500,7.000,dataset/audio/wood/VisTouch_wood_f9_r1_v1_wins04.wav,dataset/tactile/wood/VisTouch_wood_f9_r1_v1_wins04.csv,dataset/video/wood/VisTouch_wood_f9_r1_v1_wins04.avi
VisTouch_wood_f9_r1_v1_wins05,wood_f9_r1_v1,wood,muban,木板,7,9,1,1,sliding,wins05,test,1607155079.000,1607155086.000,7.000,dataset/audio/wood/VisTouch_wood_f9_r1_v1_wins05.wav,dataset/tactile/wood/VisTouch_wood_f9_r1_v1_wins05.csv,dataset/video/wood/VisTouch_wood_f9_r1_v1_wins05.avi
VisTouch_wood_f9_r1_v1_wins06,wood_f9_r1_v1,wood,muban,木板,7,9,1,1,sliding,wins06,test,1607155082.500,1607155089.500,7.000,dataset/audio/wood/VisTouch_wood_f9_r1_v1_wins06.wav,dataset/tactile/wood/VisTouch_wood_f9_r1_v1_wins06.csv,dataset/video/wood/VisTouch_wood_f9_r1_v1_wins06.avi
VisTouch_wood_f9_r1_v1_wins07,wood_f9_r1_v1,wood,muban,木板,7,9,1,1,sliding,wins07,test,1607155086.000,1607155093.000,7.000,dataset/audio/wood/VisTouch_wood_f9_r1_v1_wins07.wav,dataset/tactile/wood/VisTouch_wood_f9_r1_v1_wins07.csv,dataset/video/wood/VisTouch_wood_f9_r1_v1_wins07.avi
VisTouch_wood_f9_r1_v1_wins08,wood_f9_r1_v1,wood,muban,木板,7,9,1,1,sliding,wins08,test,1607155089.500,1607155096.500,7.000,dataset/audio/wood/VisTouch_wood_f9_r1_v1_wins08.wav,dataset/tactile/wood/VisTouch_wood_f9_r1_v1_wins08.csv,dataset/video/wood/VisTouch_wood_f9_r1_v1_wins08.avi
VisTouch_wood_f9_r1_v1_wins09,wood_f9_r1_v1,wood,muban,木板,7,9,1,1,sliding,wins09,test,1607155093.000,1607155100.000,7.000,dataset/audio/wood/VisTouch_wood_f9_r1_v1_wins09.wav,dataset/tactile/wood/VisTouch_wood_f9_r1_v1_wins09.csv,dataset/video/wood/VisTouch_wood_f9_r1_v1_wins09.avi
VisTouch_wood_f9_r1_v1_wins10,wood_f9_r1_v1,wood,muban,木板,7,9,1,1,sliding,wins10,test,1607155096.500,1607155103.500,7.000,dataset/audio/wood/VisTouch_wood_f9_r1_v1_wins10.wav,dataset/tactile/wood/VisTouch_wood_f9_r1_v1_wins10.csv,dataset/video/wood/VisTouch_wood_f9_r1_v1_wins10.avi
VisTouch_wood_f9_r1_v1_wins11,wood_f9_r1_v1,wood,muban,木板,7,9,1,1,sliding,wins11,test,1607155100.000,1607155107.000,7.000,dataset/audio/wood/VisTouch_wood_f9_r1_v1_wins11.wav,dataset/tactile/wood/VisTouch_wood_f9_r1_v1_wins11.csv,dataset/video/wood/VisTouch_wood_f9_r1_v1_wins11.avi
VisTouch_wood_f9_r1_v1_wins12,wood_f9_r1_v1,wood,muban,木板,7,9,1,1,sliding,wins12,test,1607155103.500,1607155110.500,7.000,dataset/audio/wood/VisTouch_wood_f9_r1_v1_wins12.wav,dataset/tactile/wood/VisTouch_wood_f9_r1_v1_wins12.csv,dataset/video/wood/VisTouch_wood_f9_r1_v1_wins12.avi
VisTouch_wood_f9_r1_v1_wins13,wood_f9_r1_v1,wood,muban,木板,7,9,1,1,sliding,wins13,test,1607155107.000,1607155114.000,7.000,dataset/audio/wood/VisTouch_wood_f9_r1_v1_wins13.wav,dataset/tactile/wood/VisTouch_wood_f9_r1_v1_wins13.csv,dataset/video/wood/VisTouch_wood_f9_r1_v1_wins13.avi
VisTouch_wood_f9_r1_v1_wins14,wood_f9_r1_v1,wood,muban,木板,7,9,1,1,sliding,wins14,test,1607155110.500,1607155117.500,7.000,dataset/audio/wood/VisTouch_wood_f9_r1_v1_wins14.wav,dataset/tactile/wood/VisTouch_wood_f9_r1_v1_wins14.csv,dataset/video/wood/VisTouch_wood_f9_r1_v1_wins14.avi
VisTouch_wood_f9_r1_v1_wins15,wood_f9_r1_v1,wood,muban,木板,7,9,1,1,sliding,wins15,test,1607155114.000,1607155121.000,7.000,dataset/audio/wood/VisTouch_wood_f9_r1_v1_wins15.wav,dataset/tactile/wood/VisTouch_wood_f9_r1_v1_wins15.csv,dataset/video/wood/VisTouch_wood_f9_r1_v1_wins15.avi
VisTouch_wood_f9_r1_v1_wins16,wood_f9_r1_v1,wood,muban,木板,7,9,1,1,sliding,wins16,test,1607155117.500,1607155124.500,7.000,dataset/audio/wood/VisTouch_wood_f9_r1_v1_wins16.wav,dataset/tactile/wood/VisTouch_wood_f9_r1_v1_wins16.csv,dataset/video/wood/VisTouch_wood_f9_r1_v1_wins16.avi
VisTouch_wood_f9_r1_v1_wins17,wood_f9_r1_v1,wood,muban,木板,7,9,1,1,sliding,wins17,test,1607155121.000,1607155128.000,7.000,dataset/audio/wood/VisTouch_wood_f9_r1_v1_wins17.wav,dataset/tactile/wood/VisTouch_wood_f9_r1_v1_wins17.csv,dataset/video/wood/VisTouch_wood_f9_r1_v1_wins17.avi
VisTouch_wood_f9_r1_v1_winm01,wood_f9_r1_v1,wood,muban,木板,7,9,1,1,sliding,winm01,test,1607155065.000,1607155075.300,10.300,dataset/audio/wood/VisTouch_wood_f9_r1_v1_winm01.wav,dataset/tactile/wood/VisTouch_wood_f9_r1_v1_winm01.csv,dataset/video/wood/VisTouch_wood_f9_r1_v1_winm01.avi
VisTouch_wood_f9_r1_v1_winm02,wood_f9_r1_v1,wood,muban,木板,7,9,1,1,sliding,winm02,test,1607155070.150,1607155080.450,10.300,dataset/audio/wood/VisTouch_wood_f9_r1_v1_winm02.wav,dataset/tactile/wood/VisTouch_wood_f9_r1_v1_winm02.csv,dataset/video/wood/VisTouch_wood_f9_r1_v1_winm02.avi
VisTouch_wood_f9_r1_v1_winm03,wood_f9_r1_v1,wood,muban,木板,7,9,1,1,sliding,winm03,test,1607155075.300,1607155085.600,10.300,dataset/audio/wood/VisTouch_wood_f9_r1_v1_winm03.wav,dataset/tactile/wood/VisTouch_wood_f9_r1_v1_winm03.csv,dataset/video/wood/VisTouch_wood_f9_r1_v1_winm03.avi
VisTouch_wood_f9_r1_v1_winm04,wood_f9_r1_v1,wood,muban,木板,7,9,1,1,sliding,winm04,test,1607155080.450,1607155090.750,10.300,dataset/audio/wood/VisTouch_wood_f9_r1_v1_winm04.wav,dataset/tactile/wood/VisTouch_wood_f9_r1_v1_winm04.csv,dataset/video/wood/VisTouch_wood_f9_r1_v1_winm04.avi
VisTouch_wood_f9_r1_v1_winm05,wood_f9_r1_v1,wood,muban,木板,7,9,1,1,sliding,winm05,test,1607155085.600,1607155095.900,10.300,dataset/audio/wood/VisTouch_wood_f9_r1_v1_winm05.wav,dataset/tactile/wood/VisTouch_wood_f9_r1_v1_winm05.csv,dataset/video/wood/VisTouch_wood_f9_r1_v1_winm05.avi
VisTouch_wood_f9_r1_v1_winm06,wood_f9_r1_v1,wood,muban,木板,7,9,1,1,sliding,winm06,test,1607155090.750,1607155101.050,10.300,dataset/audio/wood/VisTouch_wood_f9_r1_v1_winm06.wav,dataset/tactile/wood/VisTouch_wood_f9_r1_v1_winm06.csv,dataset/video/wood/VisTouch_wood_f9_r1_v1_winm06.avi
VisTouch_wood_f9_r1_v1_winm07,wood_f9_r1_v1,wood,muban,木板,7,9,1,1,sliding,winm07,test,1607155095.900,1607155106.200,10.300,dataset/audio/wood/VisTouch_wood_f9_r1_v1_winm07.wav,dataset/tactile/wood/VisTouch_wood_f9_r1_v1_winm07.csv,dataset/video/wood/VisTouch_wood_f9_r1_v1_winm07.avi
VisTouch_wood_f9_r1_v1_winm08,wood_f9_r1_v1,wood,muban,木板,7,9,1,1,sliding,winm08,test,1607155101.050,1607155111.350,10.300,dataset/audio/wood/VisTouch_wood_f9_r1_v1_winm08.wav,dataset/tactile/wood/VisTouch_wood_f9_r1_v1_winm08.csv,dataset/video/wood/VisTouch_wood_f9_r1_v1_winm08.avi
VisTouch_wood_f9_r1_v1_winm09,wood_f9_r1_v1,wood,muban,木板,7,9,1,1,sliding,winm09,test,1607155106.200,1607155116.500,10.300,dataset/audio/wood/VisTouch_wood_f9_r1_v1_winm09.wav,dataset/tactile/wood/VisTouch_wood_f9_r1_v1_winm09.csv,dataset/video/wood/VisTouch_wood_f9_r1_v1_winm09.avi
VisTouch_wood_f9_r1_v1_winm10,wood_f9_r1_v1,wood,muban,木板,7,9,1,1,sliding,winm10,test,1607155111.350,1607155121.650,10.300,dataset/audio/wood/VisTouch_wood_f9_r1_v1_winm10.wav,dataset/tactile/wood/VisTouch_wood_f9_r1_v1_winm10.csv,dataset/video/wood/VisTouch_wood_f9_r1_v1_winm10.avi
VisTouch_wood_f9_r1_v1_winm11,wood_f9_r1_v1,wood,muban,木板,7,9,1,1,sliding,winm11,test,1607155116.500,1607155126.800,10.300,dataset/audio/wood/VisTouch_wood_f9_r1_v1_winm11.wav,dataset/tactile/wood/VisTouch_wood_f9_r1_v1_winm11.csv,dataset/video/wood/VisTouch_wood_f9_r1_v1_winm11.avi
VisTouch_wood_f9_r1_v1_winl01,wood_f9_r1_v1,wood,muban,木板,7,9,1,1,sliding,winl01,test,1607155065.000,1607155079.000,14.000,dataset/audio/wood/VisTouch_wood_f9_r1_v1_winl01.wav,dataset/tactile/wood/VisTouch_wood_f9_r1_v1_winl01.csv,dataset/video/wood/VisTouch_wood_f9_r1_v1_winl01.avi
VisTouch_wood_f9_r1_v1_winl02,wood_f9_r1_v1,wood,muban,木板,7,9,1,1,sliding,winl02,test,1607155072.000,1607155086.000,14.000,dataset/audio/wood/VisTouch_wood_f9_r1_v1_winl02.wav,dataset/tactile/wood/VisTouch_wood_f9_r1_v1_winl02.csv,dataset/video/wood/VisTouch_wood_f9_r1_v1_winl02.avi
VisTouch_wood_f9_r1_v1_winl03,wood_f9_r1_v1,wood,muban,木板,7,9,1,1,sliding,winl03,test,1607155079.000,1607155093.000,14.000,dataset/audio/wood/VisTouch_wood_f9_r1_v1_winl03.wav,dataset/tactile/wood/VisTouch_wood_f9_r1_v1_winl03.csv,dataset/video/wood/VisTouch_wood_f9_r1_v1_winl03.avi
VisTouch_wood_f9_r1_v1_winl04,wood_f9_r1_v1,wood,muban,木板,7,9,1,1,sliding,winl04,test,1607155086.000,1607155100.000,14.000,dataset/audio/wood/VisTouch_wood_f9_r1_v1_winl04.wav,dataset/tactile/wood/VisTouch_wood_f9_r1_v1_winl04.csv,dataset/video/wood/VisTouch_wood_f9_r1_v1_winl04.avi
VisTouch_wood_f9_r1_v1_winl05,wood_f9_r1_v1,wood,muban,木板,7,9,1,1,sliding,winl05,test,1607155093.000,1607155107.000,14.000,dataset/audio/wood/VisTouch_wood_f9_r1_v1_winl05.wav,dataset/tactile/wood/VisTouch_wood_f9_r1_v1_winl05.csv,dataset/video/wood/VisTouch_wood_f9_r1_v1_winl05.avi
VisTouch_wood_f9_r1_v1_winl06,wood_f9_r1_v1,wood,muban,木板,7,9,1,1,sliding,winl06,test,1607155100.000,1607155114.000,14.000,dataset/audio/wood/VisTouch_wood_f9_r1_v1_winl06.wav,dataset/tactile/wood/VisTouch_wood_f9_r1_v1_winl06.csv,dataset/video/wood/VisTouch_wood_f9_r1_v1_winl06.avi
VisTouch_wood_f9_r1_v1_winl07,wood_f9_r1_v1,wood,muban,木板,7,9,1,1,sliding,winl07,test,1607155107.000,1607155121.000,14.000,dataset/audio/wood/VisTouch_wood_f9_r1_v1_winl07.wav,dataset/tactile/wood/VisTouch_wood_f9_r1_v1_winl07.csv,dataset/video/wood/VisTouch_wood_f9_r1_v1_winl07.avi
VisTouch_wood_f9_r1_v1_winl08,wood_f9_r1_v1,wood,muban,木板,7,9,1,1,sliding,winl08,test,1607155114.000,1607155128.000,14.000,dataset/audio/wood/VisTouch_wood_f9_r1_v1_winl08.wav,dataset/tactile/wood/VisTouch_wood_f9_r1_v1_winl08.csv,dataset/video/wood/VisTouch_wood_f9_r1_v1_winl08.avi
VisTouch_brass_f3_r1_v1_winsb01,brass_f3_r1_v1,brass,huangtong,黄铜,0,3,1,1,sliding,winsb01,train,1607151142.994,1607151149.994,7.000,dataset/audio/brass/VisTouch_brass_f3_r1_v1_winsb01.wav,dataset/tactile/brass/VisTouch_brass_f3_r1_v1_winsb01.csv,dataset/video/brass/VisTouch_brass_f3_r1_v1_winsb01.avi
VisTouch_brass_f3_r1_v1_winsb02,brass_f3_r1_v1,brass,huangtong,黄铜,0,3,1,1,sliding,winsb02,train,1607151146.108,1607151153.108,7.000,dataset/audio/brass/VisTouch_brass_f3_r1_v1_winsb02.wav,dataset/tactile/brass/VisTouch_brass_f3_r1_v1_winsb02.csv,dataset/video/brass/VisTouch_brass_f3_r1_v1_winsb02.avi
VisTouch_brass_f3_r1_v1_winsb03,brass_f3_r1_v1,brass,huangtong,黄铜,0,3,1,1,sliding,winsb03,train,1607151149.368,1607151156.368,7.000,dataset/audio/brass/VisTouch_brass_f3_r1_v1_winsb03.wav,dataset/tactile/brass/VisTouch_brass_f3_r1_v1_winsb03.csv,dataset/video/brass/VisTouch_brass_f3_r1_v1_winsb03.avi
VisTouch_brass_f3_r1_v1_winsb04,brass_f3_r1_v1,brass,huangtong,黄铜,0,3,1,1,sliding,winsb04,train,1607151152.842,1607151159.842,7.000,dataset/audio/brass/VisTouch_brass_f3_r1_v1_winsb04.wav,dataset/tactile/brass/VisTouch_brass_f3_r1_v1_winsb04.csv,dataset/video/brass/VisTouch_brass_f3_r1_v1_winsb04.avi
VisTouch_brass_f3_r1_v1_winsb05,brass_f3_r1_v1,brass,huangtong,黄铜,0,3,1,1,sliding,winsb05,train,1607151157.179,1607151164.179,7.000,dataset/audio/brass/VisTouch_brass_f3_r1_v1_winsb05.wav,dataset/tactile/brass/VisTouch_brass_f3_r1_v1_winsb05.csv,dataset/video/brass/VisTouch_brass_f3_r1_v1_winsb05.avi
VisTouch_brass_f3_r1_v1_winsb06,brass_f3_r1_v1,brass,huangtong,黄铜,0,3,1,1,sliding,winsb06,train,1607151160.783,1607151167.783,7.000,dataset/audio/brass/VisTouch_brass_f3_r1_v1_winsb06.wav,dataset/tactile/brass/VisTouch_brass_f3_r1_v1_winsb06.csv,dataset/video/brass/VisTouch_brass_f3_r1_v1_winsb06.avi
VisTouch_brass_f3_r1_v1_winsb07,brass_f3_r1_v1,brass,huangtong,黄铜,0,3,1,1,sliding,winsb07,train,1607151163.962,1607151170.962,7.000,dataset/audio/brass/VisTouch_brass_f3_r1_v1_winsb07.wav,dataset/tactile/brass/VisTouch_brass_f3_r1_v1_winsb07.csv,dataset/video/brass/VisTouch_brass_f3_r1_v1_winsb07.avi
VisTouch_brass_f3_r1_v1_winsb08,brass_f3_r1_v1,brass,huangtong,黄铜,0,3,1,1,sliding,winsb08,train,1607151167.591,1607151174.591,7.000,dataset/audio/brass/VisTouch_brass_f3_r1_v1_winsb08.wav,dataset/tactile/brass/VisTouch_brass_f3_r1_v1_winsb08.csv,dataset/video/brass/VisTouch_brass_f3_r1_v1_winsb08.avi
VisTouch_brass_f3_r1_v1_winsb09,brass_f3_r1_v1,brass,huangtong,黄铜,0,3,1,1,sliding,winsb09,train,1607151170.896,1607151177.896,7.000,dataset/audio/brass/VisTouch_brass_f3_r1_v1_winsb09.wav,dataset/tactile/brass/VisTouch_brass_f3_r1_v1_winsb09.csv,dataset/video/brass/VisTouch_brass_f3_r1_v1_winsb09.avi
VisTouch_brass_f3_r1_v1_winsb10,brass_f3_r1_v1,brass,huangtong,黄铜,0,3,1,1,sliding,winsb10,train,1607151174.807,1607151181.807,7.000,dataset/audio/brass/VisTouch_brass_f3_r1_v1_winsb10.wav,dataset/tactile/brass/VisTouch_brass_f3_r1_v1_winsb10.csv,dataset/video/brass/VisTouch_brass_f3_r1_v1_winsb10.avi
VisTouch_brass_f3_r1_v1_winsb11,brass_f3_r1_v1,brass,huangtong,黄铜,0,3,1,1,sliding,winsb11,train,1607151178.182,1607151185.182,7.000,dataset/audio/brass/VisTouch_brass_f3_r1_v1_winsb11.wav,dataset/tactile/brass/VisTouch_brass_f3_r1_v1_winsb11.csv,dataset/video/brass/VisTouch_brass_f3_r1_v1_winsb11.avi
VisTouch_brass_f3_r1_v1_winsb12,brass_f3_r1_v1,brass,huangtong,黄铜,0,3,1,1,sliding,winsb12,train,1607151180.828,1607151187.828,7.000,dataset/audio/brass/VisTouch_brass_f3_r1_v1_winsb12.wav,dataset/tactile/brass/VisTouch_brass_f3_r1_v1_winsb12.csv,dataset/video/brass/VisTouch_brass_f3_r1_v1_winsb12.avi
VisTouch_brass_f3_r1_v1_winsb13,brass_f3_r1_v1,brass,huangtong,黄铜,0,3,1,1,sliding,winsb13,train,1607151185.225,1607151192.225,7.000,dataset/audio/brass/VisTouch_brass_f3_r1_v1_winsb13.wav,dataset/tactile/brass/VisTouch_brass_f3_r1_v1_winsb13.csv,dataset/video/brass/VisTouch_brass_f3_r1_v1_winsb13.avi
VisTouch_brass_f3_r1_v1_winsb14,brass_f3_r1_v1,brass,huangtong,黄铜,0,3,1,1,sliding,winsb14,train,1607151187.860,1607151194.860,7.000,dataset/audio/brass/VisTouch_brass_f3_r1_v1_winsb14.wav,dataset/tactile/brass/VisTouch_brass_f3_r1_v1_winsb14.csv,dataset/video/brass/VisTouch_brass_f3_r1_v1_winsb14.avi
VisTouch_brass_f3_r1_v1_winsb15,brass_f3_r1_v1,brass,huangtong,黄铜,0,3,1,1,sliding,winsb15,train,1607151192.091,1607151199.091,7.000,dataset/audio/brass/VisTouch_brass_f3_r1_v1_winsb15.wav,dataset/tactile/brass/VisTouch_brass_f3_r1_v1_winsb15.csv,dataset/video/brass/VisTouch_brass_f3_r1_v1_winsb15.avi
VisTouch_brass_f3_r1_v1_winsb16,brass_f3_r1_v1,brass,huangtong,黄铜,0,3,1,1,sliding,winsb16,train,1607151195.009,1607151202.009,7.000,dataset/audio/brass/VisTouch_brass_f3_r1_v1_winsb16.wav,dataset/tactile/brass/VisTouch_brass_f3_r1_v1_winsb16.csv,dataset/video/brass/VisTouch_brass_f3_r1_v1_winsb16.avi
VisTouch_brass_f3_r1_v1_winmb01,brass_f3_r1_v1,brass,huangtong,黄铜,0,3,1,1,sliding,winmb01,train,1607151144.236,1607151154.536,10.300,dataset/audio/brass/VisTouch_brass_f3_r1_v1_winmb01.wav,dataset/tactile/brass/VisTouch_brass_f3_r1_v1_winmb01.csv,dataset/video/brass/VisTouch_brass_f3_r1_v1_winmb01.avi
VisTouch_brass_f3_r1_v1_winmb02,brass_f3_r1_v1,brass,huangtong,黄铜,0,3,1,1,sliding,winmb02,train,1607151148.889,1607151159.189,10.300,dataset/audio/brass/VisTouch_brass_f3_r1_v1_winmb02.wav,dataset/tactile/brass/VisTouch_brass_f3_r1_v1_winmb02.csv,dataset/video/brass/VisTouch_brass_f3_r1_v1_winmb02.avi
VisTouch_brass_f3_r1_v1_winmb03,brass_f3_r1_v1,brass,huangtong,黄铜,0,3,1,1,sliding,winmb03,train,1607151153.666,1607151163.966,10.300,dataset/audio/brass/VisTouch_brass_f3_r1_v1_winmb03.wav,dataset/tactile/brass/VisTouch_brass_f3_r1_v1_winmb03.csv,dataset/video/brass/VisTouch_brass_f3_r1_v1_winmb03.avi
VisTouch_brass_f3_r1_v1_winmb04,brass_f3_r1_v1,brass,huangtong,黄铜,0,3,1,1,sliding,winmb04,train,1607151159.006,1607151169.306,10.300,dataset/audio/brass/VisTouch_brass_f3_r1_v1_winmb04.wav,dataset/tactile/brass/VisTouch_brass_f3_r1_v1_winmb04.csv,dataset/video/brass/VisTouch_brass_f3_r1_v1_winmb04.avi
VisTouch_brass_f3_r1_v1_winmb05,brass_f3_r1_v1,brass,huangtong,黄铜,0,3,1,1,sliding,winmb05,train,1607151163.546,1607151173.846,10.300,dataset/audio/brass/VisTouch_brass_f3_r1_v1_winmb05.wav,dataset/tactile/brass/VisTouch_brass_f3_r1_v1_winmb05.csv,dataset/video/brass/VisTouch_brass_f3_r1_v1_winmb05.avi
VisTouch_brass_f3_r1_v1_winmb06,brass_f3_r1_v1,brass,huangtong,黄铜,0,3,1,1,sliding,winmb06,train,1607151168.845,1607151179.145,10.300,dataset/audio/brass/VisTouch_brass_f3_r1_v1_winmb06.wav,dataset/tactile/brass/VisTouch_brass_f3_r1_v1_winmb06.csv,dataset/video/brass/VisTouch_brass_f3_r1_v1_winmb06.avi
VisTouch_brass_f3_r1_v1_winmb07,brass_f3_r1_v1,brass,huangtong,黄铜,0,3,1,1,sliding,winmb07,train,1607151174.839,1607151185.139,10.300,dataset/audio/brass/VisTouch_brass_f3_r1_v1_winmb07.wav,dataset/tactile/brass/VisTouch_brass_f3_r1_v1_winmb07.csv,dataset/video/brass/VisTouch_brass_f3_r1_v1_winmb07.avi
VisTouch_brass_f3_r1_v1_winmb08,brass_f3_r1_v1,brass,huangtong,黄铜,0,3,1,1,sliding,winmb08,train,1607151179.952,1607151190.252,10.300,dataset/audio/brass/VisTouch_brass_f3_r1_v1_winmb08.wav,dataset/tactile/brass/VisTouch_brass_f3_r1_v1_winmb08.csv,dataset/video/brass/VisTouch_brass_f3_r1_v1_winmb08.avi
VisTouch_brass_f3_r1_v1_winmb09,brass_f3_r1_v1,brass,huangtong,黄铜,0,3,1,1,sliding,winmb09,train,1607151185.053,1607151195.353,10.300,dataset/audio/brass/VisTouch_brass_f3_r1_v1_winmb09.wav,dataset/tactile/brass/VisTouch_brass_f3_r1_v1_winmb09.csv,dataset/video/brass/VisTouch_brass_f3_r1_v1_winmb09.avi
VisTouch_brass_f3_r1_v1_winmb10,brass_f3_r1_v1,brass,huangtong,黄铜,0,3,1,1,sliding,winmb10,train,1607151189.845,1607151200.145,10.300,dataset/audio/brass/VisTouch_brass_f3_r1_v1_winmb10.wav,dataset/tactile/brass/VisTouch_brass_f3_r1_v1_winmb10.csv,dataset/video/brass/VisTouch_brass_f3_r1_v1_winmb10.avi
VisTouch_brass_f3_r1_v1_winlb01,brass_f3_r1_v1,brass,huangtong,黄铜,0,3,1,1,sliding,winlb01,train,1607151145.644,1607151159.644,14.000,dataset/audio/brass/VisTouch_brass_f3_r1_v1_winlb01.wav,dataset/tactile/brass/VisTouch_brass_f3_r1_v1_winlb01.csv,dataset/video/brass/VisTouch_brass_f3_r1_v1_winlb01.avi
VisTouch_brass_f3_r1_v1_winlb02,brass_f3_r1_v1,brass,huangtong,黄铜,0,3,1,1,sliding,winlb02,train,1607151152.610,1607151166.610,14.000,dataset/audio/brass/VisTouch_brass_f3_r1_v1_winlb02.wav,dataset/tactile/brass/VisTouch_brass_f3_r1_v1_winlb02.csv,dataset/video/brass/VisTouch_brass_f3_r1_v1_winlb02.avi
VisTouch_brass_f3_r1_v1_winlb04,brass_f3_r1_v1,brass,huangtong,黄铜,0,3,1,1,sliding,winlb04,train,1607151165.916,1607151179.916,14.000,dataset/audio/brass/VisTouch_brass_f3_r1_v1_winlb04.wav,dataset/tactile/brass/VisTouch_brass_f3_r1_v1_winlb04.csv,dataset/video/brass/VisTouch_brass_f3_r1_v1_winlb04.avi
VisTouch_brass_f3_r1_v1_winlb05,brass_f3_r1_v1,brass,huangtong,黄铜,0,3,1,1,sliding,winlb05,train,1607151172.996,1607151186.996,14.000,dataset/audio/brass/VisTouch_brass_f3_r1_v1_winlb05.wav,dataset/tactile/brass/VisTouch_brass_f3_r1_v1_winlb05.csv,dataset/video/brass/VisTouch_brass_f3_r1_v1_winlb05.avi
VisTouch_brass_f3_r1_v1_winlb06,brass_f3_r1_v1,brass,huangtong,黄铜,0,3,1,1,sliding,winlb06,train,1607151179.367,1607151193.367,14.000,dataset/audio/brass/VisTouch_brass_f3_r1_v1_winlb06.wav,dataset/tactile/brass/VisTouch_brass_f3_r1_v1_winlb06.csv,dataset/video/brass/VisTouch_brass_f3_r1_v1_winlb06.avi
VisTouch_brass_f3_r1_v1_winlb07,brass_f3_r1_v1,brass,huangtong,黄铜,0,3,1,1,sliding,winlb07,train,1607151185.834,1607151199.834,14.000,dataset/audio/brass/VisTouch_brass_f3_r1_v1_winlb07.wav,dataset/tactile/brass/VisTouch_brass_f3_r1_v1_winlb07.csv,dataset/video/brass/VisTouch_brass_f3_r1_v1_winlb07.avi
VisTouch_brass_f3_r1_v1_wine02,brass_f3_r1_v1,brass,huangtong,黄铜,0,3,1,1,sliding,wine02,train,1607151145.382,1607151153.882,8.500,dataset/audio/brass/VisTouch_brass_f3_r1_v1_wine02.wav,dataset/tactile/brass/VisTouch_brass_f3_r1_v1_wine02.csv,dataset/video/brass/VisTouch_brass_f3_r1_v1_wine02.avi
VisTouch_brass_f3_r1_v1_wine03,brass_f3_r1_v1,brass,huangtong,黄铜,0,3,1,1,sliding,wine03,train,1607151149.358,1607151157.858,8.500,dataset/audio/brass/VisTouch_brass_f3_r1_v1_wine03.wav,dataset/tactile/brass/VisTouch_brass_f3_r1_v1_wine03.csv,dataset/video/brass/VisTouch_brass_f3_r1_v1_wine03.avi
VisTouch_brass_f3_r1_v1_wine04,brass_f3_r1_v1,brass,huangtong,黄铜,0,3,1,1,sliding,wine04,train,1607151153.832,1607151162.332,8.500,dataset/audio/brass/VisTouch_brass_f3_r1_v1_wine04.wav,dataset/tactile/brass/VisTouch_brass_f3_r1_v1_wine04.csv,dataset/video/brass/VisTouch_brass_f3_r1_v1_wine04.avi
VisTouch_brass_f3_r1_v1_wine05,brass_f3_r1_v1,brass,huangtong,黄铜,0,3,1,1,sliding,wine05,train,1607151158.597,1607151167.097,8.500,dataset/audio/brass/VisTouch_brass_f3_r1_v1_wine05.wav,dataset/tactile/brass/VisTouch_brass_f3_r1_v1_wine05.csv,dataset/video/brass/VisTouch_brass_f3_r1_v1_wine05.avi
VisTouch_brass_f3_r1_v1_wine07,brass_f3_r1_v1,brass,huangtong,黄铜,0,3,1,1,sliding,wine07,train,1607151166.419,1607151174.919,8.500,dataset/audio/brass/VisTouch_brass_f3_r1_v1_wine07.wav,dataset/tactile/brass/VisTouch_brass_f3_r1_v1_wine07.csv,dataset/video/brass/VisTouch_brass_f3_r1_v1_wine07.avi
VisTouch_brass_f3_r1_v1_wine08,brass_f3_r1_v1,brass,huangtong,黄铜,0,3,1,1,sliding,wine08,train,1607151170.941,1607151179.441,8.500,dataset/audio/brass/VisTouch_brass_f3_r1_v1_wine08.wav,dataset/tactile/brass/VisTouch_brass_f3_r1_v1_wine08.csv,dataset/video/brass/VisTouch_brass_f3_r1_v1_wine08.avi
VisTouch_brass_f3_r1_v1_wine09,brass_f3_r1_v1,brass,huangtong,黄铜,0,3,1,1,sliding,wine09,train,1607151174.873,1607151183.373,8.500,dataset/audio/brass/VisTouch_brass_f3_r1_v1_wine09.wav,dataset/tactile/brass/VisTouch_brass_f3_r1_v1_wine09.csv,dataset/video/brass/VisTouch_brass_f3_r1_v1_wine09.avi
VisTouch_brass_f3_r1_v1_wine10,brass_f3_r1_v1,brass,huangtong,黄铜,0,3,1,1,sliding,wine10,train,1607151179.470,1607151187.970,8.500,dataset/audio/brass/VisTouch_brass_f3_r1_v1_wine10.wav,dataset/tactile/brass/VisTouch_brass_f3_r1_v1_wine10.csv,dataset/video/brass/VisTouch_brass_f3_r1_v1_wine10.avi
VisTouch_brass_f3_r1_v1_wine11,brass_f3_r1_v1,brass,huangtong,黄铜,0,3,1,1,sliding,wine11,train,1607151183.393,1607151191.893,8.500,dataset/audio/brass/VisTouch_brass_f3_r1_v1_wine11.wav,dataset/tactile/brass/VisTouch_brass_f3_r1_v1_wine11.csv,dataset/video/brass/VisTouch_brass_f3_r1_v1_wine11.avi
VisTouch_brass_f3_r1_v1_wine12,brass_f3_r1_v1,brass,huangtong,黄铜,0,3,1,1,sliding,wine12,train,1607151187.712,1607151196.212,8.500,dataset/audio/brass/VisTouch_brass_f3_r1_v1_wine12.wav,dataset/tactile/brass/VisTouch_brass_f3_r1_v1_wine12.csv,dataset/video/brass/VisTouch_brass_f3_r1_v1_wine12.avi
VisTouch_brass_f3_r1_v1_wine13,brass_f3_r1_v1,brass,huangtong,黄铜,0,3,1,1,sliding,wine13,train,1607151192.598,1607151201.098,8.500,dataset/audio/brass/VisTouch_brass_f3_r1_v1_wine13.wav,dataset/tactile/brass/VisTouch_brass_f3_r1_v1_wine13.csv,dataset/video/brass/VisTouch_brass_f3_r1_v1_wine13.avi
VisTouch_brass_f6_r1_v1_winsb01,brass_f6_r1_v1,brass,huangtong,黄铜,0,6,1,1,sliding,winsb01,train,1607151368.464,1607151375.464,7.000,dataset/audio/brass/VisTouch_brass_f6_r1_v1_winsb01.wav,dataset/tactile/brass/VisTouch_brass_f6_r1_v1_winsb01.csv,dataset/video/brass/VisTouch_brass_f6_r1_v1_winsb01.avi
VisTouch_brass_f6_r1_v1_winsb02,brass_f6_r1_v1,brass,huangtong,黄铜,0,6,1,1,sliding,winsb02,train,1607151372.379,1607151379.379,7.000,dataset/audio/brass/VisTouch_brass_f6_r1_v1_winsb02.wav,dataset/tactile/brass/VisTouch_brass_f6_r1_v1_winsb02.csv,dataset/video/brass/VisTouch_brass_f6_r1_v1_winsb02.avi
VisTouch_brass_f6_r1_v1_winsb03,brass_f6_r1_v1,brass,huangtong,黄铜,0,6,1,1,sliding,winsb03,train,1607151375.313,1607151382.313,7.000,dataset/audio/brass/VisTouch_brass_f6_r1_v1_winsb03.wav,dataset/tactile/brass/VisTouch_brass_f6_r1_v1_winsb03.csv,dataset/video/brass/VisTouch_brass_f6_r1_v1_winsb03.avi
VisTouch_brass_f6_r1_v1_winsb04,brass_f6_r1_v1,brass,huangtong,黄铜,0,6,1,1,sliding,winsb04,train,1607151379.599,1607151386.599,7.000,dataset/audio/brass/VisTouch_brass_f6_r1_v1_winsb04.wav,dataset/tactile/brass/VisTouch_brass_f6_r1_v1_winsb04.csv,dataset/video/brass/VisTouch_brass_f6_r1_v1_winsb04.avi
VisTouch_brass_f6_r1_v1_winsb05,brass_f6_r1_v1,brass,huangtong,黄铜,0,6,1,1,sliding,winsb05,train,1607151383.051,1607151390.051,7.000,dataset/audio/brass/VisTouch_brass_f6_r1_v1_winsb05.wav,dataset/tactile/brass/VisTouch_brass_f6_r1_v1_winsb05.csv,dataset/video/brass/VisTouch_brass_f6_r1_v1_winsb05.avi
VisTouch_brass_f6_r1_v1_winsb06,brass_f6_r1_v1,brass,huangtong,黄铜,0,6,1,1,sliding,winsb06,train,1607151385.976,1607151392.976,7.000,dataset/audio/brass/VisTouch_brass_f6_r1_v1_winsb06.wav,dataset/tactile/brass/VisTouch_brass_f6_r1_v1_winsb06.csv,dataset/video/brass/VisTouch_brass_f6_r1_v1_winsb06.avi
VisTouch_brass_f6_r1_v1_winsb07,brass_f6_r1_v1,brass,huangtong,黄铜,0,6,1,1,sliding,winsb07,train,1607151390.145,1607151397.145,7.000,dataset/audio/brass/VisTouch_brass_f6_r1_v1_winsb07.wav,dataset/tactile/brass/VisTouch_brass_f6_r1_v1_winsb07.csv,dataset/video/brass/VisTouch_brass_f6_r1_v1_winsb07.avi
VisTouch_brass_f6_r1_v1_winsb08,brass_f6_r1_v1,brass,huangtong,黄铜,0,6,1,1,sliding,winsb08,train,1607151392.786,1607151399.786,7.000,dataset/audio/brass/VisTouch_brass_f6_r1_v1_winsb08.wav,dataset/tactile/brass/VisTouch_brass_f6_r1_v1_winsb08.csv,dataset/video/brass/VisTouch_brass_f6_r1_v1_winsb08.avi
VisTouch_brass_f6_r1_v1_winsb09,brass_f6_r1_v1,brass,huangtong,黄铜,0,6,1,1,sliding,winsb09,train,1607151396.578,1607151403.578,7.000,dataset/audio/brass/VisTouch_brass_f6_r1_v1_winsb09.wav,dataset/tactile/brass/VisTouch_brass_f6_r1_v1_winsb09.csv,dataset/video/brass/VisTouch_brass_f6_r1_v1_winsb09.avi
VisTouch_brass_f6_r1_v1_winsb10,brass_f6_r1_v1,brass,huangtong,黄铜,0,6,1,1,sliding,winsb10,train,1607151399.883,1607151406.883,7.000,dataset/audio/brass/VisTouch_brass_f6_r1_v1_winsb10.wav,dataset/tactile/brass/VisTouch_brass_f6_r1_v1_winsb10.csv,dataset/video/brass/VisTouch_brass_f6_r1_v1_winsb10.avi
VisTouch_brass_f6_r1_v1_winsb11,brass_f6_r1_v1,brass,huangtong,黄铜,0,6,1,1,sliding,winsb11,train,1607151403.698,1607151410.698,7.000,dataset/audio/brass/VisTouch_brass_f6_r1_v1_winsb11.wav,dataset/tactile/brass/VisTouch_brass_f6_r1_v1_winsb11.csv,dataset/video/brass/VisTouch_brass_f6_r1_v1_winsb11.avi
VisTouch_brass_f6_r1_v1_winsb12,brass_f6_r1_v1,brass,huangtong,黄铜,0,6,1,1,sliding,winsb12,train,1607151407.561,1607151414.561,7.000,dataset/audio/brass/VisTouch_brass_f6_r1_v1_winsb12.wav,dataset/tactile/brass/VisTouch_brass_f6_r1_v1_winsb12.csv,dataset/video/brass/VisTouch_brass_f6_r1_v1_winsb12.avi
VisTouch_brass_f6_r1_v1_winsb13,brass_f6_r1_v1,brass,huangtong,黄铜,0,6,1,1,sliding,winsb13,train,1607151410.467,1607151417.467,7.000,dataset/audio/brass/VisTouch_brass_f6_r1_v1_winsb13.wav,dataset/tactile/brass/VisTouch_brass_f6_r1_v1_winsb13.csv,dataset/video/brass/VisTouch_brass_f6_r1_v1_winsb13.avi
VisTouch_brass_f6_r1_v1_winsb14,brass_f6_r1_v1,brass,huangtong,黄铜,0,6,1,1,sliding,winsb14,train,1607151413.780,1607151420.780,7.000,dataset/audio/brass/VisTouch_brass_f6_r1_v1_winsb14.wav,dataset/tactile/brass/VisTouch_brass_f6_r1_v1_winsb14.csv,dataset/video/brass/VisTouch_brass_f6_r1_v1_winsb14.avi
VisTouch_brass_f6_r1_v1_winsb15,brass_f6_r1_v1,brass,huangtong,黄铜,0,6,1,1,sliding,winsb15,train,1607151417.650,1607151424.650,7.000,dataset/audio/brass/VisTouch_brass_f6_r1_v1_winsb15.wav,dataset/tactile/brass/VisTouch_brass_f6_r1_v1_winsb15.csv,dataset/video/brass/VisTouch_brass_f6_r1_v1_winsb15.avi
VisTouch_brass_f6_r1_v1_winmb01,brass_f6_r1_v1,brass,huangtong,黄铜,0,6,1,1,sliding,winmb01,train,1607151368.943,1607151379.243,10.300,dataset/audio/brass/VisTouch_brass_f6_r1_v1_winmb01.wav,dataset/tactile/brass/VisTouch_brass_f6_r1_v1_winmb01.csv,dataset/video/brass/VisTouch_brass_f6_r1_v1_winmb01.avi
VisTouch_brass_f6_r1_v1_winmb02,brass_f6_r1_v1,brass,huangtong,黄铜,0,6,1,1,sliding,winmb02,train,1607151374.849,1607151385.149,10.300,dataset/audio/brass/VisTouch_brass_f6_r1_v1_winmb02.wav,dataset/tactile/brass/VisTouch_brass_f6_r1_v1_winmb02.csv,dataset/video/brass/VisTouch_brass_f6_r1_v1_winmb02.avi
VisTouch_brass_f6_r1_v1_winmb03,brass_f6_r1_v1,brass,huangtong,黄铜,0,6,1,1,sliding,winmb03,train,1607151379.564,1607151389.864,10.300,dataset/audio/brass/VisTouch_brass_f6_r1_v1_winmb03.wav,dataset/tactile/brass/VisTouch_brass_f6_r1_v1_winmb03.csv,dataset/video/brass/VisTouch_brass_f6_r1_v1_winmb03.avi
VisTouch_brass_f6_r1_v1_winmb04,brass_f6_r1_v1,brass,huangtong,黄铜,0,6,1,1,sliding,winmb04,train,1607151385.291,1607151395.591,10.300,dataset/audio/brass/VisTouch_brass_f6_r1_v1_winmb04.wav,dataset/tactile/brass/VisTouch_brass_f6_r1_v1_winmb04.csv,dataset/video/brass/VisTouch_brass_f6_r1_v1_winmb04.avi
VisTouch_brass_f6_r1_v1_winmb05,brass_f6_r1_v1,brass,huangtong,黄铜,0,6,1,1,sliding,winmb05,train,1607151389.711,1607151400.011,10.300,dataset/audio/brass/VisTouch_brass_f6_r1_v1_winmb05.wav,dataset/tactile/brass/VisTouch_brass_f6_r1_v1_winmb05.csv,dataset/video/brass/VisTouch_brass_f6_r1_v1_winmb05.avi
VisTouch_brass_f6_r1_v1_winmb06,brass_f6_r1_v1,brass,huangtong,黄铜,0,6,1,1,sliding,winmb06,train,1607151396.008,1607151406.308,10.300,dataset/audio/brass/VisTouch_brass_f6_r1_v1_winmb06.wav,dataset/tactile/brass/VisTouch_brass_f6_r1_v1_winmb06.csv,dataset/video/brass/VisTouch_brass_f6_r1_v1_winmb06.avi
VisTouch_brass_f6_r1_v1_winmb07,brass_f6_r1_v1,brass,huangtong,黄铜,0,6,1,1,sliding,winmb07,train,1607151400.267,1607151410.567,10.300,dataset/audio/brass/VisTouch_brass_f6_r1_v1_winmb07.wav,dataset/tactile/brass/VisTouch_brass_f6_r1_v1_winmb07.csv,dataset/video/brass/VisTouch_brass_f6_r1_v1_winmb07.avi
VisTouch_brass_f6_r1_v1_winmb08,brass_f6_r1_v1,brass,huangtong,黄铜,0,6,1,1,sliding,winmb08,train,1607151405.015,1607151415.315,10.300,dataset/audio/brass/VisTouch_brass_f6_r1_v1_winmb08.wav,dataset/tactile/brass/VisTouch_brass_f6_r1_v1_winmb08.csv,dataset/video/brass/VisTouch_brass_f6_r1_v1_winmb08.avi
VisTouch_brass_f6_r1_v1_winmb09,brass_f6_r1_v1,brass,huangtong,黄铜,0,6,1,1,sliding,winmb09,train,1607151410.974,1607151421.274,10.300,dataset/audio/brass/VisTouch_brass_f6_r1_v1_winmb09.wav,dataset/tactile/brass/VisTouch_brass_f6_r1_v1_winmb09.csv,dataset/video/brass/VisTouch_brass_f6_r1_v1_winmb09.avi
VisTouch_brass_f6_r1_v1_winmb10,brass_f6_r1_v1,brass,huangtong,黄铜,0,6,1,1,sliding,winmb10,train,1607151416.585,1607151426.885,10.300,dataset/audio/brass/VisTouch_brass_f6_r1_v1_winmb10.wav,dataset/tactile/brass/VisTouch_brass_f6_r1_v1_winmb10.csv,dataset/video/brass/VisTouch_brass_f6_r1_v1_winmb10.avi
VisTouch_brass_f6_r1_v1_winlb01,brass_f6_r1_v1,brass,huangtong,黄铜,0,6,1,1,sliding,winlb01,train,1607151370.375,1607151384.375,14.000,dataset/audio/brass/VisTouch_brass_f6_r1_v1_winlb01.wav,dataset/tactile/brass/VisTouch_brass_f6_r1_v1_winlb01.csv,dataset/video/brass/VisTouch_brass_f6_r1_v1_winlb01.avi
VisTouch_brass_f6_r1_v1_winlb02,brass_f6_r1_v1,brass,huangtong,黄铜,0,6,1,1,sliding,winlb02,train,1607151378.455,1607151392.455,14.000,dataset/audio/brass/VisTouch_brass_f6_r1_v1_winlb02.wav,dataset/tactile/brass/VisTouch_brass_f6_r1_v1_winlb02.csv,dataset/video/brass/VisTouch_brass_f6_r1_v1_winlb02.avi
VisTouch_brass_f6_r1_v1_winlb04,brass_f6_r1_v1,brass,huangtong,黄铜,0,6,1,1,sliding,winlb04,train,1607151391.343,1607151405.343,14.000,dataset/audio/brass/VisTouch_brass_f6_r1_v1_winlb04.wav,dataset/tactile/brass/VisTouch_brass_f6_r1_v1_winlb04.csv,dataset/video/brass/VisTouch_brass_f6_r1_v1_winlb04.avi
VisTouch_brass_f6_r1_v1_winlb05,brass_f6_r1_v1,brass,huangtong,黄铜,0,6,1,1,sliding,winlb05,train,1607151398.752,1607151412.752,14.000,dataset/audio/brass/VisTouch_brass_f6_r1_v1_winlb05.wav,dataset/tactile/brass/VisTouch_brass_f6_r1_v1_winlb05.csv,dataset/video/brass/VisTouch_brass_f6_r1_v1_winlb05.avi
VisTouch_brass_f6_r1_v1_winlb06,brass_f6_r1_v1,brass,huangtong,黄铜,0,6,1,1,sliding,winlb06,train,1607151406.540,1607151420.540,14.000,dataset/audio/brass/VisTouch_brass_f6_r1_v1_winlb06.wav,dataset/tactile/brass/VisTouch_brass_f6_r1_v1_winlb06.csv,dataset/video/brass/VisTouch_brass_f6_r1_v1_winlb06.avi
VisTouch_brass_f6_r1_v1_winlb07,brass_f6_r1_v1,brass,huangtong,黄铜,0,6,1,1,sliding,winlb07,train,1607151413.443,1607151427.443,14.000,dataset/audio/brass/VisTouch_brass_f6_r1_v1_winlb07.wav,dataset/tactile/brass/VisTouch_brass_f6_r1_v1_winlb07.csv,dataset/video/brass/VisTouch_brass_f6_r1_v1_winlb07.avi
VisTouch_brass_f6_r1_v1_wine01,brass_f6_r1_v1,brass,huangtong,黄铜,0,6,1,1,sliding,wine01,train,1607151367.000,1607151375.500,8.500,dataset/audio/brass/VisTouch_brass_f6_r1_v1_wine01.wav,dataset/tactile/brass/VisTouch_brass_f6_r1_v1_wine01.csv,dataset/video/brass/VisTouch_brass_f6_r1_v1_wine01.avi
VisTouch_brass_f6_r1_v1_wine02,brass_f6_r1_v1,brass,huangtong,黄铜,0,6,1,1,sliding,wine02,train,1607151371.579,1607151380.079,8.500,dataset/audio/brass/VisTouch_brass_f6_r1_v1_wine02.wav,dataset/tactile/brass/VisTouch_brass_f6_r1_v1_wine02.csv,dataset/video/brass/VisTouch_brass_f6_r1_v1_wine02.avi
VisTouch_brass_f6_r1_v1_wine04,brass_f6_r1_v1,brass,huangtong,黄铜,0,6,1,1,sliding,wine04,train,1607151379.787,1607151388.287,8.500,dataset/audio/brass/VisTouch_brass_f6_r1_v1_wine04.wav,dataset/tactile/brass/VisTouch_brass_f6_r1_v1_wine04.csv,dataset/video/brass/VisTouch_brass_f6_r1_v1_wine04.avi
VisTouch_brass_f6_r1_v1_wine05,brass_f6_r1_v1,brass,huangtong,黄铜,0,6,1,1,sliding,wine05,train,1607151384.364,1607151392.864,8.500,dataset/audio/brass/VisTouch_brass_f6_r1_v1_wine05.wav,dataset/tactile/brass/VisTouch_brass_f6_r1_v1_wine05.csv,dataset/video/brass/VisTouch_brass_f6_r1_v1_wine05.avi
VisTouch_brass_f6_r1_v1_wine06,brass_f6_r1_v1,brass,huangtong,黄铜,0,6,1,1,sliding,wine06,train,1607151388.141,1607151396.641,8.500,dataset/audio/brass/VisTouch_brass_f6_r1_v1_wine06.wav,dataset/tactile/brass/VisTouch_brass_f6_r1_v1_wine06.csv,dataset/video/brass/VisTouch_brass_f6_r1_v1_wine06.avi
VisTouch_brass_f6_r1_v1_wine07,brass_f6_r1_v1,brass,huangtong,黄铜,0,6,1,1,sliding,wine07,train,1607151392.799,1607151401.299,8.500,dataset/audio/brass/VisTouch_brass_f6_r1_v1_wine07.wav,dataset/tactile/brass/VisTouch_brass_f6_r1_v1_wine07.csv,dataset/video/brass/VisTouch_brass_f6_r1_v1_wine07.avi
VisTouch_brass_f6_r1_v1_wine08,brass_f6_r1_v1,brass,huangtong,黄铜,0,6,1,1,sliding,wine08,train,1607151397.019,1607151405.519,8.500,dataset/audio/brass/VisTouch_brass_f6_r1_v1_wine08.wav,dataset/tactile/brass/VisTouch_brass_f6_r1_v1_wine08.csv,dataset/video/brass/VisTouch_brass_f6_r1_v1_wine08.avi
VisTouch_brass_f6_r1_v1_wine09,brass_f6_r1_v1,brass,huangtong,黄铜,0,6,1,1,sliding,wine09,train,1607151401.551,1607151410.051,8.500,dataset/audio/brass/VisTouch_brass_f6_r1_v1_wine09.wav,dataset/tactile/brass/VisTouch_brass_f6_r1_v1_wine09.csv,dataset/video/brass/VisTouch_brass_f6_r1_v1_wine09.avi
VisTouch_brass_f6_r1_v1_wine10,brass_f6_r1_v1,brass,huangtong,黄铜,0,6,1,1,sliding,wine10,train,1607151404.759,1607151413.259,8.500,dataset/audio/brass/VisTouch_brass_f6_r1_v1_wine10.wav,dataset/tactile/brass/VisTouch_brass_f6_r1_v1_wine10.csv,dataset/video/brass/VisTouch_brass_f6_r1_v1_wine10.avi
VisTouch_brass_f6_r1_v1_wine11,brass_f6_r1_v1,brass,huangtong,黄铜,0,6,1,1,sliding,wine11,train,1607151409.792,1607151418.292,8.500,dataset/audio/brass/VisTouch_brass_f6_r1_v1_wine11.wav,dataset/tactile/brass/VisTouch_brass_f6_r1_v1_wine11.csv,dataset/video/brass/VisTouch_brass_f6_r1_v1_wine11.avi
VisTouch_brass_f6_r1_v1_wine12,brass_f6_r1_v1,brass,huangtong,黄铜,0,6,1,1,sliding,wine12,train,1607151414.295,1607151422.795,8.500,dataset/audio/brass/VisTouch_brass_f6_r1_v1_wine12.wav,dataset/tactile/brass/VisTouch_brass_f6_r1_v1_wine12.csv,dataset/video/brass/VisTouch_brass_f6_r1_v1_wine12.avi
VisTouch_brass_f6_r1_v1_wine13,brass_f6_r1_v1,brass,huangtong,黄铜,0,6,1,1,sliding,wine13,train,1607151418.597,1607151427.097,8.500,dataset/audio/brass/VisTouch_brass_f6_r1_v1_wine13.wav,dataset/tactile/brass/VisTouch_brass_f6_r1_v1_wine13.csv,dataset/video/brass/VisTouch_brass_f6_r1_v1_wine13.avi
VisTouch_brass_f9_r1_v1_winsb01,brass_f9_r1_v1,brass,huangtong,黄铜,0,9,1,1,sliding,winsb01,test,1607152508.640,1607152515.640,7.000,dataset/audio/brass/VisTouch_brass_f9_r1_v1_winsb01.wav,dataset/tactile/brass/VisTouch_brass_f9_r1_v1_winsb01.csv,dataset/video/brass/VisTouch_brass_f9_r1_v1_winsb01.avi
VisTouch_brass_f9_r1_v1_winsb02,brass_f9_r1_v1,brass,huangtong,黄铜,0,9,1,1,sliding,winsb02,test,1607152513.032,1607152520.032,7.000,dataset/audio/brass/VisTouch_brass_f9_r1_v1_winsb02.wav,dataset/tactile/brass/VisTouch_brass_f9_r1_v1_winsb02.csv,dataset/video/brass/VisTouch_brass_f9_r1_v1_winsb02.avi
VisTouch_brass_f9_r1_v1_winsb03,brass_f9_r1_v1,brass,huangtong,黄铜,0,9,1,1,sliding,winsb03,test,1607152516.655,1607152523.655,7.000,dataset/audio/brass/VisTouch_brass_f9_r1_v1_winsb03.wav,dataset/tactile/brass/VisTouch_brass_f9_r1_v1_winsb03.csv,dataset/video/brass/VisTouch_brass_f9_r1_v1_winsb03.avi
VisTouch_brass_f9_r1_v1_winsb04,brass_f9_r1_v1,brass,huangtong,黄铜,0,9,1,1,sliding,winsb04,test,1607152520.130,1607152527.130,7.000,dataset/audio/brass/VisTouch_brass_f9_r1_v1_winsb04.wav,dataset/tactile/brass/VisTouch_brass_f9_r1_v1_winsb04.csv,dataset/video/brass/VisTouch_brass_f9_r1_v1_winsb04.avi
VisTouch_brass_f9_r1_v1_winsb05,brass_f9_r1_v1,brass,huangtong,黄铜,0,9,1,1,sliding,winsb05,test,1607152522.781,1607152529.781,7.000,dataset/audio/brass/VisTouch_brass_f9_r1_v1_winsb05.wav,dataset/tactile/brass/VisTouch_brass_f9_r1_v1_winsb05.csv,dataset/video/brass/VisTouch_brass_f9_r1_v1_winsb05.avi
VisTouch_brass_f9_r1_v1_winsb06,brass_f9_r1_v1,brass,huangtong,黄铜,0,9,1,1,sliding,winsb06,test,1607152527.146,1607152534.146,7.000,dataset/audio/brass/VisTouch_brass_f9_r1_v1_winsb06.wav,dataset/tactile/brass/VisTouch_brass_f9_r1_v1_winsb06.csv,dataset/video/brass/VisTouch_brass_f9_r1_v1_winsb06.avi
VisTouch_brass_f9_r1_v1_winsb07,brass_f9_r1_v1,brass,huangtong,黄铜,0,9,1,1,sliding,winsb07,test,1607152530.559,1607152537.559,7.000,dataset/audio/brass/VisTouch_brass_f9_r1_v1_winsb07.wav,dataset/tactile/brass/VisTouch_brass_f9_r1_v1_winsb07.csv,dataset/video/brass/VisTouch_brass_f9_r1_v1_winsb07.avi
VisTouch_brass_f9_r1_v1_winsb09,brass_f9_r1_v1,brass,huangtong,黄铜,0,9,1,1,sliding,winsb09,test,1607152537.129,1607152544.129,7.000,dataset/audio/brass/VisTouch_brass_f9_r1_v1_winsb09.wav,dataset/tactile/brass/VisTouch_brass_f9_r1_v1_winsb09.csv,dataset/video/brass/VisTouch_brass_f9_r1_v1_winsb09.avi
VisTouch_brass_f9_r1_v1_winsb10,brass_f9_r1_v1,brass,huangtong,黄铜,0,9,1,1,sliding,winsb10,test,1607152540.369,1607152547.369,7.000,dataset/audio/brass/VisTouch_brass_f9_r1_v1_winsb10.wav,dataset/tactile/brass/VisTouch_brass_f9_r1_v1_winsb10.csv,dataset/video/brass/VisTouch_brass_f9_r1_v1_winsb10.avi
VisTouch_brass_f9_r1_v1_winsb12,brass_f9_r1_v1,brass,huangtong,黄铜,0,9,1,1,sliding,winsb12,test,1607152548.095,1607152555.095,7.000,dataset/audio/brass/VisTouch_brass_f9_r1_v1_winsb12.wav,dataset/tactile/brass/VisTouch_brass_f9_r1_v1_winsb12.csv,dataset/video/brass/VisTouch_brass_f9_r1_v1_winsb12.avi
VisTouch_brass_f9_r1_v1_winsb13,brass_f9_r1_v1,brass,huangtong,黄铜,0,9,1,1,sliding,winsb13,test,1607152550.904,1607152557.904,7.000,dataset/audio/brass/VisTouch_brass_f9_r1_v1_winsb13.wav,dataset/tactile/brass/VisTouch_brass_f9_r1_v1_winsb13.csv,dataset/video/brass/VisTouch_brass_f9_r1_v1_winsb13.avi
VisTouch_brass_f9_r1_v1_winsb15,brass_f9_r1_v1,brass,huangtong,黄铜,0,9,1,1,sliding,winsb15,test,1607152558.090,1607152565.090,7.000,dataset/audio/brass/VisTouch_brass_f9_r1_v1_winsb15.wav,dataset/tactile/brass/VisTouch_brass_f9_r1_v1_winsb15.csv,dataset/video/brass/VisTouch_brass_f9_r1_v1_winsb15.avi
VisTouch_brass_f9_r1_v1_winsb16,brass_f9_r1_v1,brass,huangtong,黄铜,0,9,1,1,sliding,winsb16,test,1607152562.103,1607152569.103,7.000,dataset/audio/brass/VisTouch_brass_f9_r1_v1_winsb16.wav,dataset/tactile/brass/VisTouch_brass_f9_r1_v1_winsb16.csv,dataset/video/brass/VisTouch_brass_f9_r1_v1_winsb16.avi
VisTouch_brass_f9_r1_v1_winmb01,brass_f9_r1_v1,brass,huangtong,黄铜,0,9,1,1,sliding,winmb01,test,1607152509.265,1607152519.565,10.300,dataset/audio/brass/VisTouch_brass_f9_r1_v1_winmb01.wav,dataset/tactile/brass/VisTouch_brass_f9_r1_v1_winmb01.csv,dataset/video/brass/VisTouch_brass_f9_r1_v1_winmb01.avi
VisTouch_brass_f9_r1_v1_winmb02,brass_f9_r1_v1,brass,huangtong,黄铜,0,9,1,1,sliding,winmb02,test,1607152515.483,1607152525.783,10.300,dataset/audio/brass/VisTouch_brass_f9_r1_v1_winmb02.wav,dataset/tactile/brass/VisTouch_brass_f9_r1_v1_winmb02.csv,dataset/video/brass/VisTouch_brass_f9_r1_v1_winmb02.avi
VisTouch_brass_f9_r1_v1_winmb03,brass_f9_r1_v1,brass,huangtong,黄铜,0,9,1,1,sliding,winmb03,test,1607152520.452,1607152530.752,10.300,dataset/audio/brass/VisTouch_brass_f9_r1_v1_winmb03.wav,dataset/tactile/brass/VisTouch_brass_f9_r1_v1_winmb03.csv,dataset/video/brass/VisTouch_brass_f9_r1_v1_winmb03.avi
VisTouch_brass_f9_r1_v1_winmb05,brass_f9_r1_v1,brass,huangtong,黄铜,0,9,1,1,sliding,winmb05,test,1607152530.914,1607152541.214,10.300,dataset/audio/brass/VisTouch_brass_f9_r1_v1_winmb05.wav,dataset/tactile/brass/VisTouch_brass_f9_r1_v1_winmb05.csv,dataset/video/brass/VisTouch_brass_f9_r1_v1_winmb05.avi
VisTouch_brass_f9_r1_v1_winmb06,brass_f9_r1_v1,brass,huangtong,黄铜,0,9,1,1,sliding,winmb06,test,1607152534.977,1607152545.277,10.300,dataset/audio/brass/VisTouch_brass_f9_r1_v1_winmb06.wav,dataset/tactile/brass/VisTouch_brass_f9_r1_v1_winmb06.csv,dataset/video/brass/VisTouch_brass_f9_r1_v1_winmb06.avi
VisTouch_brass_f9_r1_v1_winmb07,brass_f9_r1_v1,brass,huangtong,黄铜,0,9,1,1,sliding,winmb07,test,1607152541.274,1607152551.574,10.300,dataset/audio/brass/VisTouch_brass_f9_r1_v1_winmb07.wav,dataset/tactile/brass/VisTouch_brass_f9_r1_v1_winmb07.csv,dataset/video/brass/VisTouch_brass_f9_r1_v1_winmb07.avi
VisTouch_brass_f9_r1_v1_winmb08,brass_f9_r1_v1,brass,huangtong,黄铜,0,9,1,1,sliding,winmb08,test,1607152546.045,1607152556.345,10.300,dataset/audio/brass/VisTouch_brass_f9_r1_v1_winmb08.wav,dataset/tactile/brass/VisTouch_brass_f9_r1_v1_winmb08.csv,dataset/video/brass/VisTouch_brass_f9_r1_v1_winmb08.avi
VisTouch_brass_f9_r1_v1_winmb09,brass_f9_r1_v1,brass,huangtong,黄铜,0,9,1,1,sliding,winmb09,test,1607152551.838,1607152562.138,10.300,dataset/audio/brass/VisTouch_brass_f9_r1_v1_winmb09.wav,dataset/tactile/brass/VisTouch_brass_f9_r1_v1_winmb09.csv,dataset/video/brass/VisTouch_brass_f9_r1_v1_winmb09.avi
VisTouch_brass_f9_r1_v1_winmb10,brass_f9_r1_v1,brass,huangtong,黄铜,0,9,1,1,sliding,winmb10,test,1607152555.655,1607152565.955,10.300,dataset/audio/brass/VisTouch_brass_f9_r1_v1_winmb10.wav,dataset/tactile/brass/VisTouch_brass_f9_r1_v1_winmb10.csv,dataset/video/brass/VisTouch_brass_f9_r1_v1_winmb10.avi
VisTouch_brass_f9_r1_v1_winlb01,brass_f9_r1_v1,brass,huangtong,黄铜,0,9,1,1,sliding,winlb01,test,1607152511.617,1607152525.617,14.000,dataset/audio/brass/VisTouch_brass_f9_r1_v1_winlb01.wav,dataset/tactile/brass/VisTouch_brass_f9_r1_v1_winlb01.csv,dataset/video/brass/VisTouch_brass_f9_r1_v1_winlb01.avi
VisTouch_brass_f9_r1_v1_winlb02,brass_f9_r1_v1,brass,huangtong,黄铜,0,9,1,1,sliding,winlb02,test,1607152516.990,1607152530.990,14.000,dataset/audio/brass/VisTouch_brass_f9_r1_v1_winlb02.wav,dataset/tactile/brass/VisTouch_brass_f9_r1_v1_winlb02.csv,dataset/video/brass/VisTouch_brass_f9_r1_v1_winlb02.avi
VisTouch_brass_f9_r1_v1_winlb03,brass_f9_r1_v1,brass,huangtong,黄铜,0,9,1,1,sliding,winlb03,test,1607152524.573,1607152538.573,14.000,dataset/audio/brass/VisTouch_brass_f9_r1_v1_winlb03.wav,dataset/tactile/brass/VisTouch_brass_f9_r1_v1_winlb03.csv,dataset/video/brass/VisTouch_brass_f9_r1_v1_winlb03.avi
VisTouch_brass_f9_r1_v1_winlb04,brass_f9_r1_v1,brass,huangtong,黄铜,0,9,1,1,sliding,winlb04,test,1607152531.754,1607152545.754,14.000,dataset/audio/brass/VisTouch_brass_f9_r1_v1_winlb04.wav,dataset/tactile/brass/VisTouch_brass_f9_r1_v1_winlb04.csv,dataset/video/brass/VisTouch_brass_f9_r1_v1_winlb04.avi
VisTouch_brass_f9_r1_v1_winlb06,brass_f9_r1_v1,brass,huangtong,黄铜,0,9,1,1,sliding,winlb06,test,1607152546.031,1607152560.031,14.000,dataset/audio/brass/VisTouch_brass_f9_r1_v1_winlb06.wav,dataset/tactile/brass/VisTouch_brass_f9_r1_v1_winlb06.csv,dataset/video/brass/VisTouch_brass_f9_r1_v1_winlb06.avi
VisTouch_brass_f9_r1_v1_winlb07,brass_f9_r1_v1,brass,huangtong,黄铜,0,9,1,1,sliding,winlb07,test,1607152552.394,1607152566.394,14.000,dataset/audio/brass/VisTouch_brass_f9_r1_v1_winlb07.wav,dataset/tactile/brass/VisTouch_brass_f9_r1_v1_winlb07.csv,dataset/video/brass/VisTouch_brass_f9_r1_v1_winlb07.avi
VisTouch_brass_f9_r1_v1_wine01,brass_f9_r1_v1,brass,huangtong,黄铜,0,9,1,1,sliding,wine01,test,1607152507.400,1607152515.900,8.500,dataset/audio/brass/VisTouch_brass_f9_r1_v1_wine01.wav,dataset/tactile/brass/VisTouch_brass_f9_r1_v1_wine01.csv,dataset/video/brass/VisTouch_brass_f9_r1_v1_wine01.avi
VisTouch_brass_f9_r1_v1_wine02,brass_f9_r1_v1,brass,huangtong,黄铜,0,9,1,1,sliding,wine02,test,1607152512.145,1607152520.645,8.500,dataset/audio/brass/VisTouch_brass_f9_r1_v1_wine02.wav,dataset/tactile/brass/VisTouch_brass_f9_r1_v1_wine02.csv,dataset/video/brass/VisTouch_brass_f9_r1_v1_wine02.avi
VisTouch_brass_f9_r1_v1_wine03,brass_f9_r1_v1,brass,huangtong,黄铜,0,9,1,1,sliding,wine03,test,1607152515.550,1607152524.050,8.500,dataset/audio/brass/VisTouch_brass_f9_r1_v1_wine03.wav,dataset/tactile/brass/VisTouch_brass_f9_r1_v1_wine03.csv,dataset/video/brass/VisTouch_brass_f9_r1_v1_wine03.avi
VisTouch_brass_f9_r1_v1_wine04,brass_f9_r1_v1,brass,huangtong,黄铜,0,9,1,1,sliding,wine04,test,1607152519.671,1607152528.171,8.500,dataset/audio/brass/VisTouch_brass_f9_r1_v1_wine04.wav,dataset/tactile/brass/VisTouch_brass_f9_r1_v1_wine04.csv,dataset/video/brass/VisTouch_brass_f9_r1_v1_wine04.avi
VisTouch_brass_f9_r1_v1_wine05,brass_f9_r1_v1,brass,huangtong,黄铜,0,9,1,1,sliding,wine05,test,1607152524.130,1607152532.630,8.500,dataset/audio/brass/VisTouch_brass_f9_r1_v1_wine05.wav,dataset/tactile/brass/VisTouch_brass_f9_r1_v1_wine05.csv,dataset/video/brass/VisTouch_brass_f9_r1_v1_wine05.avi
VisTouch_brass_f9_r1_v1_wine06,brass_f9_r1_v1,brass,huangtong,黄铜,0,9,1,1,sliding,wine06,test,1607152528.760,1607152537.260,8.500,dataset/audio/brass/VisTouch_brass_f9_r1_v1_wine06.wav,dataset/tactile/brass/VisTouch_brass_f9_r1_v1_wine06.csv,dataset/video/brass/VisTouch_brass_f9_r1_v1_wine06.avi
VisTouch_brass_f9_r1_v1_wine07,brass_f9_r1_v1,brass,huangtong,黄铜,0,9,1,1,sliding,wine07,test,1607152532.969,1607152541.469,8.500,dataset/audio/brass/VisTouch_brass_f9_r1_v1_wine07.wav,dataset/tactile/brass/VisTouch_brass_f9_r1_v1_wine07.csv,dataset/video/brass/VisTouch_brass_f9_r1_v1_wine07.avi
VisTouch_brass_f9_r1_v1_wine08,brass_f9_r1_v1,brass,huangtong,黄铜,0,9,1,1,sliding,wine08,test,1607152537.545,1607152546.045,8.500,dataset/audio/brass/VisTouch_brass_f9_r1_v1_wine08.wav,dataset/tactile/brass/VisTouch_brass_f9_r1_v1_wine08.csv,dataset/video/brass/VisTouch_brass_f9_r1_v1_wine08.avi
VisTouch_brass_f9_r1_v1_wine09,brass_f9_r1_v1,brass,huangtong,黄铜,0,9,1,1,sliding,wine09,test,1607152541.477,1607152549.977,8.500,dataset/audio/brass/VisTouch_brass_f9_r1_v1_wine09.wav,dataset/tactile/brass/VisTouch_brass_f9_r1_v1_wine09.csv,dataset/video/brass/VisTouch_brass_f9_r1_v1_wine09.avi
VisTouch_brass_f9_r1_v1_wine10,brass_f9_r1_v1,brass,huangtong,黄铜,0,9,1,1,sliding,wine10,test,1607152545.380,1607152553.880,8.500,dataset/audio/brass/VisTouch_brass_f9_r1_v1_wine10.wav,dataset/tactile/brass/VisTouch_brass_f9_r1_v1_wine10.csv,dataset/video/brass/VisTouch_brass_f9_r1_v1_wine10.avi
VisTouch_brass_f9_r1_v1_wine11,brass_f9_r1_v1,brass,huangtong,黄铜,0,9,1,1,sliding,wine11,test,1607152549.789,1607152558.289,8.500,dataset/audio/brass/VisTouch_brass_f9_r1_v1_wine11.wav,dataset/tactile/brass/VisTouch_brass_f9_r1_v1_wine11.csv,dataset/video/brass/VisTouch_brass_f9_r1_v1_wine11.avi
VisTouch_brass_f9_r1_v1_wine12,brass_f9_r1_v1,brass,huangtong,黄铜,0,9,1,1,sliding,wine12,test,1607152554.556,1607152563.056,8.500,dataset/audio/brass/VisTouch_brass_f9_r1_v1_wine12.wav,dataset/tactile/brass/VisTouch_brass_f9_r1_v1_wine12.csv,dataset/video/brass/VisTouch_brass_f9_r1_v1_wine12.avi
VisTouch_brass_f9_r1_v1_wine13,brass_f9_r1_v1,brass,huangtong,黄铜,0,9,1,1,sliding,wine13,test,1607152558.561,1607152567.061,8.500,dataset/audio/brass/VisTouch_brass_f9_r1_v1_wine13.wav,dataset/tactile/brass/VisTouch_brass_f9_r1_v1_wine13.csv,dataset/video/brass/VisTouch_brass_f9_r1_v1_wine13.avi
VisTouch_linen_f3_r1_v1_winsb02,linen_f3_r1_v1,linen,mabu,麻布,1,3,1,1,sliding,winsb02,train,1607135160.333,1607135167.333,7.000,dataset/audio/linen/VisTouch_linen_f3_r1_v1_winsb02.wav,dataset/tactile/linen/VisTouch_linen_f3_r1_v1_winsb02.csv,dataset/video/linen/VisTouch_linen_f3_r1_v1_winsb02.avi
VisTouch_linen_f3_r1_v1_winsb04,linen_f3_r1_v1,linen,mabu,麻布,1,3,1,1,sliding,winsb04,train,1607135167.569,1607135174.569,7.000,dataset/audio/linen/VisTouch_linen_f3_r1_v1_winsb04.wav,dataset/tactile/linen/VisTouch_linen_f3_r1_v1_winsb04.csv,dataset/video/linen/VisTouch_linen_f3_r1_v1_winsb04.avi
VisTouch_linen_f3_r1_v1_winsb05,linen_f3_r1_v1,linen,mabu,麻布,1,3,1,1,sliding,winsb05,train,1607135171.336,1607135178.336,7.000,dataset/audio/linen/VisTouch_linen_f3_r1_v1_winsb05.wav,dataset/tactile/linen/VisTouch_linen_f3_r1_v1_winsb05.csv,dataset/video/linen/VisTouch_linen_f3_r1_v1_winsb05.avi
VisTouch_linen_f3_r1_v1_winsb06,linen_f3_r1_v1,linen,mabu,麻布,1,3,1,1,sliding,winsb06,train,1607135174.098,1607135181.098,7.000,dataset/audio/linen/VisTouch_linen_f3_r1_v1_winsb06.wav,dataset/tactile/linen/VisTouch_linen_f3_r1_v1_winsb06.csv,dataset/video/linen/VisTouch_linen_f3_r1_v1_winsb06.avi
VisTouch_linen_f3_r1_v1_winsb07,linen_f3_r1_v1,linen,mabu,麻布,1,3,1,1,sliding,winsb07,train,1607135177.872,1607135184.872,7.000,dataset/audio/linen/VisTouch_linen_f3_r1_v1_winsb07.wav,dataset/tactile/linen/VisTouch_linen_f3_r1_v1_winsb07.csv,dataset/video/linen/VisTouch_linen_f3_r1_v1_winsb07.avi
VisTouch_linen_f3_r1_v1_winsb08,linen_f3_r1_v1,linen,mabu,麻布,1,3,1,1,sliding,winsb08,train,1607135181.900,1607135188.900,7.000,dataset/audio/linen/VisTouch_linen_f3_r1_v1_winsb08.wav,dataset/tactile/linen/VisTouch_linen_f3_r1_v1_winsb08.csv,dataset/video/linen/VisTouch_linen_f3_r1_v1_winsb08.avi
VisTouch_linen_f3_r1_v1_winsb09,linen_f3_r1_v1,linen,mabu,麻布,1,3,1,1,sliding,winsb09,train,1607135184.490,1607135191.490,7.000,dataset/audio/linen/VisTouch_linen_f3_r1_v1_winsb09.wav,dataset/tactile/linen/VisTouch_linen_f3_r1_v1_winsb09.csv,dataset/video/linen/VisTouch_linen_f3_r1_v1_winsb09.avi
VisTouch_linen_f3_r1_v1_winsb10,linen_f3_r1_v1,linen,mabu,麻布,1,3,1,1,sliding,winsb10,train,1607135188.809,1607135195.809,7.000,dataset/audio/linen/VisTouch_linen_f3_r1_v1_winsb10.wav,dataset/tactile/linen/VisTouch_linen_f3_r1_v1_winsb10.csv,dataset/video/linen/VisTouch_linen_f3_r1_v1_winsb10.avi
VisTouch_linen_f3_r1_v1_winsb11,linen_f3_r1_v1,linen,mabu,麻布,1,3,1,1,sliding,winsb11,train,1607135191.881,1607135198.881,7.000,dataset/audio/linen/VisTouch_linen_f3_r1_v1_winsb11.wav,dataset/tactile/linen/VisTouch_linen_f3_r1_v1_winsb11.csv,dataset/video/linen/VisTouch_linen_f3_r1_v1_winsb11.avi
VisTouch_linen_f3_r1_v1_winsb12,linen_f3_r1_v1,linen,mabu,麻布,1,3,1,1,sliding,winsb12,train,1607135195.816,1607135202.816,7.000,dataset/audio/linen/VisTouch_linen_f3_r1_v1_winsb12.wav,dataset/tactile/linen/VisTouch_linen_f3_r1_v1_winsb12.csv,dataset/video/linen/VisTouch_linen_f3_r1_v1_winsb12.avi
VisTouch_linen_f3_r1_v1_winsb13,linen_f3_r1_v1,linen,mabu,麻布,1,3,1,1,sliding,winsb13,train,1607135198.455,1607135205.455,7.000,dataset/audio/linen/VisTouch_linen_f3_r1_v1_winsb13.wav,dataset/tactile/linen/VisTouch_linen_f3_r1_v1_winsb13.csv,dataset/video/linen/VisTouch_linen_f3_r1_v1_winsb13.avi
VisTouch_linen_f3_r1_v1_winsb14,linen_f3_r1_v1,linen,mabu,麻布,1,3,1,1,sliding,winsb14,train,1607135202.328,1607135209.328,7.000,dataset/audio/linen/VisTouch_linen_f3_r1_v1_winsb14.wav,dataset/tactile/linen/VisTouch_linen_f3_r1_v1_winsb14.csv,dataset/video/linen/VisTouch_linen_f3_r1_v1_winsb14.avi
VisTouch_linen_f3_r1_v1_winsb15,linen_f3_r1_v1,linen,mabu,麻布,1,3,1,1,sliding,winsb15,train,1607135205.528,1607135212.528,7.000,dataset/audio/linen/VisTouch_linen_f3_r1_v1_winsb15.wav,dataset/tactile/linen/VisTouch_linen_f3_r1_v1_winsb15.csv,dataset/video/linen/VisTouch_linen_f3_r1_v1_winsb15.avi
VisTouch_linen_f3_r1_v1_winsb16,linen_f3_r1_v1,linen,mabu,麻布,1,3,1,1,sliding,winsb16,train,1607135209.630,1607135216.630,7.000,dataset/audio/linen/VisTouch_linen_f3_r1_v1_winsb16.wav,dataset/tactile/linen/VisTouch_linen_f3_r1_v1_winsb16.csv,dataset/video/linen/VisTouch_linen_f3_r1_v1_winsb16.avi
VisTouch_linen_f3_r1_v1_winsb17,linen_f3_r1_v1,linen,mabu,麻布,1,3,1,1,sliding,winsb17,train,1607135212.733,1607135219.733,7.000,dataset/audio/linen/VisTouch_linen_f3_r1_v1_winsb17.wav,dataset/tactile/linen/VisTouch_linen_f3_r1_v1_winsb17.csv,dataset/video/linen/VisTouch_linen_f3_r1_v1_winsb17.avi
VisTouch_linen_f3_r1_v1_winmb01,linen_f3_r1_v1,linen,mabu,麻布,1,3,1,1,sliding,winmb01,train,1607135158.108,1607135168.408,10.300,dataset/audio/linen/VisTouch_linen_f3_r1_v1_winmb01.wav,dataset/tactile/linen/VisTouch_linen_f3_r1_v1_winmb01.csv,dataset/video/linen/VisTouch_linen_f3_r1_v1_winmb01.avi
VisTouch_linen_f3_r1_v1_winmb02,linen_f3_r1_v1,linen,mabu,麻布,1,3,1,1,sliding,winmb02,train,1607135163.631,1607135173.931,10.300,dataset/audio/linen/VisTouch_linen_f3_r1_v1_winmb02.wav,dataset/tactile/linen/VisTouch_linen_f3_r1_v1_winmb02.csv,dataset/video/linen/VisTouch_linen_f3_r1_v1_winmb02.avi
VisTouch_linen_f3_r1_v1_winmb03,linen_f3_r1_v1,linen,mabu,麻布,1,3,1,1,sliding,winmb03,train,1607135167.518,1607135177.818,10.300,dataset/audio/linen/VisTouch_linen_f3_r1_v1_winmb03.wav,dataset/tactile/linen/VisTouch_linen_f3_r1_v1_winmb03.csv,dataset/video/linen/VisTouch_linen_f3_r1_v1_winmb03.avi
VisTouch_linen_f3_r1_v1_winmb04,linen_f3_r1_v1,linen,mabu,麻布,1,3,1,1,sliding,winmb04,train,1607135173.809,1607135184.109,10.300,dataset/audio/linen/VisTouch_linen_f3_r1_v1_winmb04.wav,dataset/tactile/linen/VisTouch_linen_f3_r1_v1_winmb04.csv,dataset/video/linen/VisTouch_linen_f3_r1_v1_winmb04.avi
VisTouch_linen_f3_r1_v1_winmb05,linen_f3_r1_v1,linen,mabu,麻布,1,3,1,1,sliding,winmb05,train,1607135177.714,1607135188.014,10.300,dataset/audio/linen/VisTouch_linen_f3_r1_v1_winmb05.wav,dataset/tactile/linen/VisTouch_linen_f3_r1_v1_winmb05.csv,dataset/video/linen/VisTouch_linen_f3_r1_v1_winmb05.avi
VisTouch_linen_f3_r1_v1_winmb06,linen_f3_r1_v1,linen,mabu,麻布,1,3,1,1,sliding,winmb06,train,1607135183.361,1607135193.661,10.300,dataset/audio/linen/VisTouch_linen_f3_r1_v1_winmb06.wav,dataset/tactile/linen/VisTouch_linen_f3_r1_v1_winmb06.csv,dataset/video/linen/VisTouch_linen_f3_r1_v1_winmb06.avi
VisTouch_linen_f3_r1_v1_winmb07,linen_f3_r1_v1,linen,mabu,麻布,1,3,1,1,sliding,winmb07,train,1607135188.587,1607135198.887,10.300,dataset/audio/linen/VisTouch_linen_f3_r1_v1_winmb07.wav,dataset/tactile/linen/VisTouch_linen_f3_r1_v1_winmb07.csv,dataset/video/linen/VisTouch_linen_f3_r1_v1_winmb07.avi
VisTouch_linen_f3_r1_v1_winmb08,linen_f3_r1_v1,linen,mabu,麻布,1,3,1,1,sliding,winmb08,train,1607135193.828,1607135204.128,10.300,dataset/audio/linen/VisTouch_linen_f3_r1_v1_winmb08.wav,dataset/tactile/linen/VisTouch_linen_f3_r1_v1_winmb08.csv,dataset/video/linen/VisTouch_linen_f3_r1_v1_winmb08.avi
VisTouch_linen_f3_r1_v1_winmb10,linen_f3_r1_v1,linen,mabu,麻布,1,3,1,1,sliding,winmb10,train,1607135204.571,1607135214.871,10.300,dataset/audio/linen/VisTouch_linen_f3_r1_v1_winmb10.wav,dataset/tactile/linen/VisTouch_linen_f3_r1_v1_winmb10.csv,dataset/video/linen/VisTouch_linen_f3_r1_v1_winmb10.avi
VisTouch_linen_f3_r1_v1_winmb11,linen_f3_r1_v1,linen,mabu,麻布,1,3,1,1,sliding,winmb11,train,1607135209.000,1607135219.300,10.300,dataset/audio/linen/VisTouch_linen_f3_r1_v1_winmb11.wav,dataset/tactile/linen/VisTouch_linen_f3_r1_v1_winmb11.csv,dataset/video/linen/VisTouch_linen_f3_r1_v1_winmb11.avi
VisTouch_linen_f3_r1_v1_winlb01,linen_f3_r1_v1,linen,mabu,麻布,1,3,1,1,sliding,winlb01,train,1607135158.237,1607135172.237,14.000,dataset/audio/linen/VisTouch_linen_f3_r1_v1_winlb01.wav,dataset/tactile/linen/VisTouch_linen_f3_r1_v1_winlb01.csv,dataset/video/linen/VisTouch_linen_f3_r1_v1_winlb01.avi
VisTouch_linen_f3_r1_v1_winlb02,linen_f3_r1_v1,linen,mabu,麻布,1,3,1,1,sliding,winlb02,train,1607135166.483,1607135180.483,14.000,dataset/audio/linen/VisTouch_linen_f3_r1_v1_winlb02.wav,dataset/tactile/linen/VisTouch_linen_f3_r1_v1_winlb02.csv,dataset/video/linen/VisTouch_linen_f3_r1_v1_winlb02.avi
VisTouch_linen_f3_r1_v1_winlb04,linen_f3_r1_v1,linen,mabu,麻布,1,3,1,1,sliding,winlb04,train,1607135179.742,1607135193.742,14.000,dataset/audio/linen/VisTouch_linen_f3_r1_v1_winlb04.wav,dataset/tactile/linen/VisTouch_linen_f3_r1_v1_winlb04.csv,dataset/video/linen/VisTouch_linen_f3_r1_v1_winlb04.avi
VisTouch_linen_f3_r1_v1_winlb05,linen_f3_r1_v1,linen,mabu,麻布,1,3,1,1,sliding,winlb05,train,1607135186.393,1607135200.393,14.000,dataset/audio/linen/VisTouch_linen_f3_r1_v1_winlb05.wav,dataset/tactile/linen/VisTouch_linen_f3_r1_v1_winlb05.csv,dataset/video/linen/VisTouch_linen_f3_r1_v1_winlb05.avi
VisTouch_linen_f3_r1_v1_winlb06,linen_f3_r1_v1,linen,mabu,麻布,1,3,1,1,sliding,winlb06,train,1607135194.759,1607135208.759,14.000,dataset/audio/linen/VisTouch_linen_f3_r1_v1_winlb06.wav,dataset/tactile/linen/VisTouch_linen_f3_r1_v1_winlb06.csv,dataset/video/linen/VisTouch_linen_f3_r1_v1_winlb06.avi
VisTouch_linen_f3_r1_v1_winlb07,linen_f3_r1_v1,linen,mabu,麻布,1,3,1,1,sliding,winlb07,train,1607135200.333,1607135214.333,14.000,dataset/audio/linen/VisTouch_linen_f3_r1_v1_winlb07.wav,dataset/tactile/linen/VisTouch_linen_f3_r1_v1_winlb07.csv,dataset/video/linen/VisTouch_linen_f3_r1_v1_winlb07.avi
VisTouch_linen_f3_r1_v1_wine01,linen_f3_r1_v1,linen,mabu,麻布,1,3,1,1,sliding,wine01,train,1607135155.705,1607135164.205,8.500,dataset/audio/linen/VisTouch_linen_f3_r1_v1_wine01.wav,dataset/tactile/linen/VisTouch_linen_f3_r1_v1_wine01.csv,dataset/video/linen/VisTouch_linen_f3_r1_v1_wine01.avi
VisTouch_linen_f3_r1_v1_wine02,linen_f3_r1_v1,linen,mabu,麻布,1,3,1,1,sliding,wine02,train,1607135159.868,1607135168.368,8.500,dataset/audio/linen/VisTouch_linen_f3_r1_v1_wine02.wav,dataset/tactile/linen/VisTouch_linen_f3_r1_v1_wine02.csv,dataset/video/linen/VisTouch_linen_f3_r1_v1_wine02.avi
VisTouch_linen_f3_r1_v1_wine03,linen_f3_r1_v1,linen,mabu,麻布,1,3,1,1,sliding,wine03,train,1607135163.934,1607135172.434,8.500,dataset/audio/linen/VisTouch_linen_f3_r1_v1_wine03.wav,dataset/tactile/linen/VisTouch_linen_f3_r1_v1_wine03.csv,dataset/video/linen/VisTouch_linen_f3_r1_v1_wine03.avi
VisTouch_linen_f3_r1_v1_wine04,linen_f3_r1_v1,linen,mabu,麻布,1,3,1,1,sliding,wine04,train,1607135168.554,1607135177.054,8.500,dataset/audio/linen/VisTouch_linen_f3_r1_v1_wine04.wav,dataset/tactile/linen/VisTouch_linen_f3_r1_v1_wine04.csv,dataset/video/linen/VisTouch_linen_f3_r1_v1_wine04.avi
VisTouch_linen_f3_r1_v1_wine05,linen_f3_r1_v1,linen,mabu,麻布,1,3,1,1,sliding,wine05,train,1607135172.763,1607135181.263,8.500,dataset/audio/linen/VisTouch_linen_f3_r1_v1_wine05.wav,dataset/tactile/linen/VisTouch_linen_f3_r1_v1_wine05.csv,dataset/video/linen/VisTouch_linen_f3_r1_v1_wine05.avi
VisTouch_linen_f3_r1_v1_wine06,linen_f3_r1_v1,linen,mabu,麻布,1,3,1,1,sliding,wine06,train,1607135176.787,1607135185.287,8.500,dataset/audio/linen/VisTouch_linen_f3_r1_v1_wine06.wav,dataset/tactile/linen/VisTouch_linen_f3_r1_v1_wine06.csv,dataset/video/linen/VisTouch_linen_f3_r1_v1_wine06.avi
VisTouch_linen_f3_r1_v1_wine07,linen_f3_r1_v1,linen,mabu,麻布,1,3,1,1,sliding,wine07,train,1607135181.180,1607135189.680,8.500,dataset/audio/linen/VisTouch_linen_f3_r1_v1_wine07.wav,dataset/tactile/linen/VisTouch_linen_f3_r1_v1_wine07.csv,dataset/video/linen/VisTouch_linen_f3_r1_v1_wine07.avi
VisTouch_linen_f3_r1_v1_wine08,linen_f3_r1_v1,linen,mabu,麻布,1,3,1,1,sliding,wine08,train,1607135184.648,1607135193.148,8.500,dataset/audio/linen/VisTouch_linen_f3_r1_v1_wine08.wav,dataset/tactile/linen/VisTouch_linen_f3_r1_v1_wine08.csv,dataset/video/linen/VisTouch_linen_f3_r1_v1_wine08.avi
VisTouch_linen_f3_r1_v1_wine09,linen_f3_r1_v1,linen,mabu,麻布,1,3,1,1,sliding,wine09,train,1607135188.763,1607135197.263,8.500,dataset/audio/linen/VisTouch_linen_f3_r1_v1_wine09.wav,dataset/tactile/linen/VisTouch_linen_f3_r1_v1_wine09.csv,dataset/video/linen/VisTouch_linen_f3_r1_v1_wine09.avi
VisTouch_linen_f3_r1_v1_wine10,linen_f3_r1_v1,linen,mabu,麻布,1,3,1,1,sliding,wine10,train,1607135193.687,1607135202.187,8.500,dataset/audio/linen/VisTouch_linen_f3_r1_v1_wine10.wav,dataset/tactile/linen/VisTouch_linen_f3_r1_v1_wine10.csv,dataset/video/linen/VisTouch_linen_f3_r1_v1_wine10.avi
VisTouch_linen_f3_r1_v1_wine11,linen_f3_r1_v1,linen,mabu,麻布,1,3,1,1,sliding,wine11,train,1607135197.994,1607135206.494,8.500,dataset/audio/linen/VisTouch_linen_f3_r1_v1_wine11.wav,dataset/tactile/linen/VisTouch_linen_f3_r1_v1_wine11.csv,dataset/video/linen/VisTouch_linen_f3_r1_v1_wine11.avi
VisTouch_linen_f3_r1_v1_wine12,linen_f3_r1_v1,linen,mabu,麻布,1,3,1,1,sliding,wine12,train,1607135201.545,1607135210.045,8.500,dataset/audio/linen/VisTouch_linen_f3_r1_v1_wine12.wav,dataset/tactile/linen/VisTouch_linen_f3_r1_v1_wine12.csv,dataset/video/linen/VisTouch_linen_f3_r1_v1_wine12.avi
VisTouch_linen_f3_r1_v1_wine13,linen_f3_r1_v1,linen,mabu,麻布,1,3,1,1,sliding,wine13,train,1607135206.087,1607135214.587,8.500,dataset/audio/linen/VisTouch_linen_f3_r1_v1_wine13.wav,dataset/tactile/linen/VisTouch_linen_f3_r1_v1_wine13.csv,dataset/video/linen/VisTouch_linen_f3_r1_v1_wine13.avi
VisTouch_linen_f3_r1_v1_wine14,linen_f3_r1_v1,linen,mabu,麻布,1,3,1,1,sliding,wine14,train,1607135210.993,1607135219.493,8.500,dataset/audio/linen/VisTouch_linen_f3_r1_v1_wine14.wav,dataset/tactile/linen/VisTouch_linen_f3_r1_v1_wine14.csv,dataset/video/linen/VisTouch_linen_f3_r1_v1_wine14.avi
VisTouch_linen_f6_r1_v1_winsb01,linen_f6_r1_v1,linen,mabu,麻布,1,6,1,1,sliding,winsb01,train,1607135341.814,1607135348.814,7.000,dataset/audio/linen/VisTouch_linen_f6_r1_v1_winsb01.wav,dataset/tactile/linen/VisTouch_linen_f6_r1_v1_winsb01.csv,dataset/video/linen/VisTouch_linen_f6_r1_v1_winsb01.avi
VisTouch_linen_f6_r1_v1_winsb02,linen_f6_r1_v1,linen,mabu,麻布,1,6,1,1,sliding,winsb02,train,1607135345.332,1607135352.332,7.000,dataset/audio/linen/VisTouch_linen_f6_r1_v1_winsb02.wav,dataset/tactile/linen/VisTouch_linen_f6_r1_v1_winsb02.csv,dataset/video/linen/VisTouch_linen_f6_r1_v1_winsb02.avi
VisTouch_linen_f6_r1_v1_winsb03,linen_f6_r1_v1,linen,mabu,麻布,1,6,1,1,sliding,winsb03,train,1607135348.429,1607135355.429,7.000,dataset/audio/linen/VisTouch_linen_f6_r1_v1_winsb03.wav,dataset/tactile/linen/VisTouch_linen_f6_r1_v1_winsb03.csv,dataset/video/linen/VisTouch_linen_f6_r1_v1_winsb03.avi
VisTouch_linen_f6_r1_v1_winsb04,linen_f6_r1_v1,linen,mabu,麻布,1,6,1,1,sliding,winsb04,train,1607135352.277,1607135359.277,7.000,dataset/audio/linen/VisTouch_linen_f6_r1_v1_winsb04.wav,dataset/tactile/linen/VisTouch_linen_f6_r1_v1_winsb04.csv,dataset/video/linen/VisTouch_linen_f6_r1_v1_winsb04.avi
VisTouch_linen_f6_r1_v1_winsb05,linen_f6_r1_v1,linen,mabu,麻布,1,6,1,1,sliding,winsb05,train,1607135355.775,1607135362.775,7.000,dataset/audio/linen/VisTouch_linen_f6_r1_v1_winsb05.wav,dataset/tactile/linen/VisTouch_linen_f6_r1_v1_winsb05.csv,dataset/video/linen/VisTouch_linen_f6_r1_v1_winsb05.avi
VisTouch_linen_f6_r1_v1_winsb06,linen_f6_r1_v1,linen,mabu,麻布,1,6,1,1,sliding,winsb06,train,1607135358.818,1607135365.818,7.000,dataset/audio/linen/VisTouch_linen_f6_r1_v1_winsb06.wav,dataset/tactile/linen/VisTouch_linen_f6_r1_v1_winsb06.csv,dataset/video/linen/VisTouch_linen_f6_r1_v1_winsb06.avi
VisTouch_linen_f6_r1_v1_winsb08,linen_f6_r1_v1,linen,mabu,麻布,1,6,1,1,sliding,winsb08,train,1607135366.325,1607135373.325,7.000,dataset/audio/linen/VisTouch_linen_f6_r1_v1_winsb08.wav,dataset/tactile/linen/VisTouch_linen_f6_r1_v1_winsb08.csv,dataset/video/linen/VisTouch_linen_f6_r1_v1_winsb08.avi
VisTouch_linen_f6_r1_v1_winsb09,linen_f6_r1_v1,linen,mabu,麻布,1,6,1,1,sliding,winsb09,train,1607135369.232,1607135376.232,7.000,dataset/audio/linen/VisTouch_linen_f6_r1_v1_winsb09.wav,dataset/tactile/linen/VisTouch_linen_f6_r1_v1_winsb09.csv,dataset/video/linen/VisTouch_linen_f6_r1_v1_winsb09.avi
VisTouch_linen_f6_r1_v1_winsb10,linen_f6_r1_v1,linen,mabu,麻布,1,6,1,1,sliding,winsb10,train,1607135373.536,1607135380.536,7.000,dataset/audio/linen/VisTouch_linen_f6_r1_v1_winsb10.wav,dataset/tactile/linen/VisTouch_linen_f6_r1_v1_winsb10.csv,dataset/video/linen/VisTouch_linen_f6_r1_v1_winsb10.avi
VisTouch_linen_f6_r1_v1_winsb11,linen_f6_r1_v1,linen,mabu,麻布,1,6,1,1,sliding,winsb11,train,1607135377.252,1607135384.252,7.000,dataset/audio/linen/VisTouch_linen_f6_r1_v1_winsb11.wav,dataset/tactile/linen/VisTouch_linen_f6_r1_v1_winsb11.csv,dataset/video/linen/VisTouch_linen_f6_r1_v1_winsb11.avi
VisTouch_linen_f6_r1_v1_winsb12,linen_f6_r1_v1,linen,mabu,麻布,1,6,1,1,sliding,winsb12,train,1607135380.344,1607135387.344,7.000,dataset/audio/linen/VisTouch_linen_f6_r1_v1_winsb12.wav,dataset/tactile/linen/VisTouch_linen_f6_r1_v1_winsb12.csv,dataset/video/linen/VisTouch_linen_f6_r1_v1_winsb12.avi
VisTouch_linen_f6_r1_v1_winsb13,linen_f6_r1_v1,linen,mabu,麻布,1,6,1,1,sliding,winsb13,train,1607135383.561,1607135390.561,7.000,dataset/audio/linen/VisTouch_linen_f6_r1_v1_winsb13.wav,dataset/tactile/linen/VisTouch_linen_f6_r1_v1_winsb13.csv,dataset/video/linen/VisTouch_linen_f6_r1_v1_winsb13.avi
VisTouch_linen_f6_r1_v1_winsb14,linen_f6_r1_v1,linen,mabu,麻布,1,6,1,1,sliding,winsb14,train,1607135386.922,1607135393.922,7.000,dataset/audio/linen/VisTouch_linen_f6_r1_v1_winsb14.wav,dataset/tactile/linen/VisTouch_linen_f6_r1_v1_winsb14.csv,dataset/video/linen/VisTouch_linen_f6_r1_v1_winsb14.avi
VisTouch_linen_f6_r1_v1_winsb15,linen_f6_r1_v1,linen,mabu,麻布,1,6,1,1,sliding,winsb15,train,1607135390.931,1607135397.931,7.000,dataset/audio/linen/VisTouch_linen_f6_r1_v1_winsb15.wav,dataset/tactile/linen/VisTouch_linen_f6_r1_v1_winsb15.csv,dataset/video/linen/VisTouch_linen_f6_r1_v1_winsb15.avi
VisTouch_linen_f6_r1_v1_winsb16,linen_f6_r1_v1,linen,mabu,麻布,1,6,1,1,sliding,winsb16,train,1607135393.930,1607135400.930,7.000,dataset/audio/linen/VisTouch_linen_f6_r1_v1_winsb16.wav,dataset/tactile/linen/VisTouch_linen_f6_r1_v1_winsb16.csv,dataset/video/linen/VisTouch_linen_f6_r1_v1_winsb16.avi
VisTouch_linen_f6_r1_v1_winsb17,linen_f6_r1_v1,linen,mabu,麻布,1,6,1,1,sliding,winsb17,train,1607135397.832,1607135404.832,7.000,dataset/audio/linen/VisTouch_linen_f6_r1_v1_winsb17.wav,dataset/tactile/linen/VisTouch_linen_f6_r1_v1_winsb17.csv,dataset/video/linen/VisTouch_linen_f6_r1_v1_winsb17.avi
VisTouch_linen_f6_r1_v1_winmb01,linen_f6_r1_v1,linen,mabu,麻布,1,6,1,1,sliding,winmb01,train,1607135342.733,1607135353.033,10.300,dataset/audio/linen/VisTouch_linen_f6_r1_v1_winmb01.wav,dataset/tactile/linen/VisTouch_linen_f6_r1_v1_winmb01.csv,dataset/video/linen/VisTouch_linen_f6_r1_v1_winmb01.avi
VisTouch_linen_f6_r1_v1_winmb02,linen_f6_r1_v1,linen,mabu,麻布,1,6,1,1,sliding,winmb02,train,1607135348.439,1607135358.739,10.300,dataset/audio/linen/VisTouch_linen_f6_r1_v1_winmb02.wav,dataset/tactile/linen/VisTouch_linen_f6_r1_v1_winmb02.csv,dataset/video/linen/VisTouch_linen_f6_r1_v1_winmb02.avi
VisTouch_linen_f6_r1_v1_winmb03,linen_f6_r1_v1,linen,mabu,麻布,1,6,1,1,sliding,winmb03,train,1607135352.214,1607135362.514,10.300,dataset/audio/linen/VisTouch_linen_f6_r1_v1_winmb03.wav,dataset/tactile/linen/VisTouch_linen_f6_r1_v1_winmb03.csv,dataset/video/linen/VisTouch_linen_f6_r1_v1_winmb03.avi
VisTouch_linen_f6_r1_v1_winmb04,linen_f6_r1_v1,linen,mabu,麻布,1,6,1,1,sliding,winmb04,train,1607135358.025,1607135368.325,10.300,dataset/audio/linen/VisTouch_linen_f6_r1_v1_winmb04.wav,dataset/tactile/linen/VisTouch_linen_f6_r1_v1_winmb04.csv,dataset/video/linen/VisTouch_linen_f6_r1_v1_winmb04.avi
VisTouch_linen_f6_r1_v1_winmb05,linen_f6_r1_v1,linen,mabu,麻布,1,6,1,1,sliding,winmb05,train,1607135363.552,1607135373.852,10.300,dataset/audio/linen/VisTouch_linen_f6_r1_v1_winmb05.wav,dataset/tactile/linen/VisTouch_linen_f6_r1_v1_winmb05.csv,dataset/video/linen/VisTouch_linen_f6_r1_v1_winmb05.avi
VisTouch_linen_f6_r1_v1_winmb06,linen_f6_r1_v1,linen,mabu,麻布,1,6,1,1,sliding,winmb06,train,1607135367.826,1607135378.126,10.300,dataset/audio/linen/VisTouch_linen_f6_r1_v1_winmb06.wav,dataset/tactile/linen/VisTouch_linen_f6_r1_v1_winmb06.csv,dataset/video/linen/VisTouch_linen_f6_r1_v1_winmb06.avi
VisTouch_linen_f6_r1_v1_winmb07,linen_f6_r1_v1,linen,mabu,麻布,1,6,1,1,sliding,winmb07,train,1607135373.302,1607135383.602,10.300,dataset/audio/linen/VisTouch_linen_f6_r1_v1_winmb07.wav,dataset/tactile/linen/VisTouch_linen_f6_r1_v1_winmb07.csv,dataset/video/linen/VisTouch_linen_f6_r1_v1_winmb07.avi
VisTouch_linen_f6_r1_v1_winmb08,linen_f6_r1_v1,linen,mabu,麻布,1,6,1,1,sliding,winmb08,train,1607135377.950,1607135388.250,10.300,dataset/audio/linen/VisTouch_linen_f6_r1_v1_winmb08.wav,dataset/tactile/linen/VisTouch_linen_f6_r1_v1_winmb08.csv,dataset/video/linen/VisTouch_linen_f6_r1_v1_winmb08.avi
VisTouch_linen_f6_r1_v1_winmb09,linen_f6_r1_v1,linen,mabu,麻布,1,6,1,1,sliding,winmb09,train,1607135384.124,1607135394.424,10.300,dataset/audio/linen/VisTouch_linen_f6_r1_v1_winmb09.wav,dataset/tactile/linen/VisTouch_linen_f6_r1_v1_winmb09.csv,dataset/video/linen/VisTouch_linen_f6_r1_v1_winmb09.avi
VisTouch_linen_f6_r1_v1_winmb10,linen_f6_r1_v1,linen,mabu,麻布,1,6,1,1,sliding,winmb10,train,1607135388.288,1607135398.588,10.300,dataset/audio/linen/VisTouch_linen_f6_r1_v1_winmb10.wav,dataset/tactile/linen/VisTouch_linen_f6_r1_v1_winmb10.csv,dataset/video/linen/VisTouch_linen_f6_r1_v1_winmb10.avi
VisTouch_linen_f6_r1_v1_winmb11,linen_f6_r1_v1,linen,mabu,麻布,1,6,1,1,sliding,winmb11,train,1607135393.913,1607135404.213,10.300,dataset/audio/linen/VisTouch_linen_f6_r1_v1_winmb11.wav,dataset/tactile/linen/VisTouch_linen_f6_r1_v1_winmb11.csv,dataset/video/linen/VisTouch_linen_f6_r1_v1_winmb11.avi
VisTouch_linen_f6_r1_v1_winlb01,linen_f6_r1_v1,linen,mabu,麻布,1,6,1,1,sliding,winlb01,train,1607135344.284,1607135358.284,14.000,dataset/audio/linen/VisTouch_linen_f6_r1_v1_winlb01.wav,dataset/tactile/linen/VisTouch_linen_f6_r1_v1_winlb01.csv,dataset/video/linen/VisTouch_linen_f6_r1_v1_winlb01.avi
VisTouch_linen_f6_r1_v1_winlb02,linen_f6_r1_v1,linen,mabu,麻布,1,6,1,1,sliding,winlb02,train,1607135350.442,1607135364.442,14.000,dataset/audio/linen/VisTouch_linen_f6_r1_v1_winlb02.wav,dataset/tactile/linen/VisTouch_linen_f6_r1_v1_winlb02.csv,dataset/video/linen/VisTouch_linen_f6_r1_v1_winlb02.avi
VisTouch_linen_f6_r1_v1_winlb03,linen_f6_r1_v1,linen,mabu,麻布,1,6,1,1,sliding,winlb03,train,1607135358.367,1607135372.367,14.000,dataset/audio/linen/VisTouch_linen_f6_r1_v1_winlb03.wav,dataset/tactile/linen/VisTouch_linen_f6_r1_v1_winlb03.csv,dataset/video/linen/VisTouch_linen_f6_r1_v1_winlb03.avi
VisTouch_linen_f6_r1_v1_winlb04,linen_f6_r1_v1,linen,mabu,麻布,1,6,1,1,sliding,winlb04,train,1607135365.058,1607135379.058,14.000,dataset/audio/linen/VisTouch_linen_f6_r1_v1_winlb04.wav,dataset/tactile/linen/VisTouch_linen_f6_r1_v1_winlb04.csv,dataset/video/linen/VisTouch_linen_f6_r1_v1_winlb04.avi
VisTouch_linen_f6_r1_v1_winlb05,linen_f6_r1_v1,linen,mabu,麻布,1,6,1,1,sliding,winlb05,train,1607135372.372,1607135386.372,14.000,dataset/audio/linen/VisTouch_linen_f6_r1_v1_winlb05.wav,dataset/tactile/linen/VisTouch_linen_f6_r1_v1_winlb05.csv,dataset/video/linen/VisTouch_linen_f6_r1_v1_winlb05.avi
VisTouch_linen_f6_r1_v1_winlb06,linen_f6_r1_v1,linen,mabu,麻布,1,6,1,1,sliding,winlb06,train,1607135377.718,1607135391.718,14.000,dataset/audio/linen/VisTouch_linen_f6_r1_v1_winlb06.wav,dataset/tactile/linen/VisTouch_linen_f6_r1_v1_winlb06.csv,dataset/video/linen/VisTouch_linen_f6_r1_v1_winlb06.avi
VisTouch_linen_f6_r1_v1_winlb07,linen_f6_r1_v1,linen,mabu,麻布,1,6,1,1,sliding,winlb07,train,1607135384.604,1607135398.604,14.000,dataset/audio/linen/VisTouch_linen_f6_r1_v1_winlb07.wav,dataset/tactile/linen/VisTouch_linen_f6_r1_v1_winlb07.csv,dataset/video/linen/VisTouch_linen_f6_r1_v1_winlb07.avi
VisTouch_linen_f6_r1_v1_winlb08,linen_f6_r1_v1,linen,mabu,麻布,1,6,1,1,sliding,winlb08,train,1607135391.598,1607135405.598,14.000,dataset/audio/linen/VisTouch_linen_f6_r1_v1_winlb08.wav,dataset/tactile/linen/VisTouch_linen_f6_r1_v1_winlb08.csv,dataset/video/linen/VisTouch_linen_f6_r1_v1_winlb08.avi
VisTouch_linen_f6_r1_v1_wine01,linen_f6_r1_v1,linen,mabu,麻布,1,6,1,1,sliding,wine01,train,1607135340.470,1607135348.970,8.500,dataset/audio/linen/VisTouch_linen_f6_r1_v1_wine01.wav,dataset/tactile/linen/VisTouch_linen_f6_r1_v1_wine01.csv,dataset/video/linen/VisTouch_linen_f6_r1_v1_wine01.avi
VisTouch_linen_f6_r1_v1_wine02,linen_f6_r1_v1,linen,mabu,麻布,1,6,1,1,sliding,wine02,train,1607135344.421,1607135352.921,8.500,dataset/audio/linen/VisTouch_linen_f6_r1_v1_wine02.wav,dataset/tactile/linen/VisTouch_linen_f6_r1_v1_wine02.csv,dataset/video/linen/VisTouch_linen_f6_r1_v1_wine02.avi
VisTouch_linen_f6_r1_v1_wine03,linen_f6_r1_v1,linen,mabu,麻布,1,6,1,1,sliding,wine03,train,1607135348.496,1607135356.996,8.500,dataset/audio/linen/VisTouch_linen_f6_r1_v1_wine03.wav,dataset/tactile/linen/VisTouch_linen_f6_r1_v1_wine03.csv,dataset/video/linen/VisTouch_linen_f6_r1_v1_wine03.avi
VisTouch_linen_f6_r1_v1_wine04,linen_f6_r1_v1,linen,mabu,麻布,1,6,1,1,sliding,wine04,train,1607135352.321,1607135360.821,8.500,dataset/audio/linen/VisTouch_linen_f6_r1_v1_wine04.wav,dataset/tactile/linen/VisTouch_linen_f6_r1_v1_wine04.csv,dataset/video/linen/VisTouch_linen_f6_r1_v1_wine04.avi
VisTouch_linen_f6_r1_v1_wine05,linen_f6_r1_v1,linen,mabu,麻布,1,6,1,1,sliding,wine05,train,1607135357.222,1607135365.722,8.500,dataset/audio/linen/VisTouch_linen_f6_r1_v1_wine05.wav,dataset/tactile/linen/VisTouch_linen_f6_r1_v1_wine05.csv,dataset/video/linen/VisTouch_linen_f6_r1_v1_wine05.avi
VisTouch_linen_f6_r1_v1_wine06,linen_f6_r1_v1,linen,mabu,麻布,1,6,1,1,sliding,wine06,train,1607135361.018,1607135369.518,8.500,dataset/audio/linen/VisTouch_linen_f6_r1_v1_wine06.wav,dataset/tactile/linen/VisTouch_linen_f6_r1_v1_wine06.csv,dataset/video/linen/VisTouch_linen_f6_r1_v1_wine06.avi
VisTouch_linen_f6_r1_v1_wine08,linen_f6_r1_v1,linen,mabu,麻布,1,6,1,1,sliding,wine08,train,1607135369.699,1607135378.199,8.500,dataset/audio/linen/VisTouch_linen_f6_r1_v1_wine08.wav,dataset/tactile/linen/VisTouch_linen_f6_r1_v1_wine08.csv,dataset/video/linen/VisTouch_linen_f6_r1_v1_wine08.avi
VisTouch_linen_f6_r1_v1_wine09,linen_f6_r1_v1,linen,mabu,麻布,1,6,1,1,sliding,wine09,train,1607135374.010,1607135382.510,8.500,dataset/audio/linen/VisTouch_linen_f6_r1_v1_wine09.wav,dataset/tactile/linen/VisTouch_linen_f6_r1_v1_wine09.csv,dataset/video/linen/VisTouch_linen_f6_r1_v1_wine09.avi
VisTouch_linen_f6_r1_v1_wine10,linen_f6_r1_v1,linen,mabu,麻布,1,6,1,1,sliding,wine10,train,1607135378.619,1607135387.119,8.500,dataset/audio/linen/VisTouch_linen_f6_r1_v1_wine10.wav,dataset/tactile/linen/VisTouch_linen_f6_r1_v1_wine10.csv,dataset/video/linen/VisTouch_linen_f6_r1_v1_wine10.avi
VisTouch_linen_f6_r1_v1_wine11,linen_f6_r1_v1,linen,mabu,麻布,1,6,1,1,sliding,wine11,train,1607135381.981,1607135390.481,8.500,dataset/audio/linen/VisTouch_linen_f6_r1_v1_wine11.wav,dataset/tactile/linen/VisTouch_linen_f6_r1_v1_wine11.csv,dataset/video/linen/VisTouch_linen_f6_r1_v1_wine11.avi
VisTouch_linen_f6_r1_v1_wine12,linen_f6_r1_v1,linen,mabu,麻布,1,6,1,1,sliding,wine12,train,1607135386.850,1607135395.350,8.500,dataset/audio/linen/VisTouch_linen_f6_r1_v1_wine12.wav,dataset/tactile/linen/VisTouch_linen_f6_r1_v1_wine12.csv,dataset/video/linen/VisTouch_linen_f6_r1_v1_wine12.avi
VisTouch_linen_f6_r1_v1_wine13,linen_f6_r1_v1,linen,mabu,麻布,1,6,1,1,sliding,wine13,train,1607135390.614,1607135399.114,8.500,dataset/audio/linen/VisTouch_linen_f6_r1_v1_wine13.wav,dataset/tactile/linen/VisTouch_linen_f6_r1_v1_wine13.csv,dataset/video/linen/VisTouch_linen_f6_r1_v1_wine13.avi
VisTouch_linen_f6_r1_v1_wine14,linen_f6_r1_v1,linen,mabu,麻布,1,6,1,1,sliding,wine14,train,1607135395.643,1607135404.143,8.500,dataset/audio/linen/VisTouch_linen_f6_r1_v1_wine14.wav,dataset/tactile/linen/VisTouch_linen_f6_r1_v1_wine14.csv,dataset/video/linen/VisTouch_linen_f6_r1_v1_wine14.avi
VisTouch_linen_f9_r1_v1_winsb01,linen_f9_r1_v1,linen,mabu,麻布,1,9,1,1,sliding,winsb01,test,1607135573.738,1607135580.738,7.000,dataset/audio/linen/VisTouch_linen_f9_r1_v1_winsb01.wav,dataset/tactile/linen/VisTouch_linen_f9_r1_v1_winsb01.csv,dataset/video/linen/VisTouch_linen_f9_r1_v1_winsb01.avi
VisTouch_linen_f9_r1_v1_winsb02,linen_f9_r1_v1,linen,mabu,麻布,1,9,1,1,sliding,winsb02,test,1607135577.763,1607135584.763,7.000,dataset/audio/linen/VisTouch_linen_f9_r1_v1_winsb02.wav,dataset/tactile/linen/VisTouch_linen_f9_r1_v1_winsb02.csv,dataset/video/linen/VisTouch_linen_f9_r1_v1_winsb02.avi
VisTouch_linen_f9_r1_v1_winsb03,linen_f9_r1_v1,linen,mabu,麻布,1,9,1,1,sliding,winsb03,test,1607135580.417,1607135587.417,7.000,dataset/audio/linen/VisTouch_linen_f9_r1_v1_winsb03.wav,dataset/tactile/linen/VisTouch_linen_f9_r1_v1_winsb03.csv,dataset/video/linen/VisTouch_linen_f9_r1_v1_winsb03.avi
VisTouch_linen_f9_r1_v1_winsb05,linen_f9_r1_v1,linen,mabu,麻布,1,9,1,1,sliding,winsb05,test,1607135588.066,1607135595.066,7.000,dataset/audio/linen/VisTouch_linen_f9_r1_v1_winsb05.wav,dataset/tactile/linen/VisTouch_linen_f9_r1_v1_winsb05.csv,dataset/video/linen/VisTouch_linen_f9_r1_v1_winsb05.avi
VisTouch_linen_f9_r1_v1_winsb06,linen_f9_r1_v1,linen,mabu,麻布,1,9,1,1,sliding,winsb06,test,1607135591.230,1607135598.230,7.000,dataset/audio/linen/VisTouch_linen_f9_r1_v1_winsb06.wav,dataset/tactile/linen/VisTouch_linen_f9_r1_v1_winsb06.csv,dataset/video/linen/VisTouch_linen_f9_r1_v1_winsb06.avi
VisTouch_linen_f9_r1_v1_winsb07,linen_f9_r1_v1,linen,mabu,麻布,1,9,1,1,sliding,winsb07,test,1607135595.079,1607135602.079,7.000,dataset/audio/linen/VisTouch_linen_f9_r1_v1_winsb07.wav,dataset/tactile/linen/VisTouch_linen_f9_r1_v1_winsb07.csv,dataset/video/linen/VisTouch_linen_f9_r1_v1_winsb07.avi
VisTouch_linen_f9_r1_v1_winsb08,linen_f9_r1_v1,linen,mabu,麻布,1,9,1,1,sliding,winsb08,test,1607135598.358,1607135605.358,7.000,dataset/audio/linen/VisTouch_linen_f9_r1_v1_winsb08.wav,dataset/tactile/linen/VisTouch_linen_f9_r1_v1_winsb08.csv,dataset/video/linen/VisTouch_linen_f9_r1_v1_winsb08.avi
VisTouch_linen_f9_r1_v1_winsb09,linen_f9_r1_v1,linen,mabu,麻布,1,9,1,1,sliding,winsb09,test,1607135601.913,1607135608.913,7.000,dataset/audio/linen/VisTouch_linen_f9_r1_v1_winsb09.wav,dataset/tactile/linen/VisTouch_linen_f9_r1_v1_winsb09.csv,dataset/video/linen/VisTouch_linen_f9_r1_v1_winsb09.avi
VisTouch_linen_f9_r1_v1_winsb10,linen_f9_r1_v1,linen,mabu,麻布,1,9,1,1,sliding,winsb10,test,1607135605.684,1607135612.684,7.000,dataset/audio/linen/VisTouch_linen_f9_r1_v1_winsb10.wav,dataset/tactile/linen/VisTouch_linen_f9_r1_v1_winsb10.csv,dataset/video/linen/VisTouch_linen_f9_r1_v1_winsb10.avi
VisTouch_linen_f9_r1_v1_winsb11,linen_f9_r1_v1,linen,mabu,麻布,1,9,1,1,sliding,winsb11,test,1607135608.294,1607135615.294,7.000,dataset/audio/linen/VisTouch_linen_f9_r1_v1_winsb11.wav,dataset/tactile/linen/VisTouch_linen_f9_r1_v1_winsb11.csv,dataset/video/linen/VisTouch_linen_f9_r1_v1_winsb11.avi
VisTouch_linen_f9_r1_v1_winsb12,linen_f9_r1_v1,linen,mabu,麻布,1,9,1,1,sliding,winsb12,test,1607135612.602,1607135619.602,7.000,dataset/audio/linen/VisTouch_linen_f9_r1_v1_winsb12.wav,dataset/tactile/linen/VisTouch_linen_f9_r1_v1_winsb12.csv,dataset/video/linen/VisTouch_linen_f9_r1_v1_winsb12.avi
VisTouch_linen_f9_r1_v1_winsb13,linen_f9_r1_v1,linen,mabu,麻布,1,9,1,1,sliding,winsb13,test,1607135615.626,1607135622.626,7.000,dataset/audio/linen/VisTouch_linen_f9_r1_v1_winsb13.wav,dataset/tactile/linen/VisTouch_linen_f9_r1_v1_winsb13.csv,dataset/video/linen/VisTouch_linen_f9_r1_v1_winsb13.avi
VisTouch_linen_f9_r1_v1_winsb14,linen_f9_r1_v1,linen,mabu,麻布,1,9,1,1,sliding,winsb14,test,1607135619.067,1607135626.067,7.000,dataset/audio/linen/VisTouch_linen_f9_r1_v1_winsb14.wav,dataset/tactile/linen/VisTouch_linen_f9_r1_v1_winsb14.csv,dataset/video/linen/VisTouch_linen_f9_r1_v1_winsb14.avi
VisTouch_linen_f9_r1_v1_winsb15,linen_f9_r1_v1,linen,mabu,麻布,1,9,1,1,sliding,winsb15,test,1607135623.269,1607135630.269,7.000,dataset/audio/linen/VisTouch_linen_f9_r1_v1_winsb15.wav,dataset/tactile/linen/VisTouch_linen_f9_r1_v1_winsb15.csv,dataset/video/linen/VisTouch_linen_f9_r1_v1_winsb15.avi
VisTouch_linen_f9_r1_v1_winsb16,linen_f9_r1_v1,linen,mabu,麻布,1,9,1,1,sliding,winsb16,test,1607135626.545,1607135633.545,7.000,dataset/audio/linen/VisTouch_linen_f9_r1_v1_winsb16.wav,dataset/tactile/linen/VisTouch_linen_f9_r1_v1_winsb16.csv,dataset/video/linen/VisTouch_linen_f9_r1_v1_winsb16.avi
VisTouch_linen_f9_r1_v1_winsb17,linen_f9_r1_v1,linen,mabu,麻布,1,9,1,1,sliding,winsb17,test,1607135629.735,1607135636.735,7.000,dataset/audio/linen/VisTouch_linen_f9_r1_v1_winsb17.wav,dataset/tactile/linen/VisTouch_linen_f9_r1_v1_winsb17.csv,dataset/video/linen/VisTouch_linen_f9_r1_v1_winsb17.avi
VisTouch_linen_f9_r1_v1_winmb01,linen_f9_r1_v1,linen,mabu,麻布,1,9,1,1,sliding,winmb01,test,1607135574.455,1607135584.755,10.300,dataset/audio/linen/VisTouch_linen_f9_r1_v1_winmb01.wav,dataset/tactile/linen/VisTouch_linen_f9_r1_v1_winmb01.csv,dataset/video/linen/VisTouch_linen_f9_r1_v1_winmb01.avi
VisTouch_linen_f9_r1_v1_winmb02,linen_f9_r1_v1,linen,mabu,麻布,1,9,1,1,sliding,winmb02,test,1607135580.308,1607135590.608,10.300,dataset/audio/linen/VisTouch_linen_f9_r1_v1_winmb02.wav,dataset/tactile/linen/VisTouch_linen_f9_r1_v1_winmb02.csv,dataset/video/linen/VisTouch_linen_f9_r1_v1_winmb02.avi
VisTouch_linen_f9_r1_v1_winmb03,linen_f9_r1_v1,linen,mabu,麻布,1,9,1,1,sliding,winmb03,test,1607135584.237,1607135594.537,10.300,dataset/audio/linen/VisTouch_linen_f9_r1_v1_winmb03.wav,dataset/tactile/linen/VisTouch_linen_f9_r1_v1_winmb03.csv,dataset/video/linen/VisTouch_linen_f9_r1_v1_winmb03.avi
VisTouch_linen_f9_r1_v1_winmb05,linen_f9_r1_v1,linen,mabu,麻布,1,9,1,1,sliding,winmb05,test,1607135595.622,1607135605.922,10.300,dataset/audio/linen/VisTouch_linen_f9_r1_v1_winmb05.wav,dataset/tactile/linen/VisTouch_linen_f9_r1_v1_winmb05.csv,dataset/video/linen/VisTouch_linen_f9_r1_v1_winmb05.avi
VisTouch_linen_f9_r1_v1_winmb06,linen_f9_r1_v1,linen,mabu,麻布,1,9,1,1,sliding,winmb06,test,1607135600.787,1607135611.087,10.300,dataset/audio/linen/VisTouch_linen_f9_r1_v1_winmb06.wav,dataset/tactile/linen/VisTouch_linen_f9_r1_v1_winmb06.csv,dataset/video/linen/VisTouch_linen_f9_r1_v1_winmb06.avi
VisTouch_linen_f9_r1_v1_winmb08,linen_f9_r1_v1,linen,mabu,麻布,1,9,1,1,sliding,winmb08,test,1607135611.083,1607135621.383,10.300,dataset/audio/linen/VisTouch_linen_f9_r1_v1_winmb08.wav,dataset/tactile/linen/VisTouch_linen_f9_r1_v1_winmb08.csv,dataset/video/linen/VisTouch_linen_f9_r1_v1_winmb08.avi
VisTouch_linen_f9_r1_v1_winmb09,linen_f9_r1_v1,linen,mabu,麻布,1,9,1,1,sliding,winmb09,test,1607135615.351,1607135625.651,10.300,dataset/audio/linen/VisTouch_linen_f9_r1_v1_winmb09.wav,dataset/tactile/linen/VisTouch_linen_f9_r1_v1_winmb09.csv,dataset/video/linen/VisTouch_linen_f9_r1_v1_winmb09.avi
VisTouch_linen_f9_r1_v1_winmb10,linen_f9_r1_v1,linen,mabu,麻布,1,9,1,1,sliding,winmb10,test,1607135620.712,1607135631.012,10.300,dataset/audio/linen/VisTouch_linen_f9_r1_v1_winmb10.wav,dataset/tactile/linen/VisTouch_linen_f9_r1_v1_winmb10.csv,dataset/video/linen/VisTouch_linen_f9_r1_v1_winmb10.avi
VisTouch_linen_f9_r1_v1_winmb11,linen_f9_r1_v1,linen,mabu,麻布,1,9,1,1,sliding,winmb11,test,1607135625.947,1607135636.247,10.300,dataset/audio/linen/VisTouch_linen_f9_r1_v1_winmb11.wav,dataset/tactile/linen/VisTouch_linen_f9_r1_v1_winmb11.csv,dataset/video/linen/VisTouch_linen_f9_r1_v1_winmb11.avi
VisTouch_linen_f9_r1_v1_winlb01,linen_f9_r1_v1,linen,mabu,麻布,1,9,1,1,sliding,winlb01,test,1607135575.587,1607135589.587,14.000,dataset/audio/linen/VisTouch_linen_f9_r1_v1_winlb01.wav,dataset/tactile/linen/VisTouch_linen_f9_r1_v1_winlb01.csv,dataset/video/linen/VisTouch_linen_f9_r1_v1_winlb01.avi
VisTouch_linen_f9_r1_v1_winlb02,linen_f9_r1_v1,linen,mabu,麻布,1,9,1,1,sliding,winlb02,test,1607135581.686,1607135595.686,14.000,dataset/audio/linen/VisTouch_linen_f9_r1_v1_winlb02.wav,dataset/tactile/linen/VisTouch_linen_f9_r1_v1_winlb02.csv,dataset/video/linen/VisTouch_linen_f9_r1_v1_winlb02.avi
VisTouch_linen_f9_r1_v1_winlb03,linen_f9_r1_v1,linen,mabu,麻布,1,9,1,1,sliding,winlb03,test,1607135589.305,1607135603.305,14.000,dataset/audio/linen/VisTouch_linen_f9_r1_v1_winlb03.wav,dataset/tactile/linen/VisTouch_linen_f9_r1_v1_winlb03.csv,dataset/video/linen/VisTouch_linen_f9_r1_v1_winlb03.avi
VisTouch_linen_f9_r1_v1_winlb04,linen_f9_r1_v1,linen,mabu,麻布,1,9,1,1,sliding,winlb04,test,1607135595.451,1607135609.451,14.000,dataset/audio/linen/VisTouch_linen_f9_r1_v1_winlb04.wav,dataset/tactile/linen/VisTouch_linen_f9_r1_v1_winlb04.csv,dataset/video/linen/VisTouch_linen_f9_r1_v1_winlb04.avi
VisTouch_linen_f9_r1_v1_winlb05,linen_f9_r1_v1,linen,mabu,麻布,1,9,1,1,sliding,winlb05,test,1607135604.013,1607135618.013,14.000,dataset/audio/linen/VisTouch_linen_f9_r1_v1_winlb05.wav,dataset/tactile/linen/VisTouch_linen_f9_r1_v1_winlb05.csv,dataset/video/linen/VisTouch_linen_f9_r1_v1_winlb05.avi
VisTouch_linen_f9_r1_v1_winlb06,linen_f9_r1_v1,linen,mabu,麻布,1,9,1,1,sliding,winlb06,test,1607135611.239,1607135625.239,14.000,dataset/audio/linen/VisTouch_linen_f9_r1_v1_winlb06.wav,dataset/tactile/linen/VisTouch_linen_f9_r1_v1_winlb06.csv,dataset/video/linen/VisTouch_linen_f9_r1_v1_winlb06.avi
VisTouch_linen_f9_r1_v1_winlb07,linen_f9_r1_v1,linen,mabu,麻布,1,9,1,1,sliding,winlb07,test,1607135616.742,1607135630.742,14.000,dataset/audio/linen/VisTouch_linen_f9_r1_v1_winlb07.wav,dataset/tactile/linen/VisTouch_linen_f9_r1_v1_winlb07.csv,dataset/video/linen/VisTouch_linen_f9_r1_v1_winlb07.avi
VisTouch_linen_f9_r1_v1_winlb08,linen_f9_r1_v1,linen,mabu,麻布,1,9,1,1,sliding,winlb08,test,1607135624.928,1607135638.928,14.000,dataset/audio/linen/VisTouch_linen_f9_r1_v1_winlb08.wav,dataset/tactile/linen/VisTouch_linen_f9_r1_v1_winlb08.csv,dataset/video/linen/VisTouch_linen_f9_r1_v1_winlb08.avi
VisTouch_linen_f9_r1_v1_wine01,linen_f9_r1_v1,linen,mabu,麻布,1,9,1,1,sliding,wine01,test,1607135572.409,1607135580.909,8.500,dataset/audio/linen/VisTouch_linen_f9_r1_v1_wine01.wav,dataset/tactile/linen/VisTouch_linen_f9_r1_v1_wine01.csv,dataset/video/linen/VisTouch_linen_f9_r1_v1_wine01.avi
VisTouch_linen_f9_r1_v1_wine02,linen_f9_r1_v1,linen,mabu,麻布,1,9,1,1,sliding,wine02,test,1607135576.864,1607135585.364,8.500,dataset/audio/linen/VisTouch_linen_f9_r1_v1_wine02.wav,dataset/tactile/linen/VisTouch_linen_f9_r1_v1_wine02.csv,dataset/video/linen/VisTouch_linen_f9_r1_v1_wine02.avi
VisTouch_linen_f9_r1_v1_wine03,linen_f9_r1_v1,linen,mabu,麻布,1,9,1,1,sliding,wine03,test,1607135580.938,1607135589.438,8.500,dataset/audio/linen/VisTouch_linen_f9_r1_v1_wine03.wav,dataset/tactile/linen/VisTouch_linen_f9_r1_v1_wine03.csv,dataset/video/linen/VisTouch_linen_f9_r1_v1_wine03.avi
VisTouch_linen_f9_r1_v1_wine04,linen_f9_r1_v1,linen,mabu,麻布,1,9,1,1,sliding,wine04,test,1607135584.653,1607135593.153,8.500,dataset/audio/linen/VisTouch_linen_f9_r1_v1_wine04.wav,dataset/tactile/linen/VisTouch_linen_f9_r1_v1_wine04.csv,dataset/video/linen/VisTouch_linen_f9_r1_v1_wine04.avi
VisTouch_linen_f9_r1_v1_wine06,linen_f9_r1_v1,linen,mabu,麻布,1,9,1,1,sliding,wine06,test,1607135593.854,1607135602.354,8.500,dataset/audio/linen/VisTouch_linen_f9_r1_v1_wine06.wav,dataset/tactile/linen/VisTouch_linen_f9_r1_v1_wine06.csv,dataset/video/linen/VisTouch_linen_f9_r1_v1_wine06.avi
VisTouch_linen_f9_r1_v1_wine07,linen_f9_r1_v1,linen,mabu,麻布,1,9,1,1,sliding,wine07,test,1607135597.505,1607135606.005,8.500,dataset/audio/linen/VisTouch_linen_f9_r1_v1_wine07.wav,dataset/tactile/linen/VisTouch_linen_f9_r1_v1_wine07.csv,dataset/video/linen/VisTouch_linen_f9_r1_v1_wine07.avi
VisTouch_linen_f9_r1_v1_wine08,linen_f9_r1_v1,linen,mabu,麻布,1,9,1,1,sliding,wine08,test,1607135602.073,1607135610.573,8.500,dataset/audio/linen/VisTouch_linen_f9_r1_v1_wine08.wav,dataset/tactile/linen/VisTouch_linen_f9_r1_v1_wine08.csv,dataset/video/linen/VisTouch_linen_f9_r1_v1_wine08.avi
VisTouch_linen_f9_r1_v1_wine09,linen_f9_r1_v1,linen,mabu,麻布,1,9,1,1,sliding,wine09,test,1607135606.528,1607135615.028,8.500,dataset/audio/linen/VisTouch_linen_f9_r1_v1_wine09.wav,dataset/tactile/linen/VisTouch_linen_f9_r1_v1_wine09.csv,dataset/video/linen/VisTouch_linen_f9_r1_v1_wine09.avi
VisTouch_linen_f9_r1_v1_wine10,linen_f9_r1_v1,linen,mabu,麻布,1,9,1,1,sliding,wine10,test,1607135610.220,1607135618.720,8.500,dataset/audio/linen/VisTouch_linen_f9_r1_v1_wine10.wav,dataset/tactile/linen/VisTouch_linen_f9_r1_v1_wine10.csv,dataset/video/linen/VisTouch_linen_f9_r1_v1_wine10.avi
VisTouch_linen_f9_r1_v1_wine11,linen_f9_r1_v1,linen,mabu,麻布,1,9,1,1,sliding,wine11,test,1607135614.964,1607135623.464,8.500,dataset/audio/linen/VisTouch_linen_f9_r1_v1_wine11.wav,dataset/tactile/linen/VisTouch_linen_f9_r1_v1_wine11.csv,dataset/video/linen/VisTouch_linen_f9_r1_v1_wine11.avi
VisTouch_linen_f9_r1_v1_wine12,linen_f9_r1_v1,linen,mabu,麻布,1,9,1,1,sliding,wine12,test,1607135619.007,1607135627.507,8.500,dataset/audio/linen/VisTouch_linen_f9_r1_v1_wine12.wav,dataset/tactile/linen/VisTouch_linen_f9_r1_v1_wine12.csv,dataset/video/linen/VisTouch_linen_f9_r1_v1_wine12.avi
VisTouch_linen_f9_r1_v1_wine13,linen_f9_r1_v1,linen,mabu,麻布,1,9,1,1,sliding,wine13,test,1607135622.737,1607135631.237,8.500,dataset/audio/linen/VisTouch_linen_f9_r1_v1_wine13.wav,dataset/tactile/linen/VisTouch_linen_f9_r1_v1_wine13.csv,dataset/video/linen/VisTouch_linen_f9_r1_v1_wine13.avi
VisTouch_linen_f9_r1_v1_wine14,linen_f9_r1_v1,linen,mabu,麻布,1,9,1,1,sliding,wine14,test,1607135627.591,1607135636.091,8.500,dataset/audio/linen/VisTouch_linen_f9_r1_v1_wine14.wav,dataset/tactile/linen/VisTouch_linen_f9_r1_v1_wine14.csv,dataset/video/linen/VisTouch_linen_f9_r1_v1_wine14.avi
VisTouch_paper_f3_r1_v1_winsb01,paper_f3_r1_v1,paper,baizhi,白纸,2,3,1,1,sliding,winsb01,train,1607158615.824,1607158622.824,7.000,dataset/audio/paper/VisTouch_paper_f3_r1_v1_winsb01.wav,dataset/tactile/paper/VisTouch_paper_f3_r1_v1_winsb01.csv,dataset/video/paper/VisTouch_paper_f3_r1_v1_winsb01.avi
VisTouch_paper_f3_r1_v1_winsb03,paper_f3_r1_v1,paper,baizhi,白纸,2,3,1,1,sliding,winsb03,train,1607158622.636,1607158629.636,7.000,dataset/audio/paper/VisTouch_paper_f3_r1_v1_winsb03.wav,dataset/tactile/paper/VisTouch_paper_f3_r1_v1_winsb03.csv,dataset/video/paper/VisTouch_paper_f3_r1_v1_winsb03.avi
VisTouch_paper_f3_r1_v1_winsb04,paper_f3_r1_v1,paper,baizhi,白纸,2,3,1,1,sliding,winsb04,train,1607158625.802,1607158632.802,7.000,dataset/audio/paper/VisTouch_paper_f3_r1_v1_winsb04.wav,dataset/tactile/paper/VisTouch_paper_f3_r1_v1_winsb04.csv,dataset/video/paper/VisTouch_paper_f3_r1_v1_winsb04.avi
VisTouch_paper_f3_r1_v1_winsb05,paper_f3_r1_v1,paper,baizhi,白纸,2,3,1,1,sliding,winsb05,train,1607158629.725,1607158636.725,7.000,dataset/audio/paper/VisTouch_paper_f3_r1_v1_winsb05.wav,dataset/tactile/paper/VisTouch_paper_f3_r1_v1_winsb05.csv,dataset/video/paper/VisTouch_paper_f3_r1_v1_winsb05.avi
VisTouch_paper_f3_r1_v1_winsb07,paper_f3_r1_v1,paper,baizhi,白纸,2,3,1,1,sliding,winsb07,train,1607158636.670,1607158643.670,7.000,dataset/audio/paper/VisTouch_paper_f3_r1_v1_winsb07.wav,dataset/tactile/paper/VisTouch_paper_f3_r1_v1_winsb07.csv,dataset/video/paper/VisTouch_paper_f3_r1_v1_winsb07.avi
VisTouch_paper_f3_r1_v1_winsb08,paper_f3_r1_v1,paper,baizhi,白纸,2,3,1,1,sliding,winsb08,train,1607158640.341,1607158647.341,7.000,dataset/audio/paper/VisTouch_paper_f3_r1_v1_winsb08.wav,dataset/tactile/paper/VisTouch_paper_f3_r1_v1_winsb08.csv,dataset/video/paper/VisTouch_paper_f3_r1_v1_winsb08.avi
VisTouch_paper_f3_r1_v1_winsb09,paper_f3_r1_v1,paper,baizhi,白纸,2,3,1,1,sliding,winsb09,train,1607158643.354,1607158650.354,7.000,dataset/audio/paper/VisTouch_paper_f3_r1_v1_winsb09.wav,dataset/tactile/paper/VisTouch_paper_f3_r1_v1_winsb09.csv,dataset/video/paper/VisTouch_paper_f3_r1_v1_winsb09.avi
VisTouch_paper_f3_r1_v1_winsb10,paper_f3_r1_v1,paper,baizhi,白纸,2,3,1,1,sliding,winsb10,train,1607158647.705,1607158654.705,7.000,dataset/audio/paper/VisTouch_paper_f3_r1_v1_winsb10.wav,dataset/tactile/paper/VisTouch_paper_f3_r1_v1_winsb10.csv,dataset/video/paper/VisTouch_paper_f3_r1_v1_winsb10.avi
VisTouch_paper_f3_r1_v1_winsb11,paper_f3_r1_v1,paper,baizhi,白纸,2,3,1,1,sliding,winsb11,train,1607158650.943,1607158657.943,7.000,dataset/audio/paper/VisTouch_paper_f3_r1_v1_winsb11.wav,dataset/tactile/paper/VisTouch_paper_f3_r1_v1_winsb11.csv,dataset/video/paper/VisTouch_paper_f3_r1_v1_winsb11.avi
VisTouch_paper_f3_r1_v1_winsb12,paper_f3_r1_v1,paper,baizhi,白纸,2,3,1,1,sliding,winsb12,train,1607158654.590,1607158661.590,7.000,dataset/audio/paper/VisTouch_paper_f3_r1_v1_winsb12.wav,dataset/tactile/paper/VisTouch_paper_f3_r1_v1_winsb12.csv,dataset/video/paper/VisTouch_paper_f3_r1_v1_winsb12.avi
VisTouch_paper_f3_r1_v1_winsb13,paper_f3_r1_v1,paper,baizhi,白纸,2,3,1,1,sliding,winsb13,train,1607158658.167,1607158665.167,7.000,dataset/audio/paper/VisTouch_paper_f3_r1_v1_winsb13.wav,dataset/tactile/paper/VisTouch_paper_f3_r1_v1_winsb13.csv,dataset/video/paper/VisTouch_paper_f3_r1_v1_winsb13.avi
VisTouch_paper_f3_r1_v1_winmb01,paper_f3_r1_v1,paper,baizhi,白纸,2,3,1,1,sliding,winmb01,train,1607158616.682,1607158626.982,10.300,dataset/audio/paper/VisTouch_paper_f3_r1_v1_winmb01.wav,dataset/tactile/paper/VisTouch_paper_f3_r1_v1_winmb01.csv,dataset/video/paper/VisTouch_paper_f3_r1_v1_winmb01.avi
VisTouch_paper_f3_r1_v1_winmb02,paper_f3_r1_v1,paper,baizhi,白纸,2,3,1,1,sliding,winmb02,train,1607158622.229,1607158632.529,10.300,dataset/audio/paper/VisTouch_paper_f3_r1_v1_winmb02.wav,dataset/tactile/paper/VisTouch_paper_f3_r1_v1_winmb02.csv,dataset/video/paper/VisTouch_paper_f3_r1_v1_winmb02.avi
VisTouch_paper_f3_r1_v1_winmb03,paper_f3_r1_v1,paper,baizhi,白纸,2,3,1,1,sliding,winmb03,train,1607158626.925,1607158637.225,10.300,dataset/audio/paper/VisTouch_paper_f3_r1_v1_winmb03.wav,dataset/tactile/paper/VisTouch_paper_f3_r1_v1_winmb03.csv,dataset/video/paper/VisTouch_paper_f3_r1_v1_winmb03.avi
VisTouch_paper_f3_r1_v1_winmb04,paper_f3_r1_v1,paper,baizhi,白纸,2,3,1,1,sliding,winmb04,train,1607158632.509,1607158642.809,10.300,dataset/audio/paper/VisTouch_paper_f3_r1_v1_winmb04.wav,dataset/tactile/paper/VisTouch_paper_f3_r1_v1_winmb04.csv,dataset/video/paper/VisTouch_paper_f3_r1_v1_winmb04.avi
VisTouch_paper_f3_r1_v1_winmb05,paper_f3_r1_v1,paper,baizhi,白纸,2,3,1,1,sliding,winmb05,train,1607158637.943,1607158648.243,10.300,dataset/audio/paper/VisTouch_paper_f3_r1_v1_winmb05.wav,dataset/tactile/paper/VisTouch_paper_f3_r1_v1_winmb05.csv,dataset/video/paper/VisTouch_paper_f3_r1_v1_winmb05.avi
VisTouch_paper_f3_r1_v1_winmb06,paper_f3_r1_v1,paper,baizhi,白纸,2,3,1,1,sliding,winmb06,train,1607158642.094,1607158652.394,10.300,dataset/audio/paper/VisTouch_paper_f3_r1_v1_winmb06.wav,dataset/tactile/paper/VisTouch_paper_f3_r1_v1_winmb06.csv,dataset/video/paper/VisTouch_paper_f3_r1_v1_winmb06.avi
VisTouch_paper_f3_r1_v1_winmb08,paper_f3_r1_v1,paper,baizhi,白纸,2,3,1,1,sliding,winmb08,train,1607158652.458,1607158662.758,10.300,dataset/audio/paper/VisTouch_paper_f3_r1_v1_winmb08.wav,dataset/tactile/paper/VisTouch_paper_f3_r1_v1_winmb08.csv,dataset/video/paper/VisTouch_paper_f3_r1_v1_winmb08.avi
VisTouch_paper_f3_r1_v1_winmb09,paper_f3_r1_v1,paper,baizhi,白纸,2,3,1,1,sliding,winmb09,train,1607158658.166,1607158668.466,10.300,dataset/audio/paper/VisTouch_paper_f3_r1_v1_winmb09.wav,dataset/tactile/paper/VisTouch_paper_f3_r1_v1_winmb09.csv,dataset/video/paper/VisTouch_paper_f3_r1_v1_winmb09.avi
VisTouch_paper_f3_r1_v1_winmb10,paper_f3_r1_v1,paper,baizhi,白纸,2,3,1,1,sliding,winmb10,train,1607158662.831,1607158673.131,10.300,dataset/audio/paper/VisTouch_paper_f3_r1_v1_winmb10.wav,dataset/tactile/paper/VisTouch_paper_f3_r1_v1_winmb10.csv,dataset/video/paper/VisTouch_paper_f3_r1_v1_winmb10.avi
VisTouch_paper_f3_r1_v1_winlb01,paper_f3_r1_v1,paper,baizhi,白纸,2,3,1,1,sliding,winlb01,train,1607158617.686,1607158631.686,14.000,dataset/audio/paper/VisTouch_paper_f3_r1_v1_winlb01.wav,dataset/tactile/paper/VisTouch_paper_f3_r1_v1_winlb01.csv,dataset/video/paper/VisTouch_paper_f3_r1_v1_winlb01.avi
VisTouch_paper_f3_r1_v1_winlb02,paper_f3_r1_v1,paper,baizhi,白纸,2,3,1,1,sliding,winlb02,train,1607158623.717,1607158637.717,14.000,dataset/audio/paper/VisTouch_paper_f3_r1_v1_winlb02.wav,dataset/tactile/paper/VisTouch_paper_f3_r1_v1_winlb02.csv,dataset/video/paper/VisTouch_paper_f3_r1_v1_winlb02.avi
VisTouch_paper_f3_r1_v1_winlb03,paper_f3_r1_v1,paper,baizhi,白纸,2,3,1,1,sliding,winlb03,train,1607158631.975,1607158645.975,14.000,dataset/audio/paper/VisTouch_paper_f3_r1_v1_winlb03.wav,dataset/tactile/paper/VisTouch_paper_f3_r1_v1_winlb03.csv,dataset/video/paper/VisTouch_paper_f3_r1_v1_winlb03.avi
VisTouch_paper_f3_r1_v1_winlb04,paper_f3_r1_v1,paper,baizhi,白纸,2,3,1,1,sliding,winlb04,train,1607158638.038,1607158652.038,14.000,dataset/audio/paper/VisTouch_paper_f3_r1_v1_winlb04.wav,dataset/tactile/paper/VisTouch_paper_f3_r1_v1_winlb04.csv,dataset/video/paper/VisTouch_paper_f3_r1_v1_winlb04.avi
VisTouch_paper_f3_r1_v1_winlb05,paper_f3_r1_v1,paper,baizhi,白纸,2,3,1,1,sliding,winlb05,train,1607158644.850,1607158658.850,14.000,dataset/audio/paper/VisTouch_paper_f3_r1_v1_winlb05.wav,dataset/tactile/paper/VisTouch_paper_f3_r1_v1_winlb05.csv,dataset/video/paper/VisTouch_paper_f3_r1_v1_winlb05.avi
VisTouch_paper_f3_r1_v1_wine01,paper_f3_r1_v1,paper,baizhi,白纸,2,3,1,1,sliding,wine01,train,1607158614.000,1607158622.500,8.500,dataset/audio/paper/VisTouch_paper_f3_r1_v1_wine01.wav,dataset/tactile/paper/VisTouch_paper_f3_r1_v1_wine01.csv,dataset/video/paper/VisTouch_paper_f3_r1_v1_wine01.avi
VisTouch_paper_f3_r1_v1_wine02,paper_f3_r1_v1,paper,baizhi,白纸,2,3,1,1,sliding,wine02,train,1607158618.759,1607158627.259,8.500,dataset/audio/paper/VisTouch_paper_f3_r1_v1_wine02.wav,dataset/tactile/paper/VisTouch_paper_f3_r1_v1_wine02.csv,dataset/video/paper/VisTouch_paper_f3_r1_v1_wine02.avi
VisTouch_paper_f3_r1_v1_wine03,paper_f3_r1_v1,paper,baizhi,白纸,2,3,1,1,sliding,wine03,train,1607158621.972,1607158630.472,8.500,dataset/audio/paper/VisTouch_paper_f3_r1_v1_wine03.wav,dataset/tactile/paper/VisTouch_paper_f3_r1_v1_wine03.csv,dataset/video/paper/VisTouch_paper_f3_r1_v1_wine03.avi
VisTouch_paper_f3_r1_v1_wine04,paper_f3_r1_v1,paper,baizhi,白纸,2,3,1,1,sliding,wine04,train,1607158627.000,1607158635.500,8.500,dataset/audio/paper/VisTouch_paper_f3_r1_v1_wine04.wav,dataset/tactile/paper/VisTouch_paper_f3_r1_v1_wine04.csv,dataset/video/paper/VisTouch_paper_f3_r1_v1_wine04.avi
VisTouch_paper_f3_r1_v1_wine05,paper_f3_r1_v1,paper,baizhi,白纸,2,3,1,1,sliding,wine05,train,1607158630.781,1607158639.281,8.500,dataset/audio/paper/VisTouch_paper_f3_r1_v1_wine05.wav,dataset/tactile/paper/VisTouch_paper_f3_r1_v1_wine05.csv,dataset/video/paper/VisTouch_paper_f3_r1_v1_wine05.avi
VisTouch_paper_f3_r1_v1_wine06,paper_f3_r1_v1,paper,baizhi,白纸,2,3,1,1,sliding,wine06,train,1607158634.836,1607158643.336,8.500,dataset/audio/paper/VisTouch_paper_f3_r1_v1_wine06.wav,dataset/tactile/paper/VisTouch_paper_f3_r1_v1_wine06.csv,dataset/video/paper/VisTouch_paper_f3_r1_v1_wine06.avi
VisTouch_paper_f3_r1_v1_wine07,paper_f3_r1_v1,paper,baizhi,白纸,2,3,1,1,sliding,wine07,train,1607158639.723,1607158648.223,8.500,dataset/audio/paper/VisTouch_paper_f3_r1_v1_wine07.wav,dataset/tactile/paper/VisTouch_paper_f3_r1_v1_wine07.csv,dataset/video/paper/VisTouch_paper_f3_r1_v1_wine07.avi
VisTouch_paper_f3_r1_v1_wine08,paper_f3_r1_v1,paper,baizhi,白纸,2,3,1,1,sliding,wine08,train,1607158643.575,1607158652.075,8.500,dataset/audio/paper/VisTouch_paper_f3_r1_v1_wine08.wav,dataset/tactile/paper/VisTouch_paper_f3_r1_v1_wine08.csv,dataset/video/paper/VisTouch_paper_f3_r1_v1_wine08.avi
VisTouch_paper_f3_r1_v1_wine09,paper_f3_r1_v1,paper,baizhi,白纸,2,3,1,1,sliding,wine09,train,1607158647.783,1607158656.283,8.500,dataset/audio/paper/VisTouch_paper_f3_r1_v1_wine09.wav,dataset/tactile/paper/VisTouch_paper_f3_r1_v1_wine09.csv,dataset/video/paper/VisTouch_paper_f3_r1_v1_wine09.avi
VisTouch_paper_f3_r1_v1_wine11,paper_f3_r1_v1,paper,baizhi,白纸,2,3,1,1,sliding,wine11,train,1607158656.117,1607158664.617,8.500,dataset/audio/paper/VisTouch_paper_f3_r1_v1_wine11.wav,dataset/tactile/paper/VisTouch_paper_f3_r1_v1_wine11.csv,dataset/video/paper/VisTouch_paper_f3_r1_v1_wine11.avi
VisTouch_paper_f3_r1_v1_wine12,paper_f3_r1_v1,paper,baizhi,白纸,2,3,1,1,sliding,wine12,train,1607158660.766,1607158669.266,8.500,dataset/audio/paper/VisTouch_paper_f3_r1_v1_wine12.wav,dataset/tactile/paper/VisTouch_paper_f3_r1_v1_wine12.csv,dataset/video/paper/VisTouch_paper_f3_r1_v1_wine12.avi
VisTouch_paper_f3_r1_v1_wine13,paper_f3_r1_v1,paper,baizhi,白纸,2,3,1,1,sliding,wine13,train,1607158664.393,1607158672.893,8.500,dataset/audio/paper/VisTouch_paper_f3_r1_v1_wine13.wav,dataset/tactile/paper/VisTouch_paper_f3_r1_v1_wine13.csv,dataset/video/paper/VisTouch_paper_f3_r1_v1_wine13.avi
VisTouch_paper_f6_r1_v1_winsb01,paper_f6_r1_v1,paper,baizhi,白纸,2,6,1,1,sliding,winsb01,train,1607158250.397,1607158257.397,7.000,dataset/audio/paper/VisTouch_paper_f6_r1_v1_winsb01.wav,dataset/tactile/paper/VisTouch_paper_f6_r1_v1_winsb01.csv,dataset/video/paper/VisTouch_paper_f6_r1_v1_winsb01.avi
VisTouch_paper_f6_r1_v1_winsb02,paper_f6_r1_v1,paper,baizhi,白纸,2,6,1,1,sliding,winsb02,train,1607158254.653,1607158261.653,7.000,dataset/audio/paper/VisTouch_paper_f6_r1_v1_winsb02.wav,dataset/tactile/paper/VisTouch_paper_f6_r1_v1_winsb02.csv,dataset/video/paper/VisTouch_paper_f6_r1_v1_winsb02.avi
VisTouch_paper_f6_r1_v1_winsb03,paper_f6_r1_v1,paper,baizhi,白纸,2,6,1,1,sliding,winsb03,train,1607158258.054,1607158265.054,7.000,dataset/audio/paper/VisTouch_paper_f6_r1_v1_winsb03.wav,dataset/tactile/paper/VisTouch_paper_f6_r1_v1_winsb03.csv,dataset/video/paper/VisTouch_paper_f6_r1_v1_winsb03.avi
VisTouch_paper_f6_r1_v1_winsb04,paper_f6_r1_v1,paper,baizhi,白纸,2,6,1,1,sliding,winsb04,train,1607158261.310,1607158268.310,7.000,dataset/audio/paper/VisTouch_paper_f6_r1_v1_winsb04.wav,dataset/tactile/paper/VisTouch_paper_f6_r1_v1_winsb04.csv,dataset/video/paper/VisTouch_paper_f6_r1_v1_winsb04.avi
VisTouch_paper_f6_r1_v1_winsb05,paper_f6_r1_v1,paper,baizhi,白纸,2,6,1,1,sliding,winsb05,train,1607158264.459,1607158271.459,7.000,dataset/audio/paper/VisTouch_paper_f6_r1_v1_winsb05.wav,dataset/tactile/paper/VisTouch_paper_f6_r1_v1_winsb05.csv,dataset/video/paper/VisTouch_paper_f6_r1_v1_winsb05.avi
VisTouch_paper_f6_r1_v1_winsb06,paper_f6_r1_v1,paper,baizhi,白纸,2,6,1,1,sliding,winsb06,train,1607158268.311,1607158275.311,7.000,dataset/audio/paper/VisTouch_paper_f6_r1_v1_winsb06.wav,dataset/tactile/paper/VisTouch_paper_f6_r1_v1_winsb06.csv,dataset/video/paper/VisTouch_paper_f6_r1_v1_winsb06.avi
VisTouch_paper_f6_r1_v1_winsb07,paper_f6_r1_v1,paper,baizhi,白纸,2,6,1,1,sliding,winsb07,train,1607158271.238,1607158278.238,7.000,dataset/audio/paper/VisTouch_paper_f6_r1_v1_winsb07.wav,dataset/tactile/paper/VisTouch_paper_f6_r1_v1_winsb07.csv,dataset/video/paper/VisTouch_paper_f6_r1_v1_winsb07.avi
VisTouch_paper_f6_r1_v1_winsb08,paper_f6_r1_v1,paper,baizhi,白纸,2,6,1,1,sliding,winsb08,train,1607158275.474,1607158282.474,7.000,dataset/audio/paper/VisTouch_paper_f6_r1_v1_winsb08.wav,dataset/tactile/paper/VisTouch_paper_f6_r1_v1_winsb08.csv,dataset/video/paper/VisTouch_paper_f6_r1_v1_winsb08.avi
VisTouch_paper_f6_r1_v1_winsb09,paper_f6_r1_v1,paper,baizhi,白纸,2,6,1,1,sliding,winsb09,train,1607158278.978,1607158285.978,7.000,dataset/audio/paper/VisTouch_paper_f6_r1_v1_winsb09.wav,dataset/tactile/paper/VisTouch_paper_f6_r1_v1_winsb09.csv,dataset/video/paper/VisTouch_paper_f6_r1_v1_winsb09.avi
VisTouch_paper_f6_r1_v1_winsb10,paper_f6_r1_v1,paper,baizhi,白纸,2,6,1,1,sliding,winsb10,train,1607158282.403,1607158289.403,7.000,dataset/audio/paper/VisTouch_paper_f6_r1_v1_winsb10.wav,dataset/tactile/paper/VisTouch_paper_f6_r1_v1_winsb10.csv,dataset/video/paper/VisTouch_paper_f6_r1_v1_winsb10.avi
VisTouch_paper_f6_r1_v1_winsb11,paper_f6_r1_v1,paper,baizhi,白纸,2,6,1,1,sliding,winsb11,train,1607158285.867,1607158292.867,7.000,dataset/audio/paper/VisTouch_paper_f6_r1_v1_winsb11.wav,dataset/tactile/paper/VisTouch_paper_f6_r1_v1_winsb11.csv,dataset/video/paper/VisTouch_paper_f6_r1_v1_winsb11.avi
VisTouch_paper_f6_r1_v1_winsb12,paper_f6_r1_v1,paper,baizhi,白纸,2,6,1,1,sliding,winsb12,train,1607158288.802,1607158295.802,7.000,dataset/audio/paper/VisTouch_paper_f6_r1_v1_winsb12.wav,dataset/tactile/paper/VisTouch_paper_f6_r1_v1_winsb12.csv,dataset/video/paper/VisTouch_paper_f6_r1_v1_winsb12.avi
VisTouch_paper_f6_r1_v1_winsb13,paper_f6_r1_v1,paper,baizhi,白纸,2,6,1,1,sliding,winsb13,train,1607158292.484,1607158299.484,7.000,dataset/audio/paper/VisTouch_paper_f6_r1_v1_winsb13.wav,dataset/tactile/paper/VisTouch_paper_f6_r1_v1_winsb13.csv,dataset/video/paper/VisTouch_paper_f6_r1_v1_winsb13.avi
VisTouch_paper_f6_r1_v1_winsb14,paper_f6_r1_v1,paper,baizhi,白纸,2,6,1,1,sliding,winsb14,train,1607158296.328,1607158303.328,7.000,dataset/audio/paper/VisTouch_paper_f6_r1_v1_winsb14.wav,dataset/tactile/paper/VisTouch_paper_f6_r1_v1_winsb14.csv,dataset/video/paper/VisTouch_paper_f6_r1_v1_winsb14.avi
VisTouch_paper_f6_r1_v1_winsb15,paper_f6_r1_v1,paper,baizhi,白纸,2,6,1,1,sliding,winsb15,train,1607158299.639,1607158306.639,7.000,dataset/audio/paper/VisTouch_paper_f6_r1_v1_winsb15.wav,dataset/tactile/paper/VisTouch_paper_f6_r1_v1_winsb15.csv,dataset/video/paper/VisTouch_paper_f6_r1_v1_winsb15.avi
VisTouch_paper_f6_r1_v1_winsb16,paper_f6_r1_v1,paper,baizhi,白纸,2,6,1,1,sliding,winsb16,train,1607158303.767,1607158310.767,7.000,dataset/audio/paper/VisTouch_paper_f6_r1_v1_winsb16.wav,dataset/tactile/paper/VisTouch_paper_f6_r1_v1_winsb16.csv,dataset/video/paper/VisTouch_paper_f6_r1_v1_winsb16.avi
VisTouch_paper_f6_r1_v1_winmb01,paper_f6_r1_v1,paper,baizhi,白纸,2,6,1,1,sliding,winmb01,train,1607158252.230,1607158262.530,10.300,dataset/audio/paper/VisTouch_paper_f6_r1_v1_winmb01.wav,dataset/tactile/paper/VisTouch_paper_f6_r1_v1_winmb01.csv,dataset/video/paper/VisTouch_paper_f6_r1_v1_winmb01.avi
VisTouch_paper_f6_r1_v1_winmb02,paper_f6_r1_v1,paper,baizhi,白纸,2,6,1,1,sliding,winmb02,train,1607158256.187,1607158266.487,10.300,dataset/audio/paper/VisTouch_paper_f6_r1_v1_winmb02.wav,dataset/tactile/paper/VisTouch_paper_f6_r1_v1_winmb02.csv,dataset/video/paper/VisTouch_paper_f6_r1_v1_winmb02.avi
VisTouch_paper_f6_r1_v1_winmb03,paper_f6_r1_v1,paper,baizhi,白纸,2,6,1,1,sliding,winmb03,train,1607158262.014,1607158272.314,10.300,dataset/audio/paper/VisTouch_paper_f6_r1_v1_winmb03.wav,dataset/tactile/paper/VisTouch_paper_f6_r1_v1_winmb03.csv,dataset/video/paper/VisTouch_paper_f6_r1_v1_winmb03.avi
VisTouch_paper_f6_r1_v1_winmb04,paper_f6_r1_v1,paper,baizhi,白纸,2,6,1,1,sliding,winmb04,train,1607158267.328,1607158277.628,10.300,dataset/audio/paper/VisTouch_paper_f6_r1_v1_winmb04.wav,dataset/tactile/paper/VisTouch_paper_f6_r1_v1_winmb04.csv,dataset/video/paper/VisTouch_paper_f6_r1_v1_winmb04.avi
VisTouch_paper_f6_r1_v1_winmb05,paper_f6_r1_v1,paper,baizhi,白纸,2,6,1,1,sliding,winmb05,train,1607158271.613,1607158281.913,10.300,dataset/audio/paper/VisTouch_paper_f6_r1_v1_winmb05.wav,dataset/tactile/paper/VisTouch_paper_f6_r1_v1_winmb05.csv,dataset/video/paper/VisTouch_paper_f6_r1_v1_winmb05.avi
VisTouch_paper_f6_r1_v1_winmb06,paper_f6_r1_v1,paper,baizhi,白纸,2,6,1,1,sliding,winmb06,train,1607158277.035,1607158287.335,10.300,dataset/audio/paper/VisTouch_paper_f6_r1_v1_winmb06.wav,dataset/tactile/paper/VisTouch_paper_f6_r1_v1_winmb06.csv,dataset/video/paper/VisTouch_paper_f6_r1_v1_winmb06.avi
VisTouch_paper_f6_r1_v1_winmb07,paper_f6_r1_v1,paper,baizhi,白纸,2,6,1,1,sliding,winmb07,train,1607158282.809,1607158293.109,10.300,dataset/audio/paper/VisTouch_paper_f6_r1_v1_winmb07.wav,dataset/tactile/paper/VisTouch_paper_f6_r1_v1_winmb07.csv,dataset/video/paper/VisTouch_paper_f6_r1_v1_winmb07.avi
VisTouch_paper_f6_r1_v1_winmb08,paper_f6_r1_v1,paper,baizhi,白纸,2,6,1,1,sliding,winmb08,train,1607158288.245,1607158298.545,10.300,dataset/audio/paper/VisTouch_paper_f6_r1_v1_winmb08.wav,dataset/tactile/paper/VisTouch_paper_f6_r1_v1_winmb08.csv,dataset/video/paper/VisTouch_paper_f6_r1_v1_winmb08.avi
VisTouch_paper_f6_r1_v1_winmb09,paper_f6_r1_v1,paper,baizhi,白纸,2,6,1,1,sliding,winmb09,train,1607158292.530,1607158302.830,10.300,dataset/audio/paper/VisTouch_paper_f6_r1_v1_winmb09.wav,dataset/tactile/paper/VisTouch_paper_f6_r1_v1_winmb09.csv,dataset/video/paper/VisTouch_paper_f6_r1_v1_winmb09.avi
VisTouch_paper_f6_r1_v1_winmb10,paper_f6_r1_v1,paper,baizhi,白纸,2,6,1,1,sliding,winmb10,train,1607158297.522,1607158307.822,10.300,dataset/audio/paper/VisTouch_paper_f6_r1_v1_winmb10.wav,dataset/tactile/paper/VisTouch_paper_f6_r1_v1_winmb10.csv,dataset/video/paper/VisTouch_paper_f6_r1_v1_winmb10.avi
VisTouch_paper_f6_r1_v1_winlb01,paper_f6_r1_v1,paper,baizhi,白纸,2,6,1,1,sliding,winlb01,train,1607158253.176,1607158267.176,14.000,dataset/audio/paper/VisTouch_paper_f6_r1_v1_winlb01.wav,dataset/tactile/paper/VisTouch_paper_f6_r1_v1_winlb01.csv,dataset/video/paper/VisTouch_paper_f6_r1_v1_winlb01.avi
VisTouch_paper_f6_r1_v1_winlb02,paper_f6_r1_v1,paper,baizhi,白纸,2,6,1,1,sliding,winlb02,train,1607158259.678,1607158273.678,14.000,dataset/audio/paper/VisTouch_paper_f6_r1_v1_winlb02.wav,dataset/tactile/paper/VisTouch_paper_f6_r1_v1_winlb02.csv,dataset/video/paper/VisTouch_paper_f6_r1_v1_winlb02.avi
VisTouch_paper_f6_r1_v1_winlb03,paper_f6_r1_v1,paper,baizhi,白纸,2,6,1,1,sliding,winlb03,train,1607158266.451,1607158280.451,14.000,dataset/audio/paper/VisTouch_paper_f6_r1_v1_winlb03.wav,dataset/tactile/paper/VisTouch_paper_f6_r1_v1_winlb03.csv,dataset/video/paper/VisTouch_paper_f6_r1_v1_winlb03.avi
VisTouch_paper_f6_r1_v1_winlb04,paper_f6_r1_v1,paper,baizhi,白纸,2,6,1,1,sliding,winlb04,train,1607158272.988,1607158286.988,14.000,dataset/audio/paper/VisTouch_paper_f6_r1_v1_winlb04.wav,dataset/tactile/paper/VisTouch_paper_f6_r1_v1_winlb04.csv,dataset/video/paper/VisTouch_paper_f6_r1_v1_winlb04.avi
VisTouch_paper_f6_r1_v1_winlb05,paper_f6_r1_v1,paper,baizhi,白纸,2,6,1,1,sliding,winlb05,train,1607158279.603,1607158293.603,14.000,dataset/audio/paper/VisTouch_paper_f6_r1_v1_winlb05.wav,dataset/tactile/paper/VisTouch_paper_f6_r1_v1_winlb05.csv,dataset/video/paper/VisTouch_paper_f6_r1_v1_winlb05.avi
VisTouch_paper_f6_r1_v1_winlb06,paper_f6_r1_v1,paper,baizhi,白纸,2,6,1,1,sliding,winlb06,train,1607158286.488,1607158300.488,14.000,dataset/audio/paper/VisTouch_paper_f6_r1_v1_winlb06.wav,dataset/tactile/paper/VisTouch_paper_f6_r1_v1_winlb06.csv,dataset/video/paper/VisTouch_paper_f6_r1_v1_winlb06.avi
VisTouch_paper_f6_r1_v1_winlb07,paper_f6_r1_v1,paper,baizhi,白纸,2,6,1,1,sliding,winlb07,train,1607158294.668,1607158308.668,14.000,dataset/audio/paper/VisTouch_paper_f6_r1_v1_winlb07.wav,dataset/tactile/paper/VisTouch_paper_f6_r1_v1_winlb07.csv,dataset/video/paper/VisTouch_paper_f6_r1_v1_winlb07.avi
VisTouch_paper_f6_r1_v1_wine01,paper_f6_r1_v1,paper,baizhi,白纸,2,6,1,1,sliding,wine01,train,1607158249.000,1607158257.500,8.500,dataset/audio/paper/VisTouch_paper_f6_r1_v1_wine01.wav,dataset/tactile/paper/VisTouch_paper_f6_r1_v1_wine01.csv,dataset/video/paper/VisTouch_paper_f6_r1_v1_wine01.avi
VisTouch_paper_f6_r1_v1_wine02,paper_f6_r1_v1,paper,baizhi,白纸,2,6,1,1,sliding,wine02,train,1607158253.856,1607158262.356,8.500,dataset/audio/paper/VisTouch_paper_f6_r1_v1_wine02.wav,dataset/tactile/paper/VisTouch_paper_f6_r1_v1_wine02.csv,dataset/video/paper/VisTouch_paper_f6_r1_v1_wine02.avi
VisTouch_paper_f6_r1_v1_wine03,paper_f6_r1_v1,paper,baizhi,白纸,2,6,1,1,sliding,wine03,train,1607158257.000,1607158265.500,8.500,dataset/audio/paper/VisTouch_paper_f6_r1_v1_wine03.wav,dataset/tactile/paper/VisTouch_paper_f6_r1_v1_wine03.csv,dataset/video/paper/VisTouch_paper_f6_r1_v1_wine03.avi
VisTouch_paper_f6_r1_v1_wine04,paper_f6_r1_v1,paper,baizhi,白纸,2,6,1,1,sliding,wine04,train,1607158261.689,1607158270.189,8.500,dataset/audio/paper/VisTouch_paper_f6_r1_v1_wine04.wav,dataset/tactile/paper/VisTouch_paper_f6_r1_v1_wine04.csv,dataset/video/paper/VisTouch_paper_f6_r1_v1_wine04.avi
VisTouch_paper_f6_r1_v1_wine05,paper_f6_r1_v1,paper,baizhi,白纸,2,6,1,1,sliding,wine05,train,1607158265.866,1607158274.366,8.500,dataset/audio/paper/VisTouch_paper_f6_r1_v1_wine05.wav,dataset/tactile/paper/VisTouch_paper_f6_r1_v1_wine05.csv,dataset/video/paper/VisTouch_paper_f6_r1_v1_wine05.avi
VisTouch_paper_f6_r1_v1_wine06,paper_f6_r1_v1,paper,baizhi,白纸,2,6,1,1,sliding,wine06,train,1607158269.909,1607158278.409,8.500,dataset/audio/paper/VisTouch_paper_f6_r1_v1_wine06.wav,dataset/tactile/paper/VisTouch_paper_f6_r1_v1_wine06.csv,dataset/video/paper/VisTouch_paper_f6_r1_v1_wine06.avi
VisTouch_paper_f6_r1_v1_wine08,paper_f6_r1_v1,paper,baizhi,白纸,2,6,1,1,sliding,wine08,train,1607158278.933,1607158287.433,8.500,dataset/audio/paper/VisTouch_paper_f6_r1_v1_wine08.wav,dataset/tactile/paper/VisTouch_paper_f6_r1_v1_wine08.csv,dataset/video/paper/VisTouch_paper_f6_r1_v1_wine08.avi
VisTouch_paper_f6_r1_v1_wine09,paper_f6_r1_v1,paper,baizhi,白纸,2,6,1,1,sliding,wine09,train,1607158283.288,1607158291.788,8.500,dataset/audio/paper/VisTouch_paper_f6_r1_v1_wine09.wav,dataset/tactile/paper/VisTouch_paper_f6_r1_v1_wine09.csv,dataset/video/paper/VisTouch_paper_f6_r1_v1_wine09.avi
VisTouch_paper_f6_r1_v1_wine10,paper_f6_r1_v1,paper,baizhi,白纸,2,6,1,1,sliding,wine10,train,1607158286.718,1607158295.218,8.500,dataset/audio/paper/VisTouch_paper_f6_r1_v1_wine10.wav,dataset/tactile/paper/VisTouch_paper_f6_r1_v1_wine10.csv,dataset/video/paper/VisTouch_paper_f6_r1_v1_wine10.avi
VisTouch_paper_f6_r1_v1_wine11,paper_f6_r1_v1,paper,baizhi,白纸,2,6,1,1,sliding,wine11,train,1607158291.312,1607158299.812,8.500,dataset/audio/paper/VisTouch_paper_f6_r1_v1_wine11.wav,dataset/tactile/paper/VisTouch_paper_f6_r1_v1_wine11.csv,dataset/video/paper/VisTouch_paper_f6_r1_v1_wine11.avi
VisTouch_paper_f6_r1_v1_wine12,paper_f6_r1_v1,paper,baizhi,白纸,2,6,1,1,sliding,wine12,train,1607158295.775,1607158304.275,8.500,dataset/audio/paper/VisTouch_paper_f6_r1_v1_wine12.wav,dataset/tactile/paper/VisTouch_paper_f6_r1_v1_wine12.csv,dataset/video/paper/VisTouch_paper_f6_r1_v1_wine12.avi
VisTouch_paper_f6_r1_v1_wine13,paper_f6_r1_v1,paper,baizhi,白纸,2,6,1,1,sliding,wine13,train,1607158299.907,1607158308.407,8.500,dataset/audio/paper/VisTouch_paper_f6_r1_v1_wine13.wav,dataset/tactile/paper/VisTouch_paper_f6_r1_v1_wine13.csv,dataset/video/paper/VisTouch_paper_f6_r1_v1_wine13.avi
VisTouch_paper_f9_r1_v1_winsb01,paper_f9_r1_v1,paper,baizhi,白纸,2,9,1,1,sliding,winsb01,test,1607158449.788,1607158456.788,7.000,dataset/audio/paper/VisTouch_paper_f9_r1_v1_winsb01.wav,dataset/tactile/paper/VisTouch_paper_f9_r1_v1_winsb01.csv,dataset/video/paper/VisTouch_paper_f9_r1_v1_winsb01.avi
VisTouch_paper_f9_r1_v1_winsb02,paper_f9_r1_v1,paper,baizhi,白纸,2,9,1,1,sliding,winsb02,test,1607158453.449,1607158460.449,7.000,dataset/audio/paper/VisTouch_paper_f9_r1_v1_winsb02.wav,dataset/tactile/paper/VisTouch_paper_f9_r1_v1_winsb02.csv,dataset/video/paper/VisTouch_paper_f9_r1_v1_winsb02.avi
VisTouch_paper_f9_r1_v1_winsb03,paper_f9_r1_v1,paper,baizhi,白纸,2,9,1,1,sliding,winsb03,test,1607158457.737,1607158464.737,7.000,dataset/audio/paper/VisTouch_paper_f9_r1_v1_winsb03.wav,dataset/tactile/paper/VisTouch_paper_f9_r1_v1_winsb03.csv,dataset/video/paper/VisTouch_paper_f9_r1_v1_winsb03.avi
VisTouch_paper_f9_r1_v1_winsb04,paper_f9_r1_v1,paper,baizhi,白纸,2,9,1,1,sliding,winsb04,test,1607158460.416,1607158467.416,7.000,dataset/audio/paper/VisTouch_paper_f9_r1_v1_winsb04.wav,dataset/tactile/paper/VisTouch_paper_f9_r1_v1_winsb04.csv,dataset/video/paper/VisTouch_paper_f9_r1_v1_winsb04.avi
VisTouch_paper_f9_r1_v1_winsb06,paper_f9_r1_v1,paper,baizhi,白纸,2,9,1,1,sliding,winsb06,test,1607158468.108,1607158475.108,7.000,dataset/audio/paper/VisTouch_paper_f9_r1_v1_winsb06.wav,dataset/tactile/paper/VisTouch_paper_f9_r1_v1_winsb06.csv,dataset/video/paper/VisTouch_paper_f9_r1_v1_winsb06.avi
VisTouch_paper_f9_r1_v1_winsb07,paper_f9_r1_v1,paper,baizhi,白纸,2,9,1,1,sliding,winsb07,test,1607158471.156,1607158478.156,7.000,dataset/audio/paper/VisTouch_paper_f9_r1_v1_winsb07.wav,dataset/tactile/paper/VisTouch_paper_f9_r1_v1_winsb07.csv,dataset/video/paper/VisTouch_paper_f9_r1_v1_winsb07.avi
VisTouch_paper_f9_r1_v1_winsb08,paper_f9_r1_v1,paper,baizhi,白纸,2,9,1,1,sliding,winsb08,test,1607158474.735,1607158481.735,7.000,dataset/audio/paper/VisTouch_paper_f9_r1_v1_winsb08.wav,dataset/tactile/paper/VisTouch_paper_f9_r1_v1_winsb08.csv,dataset/video/paper/VisTouch_paper_f9_r1_v1_winsb08.avi
VisTouch_paper_f9_r1_v1_winsb09,paper_f9_r1_v1,paper,baizhi,白纸,2,9,1,1,sliding,winsb09,test,1607158478.610,1607158485.610,7.000,dataset/audio/paper/VisTouch_paper_f9_r1_v1_winsb09.wav,dataset/tactile/paper/VisTouch_paper_f9_r1_v1_winsb09.csv,dataset/video/paper/VisTouch_paper_f9_r1_v1_winsb09.avi
VisTouch_paper_f9_r1_v1_winsb11,paper_f9_r1_v1,paper,baizhi,白纸,2,9,1,1,sliding,winsb11,test,1607158485.624,1607158492.624,7.000,dataset/audio/paper/VisTouch_paper_f9_r1_v1_winsb11.wav,dataset/tactile/paper/VisTouch_paper_f9_r1_v1_winsb11.csv,dataset/video/paper/VisTouch_paper_f9_r1_v1_winsb11.avi
VisTouch_paper_f9_r1_v1_winsb12,paper_f9_r1_v1,paper,baizhi,白纸,2,9,1,1,sliding,winsb12,test,1607158489.040,1607158496.040,7.000,dataset/audio/paper/VisTouch_paper_f9_r1_v1_winsb12.wav,dataset/tactile/paper/VisTouch_paper_f9_r1_v1_winsb12.csv,dataset/video/paper/VisTouch_paper_f9_r1_v1_winsb12.avi
VisTouch_paper_f9_r1_v1_winsb13,paper_f9_r1_v1,paper,baizhi,白纸,2,9,1,1,sliding,winsb13,test,1607158492.471,1607158499.471,7.000,dataset/audio/paper/VisTouch_paper_f9_r1_v1_winsb13.wav,dataset/tactile/paper/VisTouch_paper_f9_r1_v1_winsb13.csv,dataset/video/paper/VisTouch_paper_f9_r1_v1_winsb13.avi
VisTouch_paper_f9_r1_v1_winsb14,paper_f9_r1_v1,paper,baizhi,白纸,2,9,1,1,sliding,winsb14,test,1607158496.204,1607158503.204,7.000,dataset/audio/paper/VisTouch_paper_f9_r1_v1_winsb14.wav,dataset/tactile/paper/VisTouch_paper_f9_r1_v1_winsb14.csv,dataset/video/paper/VisTouch_paper_f9_r1_v1_winsb14.avi
VisTouch_paper_f9_r1_v1_winsb15,paper_f9_r1_v1,paper,baizhi,白纸,2,9,1,1,sliding,winsb15,test,1607158499.609,1607158506.609,7.000,dataset/audio/paper/VisTouch_paper_f9_r1_v1_winsb15.wav,dataset/tactile/paper/VisTouch_paper_f9_r1_v1_winsb15.csv,dataset/video/paper/VisTouch_paper_f9_r1_v1_winsb15.avi
VisTouch_paper_f9_r1_v1_winsb16,paper_f9_r1_v1,paper,baizhi,白纸,2,9,1,1,sliding,winsb16,test,1607158502.433,1607158509.433,7.000,dataset/audio/paper/VisTouch_paper_f9_r1_v1_winsb16.wav,dataset/tactile/paper/VisTouch_paper_f9_r1_v1_winsb16.csv,dataset/video/paper/VisTouch_paper_f9_r1_v1_winsb16.avi
VisTouch_paper_f9_r1_v1_winmb01,paper_f9_r1_v1,paper,baizhi,白纸,2,9,1,1,sliding,winmb01,test,1607158451.479,1607158461.779,10.300,dataset/audio/paper/VisTouch_paper_f9_r1_v1_winmb01.wav,dataset/tactile/paper/VisTouch_paper_f9_r1_v1_winmb01.csv,dataset/video/paper/VisTouch_paper_f9_r1_v1_winmb01.avi
VisTouch_paper_f9_r1_v1_winmb02,paper_f9_r1_v1,paper,baizhi,白纸,2,9,1,1,sliding,winmb02,test,1607158455.606,1607158465.906,10.300,dataset/audio/paper/VisTouch_paper_f9_r1_v1_winmb02.wav,dataset/tactile/paper/VisTouch_paper_f9_r1_v1_winmb02.csv,dataset/video/paper/VisTouch_paper_f9_r1_v1_winmb02.avi
VisTouch_paper_f9_r1_v1_winmb03,paper_f9_r1_v1,paper,baizhi,白纸,2,9,1,1,sliding,winmb03,test,1607158461.280,1607158471.580,10.300,dataset/audio/paper/VisTouch_paper_f9_r1_v1_winmb03.wav,dataset/tactile/paper/VisTouch_paper_f9_r1_v1_winmb03.csv,dataset/video/paper/VisTouch_paper_f9_r1_v1_winmb03.avi
VisTouch_paper_f9_r1_v1_winmb04,paper_f9_r1_v1,paper,baizhi,白纸,2,9,1,1,sliding,winmb04,test,1607158466.385,1607158476.685,10.300,dataset/audio/paper/VisTouch_paper_f9_r1_v1_winmb04.wav,dataset/tactile/paper/VisTouch_paper_f9_r1_v1_winmb04.csv,dataset/video/paper/VisTouch_paper_f9_r1_v1_winmb04.avi
VisTouch_paper_f9_r1_v1_winmb05,paper_f9_r1_v1,paper,baizhi,白纸,2,9,1,1,sliding,winmb05,test,1607158471.235,1607158481.535,10.300,dataset/audio/paper/VisTouch_paper_f9_r1_v1_winmb05.wav,dataset/tactile/paper/VisTouch_paper_f9_r1_v1_winmb05.csv,dataset/video/paper/VisTouch_paper_f9_r1_v1_winmb05.avi
VisTouch_paper_f9_r1_v1_winmb06,paper_f9_r1_v1,paper,baizhi,白纸,2,9,1,1,sliding,winmb06,test,1607158477.522,1607158487.822,10.300,dataset/audio/paper/VisTouch_paper_f9_r1_v1_winmb06.wav,dataset/tactile/paper/VisTouch_paper_f9_r1_v1_winmb06.csv,dataset/video/paper/VisTouch_paper_f9_r1_v1_winmb06.avi
VisTouch_paper_f9_r1_v1_winmb07,paper_f9_r1_v1,paper,baizhi,白纸,2,9,1,1,sliding,winmb07,test,1607158481.369,1607158491.669,10.300,dataset/audio/paper/VisTouch_paper_f9_r1_v1_winmb07.wav,dataset/tactile/paper/VisTouch_paper_f9_r1_v1_winmb07.csv,dataset/video/paper/VisTouch_paper_f9_r1_v1_winmb07.avi
VisTouch_paper_f9_r1_v1_winmb08,paper_f9_r1_v1,paper,baizhi,白纸,2,9,1,1,sliding,winmb08,test,1607158486.380,1607158496.680,10.300,dataset/audio/paper/VisTouch_paper_f9_r1_v1_winmb08.wav,dataset/tactile/paper/VisTouch_paper_f9_r1_v1_winmb08.csv,dataset/video/paper/VisTouch_paper_f9_r1_v1_winmb08.avi
VisTouch_paper_f9_r1_v1_winmb09,paper_f9_r1_v1,paper,baizhi,白纸,2,9,1,1,sliding,winmb09,test,1607158492.021,1607158502.321,10.300,dataset/audio/paper/VisTouch_paper_f9_r1_v1_winmb09.wav,dataset/tactile/paper/VisTouch_paper_f9_r1_v1_winmb09.csv,dataset/video/paper/VisTouch_paper_f9_r1_v1_winmb09.avi
VisTouch_paper_f9_r1_v1_winmb10,paper_f9_r1_v1,paper,baizhi,白纸,2,9,1,1,sliding,winmb10,test,1607158498.203,1607158508.503,10.300,dataset/audio/paper/VisTouch_paper_f9_r1_v1_winmb10.wav,dataset/tactile/paper/VisTouch_paper_f9_r1_v1_winmb10.csv,dataset/video/paper/VisTouch_paper_f9_r1_v1_winmb10.avi
VisTouch_paper_f9_r1_v1_winlb01,paper_f9_r1_v1,paper,baizhi,白纸,2,9,1,1,sliding,winlb01,test,1607158451.526,1607158465.526,14.000,dataset/audio/paper/VisTouch_paper_f9_r1_v1_winlb01.wav,dataset/tactile/paper/VisTouch_paper_f9_r1_v1_winlb01.csv,dataset/video/paper/VisTouch_paper_f9_r1_v1_winlb01.avi
VisTouch_paper_f9_r1_v1_winlb02,paper_f9_r1_v1,paper,baizhi,白纸,2,9,1,1,sliding,winlb02,test,1607158459.714,1607158473.714,14.000,dataset/audio/paper/VisTouch_paper_f9_r1_v1_winlb02.wav,dataset/tactile/paper/VisTouch_paper_f9_r1_v1_winlb02.csv,dataset/video/paper/VisTouch_paper_f9_r1_v1_winlb02.avi
VisTouch_paper_f9_r1_v1_winlb03,paper_f9_r1_v1,paper,baizhi,白纸,2,9,1,1,sliding,winlb03,test,1607158465.334,1607158479.334,14.000,dataset/audio/paper/VisTouch_paper_f9_r1_v1_winlb03.wav,dataset/tactile/paper/VisTouch_paper_f9_r1_v1_winlb03.csv,dataset/video/paper/VisTouch_paper_f9_r1_v1_winlb03.avi
VisTouch_paper_f9_r1_v1_winlb04,paper_f9_r1_v1,paper,baizhi,白纸,2,9,1,1,sliding,winlb04,test,1607158473.201,1607158487.201,14.000,dataset/audio/paper/VisTouch_paper_f9_r1_v1_winlb04.wav,dataset/tactile/paper/VisTouch_paper_f9_r1_v1_winlb04.csv,dataset/video/paper/VisTouch_paper_f9_r1_v1_winlb04.avi
VisTouch_paper_f9_r1_v1_winlb05,paper_f9_r1_v1,paper,baizhi,白纸,2,9,1,1,sliding,winlb05,test,1607158480.983,1607158494.983,14.000,dataset/audio/paper/VisTouch_paper_f9_r1_v1_winlb05.wav,dataset/tactile/paper/VisTouch_paper_f9_r1_v1_winlb05.csv,dataset/video/paper/VisTouch_paper_f9_r1_v1_winlb05.avi
VisTouch_paper_f9_r1_v1_winlb06,paper_f9_r1_v1,paper,baizhi,白纸,2,9,1,1,sliding,winlb06,test,1607158487.475,1607158501.475,14.000,dataset/audio/paper/VisTouch_paper_f9_r1_v1_winlb06.wav,dataset/tactile/paper/VisTouch_paper_f9_r1_v1_winlb06.csv,dataset/video/paper/VisTouch_paper_f9_r1_v1_winlb06.avi
VisTouch_paper_f9_r1_v1_winlb07,paper_f9_r1_v1,paper,baizhi,白纸,2,9,1,1,sliding,winlb07,test,1607158495.029,1607158509.029,14.000,dataset/audio/paper/VisTouch_paper_f9_r1_v1_winlb07.wav,dataset/tactile/paper/VisTouch_paper_f9_r1_v1_winlb07.csv,dataset/video/paper/VisTouch_paper_f9_r1_v1_winlb07.avi
VisTouch_paper_f9_r1_v1_wine01,paper_f9_r1_v1,paper,baizhi,白纸,2,9,1,1,sliding,wine01,test,1607158448.615,1607158457.115,8.500,dataset/audio/paper/VisTouch_paper_f9_r1_v1_wine01.wav,dataset/tactile/paper/VisTouch_paper_f9_r1_v1_wine01.csv,dataset/video/paper/VisTouch_paper_f9_r1_v1_wine01.avi
VisTouch_paper_f9_r1_v1_wine02,paper_f9_r1_v1,paper,baizhi,白纸,2,9,1,1,sliding,wine02,test,1607158453.386,1607158461.886,8.500,dataset/audio/paper/VisTouch_paper_f9_r1_v1_wine02.wav,dataset/tactile/paper/VisTouch_paper_f9_r1_v1_wine02.csv,dataset/video/paper/VisTouch_paper_f9_r1_v1_wine02.avi
VisTouch_paper_f9_r1_v1_wine03,paper_f9_r1_v1,paper,baizhi,白纸,2,9,1,1,sliding,wine03,test,1607158457.450,1607158465.950,8.500,dataset/audio/paper/VisTouch_paper_f9_r1_v1_wine03.wav,dataset/tactile/paper/VisTouch_paper_f9_r1_v1_wine03.csv,dataset/video/paper/VisTouch_paper_f9_r1_v1_wine03.avi
VisTouch_paper_f9_r1_v1_wine04,paper_f9_r1_v1,paper,baizhi,白纸,2,9,1,1,sliding,wine04,test,1607158461.625,1607158470.125,8.500,dataset/audio/paper/VisTouch_paper_f9_r1_v1_wine04.wav,dataset/tactile/paper/VisTouch_paper_f9_r1_v1_wine04.csv,dataset/video/paper/VisTouch_paper_f9_r1_v1_wine04.avi
VisTouch_paper_f9_r1_v1_wine05,paper_f9_r1_v1,paper,baizhi,白纸,2,9,1,1,sliding,wine05,test,1607158466.015,1607158474.515,8.500,dataset/audio/paper/VisTouch_paper_f9_r1_v1_wine05.wav,dataset/tactile/paper/VisTouch_paper_f9_r1_v1_wine05.csv,dataset/video/paper/VisTouch_paper_f9_r1_v1_wine05.avi
VisTouch_paper_f9_r1_v1_wine06,paper_f9_r1_v1,paper,baizhi,白纸,2,9,1,1,sliding,wine06,test,1607158469.938,1607158478.438,8.500,dataset/audio/paper/VisTouch_paper_f9_r1_v1_wine06.wav,dataset/tactile/paper/VisTouch_paper_f9_r1_v1_wine06.csv,dataset/video/paper/VisTouch_paper_f9_r1_v1_wine06.avi
VisTouch_paper_f9_r1_v1_wine07,paper_f9_r1_v1,paper,baizhi,白纸,2,9,1,1,sliding,wine07,test,1607158473.837,1607158482.337,8.500,dataset/audio/paper/VisTouch_paper_f9_r1_v1_wine07.wav,dataset/tactile/paper/VisTouch_paper_f9_r1_v1_wine07.csv,dataset/video/paper/VisTouch_paper_f9_r1_v1_wine07.avi
VisTouch_paper_f9_r1_v1_wine08,paper_f9_r1_v1,paper,baizhi,白纸,2,9,1,1,sliding,wine08,test,1607158478.306,1607158486.806,8.500,dataset/audio/paper/VisTouch_paper_f9_r1_v1_wine08.wav,dataset/tactile/paper/VisTouch_paper_f9_r1_v1_wine08.csv,dataset/video/paper/VisTouch_paper_f9_r1_v1_wine08.avi
VisTouch_paper_f9_r1_v1_wine10,paper_f9_r1_v1,paper,baizhi,白纸,2,9,1,1,sliding,wine10,test,1607158487.124,1607158495.624,8.500,dataset/audio/paper/VisTouch_paper_f9_r1_v1_wine10.wav,dataset/tactile/paper/VisTouch_paper_f9_r1_v1_wine10.csv,dataset/video/paper/VisTouch_paper_f9_r1_v1_wine10.avi
VisTouch_paper_f9_r1_v1_wine11,paper_f9_r1_v1,paper,baizhi,白纸,2,9,1,1,sliding,wine11,test,1607158490.599,1607158499.099,8.500,dataset/audio/paper/VisTouch_paper_f9_r1_v1_wine11.wav,dataset/tactile/paper/VisTouch_paper_f9_r1_v1_wine11.csv,dataset/video/paper/VisTouch_paper_f9_r1_v1_wine11.avi
VisTouch_paper_f9_r1_v1_wine13,paper_f9_r1_v1,paper,baizhi,白纸,2,9,1,1,sliding,wine13,test,1607158499.566,1607158508.066,8.500,dataset/audio/paper/VisTouch_paper_f9_r1_v1_wine13.wav,dataset/tactile/paper/VisTouch_paper_f9_r1_v1_wine13.csv,dataset/video/paper/VisTouch_paper_f9_r1_v1_wine13.avi
VisTouch_polyester_f3_r1_v1_winsb01,polyester_f3_r1_v1,polyester,dilun,涤纶,3,3,1,1,sliding,winsb01,train,1607155499.930,1607155506.930,7.000,dataset/audio/polyester/VisTouch_polyester_f3_r1_v1_winsb01.wav,dataset/tactile/polyester/VisTouch_polyester_f3_r1_v1_winsb01.csv,dataset/video/polyester/VisTouch_polyester_f3_r1_v1_winsb01.avi
VisTouch_polyester_f3_r1_v1_winsb02,polyester_f3_r1_v1,polyester,dilun,涤纶,3,3,1,1,sliding,winsb02,train,1607155503.524,1607155510.524,7.000,dataset/audio/polyester/VisTouch_polyester_f3_r1_v1_winsb02.wav,dataset/tactile/polyester/VisTouch_polyester_f3_r1_v1_winsb02.csv,dataset/video/polyester/VisTouch_polyester_f3_r1_v1_winsb02.avi
VisTouch_polyester_f3_r1_v1_winsb04,polyester_f3_r1_v1,polyester,dilun,涤纶,3,3,1,1,sliding,winsb04,train,1607155510.381,1607155517.381,7.000,dataset/audio/polyester/VisTouch_polyester_f3_r1_v1_winsb04.wav,dataset/tactile/polyester/VisTouch_polyester_f3_r1_v1_winsb04.csv,dataset/video/polyester/VisTouch_polyester_f3_r1_v1_winsb04.avi
VisTouch_polyester_f3_r1_v1_winsb05,polyester_f3_r1_v1,polyester,dilun,涤纶,3,3,1,1,sliding,winsb05,train,1607155513.660,1607155520.660,7.000,dataset/audio/polyester/VisTouch_polyester_f3_r1_v1_winsb05.wav,dataset/tactile/polyester/VisTouch_polyester_f3_r1_v1_winsb05.csv,dataset/video/polyester/VisTouch_polyester_f3_r1_v1_winsb05.avi
VisTouch_polyester_f3_r1_v1_winsb06,polyester_f3_r1_v1,polyester,dilun,涤纶,3,3,1,1,sliding,winsb06,train,1607155517.370,1607155524.370,7.000,dataset/audio/polyester/VisTouch_polyester_f3_r1_v1_winsb06.wav,dataset/tactile/polyester/VisTouch_polyester_f3_r1_v1_winsb06.csv,dataset/video/polyester/VisTouch_polyester_f3_r1_v1_winsb06.avi
VisTouch_polyester_f3_r1_v1_winsb07,polyester_f3_r1_v1,polyester,dilun,涤纶,3,3,1,1,sliding,winsb07,train,1607155520.954,1607155527.954,7.000,dataset/audio/polyester/VisTouch_polyester_f3_r1_v1_winsb07.wav,dataset/tactile/polyester/VisTouch_polyester_f3_r1_v1_winsb07.csv,dataset/video/polyester/VisTouch_polyester_f3_r1_v1_winsb07.avi
VisTouch_polyester_f3_r1_v1_winsb08,polyester_f3_r1_v1,polyester,dilun,涤纶,3,3,1,1,sliding,winsb08,train,1607155524.340,1607155531.340,7.000,dataset/audio/polyester/VisTouch_polyester_f3_r1_v1_winsb08.wav,dataset/tactile/polyester/VisTouch_polyester_f3_r1_v1_winsb08.csv,dataset/video/polyester/VisTouch_polyester_f3_r1_v1_winsb08.avi
VisTouch_polyester_f3_r1_v1_winsb09,polyester_f3_r1_v1,polyester,dilun,涤纶,3,3,1,1,sliding,winsb09,train,1607155527.995,1607155534.995,7.000,dataset/audio/polyester/VisTouch_polyester_f3_r1_v1_winsb09.wav,dataset/tactile/polyester/VisTouch_polyester_f3_r1_v1_winsb09.csv,dataset/video/polyester/VisTouch_polyester_f3_r1_v1_winsb09.avi
VisTouch_polyester_f3_r1_v1_winsb10,polyester_f3_r1_v1,polyester,dilun,涤纶,3,3,1,1,sliding,winsb10,train,1607155531.271,1607155538.271,7.000,dataset/audio/polyester/VisTouch_polyester_f3_r1_v1_winsb10.wav,dataset/tactile/polyester/VisTouch_polyester_f3_r1_v1_winsb10.csv,dataset/video/polyester/VisTouch_polyester_f3_r1_v1_winsb10.avi
VisTouch_polyester_f3_r1_v1_winsb11,polyester_f3_r1_v1,polyester,dilun,涤纶,3,3,1,1,sliding,winsb11,train,1607155534.711,1607155541.711,7.000,dataset/audio/polyester/VisTouch_polyester_f3_r1_v1_winsb11.wav,dataset/tactile/polyester/VisTouch_polyester_f3_r1_v1_winsb11.csv,dataset/video/polyester/VisTouch_polyester_f3_r1_v1_winsb11.avi
VisTouch_polyester_f3_r1_v1_winsb12,polyester_f3_r1_v1,polyester,dilun,涤纶,3,3,1,1,sliding,winsb12,train,1607155538.026,1607155545.026,7.000,dataset/audio/polyester/VisTouch_polyester_f3_r1_v1_winsb12.wav,dataset/tactile/polyester/VisTouch_polyester_f3_r1_v1_winsb12.csv,dataset/video/polyester/VisTouch_polyester_f3_r1_v1_winsb12.avi
VisTouch_polyester_f3_r1_v1_winsb13,polyester_f3_r1_v1,polyester,dilun,涤纶,3,3,1,1,sliding,winsb13,train,1607155541.466,1607155548.466,7.000,dataset/audio/polyester/VisTouch_polyester_f3_r1_v1_winsb13.wav,dataset/tactile/polyester/VisTouch_polyester_f3_r1_v1_winsb13.csv,dataset/video/polyester/VisTouch_polyester_f3_r1_v1_winsb13.avi
VisTouch_polyester_f3_r1_v1_winsb14,polyester_f3_r1_v1,polyester,dilun,涤纶,3,3,1,1,sliding,winsb14,train,1607155545.455,1607155552.455,7.000,dataset/audio/polyester/VisTouch_polyester_f3_r1_v1_winsb14.wav,dataset/tactile/polyester/VisTouch_polyester_f3_r1_v1_winsb14.csv,dataset/video/polyester/VisTouch_polyester_f3_r1_v1_winsb14.avi
VisTouch_polyester_f3_r1_v1_winsb15,polyester_f3_r1_v1,polyester,dilun,涤纶,3,3,1,1,sliding,winsb15,train,1607155548.955,1607155555.955,7.000,dataset/audio/polyester/VisTouch_polyester_f3_r1_v1_winsb15.wav,dataset/tactile/polyester/VisTouch_polyester_f3_r1_v1_winsb15.csv,dataset/video/polyester/VisTouch_polyester_f3_r1_v1_winsb15.avi
VisTouch_polyester_f3_r1_v1_winmb02,polyester_f3_r1_v1,polyester,dilun,涤纶,3,3,1,1,sliding,winmb02,train,1607155505.989,1607155516.289,10.300,dataset/audio/polyester/VisTouch_polyester_f3_r1_v1_winmb02.wav,dataset/tactile/polyester/VisTouch_polyester_f3_r1_v1_winmb02.csv,dataset/video/polyester/VisTouch_polyester_f3_r1_v1_winmb02.avi
VisTouch_polyester_f3_r1_v1_winmb03,polyester_f3_r1_v1,polyester,dilun,涤纶,3,3,1,1,sliding,winmb03,train,1607155510.923,1607155521.223,10.300,dataset/audio/polyester/VisTouch_polyester_f3_r1_v1_winmb03.wav,dataset/tactile/polyester/VisTouch_polyester_f3_r1_v1_winmb03.csv,dataset/video/polyester/VisTouch_polyester_f3_r1_v1_winmb03.avi
VisTouch_polyester_f3_r1_v1_winmb04,polyester_f3_r1_v1,polyester,dilun,涤纶,3,3,1,1,sliding,winmb04,train,1607155516.552,1607155526.852,10.300,dataset/audio/polyester/VisTouch_polyester_f3_r1_v1_winmb04.wav,dataset/tactile/polyester/VisTouch_polyester_f3_r1_v1_winmb04.csv,dataset/video/polyester/VisTouch_polyester_f3_r1_v1_winmb04.avi
VisTouch_polyester_f3_r1_v1_winmb05,polyester_f3_r1_v1,polyester,dilun,涤纶,3,3,1,1,sliding,winmb05,train,1607155521.154,1607155531.454,10.300,dataset/audio/polyester/VisTouch_polyester_f3_r1_v1_winmb05.wav,dataset/tactile/polyester/VisTouch_polyester_f3_r1_v1_winmb05.csv,dataset/video/polyester/VisTouch_polyester_f3_r1_v1_winmb05.avi
VisTouch_polyester_f3_r1_v1_winmb06,polyester_f3_r1_v1,polyester,dilun,涤纶,3,3,1,1,sliding,winmb06,train,1607155526.288,1607155536.588,10.300,dataset/audio/polyester/VisTouch_polyester_f3_r1_v1_winmb06.wav,dataset/tactile/polyester/VisTouch_polyester_f3_r1_v1_winmb06.csv,dataset/video/polyester/VisTouch_polyester_f3_r1_v1_winmb06.avi
VisTouch_polyester_f3_r1_v1_winmb07,polyester_f3_r1_v1,polyester,dilun,涤纶,3,3,1,1,sliding,winmb07,train,1607155531.102,1607155541.402,10.300,dataset/audio/polyester/VisTouch_polyester_f3_r1_v1_winmb07.wav,dataset/tactile/polyester/VisTouch_polyester_f3_r1_v1_winmb07.csv,dataset/video/polyester/VisTouch_polyester_f3_r1_v1_winmb07.avi
VisTouch_polyester_f3_r1_v1_winmb08,polyester_f3_r1_v1,polyester,dilun,涤纶,3,3,1,1,sliding,winmb08,train,1607155536.094,1607155546.394,10.300,dataset/audio/polyester/VisTouch_polyester_f3_r1_v1_winmb08.wav,dataset/tactile/polyester/VisTouch_polyester_f3_r1_v1_winmb08.csv,dataset/video/polyester/VisTouch_polyester_f3_r1_v1_winmb08.avi
VisTouch_polyester_f3_r1_v1_winmb09,polyester_f3_r1_v1,polyester,dilun,涤纶,3,3,1,1,sliding,winmb09,train,1607155542.102,1607155552.402,10.300,dataset/audio/polyester/VisTouch_polyester_f3_r1_v1_winmb09.wav,dataset/tactile/polyester/VisTouch_polyester_f3_r1_v1_winmb09.csv,dataset/video/polyester/VisTouch_polyester_f3_r1_v1_winmb09.avi
VisTouch_polyester_f3_r1_v1_winmb10,polyester_f3_r1_v1,polyester,dilun,涤纶,3,3,1,1,sliding,winmb10,train,1607155547.457,1607155557.757,10.300,dataset/audio/polyester/VisTouch_polyester_f3_r1_v1_winmb10.wav,dataset/tactile/polyester/VisTouch_polyester_f3_r1_v1_winmb10.csv,dataset/video/polyester/VisTouch_polyester_f3_r1_v1_winmb10.avi
VisTouch_polyester_f3_r1_v1_winlb01,polyester_f3_r1_v1,polyester,dilun,涤纶,3,3,1,1,sliding,winlb01,train,1607155501.873,1607155515.873,14.000,dataset/audio/polyester/VisTouch_polyester_f3_r1_v1_winlb01.wav,dataset/tactile/polyester/VisTouch_polyester_f3_r1_v1_winlb01.csv,dataset/video/polyester/VisTouch_polyester_f3_r1_v1_winlb01.avi
VisTouch_polyester_f3_r1_v1_winlb02,polyester_f3_r1_v1,polyester,dilun,涤纶,3,3,1,1,sliding,winlb02,train,1607155508.225,1607155522.225,14.000,dataset/audio/polyester/VisTouch_polyester_f3_r1_v1_winlb02.wav,dataset/tactile/polyester/VisTouch_polyester_f3_r1_v1_winlb02.csv,dataset/video/polyester/VisTouch_polyester_f3_r1_v1_winlb02.avi
VisTouch_polyester_f3_r1_v1_winlb03,polyester_f3_r1_v1,polyester,dilun,涤纶,3,3,1,1,sliding,winlb03,train,1607155515.659,1607155529.659,14.000,dataset/audio/polyester/VisTouch_polyester_f3_r1_v1_winlb03.wav,dataset/tactile/polyester/VisTouch_polyester_f3_r1_v1_winlb03.csv,dataset/video/polyester/VisTouch_polyester_f3_r1_v1_winlb03.avi
VisTouch_polyester_f3_r1_v1_winlb04,polyester_f3_r1_v1,polyester,dilun,涤纶,3,3,1,1,sliding,winlb04,train,1607155522.633,1607155536.633,14.000,dataset/audio/polyester/VisTouch_polyester_f3_r1_v1_winlb04.wav,dataset/tactile/polyester/VisTouch_polyester_f3_r1_v1_winlb04.csv,dataset/video/polyester/VisTouch_polyester_f3_r1_v1_winlb04.avi
VisTouch_polyester_f3_r1_v1_winlb05,polyester_f3_r1_v1,polyester,dilun,涤纶,3,3,1,1,sliding,winlb05,train,1607155530.417,1607155544.417,14.000,dataset/audio/polyester/VisTouch_polyester_f3_r1_v1_winlb05.wav,dataset/tactile/polyester/VisTouch_polyester_f3_r1_v1_winlb05.csv,dataset/video/polyester/VisTouch_polyester_f3_r1_v1_winlb05.avi
VisTouch_polyester_f3_r1_v1_winlb06,polyester_f3_r1_v1,polyester,dilun,涤纶,3,3,1,1,sliding,winlb06,train,1607155536.264,1607155550.264,14.000,dataset/audio/polyester/VisTouch_polyester_f3_r1_v1_winlb06.wav,dataset/tactile/polyester/VisTouch_polyester_f3_r1_v1_winlb06.csv,dataset/video/polyester/VisTouch_polyester_f3_r1_v1_winlb06.avi
VisTouch_polyester_f3_r1_v1_winlb07,polyester_f3_r1_v1,polyester,dilun,涤纶,3,3,1,1,sliding,winlb07,train,1607155542.796,1607155556.796,14.000,dataset/audio/polyester/VisTouch_polyester_f3_r1_v1_winlb07.wav,dataset/tactile/polyester/VisTouch_polyester_f3_r1_v1_winlb07.csv,dataset/video/polyester/VisTouch_polyester_f3_r1_v1_winlb07.avi
VisTouch_polyester_f3_r1_v1_wine01,polyester_f3_r1_v1,polyester,dilun,涤纶,3,3,1,1,sliding,wine01,train,1607155498.481,1607155506.981,8.500,dataset/audio/polyester/VisTouch_polyester_f3_r1_v1_wine01.wav,dataset/tactile/polyester/VisTouch_polyester_f3_r1_v1_wine01.csv,dataset/video/polyester/VisTouch_polyester_f3_r1_v1_wine01.avi
VisTouch_polyester_f3_r1_v1_wine02,polyester_f3_r1_v1,polyester,dilun,涤纶,3,3,1,1,sliding,wine02,train,1607155502.753,1607155511.253,8.500,dataset/audio/polyester/VisTouch_polyester_f3_r1_v1_wine02.wav,dataset/tactile/polyester/VisTouch_polyester_f3_r1_v1_wine02.csv,dataset/video/polyester/VisTouch_polyester_f3_r1_v1_wine02.avi
VisTouch_polyester_f3_r1_v1_wine03,polyester_f3_r1_v1,polyester,dilun,涤纶,3,3,1,1,sliding,wine03,train,1607155505.924,1607155514.424,8.500,dataset/audio/polyester/VisTouch_polyester_f3_r1_v1_wine03.wav,dataset/tactile/polyester/VisTouch_polyester_f3_r1_v1_wine03.csv,dataset/video/polyester/VisTouch_polyester_f3_r1_v1_wine03.avi
VisTouch_polyester_f3_r1_v1_wine04,polyester_f3_r1_v1,polyester,dilun,涤纶,3,3,1,1,sliding,wine04,train,1607155510.365,1607155518.865,8.500,dataset/audio/polyester/VisTouch_polyester_f3_r1_v1_wine04.wav,dataset/tactile/polyester/VisTouch_polyester_f3_r1_v1_wine04.csv,dataset/video/polyester/VisTouch_polyester_f3_r1_v1_wine04.avi
VisTouch_polyester_f3_r1_v1_wine05,polyester_f3_r1_v1,polyester,dilun,涤纶,3,3,1,1,sliding,wine05,train,1607155515.174,1607155523.674,8.500,dataset/audio/polyester/VisTouch_polyester_f3_r1_v1_wine05.wav,dataset/tactile/polyester/VisTouch_polyester_f3_r1_v1_wine05.csv,dataset/video/polyester/VisTouch_polyester_f3_r1_v1_wine05.avi
VisTouch_polyester_f3_r1_v1_wine06,polyester_f3_r1_v1,polyester,dilun,涤纶,3,3,1,1,sliding,wine06,train,1607155519.618,1607155528.118,8.500,dataset/audio/polyester/VisTouch_polyester_f3_r1_v1_wine06.wav,dataset/tactile/polyester/VisTouch_polyester_f3_r1_v1_wine06.csv,dataset/video/polyester/VisTouch_polyester_f3_r1_v1_wine06.avi
VisTouch_polyester_f3_r1_v1_wine08,polyester_f3_r1_v1,polyester,dilun,涤纶,3,3,1,1,sliding,wine08,train,1607155527.357,1607155535.857,8.500,dataset/audio/polyester/VisTouch_polyester_f3_r1_v1_wine08.wav,dataset/tactile/polyester/VisTouch_polyester_f3_r1_v1_wine08.csv,dataset/video/polyester/VisTouch_polyester_f3_r1_v1_wine08.avi
VisTouch_polyester_f3_r1_v1_wine09,polyester_f3_r1_v1,polyester,dilun,涤纶,3,3,1,1,sliding,wine09,train,1607155531.512,1607155540.012,8.500,dataset/audio/polyester/VisTouch_polyester_f3_r1_v1_wine09.wav,dataset/tactile/polyester/VisTouch_polyester_f3_r1_v1_wine09.csv,dataset/video/polyester/VisTouch_polyester_f3_r1_v1_wine09.avi
VisTouch_polyester_f3_r1_v1_wine10,polyester_f3_r1_v1,polyester,dilun,涤纶,3,3,1,1,sliding,wine10,train,1607155536.258,1607155544.758,8.500,dataset/audio/polyester/VisTouch_polyester_f3_r1_v1_wine10.wav,dataset/tactile/polyester/VisTouch_polyester_f3_r1_v1_wine10.csv,dataset/video/polyester/VisTouch_polyester_f3_r1_v1_wine10.avi
VisTouch_polyester_f3_r1_v1_wine11,polyester_f3_r1_v1,polyester,dilun,涤纶,3,3,1,1,sliding,wine11,train,1607155540.902,1607155549.402,8.500,dataset/audio/polyester/VisTouch_polyester_f3_r1_v1_wine11.wav,dataset/tactile/polyester/VisTouch_polyester_f3_r1_v1_wine11.csv,dataset/video/polyester/VisTouch_polyester_f3_r1_v1_wine11.avi
VisTouch_polyester_f3_r1_v1_wine12,polyester_f3_r1_v1,polyester,dilun,涤纶,3,3,1,1,sliding,wine12,train,1607155544.389,1607155552.889,8.500,dataset/audio/polyester/VisTouch_polyester_f3_r1_v1_wine12.wav,dataset/tactile/polyester/VisTouch_polyester_f3_r1_v1_wine12.csv,dataset/video/polyester/VisTouch_polyester_f3_r1_v1_wine12.avi
VisTouch_polyester_f6_r1_v1_winsb01,polyester_f6_r1_v1,polyester,dilun,涤纶,3,6,1,1,sliding,winsb01,train,1607155717.804,1607155724.804,7.000,dataset/audio/polyester/VisTouch_polyester_f6_r1_v1_winsb01.wav,dataset/tactile/polyester/VisTouch_polyester_f6_r1_v1_winsb01.csv,dataset/video/polyester/VisTouch_polyester_f6_r1_v1_winsb01.avi
VisTouch_polyester_f6_r1_v1_winsb02,polyester_f6_r1_v1,polyester,dilun,涤纶,3,6,1,1,sliding,winsb02,train,1607155720.926,1607155727.926,7.000,dataset/audio/polyester/VisTouch_polyester_f6_r1_v1_winsb02.wav,dataset/tactile/polyester/VisTouch_polyester_f6_r1_v1_winsb02.csv,dataset/video/polyester/VisTouch_polyester_f6_r1_v1_winsb02.avi
VisTouch_polyester_f6_r1_v1_winsb03,polyester_f6_r1_v1,polyester,dilun,涤纶,3,6,1,1,sliding,winsb03,train,1607155724.296,1607155731.296,7.000,dataset/audio/polyester/VisTouch_polyester_f6_r1_v1_winsb03.wav,dataset/tactile/polyester/VisTouch_polyester_f6_r1_v1_winsb03.csv,dataset/video/polyester/VisTouch_polyester_f6_r1_v1_winsb03.avi
VisTouch_polyester_f6_r1_v1_winsb04,polyester_f6_r1_v1,polyester,dilun,涤纶,3,6,1,1,sliding,winsb04,train,1607155728.537,1607155735.537,7.000,dataset/audio/polyester/VisTouch_polyester_f6_r1_v1_winsb04.wav,dataset/tactile/polyester/VisTouch_polyester_f6_r1_v1_winsb04.csv,dataset/video/polyester/VisTouch_polyester_f6_r1_v1_winsb04.avi
VisTouch_polyester_f6_r1_v1_winsb05,polyester_f6_r1_v1,polyester,dilun,涤纶,3,6,1,1,sliding,winsb05,train,1607155732.087,1607155739.087,7.000,dataset/audio/polyester/VisTouch_polyester_f6_r1_v1_winsb05.wav,dataset/tactile/polyester/VisTouch_polyester_f6_r1_v1_winsb05.csv,dataset/video/polyester/VisTouch_polyester_f6_r1_v1_winsb05.avi
VisTouch_polyester_f6_r1_v1_winsb06,polyester_f6_r1_v1,polyester,dilun,涤纶,3,6,1,1,sliding,winsb06,train,1607155735.143,1607155742.143,7.000,dataset/audio/polyester/VisTouch_polyester_f6_r1_v1_winsb06.wav,dataset/tactile/polyester/VisTouch_polyester_f6_r1_v1_winsb06.csv,dataset/video/polyester/VisTouch_polyester_f6_r1_v1_winsb06.avi
VisTouch_polyester_f6_r1_v1_winsb08,polyester_f6_r1_v1,polyester,dilun,涤纶,3,6,1,1,sliding,winsb08,train,1607155742.016,1607155749.016,7.000,dataset/audio/polyester/VisTouch_polyester_f6_r1_v1_winsb08.wav,dataset/tactile/polyester/VisTouch_polyester_f6_r1_v1_winsb08.csv,dataset/video/polyester/VisTouch_polyester_f6_r1_v1_winsb08.avi
VisTouch_polyester_f6_r1_v1_winsb09,polyester_f6_r1_v1,polyester,dilun,涤纶,3,6,1,1,sliding,winsb09,train,1607155745.604,1607155752.604,7.000,dataset/audio/polyester/VisTouch_polyester_f6_r1_v1_winsb09.wav,dataset/tactile/polyester/VisTouch_polyester_f6_r1_v1_winsb09.csv,dataset/video/polyester/VisTouch_polyester_f6_r1_v1_winsb09.avi
VisTouch_polyester_f6_r1_v1_winsb10,polyester_f6_r1_v1,polyester,dilun,涤纶,3,6,1,1,sliding,winsb10,train,1607155749.331,1607155756.331,7.000,dataset/audio/polyester/VisTouch_polyester_f6_r1_v1_winsb10.wav,dataset/tactile/polyester/VisTouch_polyester_f6_r1_v1_winsb10.csv,dataset/video/polyester/VisTouch_polyester_f6_r1_v1_winsb10.avi
VisTouch_polyester_f6_r1_v1_winsb11,polyester_f6_r1_v1,polyester,dilun,涤纶,3,6,1,1,sliding,winsb11,train,1607155752.779,1607155759.779,7.000,dataset/audio/polyester/VisTouch_polyester_f6_r1_v1_winsb11.wav,dataset/tactile/polyester/VisTouch_polyester_f6_r1_v1_winsb11.csv,dataset/video/polyester/VisTouch_polyester_f6_r1_v1_winsb11.avi
VisTouch_polyester_f6_r1_v1_winsb12,polyester_f6_r1_v1,polyester,dilun,涤纶,3,6,1,1,sliding,winsb12,train,1607155756.098,1607155763.098,7.000,dataset/audio/polyester/VisTouch_polyester_f6_r1_v1_winsb12.wav,dataset/tactile/polyester/VisTouch_polyester_f6_r1_v1_winsb12.csv,dataset/video/polyester/VisTouch_polyester_f6_r1_v1_winsb12.avi
VisTouch_polyester_f6_r1_v1_winsb13,polyester_f6_r1_v1,polyester,dilun,涤纶,3,6,1,1,sliding,winsb13,train,1607155759.894,1607155766.894,7.000,dataset/audio/polyester/VisTouch_polyester_f6_r1_v1_winsb13.wav,dataset/tactile/polyester/VisTouch_polyester_f6_r1_v1_winsb13.csv,dataset/video/polyester/VisTouch_polyester_f6_r1_v1_winsb13.avi
VisTouch_polyester_f6_r1_v1_winsb14,polyester_f6_r1_v1,polyester,dilun,涤纶,3,6,1,1,sliding,winsb14,train,1607155763.435,1607155770.435,7.000,dataset/audio/polyester/VisTouch_polyester_f6_r1_v1_winsb14.wav,dataset/tactile/polyester/VisTouch_polyester_f6_r1_v1_winsb14.csv,dataset/video/polyester/VisTouch_polyester_f6_r1_v1_winsb14.avi
VisTouch_polyester_f6_r1_v1_winsb15,polyester_f6_r1_v1,polyester,dilun,涤纶,3,6,1,1,sliding,winsb15,train,1607155766.811,1607155773.811,7.000,dataset/audio/polyester/VisTouch_polyester_f6_r1_v1_winsb15.wav,dataset/tactile/polyester/VisTouch_polyester_f6_r1_v1_winsb15.csv,dataset/video/polyester/VisTouch_polyester_f6_r1_v1_winsb15.avi
VisTouch_polyester_f6_r1_v1_winsb16,polyester_f6_r1_v1,polyester,dilun,涤纶,3,6,1,1,sliding,winsb16,train,1607155770.132,1607155777.132,7.000,dataset/audio/polyester/VisTouch_polyester_f6_r1_v1_winsb16.wav,dataset/tactile/polyester/VisTouch_polyester_f6_r1_v1_winsb16.csv,dataset/video/polyester/VisTouch_polyester_f6_r1_v1_winsb16.avi
VisTouch_polyester_f6_r1_v1_winmb01,polyester_f6_r1_v1,polyester,dilun,涤纶,3,6,1,1,sliding,winmb01,train,1607155718.766,1607155729.066,10.300,dataset/audio/polyester/VisTouch_polyester_f6_r1_v1_winmb01.wav,dataset/tactile/polyester/VisTouch_polyester_f6_r1_v1_winmb01.csv,dataset/video/polyester/VisTouch_polyester_f6_r1_v1_winmb01.avi
VisTouch_polyester_f6_r1_v1_winmb02,polyester_f6_r1_v1,polyester,dilun,涤纶,3,6,1,1,sliding,winmb02,train,1607155723.867,1607155734.167,10.300,dataset/audio/polyester/VisTouch_polyester_f6_r1_v1_winmb02.wav,dataset/tactile/polyester/VisTouch_polyester_f6_r1_v1_winmb02.csv,dataset/video/polyester/VisTouch_polyester_f6_r1_v1_winmb02.avi
VisTouch_polyester_f6_r1_v1_winmb03,polyester_f6_r1_v1,polyester,dilun,涤纶,3,6,1,1,sliding,winmb03,train,1607155728.628,1607155738.928,10.300,dataset/audio/polyester/VisTouch_polyester_f6_r1_v1_winmb03.wav,dataset/tactile/polyester/VisTouch_polyester_f6_r1_v1_winmb03.csv,dataset/video/polyester/VisTouch_polyester_f6_r1_v1_winmb03.avi
VisTouch_polyester_f6_r1_v1_winmb04,polyester_f6_r1_v1,polyester,dilun,涤纶,3,6,1,1,sliding,winmb04,train,1607155733.721,1607155744.021,10.300,dataset/audio/polyester/VisTouch_polyester_f6_r1_v1_winmb04.wav,dataset/tactile/polyester/VisTouch_polyester_f6_r1_v1_winmb04.csv,dataset/video/polyester/VisTouch_polyester_f6_r1_v1_winmb04.avi
VisTouch_polyester_f6_r1_v1_winmb05,polyester_f6_r1_v1,polyester,dilun,涤纶,3,6,1,1,sliding,winmb05,train,1607155739.246,1607155749.546,10.300,dataset/audio/polyester/VisTouch_polyester_f6_r1_v1_winmb05.wav,dataset/tactile/polyester/VisTouch_polyester_f6_r1_v1_winmb05.csv,dataset/video/polyester/VisTouch_polyester_f6_r1_v1_winmb05.avi
VisTouch_polyester_f6_r1_v1_winmb06,polyester_f6_r1_v1,polyester,dilun,涤纶,3,6,1,1,sliding,winmb06,train,1607155744.499,1607155754.799,10.300,dataset/audio/polyester/VisTouch_polyester_f6_r1_v1_winmb06.wav,dataset/tactile/polyester/VisTouch_polyester_f6_r1_v1_winmb06.csv,dataset/video/polyester/VisTouch_polyester_f6_r1_v1_winmb06.avi
VisTouch_polyester_f6_r1_v1_winmb07,polyester_f6_r1_v1,polyester,dilun,涤纶,3,6,1,1,sliding,winmb07,train,1607155749.646,1607155759.946,10.300,dataset/audio/polyester/VisTouch_polyester_f6_r1_v1_winmb07.wav,dataset/tactile/polyester/VisTouch_polyester_f6_r1_v1_winmb07.csv,dataset/video/polyester/VisTouch_polyester_f6_r1_v1_winmb07.avi
VisTouch_polyester_f6_r1_v1_winmb08,polyester_f6_r1_v1,polyester,dilun,涤纶,3,6,1,1,sliding,winmb08,train,1607155754.444,1607155764.744,10.300,dataset/audio/polyester/VisTouch_polyester_f6_r1_v1_winmb08.wav,dataset/tactile/polyester/VisTouch_polyester_f6_r1_v1_winmb08.csv,dataset/video/polyester/VisTouch_polyester_f6_r1_v1_winmb08.avi
VisTouch_polyester_f6_r1_v1_winmb09,polyester_f6_r1_v1,polyester,dilun,涤纶,3,6,1,1,sliding,winmb09,train,1607155759.877,1607155770.177,10.300,dataset/audio/polyester/VisTouch_polyester_f6_r1_v1_winmb09.wav,dataset/tactile/polyester/VisTouch_polyester_f6_r1_v1_winmb09.csv,dataset/video/polyester/VisTouch_polyester_f6_r1_v1_winmb09.avi
VisTouch_polyester_f6_r1_v1_winmb10,polyester_f6_r1_v1,polyester,dilun,涤纶,3,6,1,1,sliding,winmb10,train,1607155765.676,1607155775.976,10.300,dataset/audio/polyester/VisTouch_polyester_f6_r1_v1_winmb10.wav,dataset/tactile/polyester/VisTouch_polyester_f6_r1_v1_winmb10.csv,dataset/video/polyester/VisTouch_polyester_f6_r1_v1_winmb10.avi
VisTouch_polyester_f6_r1_v1_winlb01,polyester_f6_r1_v1,polyester,dilun,涤纶,3,6,1,1,sliding,winlb01,train,1607155719.349,1607155733.349,14.000,dataset/audio/polyester/VisTouch_polyester_f6_r1_v1_winlb01.wav,dataset/tactile/polyester/VisTouch_polyester_f6_r1_v1_winlb01.csv,dataset/video/polyester/VisTouch_polyester_f6_r1_v1_winlb01.avi
VisTouch_polyester_f6_r1_v1_winlb02,polyester_f6_r1_v1,polyester,dilun,涤纶,3,6,1,1,sliding,winlb02,train,1607155727.220,1607155741.220,14.000,dataset/audio/polyester/VisTouch_polyester_f6_r1_v1_winlb02.wav,dataset/tactile/polyester/VisTouch_polyester_f6_r1_v1_winlb02.csv,dataset/video/polyester/VisTouch_polyester_f6_r1_v1_winlb02.avi
VisTouch_polyester_f6_r1_v1_winlb03,polyester_f6_r1_v1,polyester,dilun,涤纶,3,6,1,1,sliding,winlb03,train,1607155732.621,1607155746.621,14.000,dataset/audio/polyester/VisTouch_polyester_f6_r1_v1_winlb03.wav,dataset/tactile/polyester/VisTouch_polyester_f6_r1_v1_winlb03.csv,dataset/video/polyester/VisTouch_polyester_f6_r1_v1_winlb03.avi
VisTouch_polyester_f6_r1_v1_winlb04,polyester_f6_r1_v1,polyester,dilun,涤纶,3,6,1,1,sliding,winlb04,train,1607155741.288,1607155755.288,14.000,dataset/audio/polyester/VisTouch_polyester_f6_r1_v1_winlb04.wav,dataset/tactile/polyester/VisTouch_polyester_f6_r1_v1_winlb04.csv,dataset/video/polyester/VisTouch_polyester_f6_r1_v1_winlb04.avi
VisTouch_polyester_f6_r1_v1_winlb05,polyester_f6_r1_v1,polyester,dilun,涤纶,3,6,1,1,sliding,winlb05,train,1607155748.428,1607155762.428,14.000,dataset/audio/polyester/VisTouch_polyester_f6_r1_v1_winlb05.wav,dataset/tactile/polyester/VisTouch_polyester_f6_r1_v1_winlb05.csv,dataset/video/polyester/VisTouch_polyester_f6_r1_v1_winlb05.avi
VisTouch_polyester_f6_r1_v1_winlb06,polyester_f6_r1_v1,polyester,dilun,涤纶,3,6,1,1,sliding,winlb06,train,1607155754.000,1607155768.000,14.000,dataset/audio/polyester/VisTouch_polyester_f6_r1_v1_winlb06.wav,dataset/tactile/polyester/VisTouch_polyester_f6_r1_v1_winlb06.csv,dataset/video/polyester/VisTouch_polyester_f6_r1_v1_winlb06.avi
VisTouch_polyester_f6_r1_v1_winlb07,polyester_f6_r1_v1,polyester,dilun,涤纶,3,6,1,1,sliding,winlb07,train,1607155760.475,1607155774.475,14.000,dataset/audio/polyester/VisTouch_polyester_f6_r1_v1_winlb07.wav,dataset/tactile/polyester/VisTouch_polyester_f6_r1_v1_winlb07.csv,dataset/video/polyester/VisTouch_polyester_f6_r1_v1_winlb07.avi
VisTouch_polyester_f6_r1_v1_wine01,polyester_f6_r1_v1,polyester,dilun,涤纶,3,6,1,1,sliding,wine01,train,1607155716.000,1607155724.500,8.500,dataset/audio/polyester/VisTouch_polyester_f6_r1_v1_wine01.wav,dataset/tactile/polyester/VisTouch_polyester_f6_r1_v1_wine01.csv,dataset/video/polyester/VisTouch_polyester_f6_r1_v1_wine01.avi
VisTouch_polyester_f6_r1_v1_wine02,polyester_f6_r1_v1,polyester,dilun,涤纶,3,6,1,1,sliding,wine02,train,1607155719.845,1607155728.345,8.500,dataset/audio/polyester/VisTouch_polyester_f6_r1_v1_wine02.wav,dataset/tactile/polyester/VisTouch_polyester_f6_r1_v1_wine02.csv,dataset/video/polyester/VisTouch_polyester_f6_r1_v1_wine02.avi
VisTouch_polyester_f6_r1_v1_wine03,polyester_f6_r1_v1,polyester,dilun,涤纶,3,6,1,1,sliding,wine03,train,1607155725.101,1607155733.601,8.500,dataset/audio/polyester/VisTouch_polyester_f6_r1_v1_wine03.wav,dataset/tactile/polyester/VisTouch_polyester_f6_r1_v1_wine03.csv,dataset/video/polyester/VisTouch_polyester_f6_r1_v1_wine03.avi
VisTouch_polyester_f6_r1_v1_wine04,polyester_f6_r1_v1,polyester,dilun,涤纶,3,6,1,1,sliding,wine04,train,1607155729.257,1607155737.757,8.500,dataset/audio/polyester/VisTouch_polyester_f6_r1_v1_wine04.wav,dataset/tactile/polyester/VisTouch_polyester_f6_r1_v1_wine04.csv,dataset/video/polyester/VisTouch_polyester_f6_r1_v1_wine04.avi
VisTouch_polyester_f6_r1_v1_wine05,polyester_f6_r1_v1,polyester,dilun,涤纶,3,6,1,1,sliding,wine05,train,1607155733.587,1607155742.087,8.500,dataset/audio/polyester/VisTouch_polyester_f6_r1_v1_wine05.wav,dataset/tactile/polyester/VisTouch_polyester_f6_r1_v1_wine05.csv,dataset/video/polyester/VisTouch_polyester_f6_r1_v1_wine05.avi
VisTouch_polyester_f6_r1_v1_wine06,polyester_f6_r1_v1,polyester,dilun,涤纶,3,6,1,1,sliding,wine06,train,1607155737.382,1607155745.882,8.500,dataset/audio/polyester/VisTouch_polyester_f6_r1_v1_wine06.wav,dataset/tactile/polyester/VisTouch_polyester_f6_r1_v1_wine06.csv,dataset/video/polyester/VisTouch_polyester_f6_r1_v1_wine06.avi
VisTouch_polyester_f6_r1_v1_wine07,polyester_f6_r1_v1,polyester,dilun,涤纶,3,6,1,1,sliding,wine07,train,1607155741.519,1607155750.019,8.500,dataset/audio/polyester/VisTouch_polyester_f6_r1_v1_wine07.wav,dataset/tactile/polyester/VisTouch_polyester_f6_r1_v1_wine07.csv,dataset/video/polyester/VisTouch_polyester_f6_r1_v1_wine07.avi
VisTouch_polyester_f6_r1_v1_wine08,polyester_f6_r1_v1,polyester,dilun,涤纶,3,6,1,1,sliding,wine08,train,1607155746.174,1607155754.674,8.500,dataset/audio/polyester/VisTouch_polyester_f6_r1_v1_wine08.wav,dataset/tactile/polyester/VisTouch_polyester_f6_r1_v1_wine08.csv,dataset/video/polyester/VisTouch_polyester_f6_r1_v1_wine08.avi
VisTouch_polyester_f6_r1_v1_wine09,polyester_f6_r1_v1,polyester,dilun,涤纶,3,6,1,1,sliding,wine09,train,1607155750.194,1607155758.694,8.500,dataset/audio/polyester/VisTouch_polyester_f6_r1_v1_wine09.wav,dataset/tactile/polyester/VisTouch_polyester_f6_r1_v1_wine09.csv,dataset/video/polyester/VisTouch_polyester_f6_r1_v1_wine09.avi
VisTouch_polyester_f6_r1_v1_wine10,polyester_f6_r1_v1,polyester,dilun,涤纶,3,6,1,1,sliding,wine10,train,1607155753.929,1607155762.429,8.500,dataset/audio/polyester/VisTouch_polyester_f6_r1_v1_wine10.wav,dataset/tactile/polyester/VisTouch_polyester_f6_r1_v1_wine10.csv,dataset/video/polyester/VisTouch_polyester_f6_r1_v1_wine10.avi
VisTouch_polyester_f6_r1_v1_wine11,polyester_f6_r1_v1,polyester,dilun,涤纶,3,6,1,1,sliding,wine11,train,1607155759.054,1607155767.554,8.500,dataset/audio/polyester/VisTouch_polyester_f6_r1_v1_wine11.wav,dataset/tactile/polyester/VisTouch_polyester_f6_r1_v1_wine11.csv,dataset/video/polyester/VisTouch_polyester_f6_r1_v1_wine11.avi
VisTouch_polyester_f6_r1_v1_wine12,polyester_f6_r1_v1,polyester,dilun,涤纶,3,6,1,1,sliding,wine12,train,1607155762.673,1607155771.173,8.500,dataset/audio/polyester/VisTouch_polyester_f6_r1_v1_wine12.wav,dataset/tactile/polyester/VisTouch_polyester_f6_r1_v1_wine12.csv,dataset/video/polyester/VisTouch_polyester_f6_r1_v1_wine12.avi
VisTouch_polyester_f6_r1_v1_wine13,polyester_f6_r1_v1,polyester,dilun,涤纶,3,6,1,1,sliding,wine13,train,1607155767.349,1607155775.849,8.500,dataset/audio/polyester/VisTouch_polyester_f6_r1_v1_wine13.wav,dataset/tactile/polyester/VisTouch_polyester_f6_r1_v1_wine13.csv,dataset/video/polyester/VisTouch_polyester_f6_r1_v1_wine13.avi
VisTouch_polyester_f9_r1_v1_winsb01,polyester_f9_r1_v1,polyester,dilun,涤纶,3,9,1,1,sliding,winsb01,test,1607155861.751,1607155868.751,7.000,dataset/audio/polyester/VisTouch_polyester_f9_r1_v1_winsb01.wav,dataset/tactile/polyester/VisTouch_polyester_f9_r1_v1_winsb01.csv,dataset/video/polyester/VisTouch_polyester_f9_r1_v1_winsb01.avi
VisTouch_polyester_f9_r1_v1_winsb02,polyester_f9_r1_v1,polyester,dilun,涤纶,3,9,1,1,sliding,winsb02,test,1607155864.918,1607155871.918,7.000,dataset/audio/polyester/VisTouch_polyester_f9_r1_v1_winsb02.wav,dataset/tactile/polyester/VisTouch_polyester_f9_r1_v1_winsb02.csv,dataset/video/polyester/VisTouch_polyester_f9_r1_v1_winsb02.avi
VisTouch_polyester_f9_r1_v1_winsb03,polyester_f9_r1_v1,polyester,dilun,涤纶,3,9,1,1,sliding,winsb03,test,1607155868.536,1607155875.536,7.000,dataset/audio/polyester/VisTouch_polyester_f9_r1_v1_winsb03.wav,dataset/tactile/polyester/VisTouch_polyester_f9_r1_v1_winsb03.csv,dataset/video/polyester/VisTouch_polyester_f9_r1_v1_winsb03.avi
VisTouch_polyester_f9_r1_v1_winsb04,polyester_f9_r1_v1,polyester,dilun,涤纶,3,9,1,1,sliding,winsb04,test,1607155872.328,1607155879.328,7.000,dataset/audio/polyester/VisTouch_polyester_f9_r1_v1_winsb04.wav,dataset/tactile/polyester/VisTouch_polyester_f9_r1_v1_winsb04.csv,dataset/video/polyester/VisTouch_polyester_f9_r1_v1_winsb04.avi
VisTouch_polyester_f9_r1_v1_winsb05,polyester_f9_r1_v1,polyester,dilun,涤纶,3,9,1,1,sliding,winsb05,test,1607155875.375,1607155882.375,7.000,dataset/audio/polyester/VisTouch_polyester_f9_r1_v1_winsb05.wav,dataset/tactile/polyester/VisTouch_polyester_f9_r1_v1_winsb05.csv,dataset/video/polyester/VisTouch_polyester_f9_r1_v1_winsb05.avi
VisTouch_polyester_f9_r1_v1_winsb06,polyester_f9_r1_v1,polyester,dilun,涤纶,3,9,1,1,sliding,winsb06,test,1607155878.739,1607155885.739,7.000,dataset/audio/polyester/VisTouch_polyester_f9_r1_v1_winsb06.wav,dataset/tactile/polyester/VisTouch_polyester_f9_r1_v1_winsb06.csv,dataset/video/polyester/VisTouch_polyester_f9_r1_v1_winsb06.avi
VisTouch_polyester_f9_r1_v1_winsb07,polyester_f9_r1_v1,polyester,dilun,涤纶,3,9,1,1,sliding,winsb07,test,1607155882.681,1607155889.681,7.000,dataset/audio/polyester/VisTouch_polyester_f9_r1_v1_winsb07.wav,dataset/tactile/polyester/VisTouch_polyester_f9_r1_v1_winsb07.csv,dataset/video/polyester/VisTouch_polyester_f9_r1_v1_winsb07.avi
VisTouch_polyester_f9_r1_v1_winsb08,polyester_f9_r1_v1,polyester,dilun,涤纶,3,9,1,1,sliding,winsb08,test,1607155886.525,1607155893.525,7.000,dataset/audio/polyester/VisTouch_polyester_f9_r1_v1_winsb08.wav,dataset/tactile/polyester/VisTouch_polyester_f9_r1_v1_winsb08.csv,dataset/video/polyester/VisTouch_polyester_f9_r1_v1_winsb08.avi
VisTouch_polyester_f9_r1_v1_winsb09,polyester_f9_r1_v1,polyester,dilun,涤纶,3,9,1,1,sliding,winsb09,test,1607155889.870,1607155896.870,7.000,dataset/audio/polyester/VisTouch_polyester_f9_r1_v1_winsb09.wav,dataset/tactile/polyester/VisTouch_polyester_f9_r1_v1_winsb09.csv,dataset/video/polyester/VisTouch_polyester_f9_r1_v1_winsb09.avi
VisTouch_polyester_f9_r1_v1_winsb10,polyester_f9_r1_v1,polyester,dilun,涤纶,3,9,1,1,sliding,winsb10,test,1607155893.065,1607155900.065,7.000,dataset/audio/polyester/VisTouch_polyester_f9_r1_v1_winsb10.wav,dataset/tactile/polyester/VisTouch_polyester_f9_r1_v1_winsb10.csv,dataset/video/polyester/VisTouch_polyester_f9_r1_v1_winsb10.avi
VisTouch_polyester_f9_r1_v1_winsb11,polyester_f9_r1_v1,polyester,dilun,涤纶,3,9,1,1,sliding,winsb11,test,1607155896.978,1607155903.978,7.000,dataset/audio/polyester/VisTouch_polyester_f9_r1_v1_winsb11.wav,dataset/tactile/polyester/VisTouch_polyester_f9_r1_v1_winsb11.csv,dataset/video/polyester/VisTouch_polyester_f9_r1_v1_winsb11.avi
VisTouch_polyester_f9_r1_v1_winsb12,polyester_f9_r1_v1,polyester,dilun,涤纶,3,9,1,1,sliding,winsb12,test,1607155900.234,1607155907.234,7.000,dataset/audio/polyester/VisTouch_polyester_f9_r1_v1_winsb12.wav,dataset/tactile/polyester/VisTouch_polyester_f9_r1_v1_winsb12.csv,dataset/video/polyester/VisTouch_polyester_f9_r1_v1_winsb12.avi
VisTouch_polyester_f9_r1_v1_winsb13,polyester_f9_r1_v1,polyester,dilun,涤纶,3,9,1,1,sliding,winsb13,test,1607155904.274,1607155911.274,7.000,dataset/audio/polyester/VisTouch_polyester_f9_r1_v1_winsb13.wav,dataset/tactile/polyester/VisTouch_polyester_f9_r1_v1_winsb13.csv,dataset/video/polyester/VisTouch_polyester_f9_r1_v1_winsb13.avi
VisTouch_polyester_f9_r1_v1_winsb14,polyester_f9_r1_v1,polyester,dilun,涤纶,3,9,1,1,sliding,winsb14,test,1607155907.540,1607155914.540,7.000,dataset/audio/polyester/VisTouch_polyester_f9_r1_v1_winsb14.wav,dataset/tactile/polyester/VisTouch_polyester_f9_r1_v1_winsb14.csv,dataset/video/polyester/VisTouch_polyester_f9_r1_v1_winsb14.avi
VisTouch_polyester_f9_r1_v1_winsb15,polyester_f9_r1_v1,polyester,dilun,涤纶,3,9,1,1,sliding,winsb15,test,1607155911.097,1607155918.097,7.000,dataset/audio/polyester/VisTouch_polyester_f9_r1_v1_winsb15.wav,dataset/tactile/polyester/VisTouch_polyester_f9_r1_v1_winsb15.csv,dataset/video/polyester/VisTouch_polyester_f9_r1_v1_winsb15.avi
VisTouch_polyester_f9_r1_v1_winsb16,polyester_f9_r1_v1,polyester,dilun,涤纶,3,9,1,1,sliding,winsb16,test,1607155913.998,1607155920.998,7.000,dataset/audio/polyester/VisTouch_polyester_f9_r1_v1_winsb16.wav,dataset/tactile/polyester/VisTouch_polyester_f9_r1_v1_winsb16.csv,dataset/video/polyester/VisTouch_polyester_f9_r1_v1_winsb16.avi
VisTouch_polyester_f9_r1_v1_winmb01,polyester_f9_r1_v1,polyester,dilun,涤纶,3,9,1,1,sliding,winmb01,test,1607155862.038,1607155872.338,10.300,dataset/audio/polyester/VisTouch_polyester_f9_r1_v1_winmb01.wav,dataset/tactile/polyester/VisTouch_polyester_f9_r1_v1_winmb01.csv,dataset/video/polyester/VisTouch_polyester_f9_r1_v1_winmb01.avi
VisTouch_polyester_f9_r1_v1_winmb02,polyester_f9_r1_v1,polyester,dilun,涤纶,3,9,1,1,sliding,winmb02,test,1607155867.260,1607155877.560,10.300,dataset/audio/polyester/VisTouch_polyester_f9_r1_v1_winmb02.wav,dataset/tactile/polyester/VisTouch_polyester_f9_r1_v1_winmb02.csv,dataset/video/polyester/VisTouch_polyester_f9_r1_v1_winmb02.avi
VisTouch_polyester_f9_r1_v1_winmb03,polyester_f9_r1_v1,polyester,dilun,涤纶,3,9,1,1,sliding,winmb03,test,1607155872.770,1607155883.070,10.300,dataset/audio/polyester/VisTouch_polyester_f9_r1_v1_winmb03.wav,dataset/tactile/polyester/VisTouch_polyester_f9_r1_v1_winmb03.csv,dataset/video/polyester/VisTouch_polyester_f9_r1_v1_winmb03.avi
VisTouch_polyester_f9_r1_v1_winmb04,polyester_f9_r1_v1,polyester,dilun,涤纶,3,9,1,1,sliding,winmb04,test,1607155878.044,1607155888.344,10.300,dataset/audio/polyester/VisTouch_polyester_f9_r1_v1_winmb04.wav,dataset/tactile/polyester/VisTouch_polyester_f9_r1_v1_winmb04.csv,dataset/video/polyester/VisTouch_polyester_f9_r1_v1_winmb04.avi
VisTouch_polyester_f9_r1_v1_winmb05,polyester_f9_r1_v1,polyester,dilun,涤纶,3,9,1,1,sliding,winmb05,test,1607155882.703,1607155893.003,10.300,dataset/audio/polyester/VisTouch_polyester_f9_r1_v1_winmb05.wav,dataset/tactile/polyester/VisTouch_polyester_f9_r1_v1_winmb05.csv,dataset/video/polyester/VisTouch_polyester_f9_r1_v1_winmb05.avi
VisTouch_polyester_f9_r1_v1_winmb06,polyester_f9_r1_v1,polyester,dilun,涤纶,3,9,1,1,sliding,winmb06,test,1607155888.758,1607155899.058,10.300,dataset/audio/polyester/VisTouch_polyester_f9_r1_v1_winmb06.wav,dataset/tactile/polyester/VisTouch_polyester_f9_r1_v1_winmb06.csv,dataset/video/polyester/VisTouch_polyester_f9_r1_v1_winmb06.avi
VisTouch_polyester_f9_r1_v1_winmb07,polyester_f9_r1_v1,polyester,dilun,涤纶,3,9,1,1,sliding,winmb07,test,1607155894.044,1607155904.344,10.300,dataset/audio/polyester/VisTouch_polyester_f9_r1_v1_winmb07.wav,dataset/tactile/polyester/VisTouch_polyester_f9_r1_v1_winmb07.csv,dataset/video/polyester/VisTouch_polyester_f9_r1_v1_winmb07.avi
VisTouch_polyester_f9_r1_v1_winmb08,polyester_f9_r1_v1,polyester,dilun,涤纶,3,9,1,1,sliding,winmb08,test,1607155898.341,1607155908.641,10.300,dataset/audio/polyester/VisTouch_polyester_f9_r1_v1_winmb08.wav,dataset/tactile/polyester/VisTouch_polyester_f9_r1_v1_winmb08.csv,dataset/video/polyester/VisTouch_polyester_f9_r1_v1_winmb08.avi
VisTouch_polyester_f9_r1_v1_winmb09,polyester_f9_r1_v1,polyester,dilun,涤纶,3,9,1,1,sliding,winmb09,test,1607155903.787,1607155914.087,10.300,dataset/audio/polyester/VisTouch_polyester_f9_r1_v1_winmb09.wav,dataset/tactile/polyester/VisTouch_polyester_f9_r1_v1_winmb09.csv,dataset/video/polyester/VisTouch_polyester_f9_r1_v1_winmb09.avi
VisTouch_polyester_f9_r1_v1_winmb10,polyester_f9_r1_v1,polyester,dilun,涤纶,3,9,1,1,sliding,winmb10,test,1607155909.071,1607155919.371,10.300,dataset/audio/polyester/VisTouch_polyester_f9_r1_v1_winmb10.wav,dataset/tactile/polyester/VisTouch_polyester_f9_r1_v1_winmb10.csv,dataset/video/polyester/VisTouch_polyester_f9_r1_v1_winmb10.avi
VisTouch_polyester_f9_r1_v1_winlb01,polyester_f9_r1_v1,polyester,dilun,涤纶,3,9,1,1,sliding,winlb01,test,1607155863.967,1607155877.967,14.000,dataset/audio/polyester/VisTouch_polyester_f9_r1_v1_winlb01.wav,dataset/tactile/polyester/VisTouch_polyester_f9_r1_v1_winlb01.csv,dataset/video/polyester/VisTouch_polyester_f9_r1_v1_winlb01.avi
VisTouch_polyester_f9_r1_v1_winlb02,polyester_f9_r1_v1,polyester,dilun,涤纶,3,9,1,1,sliding,winlb02,test,1607155869.760,1607155883.760,14.000,dataset/audio/polyester/VisTouch_polyester_f9_r1_v1_winlb02.wav,dataset/tactile/polyester/VisTouch_polyester_f9_r1_v1_winlb02.csv,dataset/video/polyester/VisTouch_polyester_f9_r1_v1_winlb02.avi
VisTouch_polyester_f9_r1_v1_winlb03,polyester_f9_r1_v1,polyester,dilun,涤纶,3,9,1,1,sliding,winlb03,test,1607155877.040,1607155891.040,14.000,dataset/audio/polyester/VisTouch_polyester_f9_r1_v1_winlb03.wav,dataset/tactile/polyester/VisTouch_polyester_f9_r1_v1_winlb03.csv,dataset/video/polyester/VisTouch_polyester_f9_r1_v1_winlb03.avi
VisTouch_polyester_f9_r1_v1_winlb04,polyester_f9_r1_v1,polyester,dilun,涤纶,3,9,1,1,sliding,winlb04,test,1607155884.984,1607155898.984,14.000,dataset/audio/polyester/VisTouch_polyester_f9_r1_v1_winlb04.wav,dataset/tactile/polyester/VisTouch_polyester_f9_r1_v1_winlb04.csv,dataset/video/polyester/VisTouch_polyester_f9_r1_v1_winlb04.avi
VisTouch_polyester_f9_r1_v1_winlb05,polyester_f9_r1_v1,polyester,dilun,涤纶,3,9,1,1,sliding,winlb05,test,1607155891.643,1607155905.643,14.000,dataset/audio/polyester/VisTouch_polyester_f9_r1_v1_winlb05.wav,dataset/tactile/polyester/VisTouch_polyester_f9_r1_v1_winlb05.csv,dataset/video/polyester/VisTouch_polyester_f9_r1_v1_winlb05.avi
VisTouch_polyester_f9_r1_v1_winlb06,polyester_f9_r1_v1,polyester,dilun,涤纶,3,9,1,1,sliding,winlb06,test,1607155899.340,1607155913.340,14.000,dataset/audio/polyester/VisTouch_polyester_f9_r1_v1_winlb06.wav,dataset/tactile/polyester/VisTouch_polyester_f9_r1_v1_winlb06.csv,dataset/video/polyester/VisTouch_polyester_f9_r1_v1_winlb06.avi
VisTouch_polyester_f9_r1_v1_winlb07,polyester_f9_r1_v1,polyester,dilun,涤纶,3,9,1,1,sliding,winlb07,test,1607155905.391,1607155919.391,14.000,dataset/audio/polyester/VisTouch_polyester_f9_r1_v1_winlb07.wav,dataset/tactile/polyester/VisTouch_polyester_f9_r1_v1_winlb07.csv,dataset/video/polyester/VisTouch_polyester_f9_r1_v1_winlb07.avi
VisTouch_polyester_f9_r1_v1_wine01,polyester_f9_r1_v1,polyester,dilun,涤纶,3,9,1,1,sliding,wine01,test,1607155860.000,1607155868.500,8.500,dataset/audio/polyester/VisTouch_polyester_f9_r1_v1_wine01.wav,dataset/tactile/polyester/VisTouch_polyester_f9_r1_v1_wine01.csv,dataset/video/polyester/VisTouch_polyester_f9_r1_v1_wine01.avi
VisTouch_polyester_f9_r1_v1_wine02,polyester_f9_r1_v1,polyester,dilun,涤纶,3,9,1,1,sliding,wine02,test,1607155864.003,1607155872.503,8.500,dataset/audio/polyester/VisTouch_polyester_f9_r1_v1_wine02.wav,dataset/tactile/polyester/VisTouch_polyester_f9_r1_v1_wine02.csv,dataset/video/polyester/VisTouch_polyester_f9_r1_v1_wine02.avi
VisTouch_polyester_f9_r1_v1_wine03,polyester_f9_r1_v1,polyester,dilun,涤纶,3,9,1,1,sliding,wine03,test,1607155868.158,1607155876.658,8.500,dataset/audio/polyester/VisTouch_polyester_f9_r1_v1_wine03.wav,dataset/tactile/polyester/VisTouch_polyester_f9_r1_v1_wine03.csv,dataset/video/polyester/VisTouch_polyester_f9_r1_v1_wine03.avi
VisTouch_polyester_f9_r1_v1_wine04,polyester_f9_r1_v1,polyester,dilun,涤纶,3,9,1,1,sliding,wine04,test,1607155872.942,1607155881.442,8.500,dataset/audio/polyester/VisTouch_polyester_f9_r1_v1_wine04.wav,dataset/tactile/polyester/VisTouch_polyester_f9_r1_v1_wine04.csv,dataset/video/polyester/VisTouch_polyester_f9_r1_v1_wine04.avi
VisTouch_polyester_f9_r1_v1_wine05,polyester_f9_r1_v1,polyester,dilun,涤纶,3,9,1,1,sliding,wine05,test,1607155876.700,1607155885.200,8.500,dataset/audio/polyester/VisTouch_polyester_f9_r1_v1_wine05.wav,dataset/tactile/polyester/VisTouch_polyester_f9_r1_v1_wine05.csv,dataset/video/polyester/VisTouch_polyester_f9_r1_v1_wine05.avi
VisTouch_polyester_f9_r1_v1_wine06,polyester_f9_r1_v1,polyester,dilun,涤纶,3,9,1,1,sliding,wine06,test,1607155881.712,1607155890.212,8.500,dataset/audio/polyester/VisTouch_polyester_f9_r1_v1_wine06.wav,dataset/tactile/polyester/VisTouch_polyester_f9_r1_v1_wine06.csv,dataset/video/polyester/VisTouch_polyester_f9_r1_v1_wine06.avi
VisTouch_polyester_f9_r1_v1_wine07,polyester_f9_r1_v1,polyester,dilun,涤纶,3,9,1,1,sliding,wine07,test,1607155885.208,1607155893.708,8.500,dataset/audio/polyester/VisTouch_polyester_f9_r1_v1_wine07.wav,dataset/tactile/polyester/VisTouch_polyester_f9_r1_v1_wine07.csv,dataset/video/polyester/VisTouch_polyester_f9_r1_v1_wine07.avi
VisTouch_polyester_f9_r1_v1_wine08,polyester_f9_r1_v1,polyester,dilun,涤纶,3,9,1,1,sliding,wine08,test,1607155889.971,1607155898.471,8.500,dataset/audio/polyester/VisTouch_polyester_f9_r1_v1_wine08.wav,dataset/tactile/polyester/VisTouch_polyester_f9_r1_v1_wine08.csv,dataset/video/polyester/VisTouch_polyester_f9_r1_v1_wine08.avi
VisTouch_polyester_f9_r1_v1_wine09,polyester_f9_r1_v1,polyester,dilun,涤纶,3,9,1,1,sliding,wine09,test,1607155894.087,1607155902.587,8.500,dataset/audio/polyester/VisTouch_polyester_f9_r1_v1_wine09.wav,dataset/tactile/polyester/VisTouch_polyester_f9_r1_v1_wine09.csv,dataset/video/polyester/VisTouch_polyester_f9_r1_v1_wine09.avi
VisTouch_polyester_f9_r1_v1_wine10,polyester_f9_r1_v1,polyester,dilun,涤纶,3,9,1,1,sliding,wine10,test,1607155898.414,1607155906.914,8.500,dataset/audio/polyester/VisTouch_polyester_f9_r1_v1_wine10.wav,dataset/tactile/polyester/VisTouch_polyester_f9_r1_v1_wine10.csv,dataset/video/polyester/VisTouch_polyester_f9_r1_v1_wine10.avi
VisTouch_polyester_f9_r1_v1_wine13,polyester_f9_r1_v1,polyester,dilun,涤纶,3,9,1,1,sliding,wine13,test,1607155910.554,1607155919.054,8.500,dataset/audio/polyester/VisTouch_polyester_f9_r1_v1_wine13.wav,dataset/tactile/polyester/VisTouch_polyester_f9_r1_v1_wine13.csv,dataset/video/polyester/VisTouch_polyester_f9_r1_v1_wine13.avi
VisTouch_silk_f3_r1_v1_winsb01,silk_f3_r1_v1,silk,sichou,丝绸,4,3,1,1,sliding,winsb01,train,1607154129.353,1607154136.353,7.000,dataset/audio/silk/VisTouch_silk_f3_r1_v1_winsb01.wav,dataset/tactile/silk/VisTouch_silk_f3_r1_v1_winsb01.csv,dataset/video/silk/VisTouch_silk_f3_r1_v1_winsb01.avi
VisTouch_silk_f3_r1_v1_winsb02,silk_f3_r1_v1,silk,sichou,丝绸,4,3,1,1,sliding,winsb02,train,1607154132.805,1607154139.805,7.000,dataset/audio/silk/VisTouch_silk_f3_r1_v1_winsb02.wav,dataset/tactile/silk/VisTouch_silk_f3_r1_v1_winsb02.csv,dataset/video/silk/VisTouch_silk_f3_r1_v1_winsb02.avi
VisTouch_silk_f3_r1_v1_winsb03,silk_f3_r1_v1,silk,sichou,丝绸,4,3,1,1,sliding,winsb03,train,1607154136.786,1607154143.786,7.000,dataset/audio/silk/VisTouch_silk_f3_r1_v1_winsb03.wav,dataset/tactile/silk/VisTouch_silk_f3_r1_v1_winsb03.csv,dataset/video/silk/VisTouch_silk_f3_r1_v1_winsb03.avi
VisTouch_silk_f3_r1_v1_winsb05,silk_f3_r1_v1,silk,sichou,丝绸,4,3,1,1,sliding,winsb05,train,1607154144.073,1607154151.073,7.000,dataset/audio/silk/VisTouch_silk_f3_r1_v1_winsb05.wav,dataset/tactile/silk/VisTouch_silk_f3_r1_v1_winsb05.csv,dataset/video/silk/VisTouch_silk_f3_r1_v1_winsb05.avi
VisTouch_silk_f3_r1_v1_winsb06,silk_f3_r1_v1,silk,sichou,丝绸,4,3,1,1,sliding,winsb06,train,1607154146.749,1607154153.749,7.000,dataset/audio/silk/VisTouch_silk_f3_r1_v1_winsb06.wav,dataset/tactile/silk/VisTouch_silk_f3_r1_v1_winsb06.csv,dataset/video/silk/VisTouch_silk_f3_r1_v1_winsb06.avi
VisTouch_silk_f3_r1_v1_winsb07,silk_f3_r1_v1,silk,sichou,丝绸,4,3,1,1,sliding,winsb07,train,1607154150.618,1607154157.618,7.000,dataset/audio/silk/VisTouch_silk_f3_r1_v1_winsb07.wav,dataset/tactile/silk/VisTouch_silk_f3_r1_v1_winsb07.csv,dataset/video/silk/VisTouch_silk_f3_r1_v1_winsb07.avi
VisTouch_silk_f3_r1_v1_winsb09,silk_f3_r1_v1,silk,sichou,丝绸,4,3,1,1,sliding,winsb09,train,1607154157.452,1607154164.452,7.000,dataset/audio/silk/VisTouch_silk_f3_r1_v1_winsb09.wav,dataset/tactile/silk/VisTouch_silk_f3_r1_v1_winsb09.csv,dataset/video/silk/VisTouch_silk_f3_r1_v1_winsb09.avi
VisTouch_silk_f3_r1_v1_winsb10,silk_f3_r1_v1,silk,sichou,丝绸,4,3,1,1,sliding,winsb10,train,1607154161.099,1607154168.099,7.000,dataset/audio/silk/VisTouch_silk_f3_r1_v1_winsb10.wav,dataset/tactile/silk/VisTouch_silk_f3_r1_v1_winsb10.csv,dataset/video/silk/VisTouch_silk_f3_r1_v1_winsb10.avi
VisTouch_silk_f3_r1_v1_winsb11,silk_f3_r1_v1,silk,sichou,丝绸,4,3,1,1,sliding,winsb11,train,1607154164.459,1607154171.459,7.000,dataset/audio/silk/VisTouch_silk_f3_r1_v1_winsb11.wav,dataset/tactile/silk/VisTouch_silk_f3_r1_v1_winsb11.csv,dataset/video/silk/VisTouch_silk_f3_r1_v1_winsb11.avi
VisTouch_silk_f3_r1_v1_winsb12,silk_f3_r1_v1,silk,sichou,丝绸,4,3,1,1,sliding,winsb12,train,1607154168.021,1607154175.021,7.000,dataset/audio/silk/VisTouch_silk_f3_r1_v1_winsb12.wav,dataset/tactile/silk/VisTouch_silk_f3_r1_v1_winsb12.csv,dataset/video/silk/VisTouch_silk_f3_r1_v1_winsb12.avi
VisTouch_silk_f3_r1_v1_winsb13,silk_f3_r1_v1,silk,sichou,丝绸,4,3,1,1,sliding,winsb13,train,1607154172.198,1607154179.198,7.000,dataset/audio/silk/VisTouch_silk_f3_r1_v1_winsb13.wav,dataset/tactile/silk/VisTouch_silk_f3_r1_v1_winsb13.csv,dataset/video/silk/VisTouch_silk_f3_r1_v1_winsb13.avi
VisTouch_silk_f3_r1_v1_winsb14,silk_f3_r1_v1,silk,sichou,丝绸,4,3,1,1,sliding,winsb14,train,1607154175.163,1607154182.163,7.000,dataset/audio/silk/VisTouch_silk_f3_r1_v1_winsb14.wav,dataset/tactile/silk/VisTouch_silk_f3_r1_v1_winsb14.csv,dataset/video/silk/VisTouch_silk_f3_r1_v1_winsb14.avi
VisTouch_silk_f3_r1_v1_winsb15,silk_f3_r1_v1,silk,sichou,丝绸,4,3,1,1,sliding,winsb15,train,1607154178.630,1607154185.630,7.000,dataset/audio/silk/VisTouch_silk_f3_r1_v1_winsb15.wav,dataset/tactile/silk/VisTouch_silk_f3_r1_v1_winsb15.csv,dataset/video/silk/VisTouch_silk_f3_r1_v1_winsb15.avi
VisTouch_silk_f3_r1_v1_winsb16,silk_f3_r1_v1,silk,sichou,丝绸,4,3,1,1,sliding,winsb16,train,1607154182.367,1607154189.367,7.000,dataset/audio/silk/VisTouch_silk_f3_r1_v1_winsb16.wav,dataset/tactile/silk/VisTouch_silk_f3_r1_v1_winsb16.csv,dataset/video/silk/VisTouch_silk_f3_r1_v1_winsb16.avi
VisTouch_silk_f3_r1_v1_winmb01,silk_f3_r1_v1,silk,sichou,丝绸,4,3,1,1,sliding,winmb01,train,1607154130.829,1607154141.129,10.300,dataset/audio/silk/VisTouch_silk_f3_r1_v1_winmb01.wav,dataset/tactile/silk/VisTouch_silk_f3_r1_v1_winmb01.csv,dataset/video/silk/VisTouch_silk_f3_r1_v1_winmb01.avi
VisTouch_silk_f3_r1_v1_winmb02,silk_f3_r1_v1,silk,sichou,丝绸,4,3,1,1,sliding,winmb02,train,1607154135.973,1607154146.273,10.300,dataset/audio/silk/VisTouch_silk_f3_r1_v1_winmb02.wav,dataset/tactile/silk/VisTouch_silk_f3_r1_v1_winmb02.csv,dataset/video/silk/VisTouch_silk_f3_r1_v1_winmb02.avi
VisTouch_silk_f3_r1_v1_winmb04,silk_f3_r1_v1,silk,sichou,丝绸,4,3,1,1,sliding,winmb04,train,1607154146.152,1607154156.452,10.300,dataset/audio/silk/VisTouch_silk_f3_r1_v1_winmb04.wav,dataset/tactile/silk/VisTouch_silk_f3_r1_v1_winmb04.csv,dataset/video/silk/VisTouch_silk_f3_r1_v1_winmb04.avi
VisTouch_silk_f3_r1_v1_winmb05,silk_f3_r1_v1,silk,sichou,丝绸,4,3,1,1,sliding,winmb05,train,1607154151.540,1607154161.840,10.300,dataset/audio/silk/VisTouch_silk_f3_r1_v1_winmb05.wav,dataset/tactile/silk/VisTouch_silk_f3_r1_v1_winmb05.csv,dataset/video/silk/VisTouch_silk_f3_r1_v1_winmb05.avi
VisTouch_silk_f3_r1_v1_winmb06,silk_f3_r1_v1,silk,sichou,丝绸,4,3,1,1,sliding,winmb06,train,1607154156.782,1607154167.082,10.300,dataset/audio/silk/VisTouch_silk_f3_r1_v1_winmb06.wav,dataset/tactile/silk/VisTouch_silk_f3_r1_v1_winmb06.csv,dataset/video/silk/VisTouch_silk_f3_r1_v1_winmb06.avi
VisTouch_silk_f3_r1_v1_winmb07,silk_f3_r1_v1,silk,sichou,丝绸,4,3,1,1,sliding,winmb07,train,1607154161.612,1607154171.912,10.300,dataset/audio/silk/VisTouch_silk_f3_r1_v1_winmb07.wav,dataset/tactile/silk/VisTouch_silk_f3_r1_v1_winmb07.csv,dataset/video/silk/VisTouch_silk_f3_r1_v1_winmb07.avi
VisTouch_silk_f3_r1_v1_winmb08,silk_f3_r1_v1,silk,sichou,丝绸,4,3,1,1,sliding,winmb08,train,1607154166.054,1607154176.354,10.300,dataset/audio/silk/VisTouch_silk_f3_r1_v1_winmb08.wav,dataset/tactile/silk/VisTouch_silk_f3_r1_v1_winmb08.csv,dataset/video/silk/VisTouch_silk_f3_r1_v1_winmb08.avi
VisTouch_silk_f3_r1_v1_winmb09,silk_f3_r1_v1,silk,sichou,丝绸,4,3,1,1,sliding,winmb09,train,1607154171.132,1607154181.432,10.300,dataset/audio/silk/VisTouch_silk_f3_r1_v1_winmb09.wav,dataset/tactile/silk/VisTouch_silk_f3_r1_v1_winmb09.csv,dataset/video/silk/VisTouch_silk_f3_r1_v1_winmb09.avi
VisTouch_silk_f3_r1_v1_winmb10,silk_f3_r1_v1,silk,sichou,丝绸,4,3,1,1,sliding,winmb10,train,1607154176.652,1607154186.952,10.300,dataset/audio/silk/VisTouch_silk_f3_r1_v1_winmb10.wav,dataset/tactile/silk/VisTouch_silk_f3_r1_v1_winmb10.csv,dataset/video/silk/VisTouch_silk_f3_r1_v1_winmb10.avi
VisTouch_silk_f3_r1_v1_winlb01,silk_f3_r1_v1,silk,sichou,丝绸,4,3,1,1,sliding,winlb01,train,1607154132.398,1607154146.398,14.000,dataset/audio/silk/VisTouch_silk_f3_r1_v1_winlb01.wav,dataset/tactile/silk/VisTouch_silk_f3_r1_v1_winlb01.csv,dataset/video/silk/VisTouch_silk_f3_r1_v1_winlb01.avi
VisTouch_silk_f3_r1_v1_winlb02,silk_f3_r1_v1,silk,sichou,丝绸,4,3,1,1,sliding,winlb02,train,1607154138.442,1607154152.442,14.000,dataset/audio/silk/VisTouch_silk_f3_r1_v1_winlb02.wav,dataset/tactile/silk/VisTouch_silk_f3_r1_v1_winlb02.csv,dataset/video/silk/VisTouch_silk_f3_r1_v1_winlb02.avi
VisTouch_silk_f3_r1_v1_winlb03,silk_f3_r1_v1,silk,sichou,丝绸,4,3,1,1,sliding,winlb03,train,1607154146.330,1607154160.330,14.000,dataset/audio/silk/VisTouch_silk_f3_r1_v1_winlb03.wav,dataset/tactile/silk/VisTouch_silk_f3_r1_v1_winlb03.csv,dataset/video/silk/VisTouch_silk_f3_r1_v1_winlb03.avi
VisTouch_silk_f3_r1_v1_winlb04,silk_f3_r1_v1,silk,sichou,丝绸,4,3,1,1,sliding,winlb04,train,1607154152.415,1607154166.415,14.000,dataset/audio/silk/VisTouch_silk_f3_r1_v1_winlb04.wav,dataset/tactile/silk/VisTouch_silk_f3_r1_v1_winlb04.csv,dataset/video/silk/VisTouch_silk_f3_r1_v1_winlb04.avi
VisTouch_silk_f3_r1_v1_winlb05,silk_f3_r1_v1,silk,sichou,丝绸,4,3,1,1,sliding,winlb05,train,1607154160.036,1607154174.036,14.000,dataset/audio/silk/VisTouch_silk_f3_r1_v1_winlb05.wav,dataset/tactile/silk/VisTouch_silk_f3_r1_v1_winlb05.csv,dataset/video/silk/VisTouch_silk_f3_r1_v1_winlb05.avi
VisTouch_silk_f3_r1_v1_winlb06,silk_f3_r1_v1,silk,sichou,丝绸,4,3,1,1,sliding,winlb06,train,1607154166.469,1607154180.469,14.000,dataset/audio/silk/VisTouch_silk_f3_r1_v1_winlb06.wav,dataset/tactile/silk/VisTouch_silk_f3_r1_v1_winlb06.csv,dataset/video/silk/VisTouch_silk_f3_r1_v1_winlb06.avi
VisTouch_silk_f3_r1_v1_winlb07,silk_f3_r1_v1,silk,sichou,丝绸,4,3,1,1,sliding,winlb07,train,1607154173.938,1607154187.938,14.000,dataset/audio/silk/VisTouch_silk_f3_r1_v1_winlb07.wav,dataset/tactile/silk/VisTouch_silk_f3_r1_v1_winlb07.csv,dataset/video/silk/VisTouch_silk_f3_r1_v1_winlb07.avi
VisTouch_silk_f3_r1_v1_wine01,silk_f3_r1_v1,silk,sichou,丝绸,4,3,1,1,sliding,wine01,train,1607154128.000,1607154136.500,8.500,dataset/audio/silk/VisTouch_silk_f3_r1_v1_wine01.wav,dataset/tactile/silk/VisTouch_silk_f3_r1_v1_wine01.csv,dataset/video/silk/VisTouch_silk_f3_r1_v1_wine01.avi
VisTouch_silk_f3_r1_v1_wine02,silk_f3_r1_v1,silk,sichou,丝绸,4,3,1,1,sliding,wine02,train,1607154132.747,1607154141.247,8.500,dataset/audio/silk/VisTouch_silk_f3_r1_v1_wine02.wav,dataset/tactile/silk/VisTouch_silk_f3_r1_v1_wine02.csv,dataset/video/silk/VisTouch_silk_f3_r1_v1_wine02.avi
VisTouch_silk_f3_r1_v1_wine03,silk_f3_r1_v1,silk,sichou,丝绸,4,3,1,1,sliding,wine03,train,1607154136.201,1607154144.701,8.500,dataset/audio/silk/VisTouch_silk_f3_r1_v1_wine03.wav,dataset/tactile/silk/VisTouch_silk_f3_r1_v1_wine03.csv,dataset/video/silk/VisTouch_silk_f3_r1_v1_wine03.avi
VisTouch_silk_f3_r1_v1_wine04,silk_f3_r1_v1,silk,sichou,丝绸,4,3,1,1,sliding,wine04,train,1607154140.120,1607154148.620,8.500,dataset/audio/silk/VisTouch_silk_f3_r1_v1_wine04.wav,dataset/tactile/silk/VisTouch_silk_f3_r1_v1_wine04.csv,dataset/video/silk/VisTouch_silk_f3_r1_v1_wine04.avi
VisTouch_silk_f3_r1_v1_wine05,silk_f3_r1_v1,silk,sichou,丝绸,4,3,1,1,sliding,wine05,train,1607154145.282,1607154153.782,8.500,dataset/audio/silk/VisTouch_silk_f3_r1_v1_wine05.wav,dataset/tactile/silk/VisTouch_silk_f3_r1_v1_wine05.csv,dataset/video/silk/VisTouch_silk_f3_r1_v1_wine05.avi
VisTouch_silk_f3_r1_v1_wine06,silk_f3_r1_v1,silk,sichou,丝绸,4,3,1,1,sliding,wine06,train,1607154149.475,1607154157.975,8.500,dataset/audio/silk/VisTouch_silk_f3_r1_v1_wine06.wav,dataset/tactile/silk/VisTouch_silk_f3_r1_v1_wine06.csv,dataset/video/silk/VisTouch_silk_f3_r1_v1_wine06.avi
VisTouch_silk_f3_r1_v1_wine07,silk_f3_r1_v1,silk,sichou,丝绸,4,3,1,1,sliding,wine07,train,1607154153.700,1607154162.200,8.500,dataset/audio/silk/VisTouch_silk_f3_r1_v1_wine07.wav,dataset/tactile/silk/VisTouch_silk_f3_r1_v1_wine07.csv,dataset/video/silk/VisTouch_silk_f3_r1_v1_wine07.avi
VisTouch_silk_f3_r1_v1_wine08,silk_f3_r1_v1,silk,sichou,丝绸,4,3,1,1,sliding,wine08,train,1607154157.989,1607154166.489,8.500,dataset/audio/silk/VisTouch_silk_f3_r1_v1_wine08.wav,dataset/tactile/silk/VisTouch_silk_f3_r1_v1_wine08.csv,dataset/video/silk/VisTouch_silk_f3_r1_v1_wine08.avi
VisTouch_silk_f3_r1_v1_wine09,silk_f3_r1_v1,silk,sichou,丝绸,4,3,1,1,sliding,wine09,train,1607154162.110,1607154170.610,8.500,dataset/audio/silk/VisTouch_silk_f3_r1_v1_wine09.wav,dataset/tactile/silk/VisTouch_silk_f3_r1_v1_wine09.csv,dataset/video/silk/VisTouch_silk_f3_r1_v1_wine09.avi
VisTouch_silk_f3_r1_v1_wine10,silk_f3_r1_v1,silk,sichou,丝绸,4,3,1,1,sliding,wine10,train,1607154165.759,1607154174.259,8.500,dataset/audio/silk/VisTouch_silk_f3_r1_v1_wine10.wav,dataset/tactile/silk/VisTouch_silk_f3_r1_v1_wine10.csv,dataset/video/silk/VisTouch_silk_f3_r1_v1_wine10.avi
VisTouch_silk_f3_r1_v1_wine11,silk_f3_r1_v1,silk,sichou,丝绸,4,3,1,1,sliding,wine11,train,1607154170.716,1607154179.216,8.500,dataset/audio/silk/VisTouch_silk_f3_r1_v1_wine11.wav,dataset/tactile/silk/VisTouch_silk_f3_r1_v1_wine11.csv,dataset/video/silk/VisTouch_silk_f3_r1_v1_wine11.avi
VisTouch_silk_f3_r1_v1_wine12,silk_f3_r1_v1,silk,sichou,丝绸,4,3,1,1,sliding,wine12,train,1607154174.121,1607154182.621,8.500,dataset/audio/silk/VisTouch_silk_f3_r1_v1_wine12.wav,dataset/tactile/silk/VisTouch_silk_f3_r1_v1_wine12.csv,dataset/video/silk/VisTouch_silk_f3_r1_v1_wine12.avi
VisTouch_silk_f3_r1_v1_wine13,silk_f3_r1_v1,silk,sichou,丝绸,4,3,1,1,sliding,wine13,train,1607154178.596,1607154187.096,8.500,dataset/audio/silk/VisTouch_silk_f3_r1_v1_wine13.wav,dataset/tactile/silk/VisTouch_silk_f3_r1_v1_wine13.csv,dataset/video/silk/VisTouch_silk_f3_r1_v1_wine13.avi
VisTouch_silk_f6_r1_v1_winsb01,silk_f6_r1_v1,silk,sichou,丝绸,4,6,1,1,sliding,winsb01,train,1607154291.667,1607154298.667,7.000,dataset/audio/silk/VisTouch_silk_f6_r1_v1_winsb01.wav,dataset/tactile/silk/VisTouch_silk_f6_r1_v1_winsb01.csv,dataset/video/silk/VisTouch_silk_f6_r1_v1_winsb01.avi
VisTouch_silk_f6_r1_v1_winsb03,silk_f6_r1_v1,silk,sichou,丝绸,4,6,1,1,sliding,winsb03,train,1607154298.350,1607154305.350,7.000,dataset/audio/silk/VisTouch_silk_f6_r1_v1_winsb03.wav,dataset/tactile/silk/VisTouch_silk_f6_r1_v1_winsb03.csv,dataset/video/silk/VisTouch_silk_f6_r1_v1_winsb03.avi
VisTouch_silk_f6_r1_v1_winsb04,silk_f6_r1_v1,silk,sichou,丝绸,4,6,1,1,sliding,winsb04,train,1607154302.173,1607154309.173,7.000,dataset/audio/silk/VisTouch_silk_f6_r1_v1_winsb04.wav,dataset/tactile/silk/VisTouch_silk_f6_r1_v1_winsb04.csv,dataset/video/silk/VisTouch_silk_f6_r1_v1_winsb04.avi
VisTouch_silk_f6_r1_v1_winsb05,silk_f6_r1_v1,silk,sichou,丝绸,4,6,1,1,sliding,winsb05,train,1607154305.880,1607154312.880,7.000,dataset/audio/silk/VisTouch_silk_f6_r1_v1_winsb05.wav,dataset/tactile/silk/VisTouch_silk_f6_r1_v1_winsb05.csv,dataset/video/silk/VisTouch_silk_f6_r1_v1_winsb05.avi
VisTouch_silk_f6_r1_v1_winsb06,silk_f6_r1_v1,silk,sichou,丝绸,4,6,1,1,sliding,winsb06,train,1607154309.121,1607154316.121,7.000,dataset/audio/silk/VisTouch_silk_f6_r1_v1_winsb06.wav,dataset/tactile/silk/VisTouch_silk_f6_r1_v1_winsb06.csv,dataset/video/silk/VisTouch_silk_f6_r1_v1_winsb06.avi
VisTouch_silk_f6_r1_v1_winsb07,silk_f6_r1_v1,silk,sichou,丝绸,4,6,1,1,sliding,winsb07,train,1607154312.969,1607154319.969,7.000,dataset/audio/silk/VisTouch_silk_f6_r1_v1_winsb07.wav,dataset/tactile/silk/VisTouch_silk_f6_r1_v1_winsb07.csv,dataset/video/silk/VisTouch_silk_f6_r1_v1_winsb07.avi
VisTouch_silk_f6_r1_v1_winsb08,silk_f6_r1_v1,silk,sichou,丝绸,4,6,1,1,sliding,winsb08,train,1607154315.967,1607154322.967,7.000,dataset/audio/silk/VisTouch_silk_f6_r1_v1_winsb08.wav,dataset/tactile/silk/VisTouch_silk_f6_r1_v1_winsb08.csv,dataset/video/silk/VisTouch_silk_f6_r1_v1_winsb08.avi
VisTouch_silk_f6_r1_v1_winsb09,silk_f6_r1_v1,silk,sichou,丝绸,4,6,1,1,sliding,winsb09,train,1607154319.376,1607154326.376,7.000,dataset/audio/silk/VisTouch_silk_f6_r1_v1_winsb09.wav,dataset/tactile/silk/VisTouch_silk_f6_r1_v1_winsb09.csv,dataset/video/silk/VisTouch_silk_f6_r1_v1_winsb09.avi
VisTouch_silk_f6_r1_v1_winsb10,silk_f6_r1_v1,silk,sichou,丝绸,4,6,1,1,sliding,winsb10,train,1607154323.511,1607154330.511,7.000,dataset/audio/silk/VisTouch_silk_f6_r1_v1_winsb10.wav,dataset/tactile/silk/VisTouch_silk_f6_r1_v1_winsb10.csv,dataset/video/silk/VisTouch_silk_f6_r1_v1_winsb10.avi
VisTouch_silk_f6_r1_v1_winsb11,silk_f6_r1_v1,silk,sichou,丝绸,4,6,1,1,sliding,winsb11,train,1607154326.927,1607154333.927,7.000,dataset/audio/silk/VisTouch_silk_f6_r1_v1_winsb11.wav,dataset/tactile/silk/VisTouch_silk_f6_r1_v1_winsb11.csv,dataset/video/silk/VisTouch_silk_f6_r1_v1_winsb11.avi
VisTouch_silk_f6_r1_v1_winsb12,silk_f6_r1_v1,silk,sichou,丝绸,4,6,1,1,sliding,winsb12,train,1607154330.176,1607154337.176,7.000,dataset/audio/silk/VisTouch_silk_f6_r1_v1_winsb12.wav,dataset/tactile/silk/VisTouch_silk_f6_r1_v1_winsb12.csv,dataset/video/silk/VisTouch_silk_f6_r1_v1_winsb12.avi
VisTouch_silk_f6_r1_v1_winsb13,silk_f6_r1_v1,silk,sichou,丝绸,4,6,1,1,sliding,winsb13,train,1607154333.369,1607154340.369,7.000,dataset/audio/silk/VisTouch_silk_f6_r1_v1_winsb13.wav,dataset/tactile/silk/VisTouch_silk_f6_r1_v1_winsb13.csv,dataset/video/silk/VisTouch_silk_f6_r1_v1_winsb13.avi
VisTouch_silk_f6_r1_v1_winsb14,silk_f6_r1_v1,silk,sichou,丝绸,4,6,1,1,sliding,winsb14,train,1607154337.422,1607154344.422,7.000,dataset/audio/silk/VisTouch_silk_f6_r1_v1_winsb14.wav,dataset/tactile/silk/VisTouch_silk_f6_r1_v1_winsb14.csv,dataset/video/silk/VisTouch_silk_f6_r1_v1_winsb14.avi
VisTouch_silk_f6_r1_v1_winsb15,silk_f6_r1_v1,silk,sichou,丝绸,4,6,1,1,sliding,winsb15,train,1607154341.012,1607154348.012,7.000,dataset/audio/silk/VisTouch_silk_f6_r1_v1_winsb15.wav,dataset/tactile/silk/VisTouch_silk_f6_r1_v1_winsb15.csv,dataset/video/silk/VisTouch_silk_f6_r1_v1_winsb15.avi
VisTouch_silk_f6_r1_v1_winsb16,silk_f6_r1_v1,silk,sichou,丝绸,4,6,1,1,sliding,winsb16,train,1607154343.897,1607154350.897,7.000,dataset/audio/silk/VisTouch_silk_f6_r1_v1_winsb16.wav,dataset/tactile/silk/VisTouch_silk_f6_r1_v1_winsb16.csv,dataset/video/silk/VisTouch_silk_f6_r1_v1_winsb16.avi
VisTouch_silk_f6_r1_v1_winmb01,silk_f6_r1_v1,silk,sichou,丝绸,4,6,1,1,sliding,winmb01,train,1607154292.867,1607154303.167,10.300,dataset/audio/silk/VisTouch_silk_f6_r1_v1_winmb01.wav,dataset/tactile/silk/VisTouch_silk_f6_r1_v1_winmb01.csv,dataset/video/silk/VisTouch_silk_f6_r1_v1_winmb01.avi
VisTouch_silk_f6_r1_v1_winmb03,silk_f6_r1_v1,silk,sichou,丝绸,4,6,1,1,sliding,winmb03,train,1607154303.516,1607154313.816,10.300,dataset/audio/silk/VisTouch_silk_f6_r1_v1_winmb03.wav,dataset/tactile/silk/VisTouch_silk_f6_r1_v1_winmb03.csv,dataset/video/silk/VisTouch_silk_f6_r1_v1_winmb03.avi
VisTouch_silk_f6_r1_v1_winmb04,silk_f6_r1_v1,silk,sichou,丝绸,4,6,1,1,sliding,winmb04,train,1607154308.414,1607154318.714,10.300,dataset/audio/silk/VisTouch_silk_f6_r1_v1_winmb04.wav,dataset/tactile/silk/VisTouch_silk_f6_r1_v1_winmb04.csv,dataset/video/silk/VisTouch_silk_f6_r1_v1_winmb04.avi
VisTouch_silk_f6_r1_v1_winmb05,silk_f6_r1_v1,silk,sichou,丝绸,4,6,1,1,sliding,winmb05,train,1607154312.825,1607154323.125,10.300,dataset/audio/silk/VisTouch_silk_f6_r1_v1_winmb05.wav,dataset/tactile/silk/VisTouch_silk_f6_r1_v1_winmb05.csv,dataset/video/silk/VisTouch_silk_f6_r1_v1_winmb05.avi
VisTouch_silk_f6_r1_v1_winmb06,silk_f6_r1_v1,silk,sichou,丝绸,4,6,1,1,sliding,winmb06,train,1607154319.002,1607154329.302,10.300,dataset/audio/silk/VisTouch_silk_f6_r1_v1_winmb06.wav,dataset/tactile/silk/VisTouch_silk_f6_r1_v1_winmb06.csv,dataset/video/silk/VisTouch_silk_f6_r1_v1_winmb06.avi
VisTouch_silk_f6_r1_v1_winmb07,silk_f6_r1_v1,silk,sichou,丝绸,4,6,1,1,sliding,winmb07,train,1607154322.741,1607154333.041,10.300,dataset/audio/silk/VisTouch_silk_f6_r1_v1_winmb07.wav,dataset/tactile/silk/VisTouch_silk_f6_r1_v1_winmb07.csv,dataset/video/silk/VisTouch_silk_f6_r1_v1_winmb07.avi
VisTouch_silk_f6_r1_v1_winmb08,silk_f6_r1_v1,silk,sichou,丝绸,4,6,1,1,sliding,winmb08,train,1607154328.138,1607154338.438,10.300,dataset/audio/silk/VisTouch_silk_f6_r1_v1_winmb08.wav,dataset/tactile/silk/VisTouch_silk_f6_r1_v1_winmb08.csv,dataset/video/silk/VisTouch_silk_f6_r1_v1_winmb08.avi
VisTouch_silk_f6_r1_v1_winmb09,silk_f6_r1_v1,silk,sichou,丝绸,4,6,1,1,sliding,winmb09,train,1607154333.376,1607154343.676,10.300,dataset/audio/silk/VisTouch_silk_f6_r1_v1_winmb09.wav,dataset/tactile/silk/VisTouch_silk_f6_r1_v1_winmb09.csv,dataset/video/silk/VisTouch_silk_f6_r1_v1_winmb09.avi
VisTouch_silk_f6_r1_v1_winmb10,silk_f6_r1_v1,silk,sichou,丝绸,4,6,1,1,sliding,winmb10,train,1607154339.284,1607154349.584,10.300,dataset/audio/silk/VisTouch_silk_f6_r1_v1_winmb10.wav,dataset/tactile/silk/VisTouch_silk_f6_r1_v1_winmb10.csv,dataset/video/silk/VisTouch_silk_f6_r1_v1_winmb10.avi
VisTouch_silk_f6_r1_v1_winlb01,silk_f6_r1_v1,silk,sichou,丝绸,4,6,1,1,sliding,winlb01,train,1607154293.555,1607154307.555,14.000,dataset/audio/silk/VisTouch_silk_f6_r1_v1_winlb01.wav,dataset/tactile/silk/VisTouch_silk_f6_r1_v1_winlb01.csv,dataset/video/silk/VisTouch_silk_f6_r1_v1_winlb01.avi
VisTouch_silk_f6_r1_v1_winlb02,silk_f6_r1_v1,silk,sichou,丝绸,4,6,1,1,sliding,winlb02,train,1607154300.425,1607154314.425,14.000,dataset/audio/silk/VisTouch_silk_f6_r1_v1_winlb02.wav,dataset/tactile/silk/VisTouch_silk_f6_r1_v1_winlb02.csv,dataset/video/silk/VisTouch_silk_f6_r1_v1_winlb02.avi
VisTouch_silk_f6_r1_v1_winlb03,silk_f6_r1_v1,silk,sichou,丝绸,4,6,1,1,sliding,winlb03,train,1607154306.917,1607154320.917,14.000,dataset/audio/silk/VisTouch_silk_f6_r1_v1_winlb03.wav,dataset/tactile/silk/VisTouch_silk_f6_r1_v1_winlb03.csv,dataset/video/silk/VisTouch_silk_f6_r1_v1_winlb03.avi
VisTouch_silk_f6_r1_v1_winlb04,silk_f6_r1_v1,silk,sichou,丝绸,4,6,1,1,sliding,winlb04,train,1607154315.039,1607154329.039,14.000,dataset/audio/silk/VisTouch_silk_f6_r1_v1_winlb04.wav,dataset/tactile/silk/VisTouch_silk_f6_r1_v1_winlb04.csv,dataset/video/silk/VisTouch_silk_f6_r1_v1_winlb04.avi
VisTouch_silk_f6_r1_v1_winlb05,silk_f6_r1_v1,silk,sichou,丝绸,4,6,1,1,sliding,winlb05,train,1607154320.696,1607154334.696,14.000,dataset/audio/silk/VisTouch_silk_f6_r1_v1_winlb05.wav,dataset/tactile/silk/VisTouch_silk_f6_r1_v1_winlb05.csv,dataset/video/silk/VisTouch_silk_f6_r1_v1_winlb05.avi
VisTouch_silk_f6_r1_v1_winlb06,silk_f6_r1_v1,silk,sichou,丝绸,4,6,1,1,sliding,winlb06,train,1607154327.969,1607154341.969,14.000,dataset/audio/silk/VisTouch_silk_f6_r1_v1_winlb06.wav,dataset/tactile/silk/VisTouch_silk_f6_r1_v1_winlb06.csv,dataset/video/silk/VisTouch_silk_f6_r1_v1_winlb06.avi
VisTouch_silk_f6_r1_v1_winlb07,silk_f6_r1_v1,silk,sichou,丝绸,4,6,1,1,sliding,winlb07,train,1607154336.143,1607154350.143,14.000,dataset/audio/silk/VisTouch_silk_f6_r1_v1_winlb07.wav,dataset/tactile/silk/VisTouch_silk_f6_r1_v1_winlb07.csv,dataset/video/silk/VisTouch_silk_f6_r1_v1_winlb07.avi
VisTouch_silk_f6_r1_v1_wine01,silk_f6_r1_v1,silk,sichou,丝绸,4,6,1,1,sliding,wine01,train,1607154290.000,1607154298.500,8.500,dataset/audio/silk/VisTouch_silk_f6_r1_v1_wine01.wav,dataset/tactile/silk/VisTouch_silk_f6_r1_v1_wine01.csv,dataset/video/silk/VisTouch_silk_f6_r1_v1_wine01.avi
VisTouch_silk_f6_r1_v1_wine02,silk_f6_r1_v1,silk,sichou,丝绸,4,6,1,1,sliding,wine02,train,1607154294.730,1607154303.230,8.500,dataset/audio/silk/VisTouch_silk_f6_r1_v1_wine02.wav,dataset/tactile/silk/VisTouch_silk_f6_r1_v1_wine02.csv,dataset/video/silk/VisTouch_silk_f6_r1_v1_wine02.avi
VisTouch_silk_f6_r1_v1_wine03,silk_f6_r1_v1,silk,sichou,丝绸,4,6,1,1,sliding,wine03,train,1607154298.630,1607154307.130,8.500,dataset/audio/silk/VisTouch_silk_f6_r1_v1_wine03.wav,dataset/tactile/silk/VisTouch_silk_f6_r1_v1_wine03.csv,dataset/video/silk/VisTouch_silk_f6_r1_v1_wine03.avi
VisTouch_silk_f6_r1_v1_wine04,silk_f6_r1_v1,silk,sichou,丝绸,4,6,1,1,sliding,wine04,train,1607154303.119,1607154311.619,8.500,dataset/audio/silk/VisTouch_silk_f6_r1_v1_wine04.wav,dataset/tactile/silk/VisTouch_silk_f6_r1_v1_wine04.csv,dataset/video/silk/VisTouch_silk_f6_r1_v1_wine04.avi
VisTouch_silk_f6_r1_v1_wine05,silk_f6_r1_v1,silk,sichou,丝绸,4,6,1,1,sliding,wine05,train,1607154306.601,1607154315.101,8.500,dataset/audio/silk/VisTouch_silk_f6_r1_v1_wine05.wav,dataset/tactile/silk/VisTouch_silk_f6_r1_v1_wine05.csv,dataset/video/silk/VisTouch_silk_f6_r1_v1_wine05.avi
VisTouch_silk_f6_r1_v1_wine06,silk_f6_r1_v1,silk,sichou,丝绸,4,6,1,1,sliding,wine06,train,1607154311.016,1607154319.516,8.500,dataset/audio/silk/VisTouch_silk_f6_r1_v1_wine06.wav,dataset/tactile/silk/VisTouch_silk_f6_r1_v1_wine06.csv,dataset/video/silk/VisTouch_silk_f6_r1_v1_wine06.avi
VisTouch_silk_f6_r1_v1_wine07,silk_f6_r1_v1,silk,sichou,丝绸,4,6,1,1,sliding,wine07,train,1607154315.343,1607154323.843,8.500,dataset/audio/silk/VisTouch_silk_f6_r1_v1_wine07.wav,dataset/tactile/silk/VisTouch_silk_f6_r1_v1_wine07.csv,dataset/video/silk/VisTouch_silk_f6_r1_v1_wine07.avi
VisTouch_silk_f6_r1_v1_wine08,silk_f6_r1_v1,silk,sichou,丝绸,4,6,1,1,sliding,wine08,train,1607154319.743,1607154328.243,8.500,dataset/audio/silk/VisTouch_silk_f6_r1_v1_wine08.wav,dataset/tactile/silk/VisTouch_silk_f6_r1_v1_wine08.csv,dataset/video/silk/VisTouch_silk_f6_r1_v1_wine08.avi
VisTouch_silk_f6_r1_v1_wine09,silk_f6_r1_v1,silk,sichou,丝绸,4,6,1,1,sliding,wine09,train,1607154323.965,1607154332.465,8.500,dataset/audio/silk/VisTouch_silk_f6_r1_v1_wine09.wav,dataset/tactile/silk/VisTouch_silk_f6_r1_v1_wine09.csv,dataset/video/silk/VisTouch_silk_f6_r1_v1_wine09.avi
VisTouch_silk_f6_r1_v1_wine10,silk_f6_r1_v1,silk,sichou,丝绸,4,6,1,1,sliding,wine10,train,1607154328.661,1607154337.161,8.500,dataset/audio/silk/VisTouch_silk_f6_r1_v1_wine10.wav,dataset/tactile/silk/VisTouch_silk_f6_r1_v1_wine10.csv,dataset/video/silk/VisTouch_silk_f6_r1_v1_wine10.avi
VisTouch_silk_f6_r1_v1_wine11,silk_f6_r1_v1,silk,sichou,丝绸,4,6,1,1,sliding,wine11,train,1607154332.083,1607154340.583,8.500,dataset/audio/silk/VisTouch_silk_f6_r1_v1_wine11.wav,dataset/tactile/silk/VisTouch_silk_f6_r1_v1_wine11.csv,dataset/video/silk/VisTouch_silk_f6_r1_v1_wine11.avi
VisTouch_silk_f6_r1_v1_wine12,silk_f6_r1_v1,silk,sichou,丝绸,4,6,1,1,sliding,wine12,train,1607154337.198,1607154345.698,8.500,dataset/audio/silk/VisTouch_silk_f6_r1_v1_wine12.wav,dataset/tactile/silk/VisTouch_silk_f6_r1_v1_wine12.csv,dataset/video/silk/VisTouch_silk_f6_r1_v1_wine12.avi
VisTouch_silk_f6_r1_v1_wine13,silk_f6_r1_v1,silk,sichou,丝绸,4,6,1,1,sliding,wine13,train,1607154341.496,1607154349.996,8.500,dataset/audio/silk/VisTouch_silk_f6_r1_v1_wine13.wav,dataset/tactile/silk/VisTouch_silk_f6_r1_v1_wine13.csv,dataset/video/silk/VisTouch_silk_f6_r1_v1_wine13.avi
VisTouch_silk_f9_r1_v1_winsb01,silk_f9_r1_v1,silk,sichou,丝绸,4,9,1,1,sliding,winsb01,test,1607154487.304,1607154494.304,7.000,dataset/audio/silk/VisTouch_silk_f9_r1_v1_winsb01.wav,dataset/tactile/silk/VisTouch_silk_f9_r1_v1_winsb01.csv,dataset/video/silk/VisTouch_silk_f9_r1_v1_winsb01.avi
VisTouch_silk_f9_r1_v1_winsb02,silk_f9_r1_v1,silk,sichou,丝绸,4,9,1,1,sliding,winsb02,test,1607154490.735,1607154497.735,7.000,dataset/audio/silk/VisTouch_silk_f9_r1_v1_winsb02.wav,dataset/tactile/silk/VisTouch_silk_f9_r1_v1_winsb02.csv,dataset/video/silk/VisTouch_silk_f9_r1_v1_winsb02.avi
VisTouch_silk_f9_r1_v1_winsb03,silk_f9_r1_v1,silk,sichou,丝绸,4,9,1,1,sliding,winsb03,test,1607154494.532,1607154501.532,7.000,dataset/audio/silk/VisTouch_silk_f9_r1_v1_winsb03.wav,dataset/tactile/silk/VisTouch_silk_f9_r1_v1_winsb03.csv,dataset/video/silk/VisTouch_silk_f9_r1_v1_winsb03.avi
VisTouch_silk_f9_r1_v1_winsb04,silk_f9_r1_v1,silk,sichou,丝绸,4,9,1,1,sliding,winsb04,test,1607154498.146,1607154505.146,7.000,dataset/audio/silk/VisTouch_silk_f9_r1_v1_winsb04.wav,dataset/tactile/silk/VisTouch_silk_f9_r1_v1_winsb04.csv,dataset/video/silk/VisTouch_silk_f9_r1_v1_winsb04.avi
VisTouch_silk_f9_r1_v1_winsb05,silk_f9_r1_v1,silk,sichou,丝绸,4,9,1,1,sliding,winsb05,test,1607154502.244,1607154509.244,7.000,dataset/audio/silk/VisTouch_silk_f9_r1_v1_winsb05.wav,dataset/tactile/silk/VisTouch_silk_f9_r1_v1_winsb05.csv,dataset/video/silk/VisTouch_silk_f9_r1_v1_winsb05.avi
VisTouch_silk_f9_r1_v1_winsb06,silk_f9_r1_v1,silk,sichou,丝绸,4,9,1,1,sliding,winsb06,test,1607154504.800,1607154511.800,7.000,dataset/audio/silk/VisTouch_silk_f9_r1_v1_winsb06.wav,dataset/tactile/silk/VisTouch_silk_f9_r1_v1_winsb06.csv,dataset/video/silk/VisTouch_silk_f9_r1_v1_winsb06.avi
VisTouch_silk_f9_r1_v1_winsb07,silk_f9_r1_v1,silk,sichou,丝绸,4,9,1,1,sliding,winsb07,test,1607154509.045,1607154516.045,7.000,dataset/audio/silk/VisTouch_silk_f9_r1_v1_winsb07.wav,dataset/tactile/silk/VisTouch_silk_f9_r1_v1_winsb07.csv,dataset/video/silk/VisTouch_silk_f9_r1_v1_winsb07.avi
VisTouch_silk_f9_r1_v1_winsb08,silk_f9_r1_v1,silk,sichou,丝绸,4,9,1,1,sliding,winsb08,test,1607154512.224,1607154519.224,7.000,dataset/audio/silk/VisTouch_silk_f9_r1_v1_winsb08.wav,dataset/tactile/silk/VisTouch_silk_f9_r1_v1_winsb08.csv,dataset/video/silk/VisTouch_silk_f9_r1_v1_winsb08.avi
VisTouch_silk_f9_r1_v1_winsb09,silk_f9_r1_v1,silk,sichou,丝绸,4,9,1,1,sliding,winsb09,test,1607154515.361,1607154522.361,7.000,dataset/audio/silk/VisTouch_silk_f9_r1_v1_winsb09.wav,dataset/tactile/silk/VisTouch_silk_f9_r1_v1_winsb09.csv,dataset/video/silk/VisTouch_silk_f9_r1_v1_winsb09.avi
VisTouch_silk_f9_r1_v1_winsb10,silk_f9_r1_v1,silk,sichou,丝绸,4,9,1,1,sliding,winsb10,test,1607154519.109,1607154526.109,7.000,dataset/audio/silk/VisTouch_silk_f9_r1_v1_winsb10.wav,dataset/tactile/silk/VisTouch_silk_f9_r1_v1_winsb10.csv,dataset/video/silk/VisTouch_silk_f9_r1_v1_winsb10.avi
VisTouch_silk_f9_r1_v1_winsb11,silk_f9_r1_v1,silk,sichou,丝绸,4,9,1,1,sliding,winsb11,test,1607154522.625,1607154529.625,7.000,dataset/audio/silk/VisTouch_silk_f9_r1_v1_winsb11.wav,dataset/tactile/silk/VisTouch_silk_f9_r1_v1_winsb11.csv,dataset/video/silk/VisTouch_silk_f9_r1_v1_winsb11.avi
VisTouch_silk_f9_r1_v1_winsb12,silk_f9_r1_v1,silk,sichou,丝绸,4,9,1,1,sliding,winsb12,test,1607154525.981,1607154532.981,7.000,dataset/audio/silk/VisTouch_silk_f9_r1_v1_winsb12.wav,dataset/tactile/silk/VisTouch_silk_f9_r1_v1_winsb12.csv,dataset/video/silk/VisTouch_silk_f9_r1_v1_winsb12.avi
VisTouch_silk_f9_r1_v1_winsb13,silk_f9_r1_v1,silk,sichou,丝绸,4,9,1,1,sliding,winsb13,test,1607154529.534,1607154536.534,7.000,dataset/audio/silk/VisTouch_silk_f9_r1_v1_winsb13.wav,dataset/tactile/silk/VisTouch_silk_f9_r1_v1_winsb13.csv,dataset/video/silk/VisTouch_silk_f9_r1_v1_winsb13.avi
VisTouch_silk_f9_r1_v1_winsb14,silk_f9_r1_v1,silk,sichou,丝绸,4,9,1,1,sliding,winsb14,test,1607154533.166,1607154540.166,7.000,dataset/audio/silk/VisTouch_silk_f9_r1_v1_winsb14.wav,dataset/tactile/silk/VisTouch_silk_f9_r1_v1_winsb14.csv,dataset/video/silk/VisTouch_silk_f9_r1_v1_winsb14.avi
VisTouch_silk_f9_r1_v1_winsb15,silk_f9_r1_v1,silk,sichou,丝绸,4,9,1,1,sliding,winsb15,test,1607154537.235,1607154544.235,7.000,dataset/audio/silk/VisTouch_silk_f9_r1_v1_winsb15.wav,dataset/tactile/silk/VisTouch_silk_f9_r1_v1_winsb15.csv,dataset/video/silk/VisTouch_silk_f9_r1_v1_winsb15.avi
VisTouch_silk_f9_r1_v1_winsb16,silk_f9_r1_v1,silk,sichou,丝绸,4,9,1,1,sliding,winsb16,test,1607154540.207,1607154547.207,7.000,dataset/audio/silk/VisTouch_silk_f9_r1_v1_winsb16.wav,dataset/tactile/silk/VisTouch_silk_f9_r1_v1_winsb16.csv,dataset/video/silk/VisTouch_silk_f9_r1_v1_winsb16.avi
VisTouch_silk_f9_r1_v1_winmb01,silk_f9_r1_v1,silk,sichou,丝绸,4,9,1,1,sliding,winmb01,test,1607154489.270,1607154499.570,10.300,dataset/audio/silk/VisTouch_silk_f9_r1_v1_winmb01.wav,dataset/tactile/silk/VisTouch_silk_f9_r1_v1_winmb01.csv,dataset/video/silk/VisTouch_silk_f9_r1_v1_winmb01.avi
VisTouch_silk_f9_r1_v1_winmb02,silk_f9_r1_v1,silk,sichou,丝绸,4,9,1,1,sliding,winmb02,test,1607154493.000,1607154503.300,10.300,dataset/audio/silk/VisTouch_silk_f9_r1_v1_winmb02.wav,dataset/tactile/silk/VisTouch_silk_f9_r1_v1_winmb02.csv,dataset/video/silk/VisTouch_silk_f9_r1_v1_winmb02.avi
VisTouch_silk_f9_r1_v1_winmb04,silk_f9_r1_v1,silk,sichou,丝绸,4,9,1,1,sliding,winmb04,test,1607154503.295,1607154513.595,10.300,dataset/audio/silk/VisTouch_silk_f9_r1_v1_winmb04.wav,dataset/tactile/silk/VisTouch_silk_f9_r1_v1_winmb04.csv,dataset/video/silk/VisTouch_silk_f9_r1_v1_winmb04.avi
VisTouch_silk_f9_r1_v1_winmb07,silk_f9_r1_v1,silk,sichou,丝绸,4,9,1,1,sliding,winmb07,test,1607154519.593,1607154529.893,10.300,dataset/audio/silk/VisTouch_silk_f9_r1_v1_winmb07.wav,dataset/tactile/silk/VisTouch_silk_f9_r1_v1_winmb07.csv,dataset/video/silk/VisTouch_silk_f9_r1_v1_winmb07.avi
VisTouch_silk_f9_r1_v1_winmb08,silk_f9_r1_v1,silk,sichou,丝绸,4,9,1,1,sliding,winmb08,test,1607154525.081,1607154535.381,10.300,dataset/audio/silk/VisTouch_silk_f9_r1_v1_winmb08.wav,dataset/tactile/silk/VisTouch_silk_f9_r1_v1_winmb08.csv,dataset/video/silk/VisTouch_silk_f9_r1_v1_winmb08.avi
VisTouch_silk_f9_r1_v1_winmb09,silk_f9_r1_v1,silk,sichou,丝绸,4,9,1,1,sliding,winmb09,test,1607154529.515,1607154539.815,10.300,dataset/audio/silk/VisTouch_silk_f9_r1_v1_winmb09.wav,dataset/tactile/silk/VisTouch_silk_f9_r1_v1_winmb09.csv,dataset/video/silk/VisTouch_silk_f9_r1_v1_winmb09.avi
VisTouch_silk_f9_r1_v1_winmb10,silk_f9_r1_v1,silk,sichou,丝绸,4,9,1,1,sliding,winmb10,test,1607154534.532,1607154544.832,10.300,dataset/audio/silk/VisTouch_silk_f9_r1_v1_winmb10.wav,dataset/tactile/silk/VisTouch_silk_f9_r1_v1_winmb10.csv,dataset/video/silk/VisTouch_silk_f9_r1_v1_winmb10.avi
VisTouch_silk_f9_r1_v1_winlb01,silk_f9_r1_v1,silk,sichou,丝绸,4,9,1,1,sliding,winlb01,test,1607154489.973,1607154503.973,14.000,dataset/audio/silk/VisTouch_silk_f9_r1_v1_winlb01.wav,dataset/tactile/silk/VisTouch_silk_f9_r1_v1_winlb01.csv,dataset/video/silk/VisTouch_silk_f9_r1_v1_winlb01.avi
VisTouch_silk_f9_r1_v1_winlb02,silk_f9_r1_v1,silk,sichou,丝绸,4,9,1,1,sliding,winlb02,test,1607154496.449,1607154510.449,14.000,dataset/audio/silk/VisTouch_silk_f9_r1_v1_winlb02.wav,dataset/tactile/silk/VisTouch_silk_f9_r1_v1_winlb02.csv,dataset/video/silk/VisTouch_silk_f9_r1_v1_winlb02.avi
VisTouch_silk_f9_r1_v1_winlb03,silk_f9_r1_v1,silk,sichou,丝绸,4,9,1,1,sliding,winlb03,test,1607154502.763,1607154516.763,14.000,dataset/audio/silk/VisTouch_silk_f9_r1_v1_winlb03.wav,dataset/tactile/silk/VisTouch_silk_f9_r1_v1_winlb03.csv,dataset/video/silk/VisTouch_silk_f9_r1_v1_winlb03.avi
VisTouch_silk_f9_r1_v1_winlb04,silk_f9_r1_v1,silk,sichou,丝绸,4,9,1,1,sliding,winlb04,test,1607154509.634,1607154523.634,14.000,dataset/audio/silk/VisTouch_silk_f9_r1_v1_winlb04.wav,dataset/tactile/silk/VisTouch_silk_f9_r1_v1_winlb04.csv,dataset/video/silk/VisTouch_silk_f9_r1_v1_winlb04.avi
VisTouch_silk_f9_r1_v1_winlb05,silk_f9_r1_v1,silk,sichou,丝绸,4,9,1,1,sliding,winlb05,test,1607154517.998,1607154531.998,14.000,dataset/audio/silk/VisTouch_silk_f9_r1_v1_winlb05.wav,dataset/tactile/silk/VisTouch_silk_f9_r1_v1_winlb05.csv,dataset/video/silk/VisTouch_silk_f9_r1_v1_winlb05.avi
VisTouch_silk_f9_r1_v1_winlb06,silk_f9_r1_v1,silk,sichou,丝绸,4,9,1,1,sliding,winlb06,test,1607154525.257,1607154539.257,14.000,dataset/audio/silk/VisTouch_silk_f9_r1_v1_winlb06.wav,dataset/tactile/silk/VisTouch_silk_f9_r1_v1_winlb06.csv,dataset/video/silk/VisTouch_silk_f9_r1_v1_winlb06.avi
VisTouch_silk_f9_r1_v1_winlb07,silk_f9_r1_v1,silk,sichou,丝绸,4,9,1,1,sliding,winlb07,test,1607154532.320,1607154546.320,14.000,dataset/audio/silk/VisTouch_silk_f9_r1_v1_winlb07.wav,dataset/tactile/silk/VisTouch_silk_f9_r1_v1_winlb07.csv,dataset/video/silk/VisTouch_silk_f9_r1_v1_winlb07.avi
VisTouch_silk_f9_r1_v1_wine01,silk_f9_r1_v1,silk,sichou,丝绸,4,9,1,1,sliding,wine01,test,1607154486.013,1607154494.513,8.500,dataset/audio/silk/VisTouch_silk_f9_r1_v1_wine01.wav,dataset/tactile/silk/VisTouch_silk_f9_r1_v1_wine01.csv,dataset/video/silk/VisTouch_silk_f9_r1_v1_wine01.avi
VisTouch_silk_f9_r1_v1_wine02,silk_f9_r1_v1,silk,sichou,丝绸,4,9,1,1,sliding,wine02,test,1607154489.808,1607154498.308,8.500,dataset/audio/silk/VisTouch_silk_f9_r1_v1_wine02.wav,dataset/tactile/silk/VisTouch_silk_f9_r1_v1_wine02.csv,dataset/video/silk/VisTouch_silk_f9_r1_v1_wine02.avi
VisTouch_silk_f9_r1_v1_wine03,silk_f9_r1_v1,silk,sichou,丝绸,4,9,1,1,sliding,wine03,test,1607154494.150,1607154502.650,8.500,dataset/audio/silk/VisTouch_silk_f9_r1_v1_wine03.wav,dataset/tactile/silk/VisTouch_silk_f9_r1_v1_wine03.csv,dataset/video/silk/VisTouch_silk_f9_r1_v1_wine03.avi
VisTouch_silk_f9_r1_v1_wine04,silk_f9_r1_v1,silk,sichou,丝绸,4,9,1,1,sliding,wine04,test,1607154498.691,1607154507.191,8.500,dataset/audio/silk/VisTouch_silk_f9_r1_v1_wine04.wav,dataset/tactile/silk/VisTouch_silk_f9_r1_v1_wine04.csv,dataset/video/silk/VisTouch_silk_f9_r1_v1_wine04.avi
VisTouch_silk_f9_r1_v1_wine05,silk_f9_r1_v1,silk,sichou,丝绸,4,9,1,1,sliding,wine05,test,1607154503.449,1607154511.949,8.500,dataset/audio/silk/VisTouch_silk_f9_r1_v1_wine05.wav,dataset/tactile/silk/VisTouch_silk_f9_r1_v1_wine05.csv,dataset/video/silk/VisTouch_silk_f9_r1_v1_wine05.avi
VisTouch_silk_f9_r1_v1_wine06,silk_f9_r1_v1,silk,sichou,丝绸,4,9,1,1,sliding,wine06,test,1607154507.442,1607154515.942,8.500,dataset/audio/silk/VisTouch_silk_f9_r1_v1_wine06.wav,dataset/tactile/silk/VisTouch_silk_f9_r1_v1_wine06.csv,dataset/video/silk/VisTouch_silk_f9_r1_v1_wine06.avi
VisTouch_silk_f9_r1_v1_wine07,silk_f9_r1_v1,silk,sichou,丝绸,4,9,1,1,sliding,wine07,test,1607154511.212,1607154519.712,8.500,dataset/audio/silk/VisTouch_silk_f9_r1_v1_wine07.wav,dataset/tactile/silk/VisTouch_silk_f9_r1_v1_wine07.csv,dataset/video/silk/VisTouch_silk_f9_r1_v1_wine07.avi
VisTouch_silk_f9_r1_v1_wine08,silk_f9_r1_v1,silk,sichou,丝绸,4,9,1,1,sliding,wine08,test,1607154516.076,1607154524.576,8.500,dataset/audio/silk/VisTouch_silk_f9_r1_v1_wine08.wav,dataset/tactile/silk/VisTouch_silk_f9_r1_v1_wine08.csv,dataset/video/silk/VisTouch_silk_f9_r1_v1_wine08.avi
VisTouch_silk_f9_r1_v1_wine09,silk_f9_r1_v1,silk,sichou,丝绸,4,9,1,1,sliding,wine09,test,1607154519.918,1607154528.418,8.500,dataset/audio/silk/VisTouch_silk_f9_r1_v1_wine09.wav,dataset/tactile/silk/VisTouch_silk_f9_r1_v1_wine09.csv,dataset/video/silk/VisTouch_silk_f9_r1_v1_wine09.avi
VisTouch_silk_f9_r1_v1_wine10,silk_f9_r1_v1,silk,sichou,丝绸,4,9,1,1,sliding,wine10,test,1607154524.866,1607154533.366,8.500,dataset/audio/silk/VisTouch_silk_f9_r1_v1_wine10.wav,dataset/tactile/silk/VisTouch_silk_f9_r1_v1_wine10.csv,dataset/video/silk/VisTouch_silk_f9_r1_v1_wine10.avi
VisTouch_silk_f9_r1_v1_wine11,silk_f9_r1_v1,silk,sichou,丝绸,4,9,1,1,sliding,wine11,test,1607154528.409,1607154536.909,8.500,dataset/audio/silk/VisTouch_silk_f9_r1_v1_wine11.wav,dataset/tactile/silk/VisTouch_silk_f9_r1_v1_wine11.csv,dataset/video/silk/VisTouch_silk_f9_r1_v1_wine11.avi
VisTouch_silk_f9_r1_v1_wine12,silk_f9_r1_v1,silk,sichou,丝绸,4,9,1,1,sliding,wine12,test,1607154533.180,1607154541.680,8.500,dataset/audio/silk/VisTouch_silk_f9_r1_v1_wine12.wav,dataset/tactile/silk/VisTouch_silk_f9_r1_v1_wine12.csv,dataset/video/silk/VisTouch_silk_f9_r1_v1_wine12.avi
VisTouch_silk_f9_r1_v1_wine13,silk_f9_r1_v1,silk,sichou,丝绸,4,9,1,1,sliding,wine13,test,1607154536.381,1607154544.881,8.500,dataset/audio/silk/VisTouch_silk_f9_r1_v1_wine13.wav,dataset/tactile/silk/VisTouch_silk_f9_r1_v1_wine13.csv,dataset/video/silk/VisTouch_silk_f9_r1_v1_wine13.avi
VisTouch_spandex_f3_r1_v1_winsb01,spandex_f3_r1_v1,spandex,anlun,氨纶,5,3,1,1,sliding,winsb01,train,1607156646.839,1607156653.839,7.000,dataset/audio/spandex/VisTouch_spandex_f3_r1_v1_winsb01.wav,dataset/tactile/spandex/VisTouch_spandex_f3_r1_v1_winsb01.csv,dataset/video/spandex/VisTouch_spandex_f3_r1_v1_winsb01.avi
VisTouch_spandex_f3_r1_v1_winsb02,spandex_f3_r1_v1,spandex,anlun,氨纶,5,3,1,1,sliding,winsb02,train,1607156650.003,1607156657.003,7.000,dataset/audio/spandex/VisTouch_spandex_f3_r1_v1_winsb02.wav,dataset/tactile/spandex/VisTouch_spandex_f3_r1_v1_winsb02.csv,dataset/video/spandex/VisTouch_spandex_f3_r1_v1_winsb02.avi
VisTouch_spandex_f3_r1_v1_winsb03,spandex_f3_r1_v1,spandex,anlun,氨纶,5,3,1,1,sliding,winsb03,train,1607156653.609,1607156660.609,7.000,dataset/audio/spandex/VisTouch_spandex_f3_r1_v1_winsb03.wav,dataset/tactile/spandex/VisTouch_spandex_f3_r1_v1_winsb03.csv,dataset/video/spandex/VisTouch_spandex_f3_r1_v1_winsb03.avi
VisTouch_spandex_f3_r1_v1_winsb04,spandex_f3_r1_v1,spandex,anlun,氨纶,5,3,1,1,sliding,winsb04,train,1607156656.794,1607156663.794,7.000,dataset/audio/spandex/VisTouch_spandex_f3_r1_v1_winsb04.wav,dataset/tactile/spandex/VisTouch_spandex_f3_r1_v1_winsb04.csv,dataset/video/spandex/VisTouch_spandex_f3_r1_v1_winsb04.avi
VisTouch_spandex_f3_r1_v1_winsb07,spandex_f3_r1_v1,spandex,anlun,氨纶,5,3,1,1,sliding,winsb07,train,1607156667.675,1607156674.675,7.000,dataset/audio/spandex/VisTouch_spandex_f3_r1_v1_winsb07.wav,dataset/tactile/spandex/VisTouch_spandex_f3_r1_v1_winsb07.csv,dataset/video/spandex/VisTouch_spandex_f3_r1_v1_winsb07.avi
VisTouch_spandex_f3_r1_v1_winsb08,spandex_f3_r1_v1,spandex,anlun,氨纶,5,3,1,1,sliding,winsb08,train,1607156671.212,1607156678.212,7.000,dataset/audio/spandex/VisTouch_spandex_f3_r1_v1_winsb08.wav,dataset/tactile/spandex/VisTouch_spandex_f3_r1_v1_winsb08.csv,dataset/video/spandex/VisTouch_spandex_f3_r1_v1_winsb08.avi
VisTouch_spandex_f3_r1_v1_winsb09,spandex_f3_r1_v1,spandex,anlun,氨纶,5,3,1,1,sliding,winsb09,train,1607156674.986,1607156681.986,7.000,dataset/audio/spandex/VisTouch_spandex_f3_r1_v1_winsb09.wav,dataset/tactile/spandex/VisTouch_spandex_f3_r1_v1_winsb09.csv,dataset/video/spandex/VisTouch_spandex_f3_r1_v1_winsb09.avi
VisTouch_spandex_f3_r1_v1_winsb10,spandex_f3_r1_v1,spandex,anlun,氨纶,5,3,1,1,sliding,winsb10,train,1607156678.075,1607156685.075,7.000,dataset/audio/spandex/VisTouch_spandex_f3_r1_v1_winsb10.wav,dataset/tactile/spandex/VisTouch_spandex_f3_r1_v1_winsb10.csv,dataset/video/spandex/VisTouch_spandex_f3_r1_v1_winsb10.avi
VisTouch_spandex_f3_r1_v1_winsb11,spandex_f3_r1_v1,spandex,anlun,氨纶,5,3,1,1,sliding,winsb11,train,1607156681.956,1607156688.956,7.000,dataset/audio/spandex/VisTouch_spandex_f3_r1_v1_winsb11.wav,dataset/tactile/spandex/VisTouch_spandex_f3_r1_v1_winsb11.csv,dataset/video/spandex/VisTouch_spandex_f3_r1_v1_winsb11.avi
VisTouch_spandex_f3_r1_v1_winsb12,spandex_f3_r1_v1,spandex,anlun,氨纶,5,3,1,1,sliding,winsb12,train,1607156685.135,1607156692.135,7.000,dataset/audio/spandex/VisTouch_spandex_f3_r1_v1_winsb12.wav,dataset/tactile/spandex/VisTouch_spandex_f3_r1_v1_winsb12.csv,dataset/video/spandex/VisTouch_spandex_f3_r1_v1_winsb12.avi
VisTouch_spandex_f3_r1_v1_winsb13,spandex_f3_r1_v1,spandex,anlun,氨纶,5,3,1,1,sliding,winsb13,train,1607156689.089,1607156696.089,7.000,dataset/audio/spandex/VisTouch_spandex_f3_r1_v1_winsb13.wav,dataset/tactile/spandex/VisTouch_spandex_f3_r1_v1_winsb13.csv,dataset/video/spandex/VisTouch_spandex_f3_r1_v1_winsb13.avi
VisTouch_spandex_f3_r1_v1_winsb14,spandex_f3_r1_v1,spandex,anlun,氨纶,5,3,1,1,sliding,winsb14,train,1607156692.337,1607156699.337,7.000,dataset/audio/spandex/VisTouch_spandex_f3_r1_v1_winsb14.wav,dataset/tactile/spandex/VisTouch_spandex_f3_r1_v1_winsb14.csv,dataset/video/spandex/VisTouch_spandex_f3_r1_v1_winsb14.avi
VisTouch_spandex_f3_r1_v1_winsb15,spandex_f3_r1_v1,spandex,anlun,氨纶,5,3,1,1,sliding,winsb15,train,1607156696.043,1607156703.043,7.000,dataset/audio/spandex/VisTouch_spandex_f3_r1_v1_winsb15.wav,dataset/tactile/spandex/VisTouch_spandex_f3_r1_v1_winsb15.csv,dataset/video/spandex/VisTouch_spandex_f3_r1_v1_winsb15.avi
VisTouch_spandex_f3_r1_v1_winsb16,spandex_f3_r1_v1,spandex,anlun,氨纶,5,3,1,1,sliding,winsb16,train,1607156699.574,1607156706.574,7.000,dataset/audio/spandex/VisTouch_spandex_f3_r1_v1_winsb16.wav,dataset/tactile/spandex/VisTouch_spandex_f3_r1_v1_winsb16.csv,dataset/video/spandex/VisTouch_spandex_f3_r1_v1_winsb16.avi
VisTouch_spandex_f3_r1_v1_winmb01,spandex_f3_r1_v1,spandex,anlun,氨纶,5,3,1,1,sliding,winmb01,train,1607156647.902,1607156658.202,10.300,dataset/audio/spandex/VisTouch_spandex_f3_r1_v1_winmb01.wav,dataset/tactile/spandex/VisTouch_spandex_f3_r1_v1_winmb01.csv,dataset/video/spandex/VisTouch_spandex_f3_r1_v1_winmb01.avi
VisTouch_spandex_f3_r1_v1_winmb02,spandex_f3_r1_v1,spandex,anlun,氨纶,5,3,1,1,sliding,winmb02,train,1607156652.002,1607156662.302,10.300,dataset/audio/spandex/VisTouch_spandex_f3_r1_v1_winmb02.wav,dataset/tactile/spandex/VisTouch_spandex_f3_r1_v1_winmb02.csv,dataset/video/spandex/VisTouch_spandex_f3_r1_v1_winmb02.avi
VisTouch_spandex_f3_r1_v1_winmb03,spandex_f3_r1_v1,spandex,anlun,氨纶,5,3,1,1,sliding,winmb03,train,1607156657.155,1607156667.455,10.300,dataset/audio/spandex/VisTouch_spandex_f3_r1_v1_winmb03.wav,dataset/tactile/spandex/VisTouch_spandex_f3_r1_v1_winmb03.csv,dataset/video/spandex/VisTouch_spandex_f3_r1_v1_winmb03.avi
VisTouch_spandex_f3_r1_v1_winmb05,spandex_f3_r1_v1,spandex,anlun,氨纶,5,3,1,1,sliding,winmb05,train,1607156667.682,1607156677.982,10.300,dataset/audio/spandex/VisTouch_spandex_f3_r1_v1_winmb05.wav,dataset/tactile/spandex/VisTouch_spandex_f3_r1_v1_winmb05.csv,dataset/video/spandex/VisTouch_spandex_f3_r1_v1_winmb05.avi
VisTouch_spandex_f3_r1_v1_winmb06,spandex_f3_r1_v1,spandex,anlun,氨纶,5,3,1,1,sliding,winmb06,train,1607156673.008,1607156683.308,10.300,dataset/audio/spandex/VisTouch_spandex_f3_r1_v1_winmb06.wav,dataset/tactile/spandex/VisTouch_spandex_f3_r1_v1_winmb06.csv,dataset/video/spandex/VisTouch_spandex_f3_r1_v1_winmb06.avi
VisTouch_spandex_f3_r1_v1_winmb07,spandex_f3_r1_v1,spandex,anlun,氨纶,5,3,1,1,sliding,winmb07,train,1607156677.831,1607156688.131,10.300,dataset/audio/spandex/VisTouch_spandex_f3_r1_v1_winmb07.wav,dataset/tactile/spandex/VisTouch_spandex_f3_r1_v1_winmb07.csv,dataset/video/spandex/VisTouch_spandex_f3_r1_v1_winmb07.avi
VisTouch_spandex_f3_r1_v1_winmb08,spandex_f3_r1_v1,spandex,anlun,氨纶,5,3,1,1,sliding,winmb08,train,1607156683.890,1607156694.190,10.300,dataset/audio/spandex/VisTouch_spandex_f3_r1_v1_winmb08.wav,dataset/tactile/spandex/VisTouch_spandex_f3_r1_v1_winmb08.csv,dataset/video/spandex/VisTouch_spandex_f3_r1_v1_winmb08.avi
VisTouch_spandex_f3_r1_v1_winmb09,spandex_f3_r1_v1,spandex,anlun,氨纶,5,3,1,1,sliding,winmb09,train,1607156689.183,1607156699.483,10.300,dataset/audio/spandex/VisTouch_spandex_f3_r1_v1_winmb09.wav,dataset/tactile/spandex/VisTouch_spandex_f3_r1_v1_winmb09.csv,dataset/video/spandex/VisTouch_spandex_f3_r1_v1_winmb09.avi
VisTouch_spandex_f3_r1_v1_winlb01,spandex_f3_r1_v1,spandex,anlun,氨纶,5,3,1,1,sliding,winlb01,train,1607156648.395,1607156662.395,14.000,dataset/audio/spandex/VisTouch_spandex_f3_r1_v1_winlb01.wav,dataset/tactile/spandex/VisTouch_spandex_f3_r1_v1_winlb01.csv,dataset/video/spandex/VisTouch_spandex_f3_r1_v1_winlb01.avi
VisTouch_spandex_f3_r1_v1_winlb03,spandex_f3_r1_v1,spandex,anlun,氨纶,5,3,1,1,sliding,winlb03,train,1607156662.969,1607156676.969,14.000,dataset/audio/spandex/VisTouch_spandex_f3_r1_v1_winlb03.wav,dataset/tactile/spandex/VisTouch_spandex_f3_r1_v1_winlb03.csv,dataset/video/spandex/VisTouch_spandex_f3_r1_v1_winlb03.avi
VisTouch_spandex_f3_r1_v1_winlb04,spandex_f3_r1_v1,spandex,anlun,氨纶,5,3,1,1,sliding,winlb04,train,1607156669.286,1607156683.286,14.000,dataset/audio/spandex/VisTouch_spandex_f3_r1_v1_winlb04.wav,dataset/tactile/spandex/VisTouch_spandex_f3_r1_v1_winlb04.csv,dataset/video/spandex/VisTouch_spandex_f3_r1_v1_winlb04.avi
VisTouch_spandex_f3_r1_v1_winlb05,spandex_f3_r1_v1,spandex,anlun,氨纶,5,3,1,1,sliding,winlb05,train,1607156676.845,1607156690.845,14.000,dataset/audio/spandex/VisTouch_spandex_f3_r1_v1_winlb05.wav,dataset/tactile/spandex/VisTouch_spandex_f3_r1_v1_winlb05.csv,dataset/video/spandex/VisTouch_spandex_f3_r1_v1_winlb05.avi
VisTouch_spandex_f3_r1_v1_winlb07,spandex_f3_r1_v1,spandex,anlun,氨纶,5,3,1,1,sliding,winlb07,train,1607156691.364,1607156705.364,14.000,dataset/audio/spandex/VisTouch_spandex_f3_r1_v1_winlb07.wav,dataset/tactile/spandex/VisTouch_spandex_f3_r1_v1_winlb07.csv,dataset/video/spandex/VisTouch_spandex_f3_r1_v1_winlb07.avi
VisTouch_spandex_f3_r1_v1_wine01,spandex_f3_r1_v1,spandex,anlun,氨纶,5,3,1,1,sliding,wine01,train,1607156644.860,1607156653.360,8.500,dataset/audio/spandex/VisTouch_spandex_f3_r1_v1_wine01.wav,dataset/tactile/spandex/VisTouch_spandex_f3_r1_v1_wine01.csv,dataset/video/spandex/VisTouch_spandex_f3_r1_v1_wine01.avi
VisTouch_spandex_f3_r1_v1_wine02,spandex_f3_r1_v1,spandex,anlun,氨纶,5,3,1,1,sliding,wine02,train,1607156649.732,1607156658.232,8.500,dataset/audio/spandex/VisTouch_spandex_f3_r1_v1_wine02.wav,dataset/tactile/spandex/VisTouch_spandex_f3_r1_v1_wine02.csv,dataset/video/spandex/VisTouch_spandex_f3_r1_v1_wine02.avi
VisTouch_spandex_f3_r1_v1_wine03,spandex_f3_r1_v1,spandex,anlun,氨纶,5,3,1,1,sliding,wine03,train,1607156653.252,1607156661.752,8.500,dataset/audio/spandex/VisTouch_spandex_f3_r1_v1_wine03.wav,dataset/tactile/spandex/VisTouch_spandex_f3_r1_v1_wine03.csv,dataset/video/spandex/VisTouch_spandex_f3_r1_v1_wine03.avi
VisTouch_spandex_f3_r1_v1_wine04,spandex_f3_r1_v1,spandex,anlun,氨纶,5,3,1,1,sliding,wine04,train,1607156657.205,1607156665.705,8.500,dataset/audio/spandex/VisTouch_spandex_f3_r1_v1_wine04.wav,dataset/tactile/spandex/VisTouch_spandex_f3_r1_v1_wine04.csv,dataset/video/spandex/VisTouch_spandex_f3_r1_v1_wine04.avi
VisTouch_spandex_f3_r1_v1_wine06,spandex_f3_r1_v1,spandex,anlun,氨纶,5,3,1,1,sliding,wine06,train,1607156665.819,1607156674.319,8.500,dataset/audio/spandex/VisTouch_spandex_f3_r1_v1_wine06.wav,dataset/tactile/spandex/VisTouch_spandex_f3_r1_v1_wine06.csv,dataset/video/spandex/VisTouch_spandex_f3_r1_v1_wine06.avi
VisTouch_spandex_f3_r1_v1_wine07,spandex_f3_r1_v1,spandex,anlun,氨纶,5,3,1,1,sliding,wine07,train,1607156670.444,1607156678.944,8.500,dataset/audio/spandex/VisTouch_spandex_f3_r1_v1_wine07.wav,dataset/tactile/spandex/VisTouch_spandex_f3_r1_v1_wine07.csv,dataset/video/spandex/VisTouch_spandex_f3_r1_v1_wine07.avi
VisTouch_spandex_f3_r1_v1_wine08,spandex_f3_r1_v1,spandex,anlun,氨纶,5,3,1,1,sliding,wine08,train,1607156674.796,1607156683.296,8.500,dataset/audio/spandex/VisTouch_spandex_f3_r1_v1_wine08.wav,dataset/tactile/spandex/VisTouch_spandex_f3_r1_v1_wine08.csv,dataset/video/spandex/VisTouch_spandex_f3_r1_v1_wine08.avi
VisTouch_spandex_f3_r1_v1_wine10,spandex_f3_r1_v1,spandex,anlun,氨纶,5,3,1,1,sliding,wine10,train,1607156682.516,1607156691.016,8.500,dataset/audio/spandex/VisTouch_spandex_f3_r1_v1_wine10.wav,dataset/tactile/spandex/VisTouch_spandex_f3_r1_v1_wine10.csv,dataset/video/spandex/VisTouch_spandex_f3_r1_v1_wine10.avi
VisTouch_spandex_f3_r1_v1_wine11,spandex_f3_r1_v1,spandex,anlun,氨纶,5,3,1,1,sliding,wine11,train,1607156687.981,1607156696.481,8.500,dataset/audio/spandex/VisTouch_spandex_f3_r1_v1_wine11.wav,dataset/tactile/spandex/VisTouch_spandex_f3_r1_v1_wine11.csv,dataset/video/spandex/VisTouch_spandex_f3_r1_v1_wine11.avi
VisTouch_spandex_f3_r1_v1_wine12,spandex_f3_r1_v1,spandex,anlun,氨纶,5,3,1,1,sliding,wine12,train,1607156692.015,1607156700.515,8.500,dataset/audio/spandex/VisTouch_spandex_f3_r1_v1_wine12.wav,dataset/tactile/spandex/VisTouch_spandex_f3_r1_v1_wine12.csv,dataset/video/spandex/VisTouch_spandex_f3_r1_v1_wine12.avi
VisTouch_spandex_f3_r1_v1_wine13,spandex_f3_r1_v1,spandex,anlun,氨纶,5,3,1,1,sliding,wine13,train,1607156695.380,1607156703.880,8.500,dataset/audio/spandex/VisTouch_spandex_f3_r1_v1_wine13.wav,dataset/tactile/spandex/VisTouch_spandex_f3_r1_v1_wine13.csv,dataset/video/spandex/VisTouch_spandex_f3_r1_v1_wine13.avi
VisTouch_spandex_f6_r1_v1_winsb01,spandex_f6_r1_v1,spandex,anlun,氨纶,5,6,1,1,sliding,winsb01,train,1607157008.115,1607157015.115,7.000,dataset/audio/spandex/VisTouch_spandex_f6_r1_v1_winsb01.wav,dataset/tactile/spandex/VisTouch_spandex_f6_r1_v1_winsb01.csv,dataset/video/spandex/VisTouch_spandex_f6_r1_v1_winsb01.avi
VisTouch_spandex_f6_r1_v1_winsb02,spandex_f6_r1_v1,spandex,anlun,氨纶,5,6,1,1,sliding,winsb02,train,1607157010.996,1607157017.996,7.000,dataset/audio/spandex/VisTouch_spandex_f6_r1_v1_winsb02.wav,dataset/tactile/spandex/VisTouch_spandex_f6_r1_v1_winsb02.csv,dataset/video/spandex/VisTouch_spandex_f6_r1_v1_winsb02.avi
VisTouch_spandex_f6_r1_v1_winsb03,spandex_f6_r1_v1,spandex,anlun,氨纶,5,6,1,1,sliding,winsb03,train,1607157014.485,1607157021.485,7.000,dataset/audio/spandex/VisTouch_spandex_f6_r1_v1_winsb03.wav,dataset/tactile/spandex/VisTouch_spandex_f6_r1_v1_winsb03.csv,dataset/video/spandex/VisTouch_spandex_f6_r1_v1_winsb03.avi
VisTouch_spandex_f6_r1_v1_winsb04,spandex_f6_r1_v1,spandex,anlun,氨纶,5,6,1,1,sliding,winsb04,train,1607157018.536,1607157025.536,7.000,dataset/audio/spandex/VisTouch_spandex_f6_r1_v1_winsb04.wav,dataset/tactile/spandex/VisTouch_spandex_f6_r1_v1_winsb04.csv,dataset/video/spandex/VisTouch_spandex_f6_r1_v1_winsb04.avi
VisTouch_spandex_f6_r1_v1_winsb05,spandex_f6_r1_v1,spandex,anlun,氨纶,5,6,1,1,sliding,winsb05,train,1607157022.020,1607157029.020,7.000,dataset/audio/spandex/VisTouch_spandex_f6_r1_v1_winsb05.wav,dataset/tactile/spandex/VisTouch_spandex_f6_r1_v1_winsb05.csv,dataset/video/spandex/VisTouch_spandex_f6_r1_v1_winsb05.avi
VisTouch_spandex_f6_r1_v1_winsb06,spandex_f6_r1_v1,spandex,anlun,氨纶,5,6,1,1,sliding,winsb06,train,1607157025.613,1607157032.613,7.000,dataset/audio/spandex/VisTouch_spandex_f6_r1_v1_winsb06.wav,dataset/tactile/spandex/VisTouch_spandex_f6_r1_v1_winsb06.csv,dataset/video/spandex/VisTouch_spandex_f6_r1_v1_winsb06.avi
VisTouch_spandex_f6_r1_v1_winsb07,spandex_f6_r1_v1,spandex,anlun,氨纶,5,6,1,1,sliding,winsb07,train,1607157028.368,1607157035.368,7.000,dataset/audio/spandex/VisTouch_spandex_f6_r1_v1_winsb07.wav,dataset/tactile/spandex/VisTouch_spandex_f6_r1_v1_winsb07.csv,dataset/video/spandex/VisTouch_spandex_f6_r1_v1_winsb07.avi
VisTouch_spandex_f6_r1_v1_winsb08,spandex_f6_r1_v1,spandex,anlun,氨纶,5,6,1,1,sliding,winsb08,train,1607157032.510,1607157039.510,7.000,dataset/audio/spandex/VisTouch_spandex_f6_r1_v1_winsb08.wav,dataset/tactile/spandex/VisTouch_spandex_f6_r1_v1_winsb08.csv,dataset/video/spandex/VisTouch_spandex_f6_r1_v1_winsb08.avi
VisTouch_spandex_f6_r1_v1_winsb09,spandex_f6_r1_v1,spandex,anlun,氨纶,5,6,1,1,sliding,winsb09,train,1607157035.718,1607157042.718,7.000,dataset/audio/spandex/VisTouch_spandex_f6_r1_v1_winsb09.wav,dataset/tactile/spandex/VisTouch_spandex_f6_r1_v1_winsb09.csv,dataset/video/spandex/VisTouch_spandex_f6_r1_v1_winsb09.avi
VisTouch_spandex_f6_r1_v1_winsb10,spandex_f6_r1_v1,spandex,anlun,氨纶,5,6,1,1,sliding,winsb10,train,1607157039.067,1607157046.067,7.000,dataset/audio/spandex/VisTouch_spandex_f6_r1_v1_winsb10.wav,dataset/tactile/spandex/VisTouch_spandex_f6_r1_v1_winsb10.csv,dataset/video/spandex/VisTouch_spandex_f6_r1_v1_winsb10.avi
VisTouch_spandex_f6_r1_v1_winsb11,spandex_f6_r1_v1,spandex,anlun,氨纶,5,6,1,1,sliding,winsb11,train,1607157042.996,1607157049.996,7.000,dataset/audio/spandex/VisTouch_spandex_f6_r1_v1_winsb11.wav,dataset/tactile/spandex/VisTouch_spandex_f6_r1_v1_winsb11.csv,dataset/video/spandex/VisTouch_spandex_f6_r1_v1_winsb11.avi
VisTouch_spandex_f6_r1_v1_winsb12,spandex_f6_r1_v1,spandex,anlun,氨纶,5,6,1,1,sliding,winsb12,train,1607157046.612,1607157053.612,7.000,dataset/audio/spandex/VisTouch_spandex_f6_r1_v1_winsb12.wav,dataset/tactile/spandex/VisTouch_spandex_f6_r1_v1_winsb12.csv,dataset/video/spandex/VisTouch_spandex_f6_r1_v1_winsb12.avi
VisTouch_spandex_f6_r1_v1_winsb14,spandex_f6_r1_v1,spandex,anlun,氨纶,5,6,1,1,sliding,winsb14,train,1607157052.888,1607157059.888,7.000,dataset/audio/spandex/VisTouch_spandex_f6_r1_v1_winsb14.wav,dataset/tactile/spandex/VisTouch_spandex_f6_r1_v1_winsb14.csv,dataset/video/spandex/VisTouch_spandex_f6_r1_v1_winsb14.avi
VisTouch_spandex_f6_r1_v1_winsb15,spandex_f6_r1_v1,spandex,anlun,氨纶,5,6,1,1,sliding,winsb15,train,1607157057.266,1607157064.266,7.000,dataset/audio/spandex/VisTouch_spandex_f6_r1_v1_winsb15.wav,dataset/tactile/spandex/VisTouch_spandex_f6_r1_v1_winsb15.csv,dataset/video/spandex/VisTouch_spandex_f6_r1_v1_winsb15.avi
VisTouch_spandex_f6_r1_v1_winsb16,spandex_f6_r1_v1,spandex,anlun,氨纶,5,6,1,1,sliding,winsb16,train,1607157060.690,1607157067.690,7.000,dataset/audio/spandex/VisTouch_spandex_f6_r1_v1_winsb16.wav,dataset/tactile/spandex/VisTouch_spandex_f6_r1_v1_winsb16.csv,dataset/video/spandex/VisTouch_spandex_f6_r1_v1_winsb16.avi
VisTouch_spandex_f6_r1_v1_winmb01,spandex_f6_r1_v1,spandex,anlun,氨纶,5,6,1,1,sliding,winmb01,train,1607157008.250,1607157018.550,10.300,dataset/audio/spandex/VisTouch_spandex_f6_r1_v1_winmb01.wav,dataset/tactile/spandex/VisTouch_spandex_f6_r1_v1_winmb01.csv,dataset/video/spandex/VisTouch_spandex_f6_r1_v1_winmb01.avi
VisTouch_spandex_f6_r1_v1_winmb02,spandex_f6_r1_v1,spandex,anlun,氨纶,5,6,1,1,sliding,winmb02,train,1607157014.211,1607157024.511,10.300,dataset/audio/spandex/VisTouch_spandex_f6_r1_v1_winmb02.wav,dataset/tactile/spandex/VisTouch_spandex_f6_r1_v1_winmb02.csv,dataset/video/spandex/VisTouch_spandex_f6_r1_v1_winmb02.avi
VisTouch_spandex_f6_r1_v1_winmb03,spandex_f6_r1_v1,spandex,anlun,氨纶,5,6,1,1,sliding,winmb03,train,1607157018.241,1607157028.541,10.300,dataset/audio/spandex/VisTouch_spandex_f6_r1_v1_winmb03.wav,dataset/tactile/spandex/VisTouch_spandex_f6_r1_v1_winmb03.csv,dataset/video/spandex/VisTouch_spandex_f6_r1_v1_winmb03.avi
VisTouch_spandex_f6_r1_v1_winmb06,spandex_f6_r1_v1,spandex,anlun,氨纶,5,6,1,1,sliding,winmb06,train,1607157033.857,1607157044.157,10.300,dataset/audio/spandex/VisTouch_spandex_f6_r1_v1_winmb06.wav,dataset/tactile/spandex/VisTouch_spandex_f6_r1_v1_winmb06.csv,dataset/video/spandex/VisTouch_spandex_f6_r1_v1_winmb06.avi
VisTouch_spandex_f6_r1_v1_winmb07,spandex_f6_r1_v1,spandex,anlun,氨纶,5,6,1,1,sliding,winmb07,train,1607157039.159,1607157049.459,10.300,dataset/audio/spandex/VisTouch_spandex_f6_r1_v1_winmb07.wav,dataset/tactile/spandex/VisTouch_spandex_f6_r1_v1_winmb07.csv,dataset/video/spandex/VisTouch_spandex_f6_r1_v1_winmb07.avi
VisTouch_spandex_f6_r1_v1_winmb08,spandex_f6_r1_v1,spandex,anlun,氨纶,5,6,1,1,sliding,winmb08,train,1607157044.773,1607157055.073,10.300,dataset/audio/spandex/VisTouch_spandex_f6_r1_v1_winmb08.wav,dataset/tactile/spandex/VisTouch_spandex_f6_r1_v1_winmb08.csv,dataset/video/spandex/VisTouch_spandex_f6_r1_v1_winmb08.avi
VisTouch_spandex_f6_r1_v1_winmb09,spandex_f6_r1_v1,spandex,anlun,氨纶,5,6,1,1,sliding,winmb09,train,1607157049.552,1607157059.852,10.300,dataset/audio/spandex/VisTouch_spandex_f6_r1_v1_winmb09.wav,dataset/tactile/spandex/VisTouch_spandex_f6_r1_v1_winmb09.csv,dataset/video/spandex/VisTouch_spandex_f6_r1_v1_winmb09.avi
VisTouch_spandex_f6_r1_v1_winmb10,spandex_f6_r1_v1,spandex,anlun,氨纶,5,6,1,1,sliding,winmb10,train,1607157055.290,1607157065.590,10.300,dataset/audio/spandex/VisTouch_spandex_f6_r1_v1_winmb10.wav,dataset/tactile/spandex/VisTouch_spandex_f6_r1_v1_winmb10.csv,dataset/video/spandex/VisTouch_spandex_f6_r1_v1_winmb10.avi
VisTouch_spandex_f6_r1_v1_winlb01,spandex_f6_r1_v1,spandex,anlun,氨纶,5,6,1,1,sliding,winlb01,train,1607157009.694,1607157023.694,14.000,dataset/audio/spandex/VisTouch_spandex_f6_r1_v1_winlb01.wav,dataset/tactile/spandex/VisTouch_spandex_f6_r1_v1_winlb01.csv,dataset/video/spandex/VisTouch_spandex_f6_r1_v1_winlb01.avi
VisTouch_spandex_f6_r1_v1_winlb02,spandex_f6_r1_v1,spandex,anlun,氨纶,5,6,1,1,sliding,winlb02,train,1607157015.885,1607157029.885,14.000,dataset/audio/spandex/VisTouch_spandex_f6_r1_v1_winlb02.wav,dataset/tactile/spandex/VisTouch_spandex_f6_r1_v1_winlb02.csv,dataset/video/spandex/VisTouch_spandex_f6_r1_v1_winlb02.avi
VisTouch_spandex_f6_r1_v1_winlb03,spandex_f6_r1_v1,spandex,anlun,氨纶,5,6,1,1,sliding,winlb03,train,1607157023.731,1607157037.731,14.000,dataset/audio/spandex/VisTouch_spandex_f6_r1_v1_winlb03.wav,dataset/tactile/spandex/VisTouch_spandex_f6_r1_v1_winlb03.csv,dataset/video/spandex/VisTouch_spandex_f6_r1_v1_winlb03.avi
VisTouch_spandex_f6_r1_v1_winlb04,spandex_f6_r1_v1,spandex,anlun,氨纶,5,6,1,1,sliding,winlb04,train,1607157029.480,1607157043.480,14.000,dataset/audio/spandex/VisTouch_spandex_f6_r1_v1_winlb04.wav,dataset/tactile/spandex/VisTouch_spandex_f6_r1_v1_winlb04.csv,dataset/video/spandex/VisTouch_spandex_f6_r1_v1_winlb04.avi
VisTouch_spandex_f6_r1_v1_winlb05,spandex_f6_r1_v1,spandex,anlun,氨纶,5,6,1,1,sliding,winlb05,train,1607157036.685,1607157050.685,14.000,dataset/audio/spandex/VisTouch_spandex_f6_r1_v1_winlb05.wav,dataset/tactile/spandex/VisTouch_spandex_f6_r1_v1_winlb05.csv,dataset/video/spandex/VisTouch_spandex_f6_r1_v1_winlb05.avi
VisTouch_spandex_f6_r1_v1_winlb06,spandex_f6_r1_v1,spandex,anlun,氨纶,5,6,1,1,sliding,winlb06,train,1607157043.789,1607157057.789,14.000,dataset/audio/spandex/VisTouch_spandex_f6_r1_v1_winlb06.wav,dataset/tactile/spandex/VisTouch_spandex_f6_r1_v1_winlb06.csv,dataset/video/spandex/VisTouch_spandex_f6_r1_v1_winlb06.avi
VisTouch_spandex_f6_r1_v1_winlb07,spandex_f6_r1_v1,spandex,anlun,氨纶,5,6,1,1,sliding,winlb07,train,1607157051.193,1607157065.193,14.000,dataset/audio/spandex/VisTouch_spandex_f6_r1_v1_winlb07.wav,dataset/tactile/spandex/VisTouch_spandex_f6_r1_v1_winlb07.csv,dataset/video/spandex/VisTouch_spandex_f6_r1_v1_winlb07.avi
VisTouch_spandex_f6_r1_v1_wine02,spandex_f6_r1_v1,spandex,anlun,氨纶,5,6,1,1,sliding,wine02,train,1607157010.798,1607157019.298,8.500,dataset/audio/spandex/VisTouch_spandex_f6_r1_v1_wine02.wav,dataset/tactile/spandex/VisTouch_spandex_f6_r1_v1_wine02.csv,dataset/video/spandex/VisTouch_spandex_f6_r1_v1_wine02.avi
VisTouch_spandex_f6_r1_v1_wine03,spandex_f6_r1_v1,spandex,anlun,氨纶,5,6,1,1,sliding,wine03,train,1607157014.168,1607157022.668,8.500,dataset/audio/spandex/VisTouch_spandex_f6_r1_v1_wine03.wav,dataset/tactile/spandex/VisTouch_spandex_f6_r1_v1_wine03.csv,dataset/video/spandex/VisTouch_spandex_f6_r1_v1_wine03.avi
VisTouch_spandex_f6_r1_v1_wine04,spandex_f6_r1_v1,spandex,anlun,氨纶,5,6,1,1,sliding,wine04,train,1607157018.458,1607157026.958,8.500,dataset/audio/spandex/VisTouch_spandex_f6_r1_v1_wine04.wav,dataset/tactile/spandex/VisTouch_spandex_f6_r1_v1_wine04.csv,dataset/video/spandex/VisTouch_spandex_f6_r1_v1_wine04.avi
VisTouch_spandex_f6_r1_v1_wine05,spandex_f6_r1_v1,spandex,anlun,氨纶,5,6,1,1,sliding,wine05,train,1607157022.841,1607157031.341,8.500,dataset/audio/spandex/VisTouch_spandex_f6_r1_v1_wine05.wav,dataset/tactile/spandex/VisTouch_spandex_f6_r1_v1_wine05.csv,dataset/video/spandex/VisTouch_spandex_f6_r1_v1_wine05.avi
VisTouch_spandex_f6_r1_v1_wine07,spandex_f6_r1_v1,spandex,anlun,氨纶,5,6,1,1,sliding,wine07,train,1607157031.311,1607157039.811,8.500,dataset/audio/spandex/VisTouch_spandex_f6_r1_v1_wine07.wav,dataset/tactile/spandex/VisTouch_spandex_f6_r1_v1_wine07.csv,dataset/video/spandex/VisTouch_spandex_f6_r1_v1_wine07.avi
VisTouch_spandex_f6_r1_v1_wine09,spandex_f6_r1_v1,spandex,anlun,氨纶,5,6,1,1,sliding,wine09,train,1607157039.743,1607157048.243,8.500,dataset/audio/spandex/VisTouch_spandex_f6_r1_v1_wine09.wav,dataset/tactile/spandex/VisTouch_spandex_f6_r1_v1_wine09.csv,dataset/video/spandex/VisTouch_spandex_f6_r1_v1_wine09.avi
VisTouch_spandex_f6_r1_v1_wine10,spandex_f6_r1_v1,spandex,anlun,氨纶,5,6,1,1,sliding,wine10,train,1607157044.857,1607157053.357,8.500,dataset/audio/spandex/VisTouch_spandex_f6_r1_v1_wine10.wav,dataset/tactile/spandex/VisTouch_spandex_f6_r1_v1_wine10.csv,dataset/video/spandex/VisTouch_spandex_f6_r1_v1_wine10.avi
VisTouch_spandex_f6_r1_v1_wine12,spandex_f6_r1_v1,spandex,anlun,氨纶,5,6,1,1,sliding,wine12,train,1607157052.219,1607157060.719,8.500,dataset/audio/spandex/VisTouch_spandex_f6_r1_v1_wine12.wav,dataset/tactile/spandex/VisTouch_spandex_f6_r1_v1_wine12.csv,dataset/video/spandex/VisTouch_spandex_f6_r1_v1_wine12.avi
VisTouch_spandex_f6_r1_v1_wine13,spandex_f6_r1_v1,spandex,anlun,氨纶,5,6,1,1,sliding,wine13,train,1607157057.201,1607157065.701,8.500,dataset/audio/spandex/VisTouch_spandex_f6_r1_v1_wine13.wav,dataset/tactile/spandex/VisTouch_spandex_f6_r1_v1_wine13.csv,dataset/video/spandex/VisTouch_spandex_f6_r1_v1_wine13.avi
VisTouch_spandex_f9_r1_v1_winsb01,spandex_f9_r1_v1,spandex,anlun,氨纶,5,9,1,1,sliding,winsb01,test,1607157238.977,1607157245.977,7.000,dataset/audio/spandex/VisTouch_spandex_f9_r1_v1_winsb01.wav,dataset/tactile/spandex/VisTouch_spandex_f9_r1_v1_winsb01.csv,dataset/video/spandex/VisTouch_spandex_f9_r1_v1_winsb01.avi
VisTouch_spandex_f9_r1_v1_winsb02,spandex_f9_r1_v1,spandex,anlun,氨纶,5,9,1,1,sliding,winsb02,test,1607157242.116,1607157249.116,7.000,dataset/audio/spandex/VisTouch_spandex_f9_r1_v1_winsb02.wav,dataset/tactile/spandex/VisTouch_spandex_f9_r1_v1_winsb02.csv,dataset/video/spandex/VisTouch_spandex_f9_r1_v1_winsb02.avi
VisTouch_spandex_f9_r1_v1_winsb03,spandex_f9_r1_v1,spandex,anlun,氨纶,5,9,1,1,sliding,winsb03,test,1607157245.447,1607157252.447,7.000,dataset/audio/spandex/VisTouch_spandex_f9_r1_v1_winsb03.wav,dataset/tactile/spandex/VisTouch_spandex_f9_r1_v1_winsb03.csv,dataset/video/spandex/VisTouch_spandex_f9_r1_v1_winsb03.avi
VisTouch_spandex_f9_r1_v1_winsb04,spandex_f9_r1_v1,spandex,anlun,氨纶,5,9,1,1,sliding,winsb04,test,1607157249.155,1607157256.155,7.000,dataset/audio/spandex/VisTouch_spandex_f9_r1_v1_winsb04.wav,dataset/tactile/spandex/VisTouch_spandex_f9_r1_v1_winsb04.csv,dataset/video/spandex/VisTouch_spandex_f9_r1_v1_winsb04.avi
VisTouch_spandex_f9_r1_v1_winsb06,spandex_f9_r1_v1,spandex,anlun,氨纶,5,9,1,1,sliding,winsb06,test,1607157256.770,1607157263.770,7.000,dataset/audio/spandex/VisTouch_spandex_f9_r1_v1_winsb06.wav,dataset/tactile/spandex/VisTouch_spandex_f9_r1_v1_winsb06.csv,dataset/video/spandex/VisTouch_spandex_f9_r1_v1_winsb06.avi
VisTouch_spandex_f9_r1_v1_winsb07,spandex_f9_r1_v1,spandex,anlun,氨纶,5,9,1,1,sliding,winsb07,test,1607157260.126,1607157267.126,7.000,dataset/audio/spandex/VisTouch_spandex_f9_r1_v1_winsb07.wav,dataset/tactile/spandex/VisTouch_spandex_f9_r1_v1_winsb07.csv,dataset/video/spandex/VisTouch_spandex_f9_r1_v1_winsb07.avi
VisTouch_spandex_f9_r1_v1_winsb08,spandex_f9_r1_v1,spandex,anlun,氨纶,5,9,1,1,sliding,winsb08,test,1607157263.377,1607157270.377,7.000,dataset/audio/spandex/VisTouch_spandex_f9_r1_v1_winsb08.wav,dataset/tactile/spandex/VisTouch_spandex_f9_r1_v1_winsb08.csv,dataset/video/spandex/VisTouch_spandex_f9_r1_v1_winsb08.avi
VisTouch_spandex_f9_r1_v1_winsb09,spandex_f9_r1_v1,spandex,anlun,氨纶,5,9,1,1,sliding,winsb09,test,1607157266.429,1607157273.429,7.000,dataset/audio/spandex/VisTouch_spandex_f9_r1_v1_winsb09.wav,dataset/tactile/spandex/VisTouch_spandex_f9_r1_v1_winsb09.csv,dataset/video/spandex/VisTouch_spandex_f9_r1_v1_winsb09.avi
VisTouch_spandex_f9_r1_v1_winsb11,spandex_f9_r1_v1,spandex,anlun,氨纶,5,9,1,1,sliding,winsb11,test,1607157274.022,1607157281.022,7.000,dataset/audio/spandex/VisTouch_spandex_f9_r1_v1_winsb11.wav,dataset/tactile/spandex/VisTouch_spandex_f9_r1_v1_winsb11.csv,dataset/video/spandex/VisTouch_spandex_f9_r1_v1_winsb11.avi
VisTouch_spandex_f9_r1_v1_winsb13,spandex_f9_r1_v1,spandex,anlun,氨纶,5,9,1,1,sliding,winsb13,test,1607157280.623,1607157287.623,7.000,dataset/audio/spandex/VisTouch_spandex_f9_r1_v1_winsb13.wav,dataset/tactile/spandex/VisTouch_spandex_f9_r1_v1_winsb13.csv,dataset/video/spandex/VisTouch_spandex_f9_r1_v1_winsb13.avi
VisTouch_spandex_f9_r1_v1_winsb14,spandex_f9_r1_v1,spandex,anlun,氨纶,5,9,1,1,sliding,winsb14,test,1607157284.068,1607157291.068,7.000,dataset/audio/spandex/VisTouch_spandex_f9_r1_v1_winsb14.wav,dataset/tactile/spandex/VisTouch_spandex_f9_r1_v1_winsb14.csv,dataset/video/spandex/VisTouch_spandex_f9_r1_v1_winsb14.avi
VisTouch_spandex_f9_r1_v1_winsb15,spandex_f9_r1_v1,spandex,anlun,氨纶,5,9,1,1,sliding,winsb15,test,1607157287.824,1607157294.824,7.000,dataset/audio/spandex/VisTouch_spandex_f9_r1_v1_winsb15.wav,dataset/tactile/spandex/VisTouch_spandex_f9_r1_v1_winsb15.csv,dataset/video/spandex/VisTouch_spandex_f9_r1_v1_winsb15.avi
VisTouch_spandex_f9_r1_v1_winmb01,spandex_f9_r1_v1,spandex,anlun,氨纶,5,9,1,1,sliding,winmb01,test,1607157239.083,1607157249.383,10.300,dataset/audio/spandex/VisTouch_spandex_f9_r1_v1_winmb01.wav,dataset/tactile/spandex/VisTouch_spandex_f9_r1_v1_winmb01.csv,dataset/video/spandex/VisTouch_spandex_f9_r1_v1_winmb01.avi
VisTouch_spandex_f9_r1_v1_winmb02,spandex_f9_r1_v1,spandex,anlun,氨纶,5,9,1,1,sliding,winmb02,test,1607157244.678,1607157254.978,10.300,dataset/audio/spandex/VisTouch_spandex_f9_r1_v1_winmb02.wav,dataset/tactile/spandex/VisTouch_spandex_f9_r1_v1_winmb02.csv,dataset/video/spandex/VisTouch_spandex_f9_r1_v1_winmb02.avi
VisTouch_spandex_f9_r1_v1_winmb03,spandex_f9_r1_v1,spandex,anlun,氨纶,5,9,1,1,sliding,winmb03,test,1607157250.635,1607157260.935,10.300,dataset/audio/spandex/VisTouch_spandex_f9_r1_v1_winmb03.wav,dataset/tactile/spandex/VisTouch_spandex_f9_r1_v1_winmb03.csv,dataset/video/spandex/VisTouch_spandex_f9_r1_v1_winmb03.avi
VisTouch_spandex_f9_r1_v1_winmb04,spandex_f9_r1_v1,spandex,anlun,氨纶,5,9,1,1,sliding,winmb04,test,1607157254.277,1607157264.577,10.300,dataset/audio/spandex/VisTouch_spandex_f9_r1_v1_winmb04.wav,dataset/tactile/spandex/VisTouch_spandex_f9_r1_v1_winmb04.csv,dataset/video/spandex/VisTouch_spandex_f9_r1_v1_winmb04.avi
VisTouch_spandex_f9_r1_v1_winmb05,spandex_f9_r1_v1,spandex,anlun,氨纶,5,9,1,1,sliding,winmb05,test,1607157259.976,1607157270.276,10.300,dataset/audio/spandex/VisTouch_spandex_f9_r1_v1_winmb05.wav,dataset/tactile/spandex/VisTouch_spandex_f9_r1_v1_winmb05.csv,dataset/video/spandex/VisTouch_spandex_f9_r1_v1_winmb05.avi
VisTouch_spandex_f9_r1_v1_winmb06,spandex_f9_r1_v1,spandex,anlun,氨纶,5,9,1,1,sliding,winmb06,test,1607157265.069,1607157275.369,10.300,dataset/audio/spandex/VisTouch_spandex_f9_r1_v1_winmb06.wav,dataset/tactile/spandex/VisTouch_spandex_f9_r1_v1_winmb06.csv,dataset/video/spandex/VisTouch_spandex_f9_r1_v1_winmb06.avi
VisTouch_spandex_f9_r1_v1_winmb07,spandex_f9_r1_v1,spandex,anlun,氨纶,5,9,1,1,sliding,winmb07,test,1607157270.329,1607157280.629,10.300,dataset/audio/spandex/VisTouch_spandex_f9_r1_v1_winmb07.wav,dataset/tactile/spandex/VisTouch_spandex_f9_r1_v1_winmb07.csv,dataset/video/spandex/VisTouch_spandex_f9_r1_v1_winmb07.avi
VisTouch_spandex_f9_r1_v1_winmb08,spandex_f9_r1_v1,spandex,anlun,氨纶,5,9,1,1,sliding,winmb08,test,1607157276.195,1607157286.495,10.300,dataset/audio/spandex/VisTouch_spandex_f9_r1_v1_winmb08.wav,dataset/tactile/spandex/VisTouch_spandex_f9_r1_v1_winmb08.csv,dataset/video/spandex/VisTouch_spandex_f9_r1_v1_winmb08.avi
VisTouch_spandex_f9_r1_v1_winmb09,spandex_f9_r1_v1,spandex,anlun,氨纶,5,9,1,1,sliding,winmb09,test,1607157280.680,1607157290.980,10.300,dataset/audio/spandex/VisTouch_spandex_f9_r1_v1_winmb09.wav,dataset/tactile/spandex/VisTouch_spandex_f9_r1_v1_winmb09.csv,dataset/video/spandex/VisTouch_spandex_f9_r1_v1_winmb09.avi
VisTouch_spandex_f9_r1_v1_winmb10,spandex_f9_r1_v1,spandex,anlun,氨纶,5,9,1,1,sliding,winmb10,test,1607157286.517,1607157296.817,10.300,dataset/audio/spandex/VisTouch_spandex_f9_r1_v1_winmb10.wav,dataset/tactile/spandex/VisTouch_spandex_f9_r1_v1_winmb10.csv,dataset/video/spandex/VisTouch_spandex_f9_r1_v1_winmb10.avi
VisTouch_spandex_f9_r1_v1_winlb01,spandex_f9_r1_v1,spandex,anlun,氨纶,5,9,1,1,sliding,winlb01,test,1607157240.659,1607157254.659,14.000,dataset/audio/spandex/VisTouch_spandex_f9_r1_v1_winlb01.wav,dataset/tactile/spandex/VisTouch_spandex_f9_r1_v1_winlb01.csv,dataset/video/spandex/VisTouch_spandex_f9_r1_v1_winlb01.avi
VisTouch_spandex_f9_r1_v1_winlb03,spandex_f9_r1_v1,spandex,anlun,氨纶,5,9,1,1,sliding,winlb03,test,1607157253.980,1607157267.980,14.000,dataset/audio/spandex/VisTouch_spandex_f9_r1_v1_winlb03.wav,dataset/tactile/spandex/VisTouch_spandex_f9_r1_v1_winlb03.csv,dataset/video/spandex/VisTouch_spandex_f9_r1_v1_winlb03.avi
VisTouch_spandex_f9_r1_v1_winlb04,spandex_f9_r1_v1,spandex,anlun,氨纶,5,9,1,1,sliding,winlb04,test,1607157262.180,1607157276.180,14.000,dataset/audio/spandex/VisTouch_spandex_f9_r1_v1_winlb04.wav,dataset/tactile/spandex/VisTouch_spandex_f9_r1_v1_winlb04.csv,dataset/video/spandex/VisTouch_spandex_f9_r1_v1_winlb04.avi
VisTouch_spandex_f9_r1_v1_winlb05,spandex_f9_r1_v1,spandex,anlun,氨纶,5,9,1,1,sliding,winlb05,test,1607157268.803,1607157282.803,14.000,dataset/audio/spandex/VisTouch_spandex_f9_r1_v1_winlb05.wav,dataset/tactile/spandex/VisTouch_spandex_f9_r1_v1_winlb05.csv,dataset/video/spandex/VisTouch_spandex_f9_r1_v1_winlb05.avi
VisTouch_spandex_f9_r1_v1_winlb07,spandex_f9_r1_v1,spandex,anlun,氨纶,5,9,1,1,sliding,winlb07,test,1607157281.723,1607157295.723,14.000,dataset/audio/spandex/VisTouch_spandex_f9_r1_v1_winlb07.wav,dataset/tactile/spandex/VisTouch_spandex_f9_r1_v1_winlb07.csv,dataset/video/spandex/VisTouch_spandex_f9_r1_v1_winlb07.avi
VisTouch_spandex_f9_r1_v1_wine01,spandex_f9_r1_v1,spandex,anlun,氨纶,5,9,1,1,sliding,wine01,test,1607157237.000,1607157245.500,8.500,dataset/audio/spandex/VisTouch_spandex_f9_r1_v1_wine01.wav,dataset/tactile/spandex/VisTouch_spandex_f9_r1_v1_wine01.csv,dataset/video/spandex/VisTouch_spandex_f9_r1_v1_wine01.avi
VisTouch_spandex_f9_r1_v1_wine02,spandex_f9_r1_v1,spandex,anlun,氨纶,5,9,1,1,sliding,wine02,test,1607157241.772,1607157250.272,8.500,dataset/audio/spandex/VisTouch_spandex_f9_r1_v1_wine02.wav,dataset/tactile/spandex/VisTouch_spandex_f9_r1_v1_wine02.csv,dataset/video/spandex/VisTouch_spandex_f9_r1_v1_wine02.avi
VisTouch_spandex_f9_r1_v1_wine03,spandex_f9_r1_v1,spandex,anlun,氨纶,5,9,1,1,sliding,wine03,test,1607157245.377,1607157253.877,8.500,dataset/audio/spandex/VisTouch_spandex_f9_r1_v1_wine03.wav,dataset/tactile/spandex/VisTouch_spandex_f9_r1_v1_wine03.csv,dataset/video/spandex/VisTouch_spandex_f9_r1_v1_wine03.avi
VisTouch_spandex_f9_r1_v1_wine05,spandex_f9_r1_v1,spandex,anlun,氨纶,5,9,1,1,sliding,wine05,test,1607157254.504,1607157263.004,8.500,dataset/audio/spandex/VisTouch_spandex_f9_r1_v1_wine05.wav,dataset/tactile/spandex/VisTouch_spandex_f9_r1_v1_wine05.csv,dataset/video/spandex/VisTouch_spandex_f9_r1_v1_wine05.avi
VisTouch_spandex_f9_r1_v1_wine06,spandex_f9_r1_v1,spandex,anlun,氨纶,5,9,1,1,sliding,wine06,test,1607157257.901,1607157266.401,8.500,dataset/audio/spandex/VisTouch_spandex_f9_r1_v1_wine06.wav,dataset/tactile/spandex/VisTouch_spandex_f9_r1_v1_wine06.csv,dataset/video/spandex/VisTouch_spandex_f9_r1_v1_wine06.avi
VisTouch_spandex_f9_r1_v1_wine07,spandex_f9_r1_v1,spandex,anlun,氨纶,5,9,1,1,sliding,wine07,test,1607157261.904,1607157270.404,8.500,dataset/audio/spandex/VisTouch_spandex_f9_r1_v1_wine07.wav,dataset/tactile/spandex/VisTouch_spandex_f9_r1_v1_wine07.csv,dataset/video/spandex/VisTouch_spandex_f9_r1_v1_wine07.avi
VisTouch_spandex_f9_r1_v1_wine08,spandex_f9_r1_v1,spandex,anlun,氨纶,5,9,1,1,sliding,wine08,test,1607157266.342,1607157274.842,8.500,dataset/audio/spandex/VisTouch_spandex_f9_r1_v1_wine08.wav,dataset/tactile/spandex/VisTouch_spandex_f9_r1_v1_wine08.csv,dataset/video/spandex/VisTouch_spandex_f9_r1_v1_wine08.avi
VisTouch_spandex_f9_r1_v1_wine09,spandex_f9_r1_v1,spandex,anlun,氨纶,5,9,1,1,sliding,wine09,test,1607157271.348,1607157279.848,8.500,dataset/audio/spandex/VisTouch_spandex_f9_r1_v1_wine09.wav,dataset/tactile/spandex/VisTouch_spandex_f9_r1_v1_wine09.csv,dataset/video/spandex/VisTouch_spandex_f9_r1_v1_wine09.avi
VisTouch_spandex_f9_r1_v1_wine10,spandex_f9_r1_v1,spandex,anlun,氨纶,5,9,1,1,sliding,wine10,test,1607157274.632,1607157283.132,8.500,dataset/audio/spandex/VisTouch_spandex_f9_r1_v1_wine10.wav,dataset/tactile/spandex/VisTouch_spandex_f9_r1_v1_wine10.csv,dataset/video/spandex/VisTouch_spandex_f9_r1_v1_wine10.avi
VisTouch_spandex_f9_r1_v1_wine11,spandex_f9_r1_v1,spandex,anlun,氨纶,5,9,1,1,sliding,wine11,test,1607157279.582,1607157288.082,8.500,dataset/audio/spandex/VisTouch_spandex_f9_r1_v1_wine11.wav,dataset/tactile/spandex/VisTouch_spandex_f9_r1_v1_wine11.csv,dataset/video/spandex/VisTouch_spandex_f9_r1_v1_wine11.avi
VisTouch_spandex_f9_r1_v1_wine12,spandex_f9_r1_v1,spandex,anlun,氨纶,5,9,1,1,sliding,wine12,test,1607157283.356,1607157291.856,8.500,dataset/audio/spandex/VisTouch_spandex_f9_r1_v1_wine12.wav,dataset/tactile/spandex/VisTouch_spandex_f9_r1_v1_wine12.csv,dataset/video/spandex/VisTouch_spandex_f9_r1_v1_wine12.avi
VisTouch_spandex_f9_r1_v1_wine13,spandex_f9_r1_v1,spandex,anlun,氨纶,5,9,1,1,sliding,wine13,test,1607157288.340,1607157296.840,8.500,dataset/audio/spandex/VisTouch_spandex_f9_r1_v1_wine13.wav,dataset/tactile/spandex/VisTouch_spandex_f9_r1_v1_wine13.csv,dataset/video/spandex/VisTouch_spandex_f9_r1_v1_wine13.avi
VisTouch_stone_f3_r1_v1_winsb01,stone_f3_r1_v1,stone,shitou,石头,6,3,1,1,sliding,winsb01,train,1607153172.728,1607153179.728,7.000,dataset/audio/stone/VisTouch_stone_f3_r1_v1_winsb01.wav,dataset/tactile/stone/VisTouch_stone_f3_r1_v1_winsb01.csv,dataset/video/stone/VisTouch_stone_f3_r1_v1_winsb01.avi
VisTouch_stone_f3_r1_v1_winsb02,stone_f3_r1_v1,stone,shitou,石头,6,3,1,1,sliding,winsb02,train,1607153176.302,1607153183.302,7.000,dataset/audio/stone/VisTouch_stone_f3_r1_v1_winsb02.wav,dataset/tactile/stone/VisTouch_stone_f3_r1_v1_winsb02.csv,dataset/video/stone/VisTouch_stone_f3_r1_v1_winsb02.avi
VisTouch_stone_f3_r1_v1_winsb03,stone_f3_r1_v1,stone,shitou,石头,6,3,1,1,sliding,winsb03,train,1607153179.533,1607153186.533,7.000,dataset/audio/stone/VisTouch_stone_f3_r1_v1_winsb03.wav,dataset/tactile/stone/VisTouch_stone_f3_r1_v1_winsb03.csv,dataset/video/stone/VisTouch_stone_f3_r1_v1_winsb03.avi
VisTouch_stone_f3_r1_v1_winsb04,stone_f3_r1_v1,stone,shitou,石头,6,3,1,1,sliding,winsb04,train,1607153183.204,1607153190.204,7.000,dataset/audio/stone/VisTouch_stone_f3_r1_v1_winsb04.wav,dataset/tactile/stone/VisTouch_stone_f3_r1_v1_winsb04.csv,dataset/video/stone/VisTouch_stone_f3_r1_v1_winsb04.avi
VisTouch_stone_f3_r1_v1_winsb05,stone_f3_r1_v1,stone,shitou,石头,6,3,1,1,sliding,winsb05,train,1607153186.273,1607153193.273,7.000,dataset/audio/stone/VisTouch_stone_f3_r1_v1_winsb05.wav,dataset/tactile/stone/VisTouch_stone_f3_r1_v1_winsb05.csv,dataset/video/stone/VisTouch_stone_f3_r1_v1_winsb05.avi
VisTouch_stone_f3_r1_v1_winsb06,stone_f3_r1_v1,stone,shitou,石头,6,3,1,1,sliding,winsb06,train,1607153190.575,1607153197.575,7.000,dataset/audio/stone/VisTouch_stone_f3_r1_v1_winsb06.wav,dataset/tactile/stone/VisTouch_stone_f3_r1_v1_winsb06.csv,dataset/video/stone/VisTouch_stone_f3_r1_v1_winsb06.avi
VisTouch_stone_f3_r1_v1_winsb07,stone_f3_r1_v1,stone,shitou,石头,6,3,1,1,sliding,winsb07,train,1607153194.178,1607153201.178,7.000,dataset/audio/stone/VisTouch_stone_f3_r1_v1_winsb07.wav,dataset/tactile/stone/VisTouch_stone_f3_r1_v1_winsb07.csv,dataset/video/stone/VisTouch_stone_f3_r1_v1_winsb07.avi
VisTouch_stone_f3_r1_v1_winsb08,stone_f3_r1_v1,stone,shitou,石头,6,3,1,1,sliding,winsb08,train,1607153197.515,1607153204.515,7.000,dataset/audio/stone/VisTouch_stone_f3_r1_v1_winsb08.wav,dataset/tactile/stone/VisTouch_stone_f3_r1_v1_winsb08.csv,dataset/video/stone/VisTouch_stone_f3_r1_v1_winsb08.avi
VisTouch_stone_f3_r1_v1_winsb10,stone_f3_r1_v1,stone,shitou,石头,6,3,1,1,sliding,winsb10,train,1607153204.611,1607153211.611,7.000,dataset/audio/stone/VisTouch_stone_f3_r1_v1_winsb10.wav,dataset/tactile/stone/VisTouch_stone_f3_r1_v1_winsb10.csv,dataset/video/stone/VisTouch_stone_f3_r1_v1_winsb10.avi
VisTouch_stone_f3_r1_v1_winsb11,stone_f3_r1_v1,stone,shitou,石头,6,3,1,1,sliding,winsb11,train,1607153207.229,1607153214.229,7.000,dataset/audio/stone/VisTouch_stone_f3_r1_v1_winsb11.wav,dataset/tactile/stone/VisTouch_stone_f3_r1_v1_winsb11.csv,dataset/video/stone/VisTouch_stone_f3_r1_v1_winsb11.avi
VisTouch_stone_f3_r1_v1_winsb12,stone_f3_r1_v1,stone,shitou,石头,6,3,1,1,sliding,winsb12,train,1607153211.424,1607153218.424,7.000,dataset/audio/stone/VisTouch_stone_f3_r1_v1_winsb12.wav,dataset/tactile/stone/VisTouch_stone_f3_r1_v1_winsb12.csv,dataset/video/stone/VisTouch_stone_f3_r1_v1_winsb12.avi
VisTouch_stone_f3_r1_v1_winsb13,stone_f3_r1_v1,stone,shitou,石头,6,3,1,1,sliding,winsb13,train,1607153215.031,1607153222.031,7.000,dataset/audio/stone/VisTouch_stone_f3_r1_v1_winsb13.wav,dataset/tactile/stone/VisTouch_stone_f3_r1_v1_winsb13.csv,dataset/video/stone/VisTouch_stone_f3_r1_v1_winsb13.avi
VisTouch_stone_f3_r1_v1_winsb14,stone_f3_r1_v1,stone,shitou,石头,6,3,1,1,sliding,winsb14,train,1607153218.068,1607153225.068,7.000,dataset/audio/stone/VisTouch_stone_f3_r1_v1_winsb14.wav,dataset/tactile/stone/VisTouch_stone_f3_r1_v1_winsb14.csv,dataset/video/stone/VisTouch_stone_f3_r1_v1_winsb14.avi
VisTouch_stone_f3_r1_v1_winsb15,stone_f3_r1_v1,stone,shitou,石头,6,3,1,1,sliding,winsb15,train,1607153222.124,1607153229.124,7.000,dataset/audio/stone/VisTouch_stone_f3_r1_v1_winsb15.wav,dataset/tactile/stone/VisTouch_stone_f3_r1_v1_winsb15.csv,dataset/video/stone/VisTouch_stone_f3_r1_v1_winsb15.avi
VisTouch_stone_f3_r1_v1_winsb16,stone_f3_r1_v1,stone,shitou,石头,6,3,1,1,sliding,winsb16,train,1607153224.725,1607153231.725,7.000,dataset/audio/stone/VisTouch_stone_f3_r1_v1_winsb16.wav,dataset/tactile/stone/VisTouch_stone_f3_r1_v1_winsb16.csv,dataset/video/stone/VisTouch_stone_f3_r1_v1_winsb16.avi
VisTouch_stone_f3_r1_v1_winmb01,stone_f3_r1_v1,stone,shitou,石头,6,3,1,1,sliding,winmb01,train,1607153173.779,1607153184.079,10.300,dataset/audio/stone/VisTouch_stone_f3_r1_v1_winmb01.wav,dataset/tactile/stone/VisTouch_stone_f3_r1_v1_winmb01.csv,dataset/video/stone/VisTouch_stone_f3_r1_v1_winmb01.avi
VisTouch_stone_f3_r1_v1_winmb02,stone_f3_r1_v1,stone,shitou,石头,6,3,1,1,sliding,winmb02,train,1607153178.418,1607153188.718,10.300,dataset/audio/stone/VisTouch_stone_f3_r1_v1_winmb02.wav,dataset/tactile/stone/VisTouch_stone_f3_r1_v1_winmb02.csv,dataset/video/stone/VisTouch_stone_f3_r1_v1_winmb02.avi
VisTouch_stone_f3_r1_v1_winmb03,stone_f3_r1_v1,stone,shitou,石头,6,3,1,1,sliding,winmb03,train,1607153184.074,1607153194.374,10.300,dataset/audio/stone/VisTouch_stone_f3_r1_v1_winmb03.wav,dataset/tactile/stone/VisTouch_stone_f3_r1_v1_winmb03.csv,dataset/video/stone/VisTouch_stone_f3_r1_v1_winmb03.avi
VisTouch_stone_f3_r1_v1_winmb05,stone_f3_r1_v1,stone,shitou,石头,6,3,1,1,sliding,winmb05,train,1607153193.727,1607153204.027,10.300,dataset/audio/stone/VisTouch_stone_f3_r1_v1_winmb05.wav,dataset/tactile/stone/VisTouch_stone_f3_r1_v1_winmb05.csv,dataset/video/stone/VisTouch_stone_f3_r1_v1_winmb05.avi
VisTouch_stone_f3_r1_v1_winmb06,stone_f3_r1_v1,stone,shitou,石头,6,3,1,1,sliding,winmb06,train,1607153199.520,1607153209.820,10.300,dataset/audio/stone/VisTouch_stone_f3_r1_v1_winmb06.wav,dataset/tactile/stone/VisTouch_stone_f3_r1_v1_winmb06.csv,dataset/video/stone/VisTouch_stone_f3_r1_v1_winmb06.avi
VisTouch_stone_f3_r1_v1_winmb07,stone_f3_r1_v1,stone,shitou,石头,6,3,1,1,sliding,winmb07,train,1607153204.470,1607153214.770,10.300,dataset/audio/stone/VisTouch_stone_f3_r1_v1_winmb07.wav,dataset/tactile/stone/VisTouch_stone_f3_r1_v1_winmb07.csv,dataset/video/stone/VisTouch_stone_f3_r1_v1_winmb07.avi
VisTouch_stone_f3_r1_v1_winmb08,stone_f3_r1_v1,stone,shitou,石头,6,3,1,1,sliding,winmb08,train,1607153209.142,1607153219.442,10.300,dataset/audio/stone/VisTouch_stone_f3_r1_v1_winmb08.wav,dataset/tactile/stone/VisTouch_stone_f3_r1_v1_winmb08.csv,dataset/video/stone/VisTouch_stone_f3_r1_v1_winmb08.avi
VisTouch_stone_f3_r1_v1_winmb09,stone_f3_r1_v1,stone,shitou,石头,6,3,1,1,sliding,winmb09,train,1607153215.372,1607153225.672,10.300,dataset/audio/stone/VisTouch_stone_f3_r1_v1_winmb09.wav,dataset/tactile/stone/VisTouch_stone_f3_r1_v1_winmb09.csv,dataset/video/stone/VisTouch_stone_f3_r1_v1_winmb09.avi
VisTouch_stone_f3_r1_v1_winmb10,stone_f3_r1_v1,stone,shitou,石头,6,3,1,1,sliding,winmb10,train,1607153220.516,1607153230.816,10.300,dataset/audio/stone/VisTouch_stone_f3_r1_v1_winmb10.wav,dataset/tactile/stone/VisTouch_stone_f3_r1_v1_winmb10.csv,dataset/video/stone/VisTouch_stone_f3_r1_v1_winmb10.avi
VisTouch_stone_f3_r1_v1_winlb01,stone_f3_r1_v1,stone,shitou,石头,6,3,1,1,sliding,winlb01,train,1607153174.604,1607153188.604,14.000,dataset/audio/stone/VisTouch_stone_f3_r1_v1_winlb01.wav,dataset/tactile/stone/VisTouch_stone_f3_r1_v1_winlb01.csv,dataset/video/stone/VisTouch_stone_f3_r1_v1_winlb01.avi
VisTouch_stone_f3_r1_v1_winlb02,stone_f3_r1_v1,stone,shitou,石头,6,3,1,1,sliding,winlb02,train,1607153181.933,1607153195.933,14.000,dataset/audio/stone/VisTouch_stone_f3_r1_v1_winlb02.wav,dataset/tactile/stone/VisTouch_stone_f3_r1_v1_winlb02.csv,dataset/video/stone/VisTouch_stone_f3_r1_v1_winlb02.avi
VisTouch_stone_f3_r1_v1_winlb03,stone_f3_r1_v1,stone,shitou,石头,6,3,1,1,sliding,winlb03,train,1607153188.398,1607153202.398,14.000,dataset/audio/stone/VisTouch_stone_f3_r1_v1_winlb03.wav,dataset/tactile/stone/VisTouch_stone_f3_r1_v1_winlb03.csv,dataset/video/stone/VisTouch_stone_f3_r1_v1_winlb03.avi
VisTouch_stone_f3_r1_v1_winlb04,stone_f3_r1_v1,stone,shitou,石头,6,3,1,1,sliding,winlb04,train,1607153196.133,1607153210.133,14.000,dataset/audio/stone/VisTouch_stone_f3_r1_v1_winlb04.wav,dataset/tactile/stone/VisTouch_stone_f3_r1_v1_winlb04.csv,dataset/video/stone/VisTouch_stone_f3_r1_v1_winlb04.avi
VisTouch_stone_f3_r1_v1_winlb05,stone_f3_r1_v1,stone,shitou,石头,6,3,1,1,sliding,winlb05,train,1607153203.201,1607153217.201,14.000,dataset/audio/stone/VisTouch_stone_f3_r1_v1_winlb05.wav,dataset/tactile/stone/VisTouch_stone_f3_r1_v1_winlb05.csv,dataset/video/stone/VisTouch_stone_f3_r1_v1_winlb05.avi
VisTouch_stone_f3_r1_v1_winlb07,stone_f3_r1_v1,stone,shitou,石头,6,3,1,1,sliding,winlb07,train,1607153215.961,1607153229.961,14.000,dataset/audio/stone/VisTouch_stone_f3_r1_v1_winlb07.wav,dataset/tactile/stone/VisTouch_stone_f3_r1_v1_winlb07.csv,dataset/video/stone/VisTouch_stone_f3_r1_v1_winlb07.avi
VisTouch_stone_f3_r1_v1_wine01,stone_f3_r1_v1,stone,shitou,石头,6,3,1,1,sliding,wine01,train,1607153171.000,1607153179.500,8.500,dataset/audio/stone/VisTouch_stone_f3_r1_v1_wine01.wav,dataset/tactile/stone/VisTouch_stone_f3_r1_v1_wine01.csv,dataset/video/stone/VisTouch_stone_f3_r1_v1_wine01.avi
VisTouch_stone_f3_r1_v1_wine02,stone_f3_r1_v1,stone,shitou,石头,6,3,1,1,sliding,wine02,train,1607153175.452,1607153183.952,8.500,dataset/audio/stone/VisTouch_stone_f3_r1_v1_wine02.wav,dataset/tactile/stone/VisTouch_stone_f3_r1_v1_wine02.csv,dataset/video/stone/VisTouch_stone_f3_r1_v1_wine02.avi
VisTouch_stone_f3_r1_v1_wine03,stone_f3_r1_v1,stone,shitou,石头,6,3,1,1,sliding,wine03,train,1607153179.387,1607153187.887,8.500,dataset/audio/stone/VisTouch_stone_f3_r1_v1_wine03.wav,dataset/tactile/stone/VisTouch_stone_f3_r1_v1_wine03.csv,dataset/video/stone/VisTouch_stone_f3_r1_v1_wine03.avi
VisTouch_stone_f3_r1_v1_wine04,stone_f3_r1_v1,stone,shitou,石头,6,3,1,1,sliding,wine04,train,1607153184.253,1607153192.753,8.500,dataset/audio/stone/VisTouch_stone_f3_r1_v1_wine04.wav,dataset/tactile/stone/VisTouch_stone_f3_r1_v1_wine04.csv,dataset/video/stone/VisTouch_stone_f3_r1_v1_wine04.avi
VisTouch_stone_f3_r1_v1_wine05,stone_f3_r1_v1,stone,shitou,石头,6,3,1,1,sliding,wine05,train,1607153188.459,1607153196.959,8.500,dataset/audio/stone/VisTouch_stone_f3_r1_v1_wine05.wav,dataset/tactile/stone/VisTouch_stone_f3_r1_v1_wine05.csv,dataset/video/stone/VisTouch_stone_f3_r1_v1_wine05.avi
VisTouch_stone_f3_r1_v1_wine06,stone_f3_r1_v1,stone,shitou,石头,6,3,1,1,sliding,wine06,train,1607153192.293,1607153200.793,8.500,dataset/audio/stone/VisTouch_stone_f3_r1_v1_wine06.wav,dataset/tactile/stone/VisTouch_stone_f3_r1_v1_wine06.csv,dataset/video/stone/VisTouch_stone_f3_r1_v1_wine06.avi
VisTouch_stone_f3_r1_v1_wine07,stone_f3_r1_v1,stone,shitou,石头,6,3,1,1,sliding,wine07,train,1607153196.344,1607153204.844,8.500,dataset/audio/stone/VisTouch_stone_f3_r1_v1_wine07.wav,dataset/tactile/stone/VisTouch_stone_f3_r1_v1_wine07.csv,dataset/video/stone/VisTouch_stone_f3_r1_v1_wine07.avi
VisTouch_stone_f3_r1_v1_wine08,stone_f3_r1_v1,stone,shitou,石头,6,3,1,1,sliding,wine08,train,1607153201.022,1607153209.522,8.500,dataset/audio/stone/VisTouch_stone_f3_r1_v1_wine08.wav,dataset/tactile/stone/VisTouch_stone_f3_r1_v1_wine08.csv,dataset/video/stone/VisTouch_stone_f3_r1_v1_wine08.avi
VisTouch_stone_f3_r1_v1_wine09,stone_f3_r1_v1,stone,shitou,石头,6,3,1,1,sliding,wine09,train,1607153205.267,1607153213.767,8.500,dataset/audio/stone/VisTouch_stone_f3_r1_v1_wine09.wav,dataset/tactile/stone/VisTouch_stone_f3_r1_v1_wine09.csv,dataset/video/stone/VisTouch_stone_f3_r1_v1_wine09.avi
VisTouch_stone_f3_r1_v1_wine10,stone_f3_r1_v1,stone,shitou,石头,6,3,1,1,sliding,wine10,train,1607153209.482,1607153217.982,8.500,dataset/audio/stone/VisTouch_stone_f3_r1_v1_wine10.wav,dataset/tactile/stone/VisTouch_stone_f3_r1_v1_wine10.csv,dataset/video/stone/VisTouch_stone_f3_r1_v1_wine10.avi
VisTouch_stone_f3_r1_v1_wine11,stone_f3_r1_v1,stone,shitou,石头,6,3,1,1,sliding,wine11,train,1607153213.937,1607153222.437,8.500,dataset/audio/stone/VisTouch_stone_f3_r1_v1_wine11.wav,dataset/tactile/stone/VisTouch_stone_f3_r1_v1_wine11.csv,dataset/video/stone/VisTouch_stone_f3_r1_v1_wine11.avi
VisTouch_stone_f3_r1_v1_wine12,stone_f3_r1_v1,stone,shitou,石头,6,3,1,1,sliding,wine12,train,1607153217.849,1607153226.349,8.500,dataset/audio/stone/VisTouch_stone_f3_r1_v1_wine12.wav,dataset/tactile/stone/VisTouch_stone_f3_r1_v1_wine12.csv,dataset/video/stone/VisTouch_stone_f3_r1_v1_wine12.avi
VisTouch_stone_f6_r1_v1_winsb01,stone_f6_r1_v1,stone,shitou,石头,6,6,1,1,sliding,winsb01,train,1607153372.508,1607153379.508,7.000,dataset/audio/stone/VisTouch_stone_f6_r1_v1_winsb01.wav,dataset/tactile/stone/VisTouch_stone_f6_r1_v1_winsb01.csv,dataset/video/stone/VisTouch_stone_f6_r1_v1_winsb01.avi
VisTouch_stone_f6_r1_v1_winsb02,stone_f6_r1_v1,stone,shitou,石头,6,6,1,1,sliding,winsb02,train,1607153376.398,1607153383.398,7.000,dataset/audio/stone/VisTouch_stone_f6_r1_v1_winsb02.wav,dataset/tactile/stone/VisTouch_stone_f6_r1_v1_winsb02.csv,dataset/video/stone/VisTouch_stone_f6_r1_v1_winsb02.avi
VisTouch_stone_f6_r1_v1_winsb03,stone_f6_r1_v1,stone,shitou,石头,6,6,1,1,sliding,winsb03,train,1607153379.350,1607153386.350,7.000,dataset/audio/stone/VisTouch_stone_f6_r1_v1_winsb03.wav,dataset/tactile/stone/VisTouch_stone_f6_r1_v1_winsb03.csv,dataset/video/stone/VisTouch_stone_f6_r1_v1_winsb03.avi
VisTouch_stone_f6_r1_v1_winsb04,stone_f6_r1_v1,stone,shitou,石头,6,6,1,1,sliding,winsb04,train,1607153383.349,1607153390.349,7.000,dataset/audio/stone/VisTouch_stone_f6_r1_v1_winsb04.wav,dataset/tactile/stone/VisTouch_stone_f6_r1_v1_winsb04.csv,dataset/video/stone/VisTouch_stone_f6_r1_v1_winsb04.avi
VisTouch_stone_f6_r1_v1_winsb05,stone_f6_r1_v1,stone,shitou,石头,6,6,1,1,sliding,winsb05,train,1607153386.495,1607153393.495,7.000,dataset/audio/stone/VisTouch_stone_f6_r1_v1_winsb05.wav,dataset/tactile/stone/VisTouch_stone_f6_r1_v1_winsb05.csv,dataset/video/stone/VisTouch_stone_f6_r1_v1_winsb05.avi
VisTouch_stone_f6_r1_v1_winsb06,stone_f6_r1_v1,stone,shitou,石头,6,6,1,1,sliding,winsb06,train,1607153389.555,1607153396.555,7.000,dataset/audio/stone/VisTouch_stone_f6_r1_v1_winsb06.wav,dataset/tactile/stone/VisTouch_stone_f6_r1_v1_winsb06.csv,dataset/video/stone/VisTouch_stone_f6_r1_v1_winsb06.avi
VisTouch_stone_f6_r1_v1_winsb07,stone_f6_r1_v1,stone,shitou,石头,6,6,1,1,sliding,winsb07,train,1607153393.436,1607153400.436,7.000,dataset/audio/stone/VisTouch_stone_f6_r1_v1_winsb07.wav,dataset/tactile/stone/VisTouch_stone_f6_r1_v1_winsb07.csv,dataset/video/stone/VisTouch_stone_f6_r1_v1_winsb07.avi
VisTouch_stone_f6_r1_v1_winsb10,stone_f6_r1_v1,stone,shitou,石头,6,6,1,1,sliding,winsb10,train,1607153404.361,1607153411.361,7.000,dataset/audio/stone/VisTouch_stone_f6_r1_v1_winsb10.wav,dataset/tactile/stone/VisTouch_stone_f6_r1_v1_winsb10.csv,dataset/video/stone/VisTouch_stone_f6_r1_v1_winsb10.avi
VisTouch_stone_f6_r1_v1_winsb11,stone_f6_r1_v1,stone,shitou,石头,6,6,1,1,sliding,winsb11,train,1607153407.153,1607153414.153,7.000,dataset/audio/stone/VisTouch_stone_f6_r1_v1_winsb11.wav,dataset/tactile/stone/VisTouch_stone_f6_r1_v1_winsb11.csv,dataset/video/stone/VisTouch_stone_f6_r1_v1_winsb11.avi
VisTouch_stone_f6_r1_v1_winsb12,stone_f6_r1_v1,stone,shitou,石头,6,6,1,1,sliding,winsb12,train,1607153410.964,1607153417.964,7.000,dataset/audio/stone/VisTouch_stone_f6_r1_v1_winsb12.wav,dataset/tactile/stone/VisTouch_stone_f6_r1_v1_winsb12.csv,dataset/video/stone/VisTouch_stone_f6_r1_v1_winsb12.avi
VisTouch_stone_f6_r1_v1_winsb13,stone_f6_r1_v1,stone,shitou,石头,6,6,1,1,sliding,winsb13,train,1607153414.577,1607153421.577,7.000,dataset/audio/stone/VisTouch_stone_f6_r1_v1_winsb13.wav,dataset/tactile/stone/VisTouch_stone_f6_r1_v1_winsb13.csv,dataset/video/stone/VisTouch_stone_f6_r1_v1_winsb13.avi
VisTouch_stone_f6_r1_v1_winsb14,stone_f6_r1_v1,stone,shitou,石头,6,6,1,1,sliding,winsb14,train,1607153418.273,1607153425.273,7.000,dataset/audio/stone/VisTouch_stone_f6_r1_v1_winsb14.wav,dataset/tactile/stone/VisTouch_stone_f6_r1_v1_winsb14.csv,dataset/video/stone/VisTouch_stone_f6_r1_v1_winsb14.avi
VisTouch_stone_f6_r1_v1_winsb15,stone_f6_r1_v1,stone,shitou,石头,6,6,1,1,sliding,winsb15,train,1607153421.953,1607153428.953,7.000,dataset/audio/stone/VisTouch_stone_f6_r1_v1_winsb15.wav,dataset/tactile/stone/VisTouch_stone_f6_r1_v1_winsb15.csv,dataset/video/stone/VisTouch_stone_f6_r1_v1_winsb15.avi
VisTouch_stone_f6_r1_v1_winsb16,stone_f6_r1_v1,stone,shitou,石头,6,6,1,1,sliding,winsb16,train,1607153425.043,1607153432.043,7.000,dataset/audio/stone/VisTouch_stone_f6_r1_v1_winsb16.wav,dataset/tactile/stone/VisTouch_stone_f6_r1_v1_winsb16.csv,dataset/video/stone/VisTouch_stone_f6_r1_v1_winsb16.avi
VisTouch_stone_f6_r1_v1_winmb01,stone_f6_r1_v1,stone,shitou,石头,6,6,1,1,sliding,winmb01,train,1607153373.966,1607153384.266,10.300,dataset/audio/stone/VisTouch_stone_f6_r1_v1_winmb01.wav,dataset/tactile/stone/VisTouch_stone_f6_r1_v1_winmb01.csv,dataset/video/stone/VisTouch_stone_f6_r1_v1_winmb01.avi
VisTouch_stone_f6_r1_v1_winmb03,stone_f6_r1_v1,stone,shitou,石头,6,6,1,1,sliding,winmb03,train,1607153384.023,1607153394.323,10.300,dataset/audio/stone/VisTouch_stone_f6_r1_v1_winmb03.wav,dataset/tactile/stone/VisTouch_stone_f6_r1_v1_winmb03.csv,dataset/video/stone/VisTouch_stone_f6_r1_v1_winmb03.avi
VisTouch_stone_f6_r1_v1_winmb04,stone_f6_r1_v1,stone,shitou,石头,6,6,1,1,sliding,winmb04,train,1607153389.172,1607153399.472,10.300,dataset/audio/stone/VisTouch_stone_f6_r1_v1_winmb04.wav,dataset/tactile/stone/VisTouch_stone_f6_r1_v1_winmb04.csv,dataset/video/stone/VisTouch_stone_f6_r1_v1_winmb04.avi
VisTouch_stone_f6_r1_v1_winmb05,stone_f6_r1_v1,stone,shitou,石头,6,6,1,1,sliding,winmb05,train,1607153393.994,1607153404.294,10.300,dataset/audio/stone/VisTouch_stone_f6_r1_v1_winmb05.wav,dataset/tactile/stone/VisTouch_stone_f6_r1_v1_winmb05.csv,dataset/video/stone/VisTouch_stone_f6_r1_v1_winmb05.avi
VisTouch_stone_f6_r1_v1_winmb06,stone_f6_r1_v1,stone,shitou,石头,6,6,1,1,sliding,winmb06,train,1607153398.561,1607153408.861,10.300,dataset/audio/stone/VisTouch_stone_f6_r1_v1_winmb06.wav,dataset/tactile/stone/VisTouch_stone_f6_r1_v1_winmb06.csv,dataset/video/stone/VisTouch_stone_f6_r1_v1_winmb06.avi
VisTouch_stone_f6_r1_v1_winmb07,stone_f6_r1_v1,stone,shitou,石头,6,6,1,1,sliding,winmb07,train,1607153404.039,1607153414.339,10.300,dataset/audio/stone/VisTouch_stone_f6_r1_v1_winmb07.wav,dataset/tactile/stone/VisTouch_stone_f6_r1_v1_winmb07.csv,dataset/video/stone/VisTouch_stone_f6_r1_v1_winmb07.avi
VisTouch_stone_f6_r1_v1_winmb08,stone_f6_r1_v1,stone,shitou,石头,6,6,1,1,sliding,winmb08,train,1607153409.042,1607153419.342,10.300,dataset/audio/stone/VisTouch_stone_f6_r1_v1_winmb08.wav,dataset/tactile/stone/VisTouch_stone_f6_r1_v1_winmb08.csv,dataset/video/stone/VisTouch_stone_f6_r1_v1_winmb08.avi
VisTouch_stone_f6_r1_v1_winmb09,stone_f6_r1_v1,stone,shitou,石头,6,6,1,1,sliding,winmb09,train,1607153415.236,1607153425.536,10.300,dataset/audio/stone/VisTouch_stone_f6_r1_v1_winmb09.wav,dataset/tactile/stone/VisTouch_stone_f6_r1_v1_winmb09.csv,dataset/video/stone/VisTouch_stone_f6_r1_v1_winmb09.avi
VisTouch_stone_f6_r1_v1_winmb10,stone_f6_r1_v1,stone,shitou,石头,6,6,1,1,sliding,winmb10,train,1607153419.888,1607153430.188,10.300,dataset/audio/stone/VisTouch_stone_f6_r1_v1_winmb10.wav,dataset/tactile/stone/VisTouch_stone_f6_r1_v1_winmb10.csv,dataset/video/stone/VisTouch_stone_f6_r1_v1_winmb10.avi
VisTouch_stone_f6_r1_v1_winlb01,stone_f6_r1_v1,stone,shitou,石头,6,6,1,1,sliding,winlb01,train,1607153375.099,1607153389.099,14.000,dataset/audio/stone/VisTouch_stone_f6_r1_v1_winlb01.wav,dataset/tactile/stone/VisTouch_stone_f6_r1_v1_winlb01.csv,dataset/video/stone/VisTouch_stone_f6_r1_v1_winlb01.avi
VisTouch_stone_f6_r1_v1_winlb02,stone_f6_r1_v1,stone,shitou,石头,6,6,1,1,sliding,winlb02,train,1607153380.812,1607153394.812,14.000,dataset/audio/stone/VisTouch_stone_f6_r1_v1_winlb02.wav,dataset/tactile/stone/VisTouch_stone_f6_r1_v1_winlb02.csv,dataset/video/stone/VisTouch_stone_f6_r1_v1_winlb02.avi
VisTouch_stone_f6_r1_v1_winlb03,stone_f6_r1_v1,stone,shitou,石头,6,6,1,1,sliding,winlb03,train,1607153388.091,1607153402.091,14.000,dataset/audio/stone/VisTouch_stone_f6_r1_v1_winlb03.wav,dataset/tactile/stone/VisTouch_stone_f6_r1_v1_winlb03.csv,dataset/video/stone/VisTouch_stone_f6_r1_v1_winlb03.avi
VisTouch_stone_f6_r1_v1_winlb04,stone_f6_r1_v1,stone,shitou,石头,6,6,1,1,sliding,winlb04,train,1607153395.381,1607153409.381,14.000,dataset/audio/stone/VisTouch_stone_f6_r1_v1_winlb04.wav,dataset/tactile/stone/VisTouch_stone_f6_r1_v1_winlb04.csv,dataset/video/stone/VisTouch_stone_f6_r1_v1_winlb04.avi
VisTouch_stone_f6_r1_v1_winlb05,stone_f6_r1_v1,stone,shitou,石头,6,6,1,1,sliding,winlb05,train,1607153401.935,1607153415.935,14.000,dataset/audio/stone/VisTouch_stone_f6_r1_v1_winlb05.wav,dataset/tactile/stone/VisTouch_stone_f6_r1_v1_winlb05.csv,dataset/video/stone/VisTouch_stone_f6_r1_v1_winlb05.avi
VisTouch_stone_f6_r1_v1_winlb06,stone_f6_r1_v1,stone,shitou,石头,6,6,1,1,sliding,winlb06,train,1607153409.149,1607153423.149,14.000,dataset/audio/stone/VisTouch_stone_f6_r1_v1_winlb06.wav,dataset/tactile/stone/VisTouch_stone_f6_r1_v1_winlb06.csv,dataset/video/stone/VisTouch_stone_f6_r1_v1_winlb06.avi
VisTouch_stone_f6_r1_v1_winlb07,stone_f6_r1_v1,stone,shitou,石头,6,6,1,1,sliding,winlb07,train,1607153416.449,1607153430.449,14.000,dataset/audio/stone/VisTouch_stone_f6_r1_v1_winlb07.wav,dataset/tactile/stone/VisTouch_stone_f6_r1_v1_winlb07.csv,dataset/video/stone/VisTouch_stone_f6_r1_v1_winlb07.avi
VisTouch_stone_f6_r1_v1_wine02,stone_f6_r1_v1,stone,shitou,石头,6,6,1,1,sliding,wine02,train,1607153374.786,1607153383.286,8.500,dataset/audio/stone/VisTouch_stone_f6_r1_v1_wine02.wav,dataset/tactile/stone/VisTouch_stone_f6_r1_v1_wine02.csv,dataset/video/stone/VisTouch_stone_f6_r1_v1_wine02.avi
VisTouch_stone_f6_r1_v1_wine03,stone_f6_r1_v1,stone,shitou,石头,6,6,1,1,sliding,wine03,train,1607153378.603,1607153387.103,8.500,dataset/audio/stone/VisTouch_stone_f6_r1_v1_wine03.wav,dataset/tactile/stone/VisTouch_stone_f6_r1_v1_wine03.csv,dataset/video/stone/VisTouch_stone_f6_r1_v1_wine03.avi
VisTouch_stone_f6_r1_v1_wine04,stone_f6_r1_v1,stone,shitou,石头,6,6,1,1,sliding,wine04,train,1607153383.468,1607153391.968,8.500,dataset/audio/stone/VisTouch_stone_f6_r1_v1_wine04.wav,dataset/tactile/stone/VisTouch_stone_f6_r1_v1_wine04.csv,dataset/video/stone/VisTouch_stone_f6_r1_v1_wine04.avi
VisTouch_stone_f6_r1_v1_wine05,stone_f6_r1_v1,stone,shitou,石头,6,6,1,1,sliding,wine05,train,1607153387.878,1607153396.378,8.500,dataset/audio/stone/VisTouch_stone_f6_r1_v1_wine05.wav,dataset/tactile/stone/VisTouch_stone_f6_r1_v1_wine05.csv,dataset/video/stone/VisTouch_stone_f6_r1_v1_wine05.avi
VisTouch_stone_f6_r1_v1_wine06,stone_f6_r1_v1,stone,shitou,石头,6,6,1,1,sliding,wine06,train,1607153391.471,1607153399.971,8.500,dataset/audio/stone/VisTouch_stone_f6_r1_v1_wine06.wav,dataset/tactile/stone/VisTouch_stone_f6_r1_v1_wine06.csv,dataset/video/stone/VisTouch_stone_f6_r1_v1_wine06.avi
VisTouch_stone_f6_r1_v1_wine07,stone_f6_r1_v1,stone,shitou,石头,6,6,1,1,sliding,wine07,train,1607153395.911,1607153404.411,8.500,dataset/audio/stone/VisTouch_stone_f6_r1_v1_wine07.wav,dataset/tactile/stone/VisTouch_stone_f6_r1_v1_wine07.csv,dataset/video/stone/VisTouch_stone_f6_r1_v1_wine07.avi
VisTouch_stone_f6_r1_v1_wine08,stone_f6_r1_v1,stone,shitou,石头,6,6,1,1,sliding,wine08,train,1607153400.878,1607153409.378,8.500,dataset/audio/stone/VisTouch_stone_f6_r1_v1_wine08.wav,dataset/tactile/stone/VisTouch_stone_f6_r1_v1_wine08.csv,dataset/video/stone/VisTouch_stone_f6_r1_v1_wine08.avi
VisTouch_stone_f6_r1_v1_wine09,stone_f6_r1_v1,stone,shitou,石头,6,6,1,1,sliding,wine09,train,1607153405.174,1607153413.674,8.500,dataset/audio/stone/VisTouch_stone_f6_r1_v1_wine09.wav,dataset/tactile/stone/VisTouch_stone_f6_r1_v1_wine09.csv,dataset/video/stone/VisTouch_stone_f6_r1_v1_wine09.avi
VisTouch_stone_f6_r1_v1_wine10,stone_f6_r1_v1,stone,shitou,石头,6,6,1,1,sliding,wine10,train,1607153408.847,1607153417.347,8.500,dataset/audio/stone/VisTouch_stone_f6_r1_v1_wine10.wav,dataset/tactile/stone/VisTouch_stone_f6_r1_v1_wine10.csv,dataset/video/stone/VisTouch_stone_f6_r1_v1_wine10.avi
VisTouch_stone_f9_r1_v1_winsb01,stone_f9_r1_v1,stone,shitou,石头,6,9,1,1,sliding,winsb01,test,1607153543.798,1607153550.798,7.000,dataset/audio/stone/VisTouch_stone_f9_r1_v1_winsb01.wav,dataset/tactile/stone/VisTouch_stone_f9_r1_v1_winsb01.csv,dataset/video/stone/VisTouch_stone_f9_r1_v1_winsb01.avi
VisTouch_stone_f9_r1_v1_winsb02,stone_f9_r1_v1,stone,shitou,石头,6,9,1,1,sliding,winsb02,test,1607153547.187,1607153554.187,7.000,dataset/audio/stone/VisTouch_stone_f9_r1_v1_winsb02.wav,dataset/tactile/stone/VisTouch_stone_f9_r1_v1_winsb02.csv,dataset/video/stone/VisTouch_stone_f9_r1_v1_winsb02.avi
VisTouch_stone_f9_r1_v1_winsb03,stone_f9_r1_v1,stone,shitou,石头,6,9,1,1,sliding,winsb03,test,1607153550.914,1607153557.914,7.000,dataset/audio/stone/VisTouch_stone_f9_r1_v1_winsb03.wav,dataset/tactile/stone/VisTouch_stone_f9_r1_v1_winsb03.csv,dataset/video/stone/VisTouch_stone_f9_r1_v1_winsb03.avi
VisTouch_stone_f9_r1_v1_winsb04,stone_f9_r1_v1,stone,shitou,石头,6,9,1,1,sliding,winsb04,test,1607153553.739,1607153560.739,7.000,dataset/audio/stone/VisTouch_stone_f9_r1_v1_winsb04.wav,dataset/tactile/stone/VisTouch_stone_f9_r1_v1_winsb04.csv,dataset/video/stone/VisTouch_stone_f9_r1_v1_winsb04.avi
VisTouch_stone_f9_r1_v1_winsb05,stone_f9_r1_v1,stone,shitou,石头,6,9,1,1,sliding,winsb05,test,1607153557.396,1607153564.396,7.000,dataset/audio/stone/VisTouch_stone_f9_r1_v1_winsb05.wav,dataset/tactile/stone/VisTouch_stone_f9_r1_v1_winsb05.csv,dataset/video/stone/VisTouch_stone_f9_r1_v1_winsb05.avi
VisTouch_stone_f9_r1_v1_winsb06,stone_f9_r1_v1,stone,shitou,石头,6,9,1,1,sliding,winsb06,test,1607153561.034,1607153568.034,7.000,dataset/audio/stone/VisTouch_stone_f9_r1_v1_winsb06.wav,dataset/tactile/stone/VisTouch_stone_f9_r1_v1_winsb06.csv,dataset/video/stone/VisTouch_stone_f9_r1_v1_winsb06.avi
VisTouch_stone_f9_r1_v1_winsb07,stone_f9_r1_v1,stone,shitou,石头,6,9,1,1,sliding,winsb07,test,1607153564.940,1607153571.940,7.000,dataset/audio/stone/VisTouch_stone_f9_r1_v1_winsb07.wav,dataset/tactile/stone/VisTouch_stone_f9_r1_v1_winsb07.csv,dataset/video/stone/VisTouch_stone_f9_r1_v1_winsb07.avi
VisTouch_stone_f9_r1_v1_winsb08,stone_f9_r1_v1,stone,shitou,石头,6,9,1,1,sliding,winsb08,test,1607153568.467,1607153575.467,7.000,dataset/audio/stone/VisTouch_stone_f9_r1_v1_winsb08.wav,dataset/tactile/stone/VisTouch_stone_f9_r1_v1_winsb08.csv,dataset/video/stone/VisTouch_stone_f9_r1_v1_winsb08.avi
VisTouch_stone_f9_r1_v1_winsb10,stone_f9_r1_v1,stone,shitou,石头,6,9,1,1,sliding,winsb10,test,1607153575.531,1607153582.531,7.000,dataset/audio/stone/VisTouch_stone_f9_r1_v1_winsb10.wav,dataset/tactile/stone/VisTouch_stone_f9_r1_v1_winsb10.csv,dataset/video/stone/VisTouch_stone_f9_r1_v1_winsb10.avi
VisTouch_stone_f9_r1_v1_winsb11,stone_f9_r1_v1,stone,shitou,石头,6,9,1,1,sliding,winsb11,test,1607153578.309,1607153585.309,7.000,dataset/audio/stone/VisTouch_stone_f9_r1_v1_winsb11.wav,dataset/tactile/stone/VisTouch_stone_f9_r1_v1_winsb11.csv,dataset/video/stone/VisTouch_stone_f9_r1_v1_winsb11.avi
VisTouch_stone_f9_r1_v1_winsb12,stone_f9_r1_v1,stone,shitou,石头,6,9,1,1,sliding,winsb12,test,1607153581.836,1607153588.836,7.000,dataset/audio/stone/VisTouch_stone_f9_r1_v1_winsb12.wav,dataset/tactile/stone/VisTouch_stone_f9_r1_v1_winsb12.csv,dataset/video/stone/VisTouch_stone_f9_r1_v1_winsb12.avi
VisTouch_stone_f9_r1_v1_winsb13,stone_f9_r1_v1,stone,shitou,石头,6,9,1,1,sliding,winsb13,test,1607153586.123,1607153593.123,7.000,dataset/audio/stone/VisTouch_stone_f9_r1_v1_winsb13.wav,dataset/tactile/stone/VisTouch_stone_f9_r1_v1_winsb13.csv,dataset/video/stone/VisTouch_stone_f9_r1_v1_winsb13.avi
VisTouch_stone_f9_r1_v1_winsb14,stone_f9_r1_v1,stone,shitou,石头,6,9,1,1,sliding,winsb14,test,1607153589.100,1607153596.100,7.000,dataset/audio/stone/VisTouch_stone_f9_r1_v1_winsb14.wav,dataset/tactile/stone/VisTouch_stone_f9_r1_v1_winsb14.csv,dataset/video/stone/VisTouch_stone_f9_r1_v1_winsb14.avi
VisTouch_stone_f9_r1_v1_winsb16,stone_f9_r1_v1,stone,shitou,石头,6,9,1,1,sliding,winsb16,test,1607153596.254,1607153603.254,7.000,dataset/audio/stone/VisTouch_stone_f9_r1_v1_winsb16.wav,dataset/tactile/stone/VisTouch_stone_f9_r1_v1_winsb16.csv,dataset/video/stone/VisTouch_stone_f9_r1_v1_winsb16.avi
VisTouch_stone_f9_r1_v1_winmb01,stone_f9_r1_v1,stone,shitou,石头,6,9,1,1,sliding,winmb01,test,1607153544.771,1607153555.071,10.300,dataset/audio/stone/VisTouch_stone_f9_r1_v1_winmb01.wav,dataset/tactile/stone/VisTouch_stone_f9_r1_v1_winmb01.csv,dataset/video/stone/VisTouch_stone_f9_r1_v1_winmb01.avi
VisTouch_stone_f9_r1_v1_winmb02,stone_f9_r1_v1,stone,shitou,石头,6,9,1,1,sliding,winmb02,test,1607153549.071,1607153559.371,10.300,dataset/audio/stone/VisTouch_stone_f9_r1_v1_winmb02.wav,dataset/tactile/stone/VisTouch_stone_f9_r1_v1_winmb02.csv,dataset/video/stone/VisTouch_stone_f9_r1_v1_winmb02.avi
VisTouch_stone_f9_r1_v1_winmb03,stone_f9_r1_v1,stone,shitou,石头,6,9,1,1,sliding,winmb03,test,1607153555.292,1607153565.592,10.300,dataset/audio/stone/VisTouch_stone_f9_r1_v1_winmb03.wav,dataset/tactile/stone/VisTouch_stone_f9_r1_v1_winmb03.csv,dataset/video/stone/VisTouch_stone_f9_r1_v1_winmb03.avi
VisTouch_stone_f9_r1_v1_winmb04,stone_f9_r1_v1,stone,shitou,石头,6,9,1,1,sliding,winmb04,test,1607153559.443,1607153569.743,10.300,dataset/audio/stone/VisTouch_stone_f9_r1_v1_winmb04.wav,dataset/tactile/stone/VisTouch_stone_f9_r1_v1_winmb04.csv,dataset/video/stone/VisTouch_stone_f9_r1_v1_winmb04.avi
VisTouch_stone_f9_r1_v1_winmb05,stone_f9_r1_v1,stone,shitou,石头,6,9,1,1,sliding,winmb05,test,1607153565.455,1607153575.755,10.300,dataset/audio/stone/VisTouch_stone_f9_r1_v1_winmb05.wav,dataset/tactile/stone/VisTouch_stone_f9_r1_v1_winmb05.csv,dataset/video/stone/VisTouch_stone_f9_r1_v1_winmb05.avi
VisTouch_stone_f9_r1_v1_winmb06,stone_f9_r1_v1,stone,shitou,石头,6,9,1,1,sliding,winmb06,test,1607153570.174,1607153580.474,10.300,dataset/audio/stone/VisTouch_stone_f9_r1_v1_winmb06.wav,dataset/tactile/stone/VisTouch_stone_f9_r1_v1_winmb06.csv,dataset/video/stone/VisTouch_stone_f9_r1_v1_winmb06.avi
VisTouch_stone_f9_r1_v1_winmb07,stone_f9_r1_v1,stone,shitou,石头,6,9,1,1,sliding,winmb07,test,1607153575.463,1607153585.763,10.300,dataset/audio/stone/VisTouch_stone_f9_r1_v1_winmb07.wav,dataset/tactile/stone/VisTouch_stone_f9_r1_v1_winmb07.csv,dataset/video/stone/VisTouch_stone_f9_r1_v1_winmb07.avi
VisTouch_stone_f9_r1_v1_winmb08,stone_f9_r1_v1,stone,shitou,石头,6,9,1,1,sliding,winmb08,test,1607153580.890,1607153591.190,10.300,dataset/audio/stone/VisTouch_stone_f9_r1_v1_winmb08.wav,dataset/tactile/stone/VisTouch_stone_f9_r1_v1_winmb08.csv,dataset/video/stone/VisTouch_stone_f9_r1_v1_winmb08.avi
VisTouch_stone_f9_r1_v1_winmb09,stone_f9_r1_v1,stone,shitou,石头,6,9,1,1,sliding,winmb09,test,1607153585.576,1607153595.876,10.300,dataset/audio/stone/VisTouch_stone_f9_r1_v1_winmb09.wav,dataset/tactile/stone/VisTouch_stone_f9_r1_v1_winmb09.csv,dataset/video/stone/VisTouch_stone_f9_r1_v1_winmb09.avi
VisTouch_stone_f9_r1_v1_winmb10,stone_f9_r1_v1,stone,shitou,石头,6,9,1,1,sliding,winmb10,test,1607153590.224,1607153600.524,10.300,dataset/audio/stone/VisTouch_stone_f9_r1_v1_winmb10.wav,dataset/tactile/stone/VisTouch_stone_f9_r1_v1_winmb10.csv,dataset/video/stone/VisTouch_stone_f9_r1_v1_winmb10.avi
VisTouch_stone_f9_r1_v1_winlb01,stone_f9_r1_v1,stone,shitou,石头,6,9,1,1,sliding,winlb01,test,1607153546.475,1607153560.475,14.000,dataset/audio/stone/VisTouch_stone_f9_r1_v1_winlb01.wav,dataset/tactile/stone/VisTouch_stone_f9_r1_v1_winlb01.csv,dataset/video/stone/VisTouch_stone_f9_r1_v1_winlb01.avi
VisTouch_stone_f9_r1_v1_winlb02,stone_f9_r1_v1,stone,shitou,石头,6,9,1,1,sliding,winlb02,test,1607153552.548,1607153566.548,14.000,dataset/audio/stone/VisTouch_stone_f9_r1_v1_winlb02.wav,dataset/tactile/stone/VisTouch_stone_f9_r1_v1_winlb02.csv,dataset/video/stone/VisTouch_stone_f9_r1_v1_winlb02.avi
VisTouch_stone_f9_r1_v1_winlb03,stone_f9_r1_v1,stone,shitou,石头,6,9,1,1,sliding,winlb03,test,1607153560.009,1607153574.009,14.000,dataset/audio/stone/VisTouch_stone_f9_r1_v1_winlb03.wav,dataset/tactile/stone/VisTouch_stone_f9_r1_v1_winlb03.csv,dataset/video/stone/VisTouch_stone_f9_r1_v1_winlb03.avi
VisTouch_stone_f9_r1_v1_winlb04,stone_f9_r1_v1,stone,shitou,石头,6,9,1,1,sliding,winlb04,test,1607153566.566,1607153580.566,14.000,dataset/audio/stone/VisTouch_stone_f9_r1_v1_winlb04.wav,dataset/tactile/stone/VisTouch_stone_f9_r1_v1_winlb04.csv,dataset/video/stone/VisTouch_stone_f9_r1_v1_winlb04.avi
VisTouch_stone_f9_r1_v1_winlb05,stone_f9_r1_v1,stone,shitou,石头,6,9,1,1,sliding,winlb05,test,1607153574.171,1607153588.171,14.000,dataset/audio/stone/VisTouch_stone_f9_r1_v1_winlb05.wav,dataset/tactile/stone/VisTouch_stone_f9_r1_v1_winlb05.csv,dataset/video/stone/VisTouch_stone_f9_r1_v1_winlb05.avi
VisTouch_stone_f9_r1_v1_winlb06,stone_f9_r1_v1,stone,shitou,石头,6,9,1,1,sliding,winlb06,test,1607153580.636,1607153594.636,14.000,dataset/audio/stone/VisTouch_stone_f9_r1_v1_winlb06.wav,dataset/tactile/stone/VisTouch_stone_f9_r1_v1_winlb06.csv,dataset/video/stone/VisTouch_stone_f9_r1_v1_winlb06.avi
VisTouch_stone_f9_r1_v1_winlb07,stone_f9_r1_v1,stone,shitou,石头,6,9,1,1,sliding,winlb07,test,1607153586.708,1607153600.708,14.000,dataset/audio/stone/VisTouch_stone_f9_r1_v1_winlb07.wav,dataset/tactile/stone/VisTouch_stone_f9_r1_v1_winlb07.csv,dataset/video/stone/VisTouch_stone_f9_r1_v1_winlb07.avi
VisTouch_stone_f9_r1_v1_wine01,stone_f9_r1_v1,stone,shitou,石头,6,9,1,1,sliding,wine01,test,1607153542.181,1607153550.681,8.500,dataset/audio/stone/VisTouch_stone_f9_r1_v1_wine01.wav,dataset/tactile/stone/VisTouch_stone_f9_r1_v1_wine01.csv,dataset/video/stone/VisTouch_stone_f9_r1_v1_wine01.avi
VisTouch_stone_f9_r1_v1_wine02,stone_f9_r1_v1,stone,shitou,石头,6,9,1,1,sliding,wine02,test,1607153545.833,1607153554.333,8.500,dataset/audio/stone/VisTouch_stone_f9_r1_v1_wine02.wav,dataset/tactile/stone/VisTouch_stone_f9_r1_v1_wine02.csv,dataset/video/stone/VisTouch_stone_f9_r1_v1_wine02.avi
VisTouch_stone_f9_r1_v1_wine03,stone_f9_r1_v1,stone,shitou,石头,6,9,1,1,sliding,wine03,test,1607153550.913,1607153559.413,8.500,dataset/audio/stone/VisTouch_stone_f9_r1_v1_wine03.wav,dataset/tactile/stone/VisTouch_stone_f9_r1_v1_wine03.csv,dataset/video/stone/VisTouch_stone_f9_r1_v1_wine03.avi
VisTouch_stone_f9_r1_v1_wine05,stone_f9_r1_v1,stone,shitou,石头,6,9,1,1,sliding,wine05,test,1607153559.561,1607153568.061,8.500,dataset/audio/stone/VisTouch_stone_f9_r1_v1_wine05.wav,dataset/tactile/stone/VisTouch_stone_f9_r1_v1_wine05.csv,dataset/video/stone/VisTouch_stone_f9_r1_v1_wine05.avi
VisTouch_stone_f9_r1_v1_wine06,stone_f9_r1_v1,stone,shitou,石头,6,9,1,1,sliding,wine06,test,1607153563.415,1607153571.915,8.500,dataset/audio/stone/VisTouch_stone_f9_r1_v1_wine06.wav,dataset/tactile/stone/VisTouch_stone_f9_r1_v1_wine06.csv,dataset/video/stone/VisTouch_stone_f9_r1_v1_wine06.avi
VisTouch_stone_f9_r1_v1_wine07,stone_f9_r1_v1,stone,shitou,石头,6,9,1,1,sliding,wine07,test,1607153567.150,1607153575.650,8.500,dataset/audio/stone/VisTouch_stone_f9_r1_v1_wine07.wav,dataset/tactile/stone/VisTouch_stone_f9_r1_v1_wine07.csv,dataset/video/stone/VisTouch_stone_f9_r1_v1_wine07.avi
VisTouch_stone_f9_r1_v1_wine08,stone_f9_r1_v1,stone,shitou,石头,6,9,1,1,sliding,wine08,test,1607153571.823,1607153580.323,8.500,dataset/audio/stone/VisTouch_stone_f9_r1_v1_wine08.wav,dataset/tactile/stone/VisTouch_stone_f9_r1_v1_wine08.csv,dataset/video/stone/VisTouch_stone_f9_r1_v1_wine08.avi
VisTouch_stone_f9_r1_v1_wine10,stone_f9_r1_v1,stone,shitou,石头,6,9,1,1,sliding,wine10,test,1607153580.520,1607153589.020,8.500,dataset/audio/stone/VisTouch_stone_f9_r1_v1_wine10.wav,dataset/tactile/stone/VisTouch_stone_f9_r1_v1_wine10.csv,dataset/video/stone/VisTouch_stone_f9_r1_v1_wine10.avi
VisTouch_stone_f9_r1_v1_wine11,stone_f9_r1_v1,stone,shitou,石头,6,9,1,1,sliding,wine11,test,1607153584.299,1607153592.799,8.500,dataset/audio/stone/VisTouch_stone_f9_r1_v1_wine11.wav,dataset/tactile/stone/VisTouch_stone_f9_r1_v1_wine11.csv,dataset/video/stone/VisTouch_stone_f9_r1_v1_wine11.avi
VisTouch_stone_f9_r1_v1_wine12,stone_f9_r1_v1,stone,shitou,石头,6,9,1,1,sliding,wine12,test,1607153588.948,1607153597.448,8.500,dataset/audio/stone/VisTouch_stone_f9_r1_v1_wine12.wav,dataset/tactile/stone/VisTouch_stone_f9_r1_v1_wine12.csv,dataset/video/stone/VisTouch_stone_f9_r1_v1_wine12.avi
VisTouch_stone_f9_r1_v1_wine13,stone_f9_r1_v1,stone,shitou,石头,6,9,1,1,sliding,wine13,test,1607153593.555,1607153602.055,8.500,dataset/audio/stone/VisTouch_stone_f9_r1_v1_wine13.wav,dataset/tactile/stone/VisTouch_stone_f9_r1_v1_wine13.csv,dataset/video/stone/VisTouch_stone_f9_r1_v1_wine13.avi
VisTouch_wood_f3_r1_v1_winsb01,wood_f3_r1_v1,wood,muban,木板,7,3,1,1,sliding,winsb01,train,1607154806.944,1607154813.944,7.000,dataset/audio/wood/VisTouch_wood_f3_r1_v1_winsb01.wav,dataset/tactile/wood/VisTouch_wood_f3_r1_v1_winsb01.csv,dataset/video/wood/VisTouch_wood_f3_r1_v1_winsb01.avi
VisTouch_wood_f3_r1_v1_winsb03,wood_f3_r1_v1,wood,muban,木板,7,3,1,1,sliding,winsb03,train,1607154814.181,1607154821.181,7.000,dataset/audio/wood/VisTouch_wood_f3_r1_v1_winsb03.wav,dataset/tactile/wood/VisTouch_wood_f3_r1_v1_winsb03.csv,dataset/video/wood/VisTouch_wood_f3_r1_v1_winsb03.avi
VisTouch_wood_f3_r1_v1_winsb04,wood_f3_r1_v1,wood,muban,木板,7,3,1,1,sliding,winsb04,train,1607154817.594,1607154824.594,7.000,dataset/audio/wood/VisTouch_wood_f3_r1_v1_winsb04.wav,dataset/tactile/wood/VisTouch_wood_f3_r1_v1_winsb04.csv,dataset/video/wood/VisTouch_wood_f3_r1_v1_winsb04.avi
VisTouch_wood_f3_r1_v1_winsb05,wood_f3_r1_v1,wood,muban,木板,7,3,1,1,sliding,winsb05,train,1607154821.123,1607154828.123,7.000,dataset/audio/wood/VisTouch_wood_f3_r1_v1_winsb05.wav,dataset/tactile/wood/VisTouch_wood_f3_r1_v1_winsb05.csv,dataset/video/wood/VisTouch_wood_f3_r1_v1_winsb05.avi
VisTouch_wood_f3_r1_v1_winsb07,wood_f3_r1_v1,wood,muban,木板,7,3,1,1,sliding,winsb07,train,1607154827.530,1607154834.530,7.000,dataset/audio/wood/VisTouch_wood_f3_r1_v1_winsb07.wav,dataset/tactile/wood/VisTouch_wood_f3_r1_v1_winsb07.csv,dataset/video/wood/VisTouch_wood_f3_r1_v1_winsb07.avi
VisTouch_wood_f3_r1_v1_winsb08,wood_f3_r1_v1,wood,muban,木板,7,3,1,1,sliding,winsb08,train,1607154831.555,1607154838.555,7.000,dataset/audio/wood/VisTouch_wood_f3_r1_v1_winsb08.wav,dataset/tactile/wood/VisTouch_wood_f3_r1_v1_winsb08.csv,dataset/video/wood/VisTouch_wood_f3_r1_v1_winsb08.avi
VisTouch_wood_f3_r1_v1_winsb10,wood_f3_r1_v1,wood,muban,木板,7,3,1,1,sliding,winsb10,train,1607154837.802,1607154844.802,7.000,dataset/audio/wood/VisTouch_wood_f3_r1_v1_winsb10.wav,dataset/tactile/wood/VisTouch_wood_f3_r1_v1_winsb10.csv,dataset/video/wood/VisTouch_wood_f3_r1_v1_winsb10.avi
VisTouch_wood_f3_r1_v1_winsb11,wood_f3_r1_v1,wood,muban,木板,7,3,1,1,sliding,winsb11,train,1607154841.942,1607154848.942,7.000,dataset/audio/wood/VisTouch_wood_f3_r1_v1_winsb11.wav,dataset/tactile/wood/VisTouch_wood_f3_r1_v1_winsb11.csv,dataset/video/wood/VisTouch_wood_f3_r1_v1_winsb11.avi
VisTouch_wood_f3_r1_v1_winsb12,wood_f3_r1_v1,wood,muban,木板,7,3,1,1,sliding,winsb12,train,1607154845.564,1607154852.564,7.000,dataset/audio/wood/VisTouch_wood_f3_r1_v1_winsb12.wav,dataset/tactile/wood/VisTouch_wood_f3_r1_v1_winsb12.csv,dataset/video/wood/VisTouch_wood_f3_r1_v1_winsb12.avi
VisTouch_wood_f3_r1_v1_winsb13,wood_f3_r1_v1,wood,muban,木板,7,3,1,1,sliding,winsb13,train,1607154848.899,1607154855.899,7.000,dataset/audio/wood/VisTouch_wood_f3_r1_v1_winsb13.wav,dataset/tactile/wood/VisTouch_wood_f3_r1_v1_winsb13.csv,dataset/video/wood/VisTouch_wood_f3_r1_v1_winsb13.avi
VisTouch_wood_f3_r1_v1_winsb14,wood_f3_r1_v1,wood,muban,木板,7,3,1,1,sliding,winsb14,train,1607154852.087,1607154859.087,7.000,dataset/audio/wood/VisTouch_wood_f3_r1_v1_winsb14.wav,dataset/tactile/wood/VisTouch_wood_f3_r1_v1_winsb14.csv,dataset/video/wood/VisTouch_wood_f3_r1_v1_winsb14.avi
VisTouch_wood_f3_r1_v1_winsb15,wood_f3_r1_v1,wood,muban,木板,7,3,1,1,sliding,winsb15,train,1607154855.813,1607154862.813,7.000,dataset/audio/wood/VisTouch_wood_f3_r1_v1_winsb15.wav,dataset/tactile/wood/VisTouch_wood_f3_r1_v1_winsb15.csv,dataset/video/wood/VisTouch_wood_f3_r1_v1_winsb15.avi
VisTouch_wood_f3_r1_v1_winsb16,wood_f3_r1_v1,wood,muban,木板,7,3,1,1,sliding,winsb16,train,1607154858.748,1607154865.748,7.000,dataset/audio/wood/VisTouch_wood_f3_r1_v1_winsb16.wav,dataset/tactile/wood/VisTouch_wood_f3_r1_v1_winsb16.csv,dataset/video/wood/VisTouch_wood_f3_r1_v1_winsb16.avi
VisTouch_wood_f3_r1_v1_winmb01,wood_f3_r1_v1,wood,muban,木板,7,3,1,1,sliding,winmb01,train,1607154807.672,1607154817.972,10.300,dataset/audio/wood/VisTouch_wood_f3_r1_v1_winmb01.wav,dataset/tactile/wood/VisTouch_wood_f3_r1_v1_winmb01.csv,dataset/video/wood/VisTouch_wood_f3_r1_v1_winmb01.avi
VisTouch_wood_f3_r1_v1_winmb02,wood_f3_r1_v1,wood,muban,木板,7,3,1,1,sliding,winmb02,train,1607154813.276,1607154823.576,10.300,dataset/audio/wood/VisTouch_wood_f3_r1_v1_winmb02.wav,dataset/tactile/wood/VisTouch_wood_f3_r1_v1_winmb02.csv,dataset/video/wood/VisTouch_wood_f3_r1_v1_winmb02.avi
VisTouch_wood_f3_r1_v1_winmb03,wood_f3_r1_v1,wood,muban,木板,7,3,1,1,sliding,winmb03,train,1607154817.223,1607154827.523,10.300,dataset/audio/wood/VisTouch_wood_f3_r1_v1_winmb03.wav,dataset/tactile/wood/VisTouch_wood_f3_r1_v1_winmb03.csv,dataset/video/wood/VisTouch_wood_f3_r1_v1_winmb03.avi
VisTouch_wood_f3_r1_v1_winmb04,wood_f3_r1_v1,wood,muban,木板,7,3,1,1,sliding,winmb04,train,1607154822.845,1607154833.145,10.300,dataset/audio/wood/VisTouch_wood_f3_r1_v1_winmb04.wav,dataset/tactile/wood/VisTouch_wood_f3_r1_v1_winmb04.csv,dataset/video/wood/VisTouch_wood_f3_r1_v1_winmb04.avi
VisTouch_wood_f3_r1_v1_winmb06,wood_f3_r1_v1,wood,muban,木板,7,3,1,1,sliding,winmb06,train,1607154833.140,1607154843.440,10.300,dataset/audio/wood/VisTouch_wood_f3_r1_v1_winmb06.wav,dataset/tactile/wood/VisTouch_wood_f3_r1_v1_winmb06.csv,dataset/video/wood/VisTouch_wood_f3_r1_v1_winmb06.avi
VisTouch_wood_f3_r1_v1_winmb07,wood_f3_r1_v1,wood,muban,木板,7,3,1,1,sliding,winmb07,train,1607154837.723,1607154848.023,10.300,dataset/audio/wood/VisTouch_wood_f3_r1_v1_winmb07.wav,dataset/tactile/wood/VisTouch_wood_f3_r1_v1_winmb07.csv,dataset/video/wood/VisTouch_wood_f3_r1_v1_winmb07.avi
VisTouch_wood_f3_r1_v1_winmb08,wood_f3_r1_v1,wood,muban,木板,7,3,1,1,sliding,winmb08,train,1607154844.131,1607154854.431,10.300,dataset/audio/wood/VisTouch_wood_f3_r1_v1_winmb08.wav,dataset/tactile/wood/VisTouch_wood_f3_r1_v1_winmb08.csv,dataset/video/wood/VisTouch_wood_f3_r1_v1_winmb08.avi
VisTouch_wood_f3_r1_v1_winmb09,wood_f3_r1_v1,wood,muban,木板,7,3,1,1,sliding,winmb09,train,1607154848.769,1607154859.069,10.300,dataset/audio/wood/VisTouch_wood_f3_r1_v1_winmb09.wav,dataset/tactile/wood/VisTouch_wood_f3_r1_v1_winmb09.csv,dataset/video/wood/VisTouch_wood_f3_r1_v1_winmb09.avi
VisTouch_wood_f3_r1_v1_winmb10,wood_f3_r1_v1,wood,muban,木板,7,3,1,1,sliding,winmb10,train,1607154853.826,1607154864.126,10.300,dataset/audio/wood/VisTouch_wood_f3_r1_v1_winmb10.wav,dataset/tactile/wood/VisTouch_wood_f3_r1_v1_winmb10.csv,dataset/video/wood/VisTouch_wood_f3_r1_v1_winmb10.avi
VisTouch_wood_f3_r1_v1_winlb01,wood_f3_r1_v1,wood,muban,木板,7,3,1,1,sliding,winlb01,train,1607154808.714,1607154822.714,14.000,dataset/audio/wood/VisTouch_wood_f3_r1_v1_winlb01.wav,dataset/tactile/wood/VisTouch_wood_f3_r1_v1_winlb01.csv,dataset/video/wood/VisTouch_wood_f3_r1_v1_winlb01.avi
VisTouch_wood_f3_r1_v1_winlb02,wood_f3_r1_v1,wood,muban,木板,7,3,1,1,sliding,winlb02,train,1607154816.235,1607154830.235,14.000,dataset/audio/wood/VisTouch_wood_f3_r1_v1_winlb02.wav,dataset/tactile/wood/VisTouch_wood_f3_r1_v1_winlb02.csv,dataset/video/wood/VisTouch_wood_f3_r1_v1_winlb02.avi
VisTouch_wood_f3_r1_v1_winlb03,wood_f3_r1_v1,wood,muban,木板,7,3,1,1,sliding,winlb03,train,1607154822.062,1607154836.062,14.000,dataset/audio/wood/VisTouch_wood_f3_r1_v1_winlb03.wav,dataset/tactile/wood/VisTouch_wood_f3_r1_v1_winlb03.csv,dataset/video/wood/VisTouch_wood_f3_r1_v1_winlb03.avi
VisTouch_wood_f3_r1_v1_winlb04,wood_f3_r1_v1,wood,muban,木板,7,3,1,1,sliding,winlb04,train,1607154829.012,1607154843.012,14.000,dataset/audio/wood/VisTouch_wood_f3_r1_v1_winlb04.wav,dataset/tactile/wood/VisTouch_wood_f3_r1_v1_winlb04.csv,dataset/video/wood/VisTouch_wood_f3_r1_v1_winlb04.avi
VisTouch_wood_f3_r1_v1_winlb05,wood_f3_r1_v1,wood,muban,木板,7,3,1,1,sliding,winlb05,train,1607154835.554,1607154849.554,14.000,dataset/audio/wood/VisTouch_wood_f3_r1_v1_winlb05.wav,dataset/tactile/wood/VisTouch_wood_f3_r1_v1_winlb05.csv,dataset/video/wood/VisTouch_wood_f3_r1_v1_winlb05.avi
VisTouch_wood_f3_r1_v1_winlb06,wood_f3_r1_v1,wood,muban,木板,7,3,1,1,sliding,winlb06,train,1607154843.009,1607154857.009,14.000,dataset/audio/wood/VisTouch_wood_f3_r1_v1_winlb06.wav,dataset/tactile/wood/VisTouch_wood_f3_r1_v1_winlb06.csv,dataset/video/wood/VisTouch_wood_f3_r1_v1_winlb06.avi
VisTouch_wood_f3_r1_v1_winlb07,wood_f3_r1_v1,wood,muban,木板,7,3,1,1,sliding,winlb07,train,1607154849.589,1607154863.589,14.000,dataset/audio/wood/VisTouch_wood_f3_r1_v1_winlb07.wav,dataset/tactile/wood/VisTouch_wood_f3_r1_v1_winlb07.csv,dataset/video/wood/VisTouch_wood_f3_r1_v1_winlb07.avi
VisTouch_wood_f3_r1_v1_wine01,wood_f3_r1_v1,wood,muban,木板,7,3,1,1,sliding,wine01,train,1607154805.000,1607154813.500,8.500,dataset/audio/wood/VisTouch_wood_f3_r1_v1_wine01.wav,dataset/tactile/wood/VisTouch_wood_f3_r1_v1_wine01.csv,dataset/video/wood/VisTouch_wood_f3_r1_v1_wine01.avi
VisTouch_wood_f3_r1_v1_wine02,wood_f3_r1_v1,wood,muban,木板,7,3,1,1,sliding,wine02,train,1607154809.317,1607154817.817,8.500,dataset/audio/wood/VisTouch_wood_f3_r1_v1_wine02.wav,dataset/tactile/wood/VisTouch_wood_f3_r1_v1_wine02.csv,dataset/video/wood/VisTouch_wood_f3_r1_v1_wine02.avi
VisTouch_wood_f3_r1_v1_wine03,wood_f3_r1_v1,wood,muban,木板,7,3,1,1,sliding,wine03,train,1607154813.097,1607154821.597,8.500,dataset/audio/wood/VisTouch_wood_f3_r1_v1_wine03.wav,dataset/tactile/wood/VisTouch_wood_f3_r1_v1_wine03.csv,dataset/video/wood/VisTouch_wood_f3_r1_v1_wine03.avi
VisTouch_wood_f3_r1_v1_wine04,wood_f3_r1_v1,wood,muban,木板,7,3,1,1,sliding,wine04,train,1607154817.207,1607154825.707,8.500,dataset/audio/wood/VisTouch_wood_f3_r1_v1_wine04.wav,dataset/tactile/wood/VisTouch_wood_f3_r1_v1_wine04.csv,dataset/video/wood/VisTouch_wood_f3_r1_v1_wine04.avi
VisTouch_wood_f3_r1_v1_wine05,wood_f3_r1_v1,wood,muban,木板,7,3,1,1,sliding,wine05,train,1607154822.531,1607154831.031,8.500,dataset/audio/wood/VisTouch_wood_f3_r1_v1_wine05.wav,dataset/tactile/wood/VisTouch_wood_f3_r1_v1_wine05.csv,dataset/video/wood/VisTouch_wood_f3_r1_v1_wine05.avi
VisTouch_wood_f3_r1_v1_wine06,wood_f3_r1_v1,wood,muban,木板,7,3,1,1,sliding,wine06,train,1607154825.802,1607154834.302,8.500,dataset/audio/wood/VisTouch_wood_f3_r1_v1_wine06.wav,dataset/tactile/wood/VisTouch_wood_f3_r1_v1_wine06.csv,dataset/video/wood/VisTouch_wood_f3_r1_v1_wine06.avi
VisTouch_wood_f3_r1_v1_wine09,wood_f3_r1_v1,wood,muban,木板,7,3,1,1,sliding,wine09,train,1607154839.213,1607154847.713,8.500,dataset/audio/wood/VisTouch_wood_f3_r1_v1_wine09.wav,dataset/tactile/wood/VisTouch_wood_f3_r1_v1_wine09.csv,dataset/video/wood/VisTouch_wood_f3_r1_v1_wine09.avi
VisTouch_wood_f3_r1_v1_wine10,wood_f3_r1_v1,wood,muban,木板,7,3,1,1,sliding,wine10,train,1607154843.538,1607154852.038,8.500,dataset/audio/wood/VisTouch_wood_f3_r1_v1_wine10.wav,dataset/tactile/wood/VisTouch_wood_f3_r1_v1_wine10.csv,dataset/video/wood/VisTouch_wood_f3_r1_v1_wine10.avi
VisTouch_wood_f3_r1_v1_wine11,wood_f3_r1_v1,wood,muban,木板,7,3,1,1,sliding,wine11,train,1607154847.581,1607154856.081,8.500,dataset/audio/wood/VisTouch_wood_f3_r1_v1_wine11.wav,dataset/tactile/wood/VisTouch_wood_f3_r1_v1_wine11.csv,dataset/video/wood/VisTouch_wood_f3_r1_v1_wine11.avi
VisTouch_wood_f3_r1_v1_wine12,wood_f3_r1_v1,wood,muban,木板,7,3,1,1,sliding,wine12,train,1607154851.202,1607154859.702,8.500,dataset/audio/wood/VisTouch_wood_f3_r1_v1_wine12.wav,dataset/tactile/wood/VisTouch_wood_f3_r1_v1_wine12.csv,dataset/video/wood/VisTouch_wood_f3_r1_v1_wine12.avi
VisTouch_wood_f3_r1_v1_wine13,wood_f3_r1_v1,wood,muban,木板,7,3,1,1,sliding,wine13,train,1607154856.436,1607154864.936,8.500,dataset/audio/wood/VisTouch_wood_f3_r1_v1_wine13.wav,dataset/tactile/wood/VisTouch_wood_f3_r1_v1_wine13.csv,dataset/video/wood/VisTouch_wood_f3_r1_v1_wine13.avi
VisTouch_wood_f6_r1_v1_winsb01,wood_f6_r1_v1,wood,muban,木板,7,6,1,1,sliding,winsb01,train,1607154947.664,1607154954.664,7.000,dataset/audio/wood/VisTouch_wood_f6_r1_v1_winsb01.wav,dataset/tactile/wood/VisTouch_wood_f6_r1_v1_winsb01.csv,dataset/video/wood/VisTouch_wood_f6_r1_v1_winsb01.avi
VisTouch_wood_f6_r1_v1_winsb02,wood_f6_r1_v1,wood,muban,木板,7,6,1,1,sliding,winsb02,train,1607154951.137,1607154958.137,7.000,dataset/audio/wood/VisTouch_wood_f6_r1_v1_winsb02.wav,dataset/tactile/wood/VisTouch_wood_f6_r1_v1_winsb02.csv,dataset/video/wood/VisTouch_wood_f6_r1_v1_winsb02.avi
VisTouch_wood_f6_r1_v1_winsb03,wood_f6_r1_v1,wood,muban,木板,7,6,1,1,sliding,winsb03,train,1607154954.367,1607154961.367,7.000,dataset/audio/wood/VisTouch_wood_f6_r1_v1_winsb03.wav,dataset/tactile/wood/VisTouch_wood_f6_r1_v1_winsb03.csv,dataset/video/wood/VisTouch_wood_f6_r1_v1_winsb03.avi
VisTouch_wood_f6_r1_v1_winsb04,wood_f6_r1_v1,wood,muban,木板,7,6,1,1,sliding,winsb04,train,1607154957.844,1607154964.844,7.000,dataset/audio/wood/VisTouch_wood_f6_r1_v1_winsb04.wav,dataset/tactile/wood/VisTouch_wood_f6_r1_v1_winsb04.csv,dataset/video/wood/VisTouch_wood_f6_r1_v1_winsb04.avi
VisTouch_wood_f6_r1_v1_winsb05,wood_f6_r1_v1,wood,muban,木板,7,6,1,1,sliding,winsb05,train,1607154961.773,1607154968.773,7.000,dataset/audio/wood/VisTouch_wood_f6_r1_v1_winsb05.wav,dataset/tactile/wood/VisTouch_wood_f6_r1_v1_winsb05.csv,dataset/video/wood/VisTouch_wood_f6_r1_v1_winsb05.avi
VisTouch_wood_f6_r1_v1_winsb06,wood_f6_r1_v1,wood,muban,木板,7,6,1,1,sliding,winsb06,train,1607154965.322,1607154972.322,7.000,dataset/audio/wood/VisTouch_wood_f6_r1_v1_winsb06.wav,dataset/tactile/wood/VisTouch_wood_f6_r1_v1_winsb06.csv,dataset/video/wood/VisTouch_wood_f6_r1_v1_winsb06.avi
VisTouch_wood_f6_r1_v1_winsb07,wood_f6_r1_v1,wood,muban,木板,7,6,1,1,sliding,winsb07,train,1607154968.770,1607154975.770,7.000,dataset/audio/wood/VisTouch_wood_f6_r1_v1_winsb07.wav,dataset/tactile/wood/VisTouch_wood_f6_r1_v1_winsb07.csv,dataset/video/wood/VisTouch_wood_f6_r1_v1_winsb07.avi
VisTouch_wood_f6_r1_v1_winsb09,wood_f6_r1_v1,wood,muban,木板,7,6,1,1,sliding,winsb09,train,1607154976.147,1607154983.147,7.000,dataset/audio/wood/VisTouch_wood_f6_r1_v1_winsb09.wav,dataset/tactile/wood/VisTouch_wood_f6_r1_v1_winsb09.csv,dataset/video/wood/VisTouch_wood_f6_r1_v1_winsb09.avi
VisTouch_wood_f6_r1_v1_winsb11,wood_f6_r1_v1,wood,muban,木板,7,6,1,1,sliding,winsb11,train,1607154982.623,1607154989.623,7.000,dataset/audio/wood/VisTouch_wood_f6_r1_v1_winsb11.wav,dataset/tactile/wood/VisTouch_wood_f6_r1_v1_winsb11.csv,dataset/video/wood/VisTouch_wood_f6_r1_v1_winsb11.avi
VisTouch_wood_f6_r1_v1_winsb12,wood_f6_r1_v1,wood,muban,木板,7,6,1,1,sliding,winsb12,train,1607154985.994,1607154992.994,7.000,dataset/audio/wood/VisTouch_wood_f6_r1_v1_winsb12.wav,dataset/tactile/wood/VisTouch_wood_f6_r1_v1_winsb12.csv,dataset/video/wood/VisTouch_wood_f6_r1_v1_winsb12.avi
VisTouch_wood_f6_r1_v1_winsb13,wood_f6_r1_v1,wood,muban,木板,7,6,1,1,sliding,winsb13,train,1607154989.547,1607154996.547,7.000,dataset/audio/wood/VisTouch_wood_f6_r1_v1_winsb13.wav,dataset/tactile/wood/VisTouch_wood_f6_r1_v1_winsb13.csv,dataset/video/wood/VisTouch_wood_f6_r1_v1_winsb13.avi
VisTouch_wood_f6_r1_v1_winsb14,wood_f6_r1_v1,wood,muban,木板,7,6,1,1,sliding,winsb14,train,1607154993.314,1607155000.314,7.000,dataset/audio/wood/VisTouch_wood_f6_r1_v1_winsb14.wav,dataset/tactile/wood/VisTouch_wood_f6_r1_v1_winsb14.csv,dataset/video/wood/VisTouch_wood_f6_r1_v1_winsb14.avi
VisTouch_wood_f6_r1_v1_winsb15,wood_f6_r1_v1,wood,muban,木板,7,6,1,1,sliding,winsb15,train,1607154997.060,1607155004.060,7.000,dataset/audio/wood/VisTouch_wood_f6_r1_v1_winsb15.wav,dataset/tactile/wood/VisTouch_wood_f6_r1_v1_winsb15.csv,dataset/video/wood/VisTouch_wood_f6_r1_v1_winsb15.avi
VisTouch_wood_f6_r1_v1_winsb16,wood_f6_r1_v1,wood,muban,木板,7,6,1,1,sliding,winsb16,train,1607155000.188,1607155007.188,7.000,dataset/audio/wood/VisTouch_wood_f6_r1_v1_winsb16.wav,dataset/tactile/wood/VisTouch_wood_f6_r1_v1_winsb16.csv,dataset/video/wood/VisTouch_wood_f6_r1_v1_winsb16.avi
VisTouch_wood_f6_r1_v1_winmb01,wood_f6_r1_v1,wood,muban,木板,7,6,1,1,sliding,winmb01,train,1607154947.865,1607154958.165,10.300,dataset/audio/wood/VisTouch_wood_f6_r1_v1_winmb01.wav,dataset/tactile/wood/VisTouch_wood_f6_r1_v1_winmb01.csv,dataset/video/wood/VisTouch_wood_f6_r1_v1_winmb01.avi
VisTouch_wood_f6_r1_v1_winmb02,wood_f6_r1_v1,wood,muban,木板,7,6,1,1,sliding,winmb02,train,1607154953.243,1607154963.543,10.300,dataset/audio/wood/VisTouch_wood_f6_r1_v1_winmb02.wav,dataset/tactile/wood/VisTouch_wood_f6_r1_v1_winmb02.csv,dataset/video/wood/VisTouch_wood_f6_r1_v1_winmb02.avi
VisTouch_wood_f6_r1_v1_winmb03,wood_f6_r1_v1,wood,muban,木板,7,6,1,1,sliding,winmb03,train,1607154958.243,1607154968.543,10.300,dataset/audio/wood/VisTouch_wood_f6_r1_v1_winmb03.wav,dataset/tactile/wood/VisTouch_wood_f6_r1_v1_winmb03.csv,dataset/video/wood/VisTouch_wood_f6_r1_v1_winmb03.avi
VisTouch_wood_f6_r1_v1_winmb04,wood_f6_r1_v1,wood,muban,木板,7,6,1,1,sliding,winmb04,train,1607154963.768,1607154974.068,10.300,dataset/audio/wood/VisTouch_wood_f6_r1_v1_winmb04.wav,dataset/tactile/wood/VisTouch_wood_f6_r1_v1_winmb04.csv,dataset/video/wood/VisTouch_wood_f6_r1_v1_winmb04.avi
VisTouch_wood_f6_r1_v1_winmb05,wood_f6_r1_v1,wood,muban,木板,7,6,1,1,sliding,winmb05,train,1607154969.460,1607154979.760,10.300,dataset/audio/wood/VisTouch_wood_f6_r1_v1_winmb05.wav,dataset/tactile/wood/VisTouch_wood_f6_r1_v1_winmb05.csv,dataset/video/wood/VisTouch_wood_f6_r1_v1_winmb05.avi
VisTouch_wood_f6_r1_v1_winmb06,wood_f6_r1_v1,wood,muban,木板,7,6,1,1,sliding,winmb06,train,1607154974.465,1607154984.765,10.300,dataset/audio/wood/VisTouch_wood_f6_r1_v1_winmb06.wav,dataset/tactile/wood/VisTouch_wood_f6_r1_v1_winmb06.csv,dataset/video/wood/VisTouch_wood_f6_r1_v1_winmb06.avi
VisTouch_wood_f6_r1_v1_winmb07,wood_f6_r1_v1,wood,muban,木板,7,6,1,1,sliding,winmb07,train,1607154979.725,1607154990.025,10.300,dataset/audio/wood/VisTouch_wood_f6_r1_v1_winmb07.wav,dataset/tactile/wood/VisTouch_wood_f6_r1_v1_winmb07.csv,dataset/video/wood/VisTouch_wood_f6_r1_v1_winmb07.avi
VisTouch_wood_f6_r1_v1_winmb08,wood_f6_r1_v1,wood,muban,木板,7,6,1,1,sliding,winmb08,train,1607154984.555,1607154994.855,10.300,dataset/audio/wood/VisTouch_wood_f6_r1_v1_winmb08.wav,dataset/tactile/wood/VisTouch_wood_f6_r1_v1_winmb08.csv,dataset/video/wood/VisTouch_wood_f6_r1_v1_winmb08.avi
VisTouch_wood_f6_r1_v1_winmb09,wood_f6_r1_v1,wood,muban,木板,7,6,1,1,sliding,winmb09,train,1607154989.172,1607154999.472,10.300,dataset/audio/wood/VisTouch_wood_f6_r1_v1_winmb09.wav,dataset/tactile/wood/VisTouch_wood_f6_r1_v1_winmb09.csv,dataset/video/wood/VisTouch_wood_f6_r1_v1_winmb09.avi
VisTouch_wood_f6_r1_v1_winmb10,wood_f6_r1_v1,wood,muban,木板,7,6,1,1,sliding,winmb10,train,1607154994.610,1607155004.910,10.300,dataset/audio/wood/VisTouch_wood_f6_r1_v1_winmb10.wav,dataset/tactile/wood/VisTouch_wood_f6_r1_v1_winmb10.csv,dataset/video/wood/VisTouch_wood_f6_r1_v1_winmb10.avi
VisTouch_wood_f6_r1_v1_winlb01,wood_f6_r1_v1,wood,muban,木板,7,6,1,1,sliding,winlb01,train,1607154949.523,1607154963.523,14.000,dataset/audio/wood/VisTouch_wood_f6_r1_v1_winlb01.wav,dataset/tactile/wood/VisTouch_wood_f6_r1_v1_winlb01.csv,dataset/video/wood/VisTouch_wood_f6_r1_v1_winlb01.avi
VisTouch_wood_f6_r1_v1_winlb02,wood_f6_r1_v1,wood,muban,木板,7,6,1,1,sliding,winlb02,train,1607154956.494,1607154970.494,14.000,dataset/audio/wood/VisTouch_wood_f6_r1_v1_winlb02.wav,dataset/tactile/wood/VisTouch_wood_f6_r1_v1_winlb02.csv,dataset/video/wood/VisTouch_wood_f6_r1_v1_winlb02.avi
VisTouch_wood_f6_r1_v1_winlb04,wood_f6_r1_v1,wood,muban,木板,7,6,1,1,sliding,winlb04,train,1607154971.183,1607154985.183,14.000,dataset/audio/wood/VisTouch_wood_f6_r1_v1_winlb04.wav,dataset/tactile/wood/VisTouch_wood_f6_r1_v1_winlb04.csv,dataset/video/wood/VisTouch_wood_f6_r1_v1_winlb04.avi
VisTouch_wood_f6_r1_v1_winlb06,wood_f6_r1_v1,wood,muban,木板,7,6,1,1,sliding,winlb06,train,1607154985.225,1607154999.225,14.000,dataset/audio/wood/VisTouch_wood_f6_r1_v1_winlb06.wav,dataset/tactile/wood/VisTouch_wood_f6_r1_v1_winlb06.csv,dataset/video/wood/VisTouch_wood_f6_r1_v1_winlb06.avi
VisTouch_wood_f6_r1_v1_winlb07,wood_f6_r1_v1,wood,muban,木板,7,6,1,1,sliding,winlb07,train,1607154991.008,1607155005.008,14.000,dataset/audio/wood/VisTouch_wood_f6_r1_v1_winlb07.wav,dataset/tactile/wood/VisTouch_wood_f6_r1_v1_winlb07.csv,dataset/video/wood/VisTouch_wood_f6_r1_v1_winlb07.avi
VisTouch_wood_f6_r1_v1_wine01,wood_f6_r1_v1,wood,muban,木板,7,6,1,1,sliding,wine01,train,1607154946.563,1607154955.063,8.500,dataset/audio/wood/VisTouch_wood_f6_r1_v1_wine01.wav,dataset/tactile/wood/VisTouch_wood_f6_r1_v1_wine01.csv,dataset/video/wood/VisTouch_wood_f6_r1_v1_wine01.avi
VisTouch_wood_f6_r1_v1_wine02,wood_f6_r1_v1,wood,muban,木板,7,6,1,1,sliding,wine02,train,1607154949.755,1607154958.255,8.500,dataset/audio/wood/VisTouch_wood_f6_r1_v1_wine02.wav,dataset/tactile/wood/VisTouch_wood_f6_r1_v1_wine02.csv,dataset/video/wood/VisTouch_wood_f6_r1_v1_wine02.avi
VisTouch_wood_f6_r1_v1_wine03,wood_f6_r1_v1,wood,muban,木板,7,6,1,1,sliding,wine03,train,1607154954.843,1607154963.343,8.500,dataset/audio/wood/VisTouch_wood_f6_r1_v1_wine03.wav,dataset/tactile/wood/VisTouch_wood_f6_r1_v1_wine03.csv,dataset/video/wood/VisTouch_wood_f6_r1_v1_wine03.avi
VisTouch_wood_f6_r1_v1_wine04,wood_f6_r1_v1,wood,muban,木板,7,6,1,1,sliding,wine04,train,1607154958.138,1607154966.638,8.500,dataset/audio/wood/VisTouch_wood_f6_r1_v1_wine04.wav,dataset/tactile/wood/VisTouch_wood_f6_r1_v1_wine04.csv,dataset/video/wood/VisTouch_wood_f6_r1_v1_wine04.avi
VisTouch_wood_f6_r1_v1_wine05,wood_f6_r1_v1,wood,muban,木板,7,6,1,1,sliding,wine05,train,1607154962.664,1607154971.164,8.500,dataset/audio/wood/VisTouch_wood_f6_r1_v1_wine05.wav,dataset/tactile/wood/VisTouch_wood_f6_r1_v1_wine05.csv,dataset/video/wood/VisTouch_wood_f6_r1_v1_wine05.avi
VisTouch_wood_f6_r1_v1_wine06,wood_f6_r1_v1,wood,muban,木板,7,6,1,1,sliding,wine06,train,1607154967.722,1607154976.222,8.500,dataset/audio/wood/VisTouch_wood_f6_r1_v1_wine06.wav,dataset/tactile/wood/VisTouch_wood_f6_r1_v1_wine06.csv,dataset/video/wood/VisTouch_wood_f6_r1_v1_wine06.avi
VisTouch_wood_f6_r1_v1_wine07,wood_f6_r1_v1,wood,muban,木板,7,6,1,1,sliding,wine07,train,1607154971.309,1607154979.809,8.500,dataset/audio/wood/VisTouch_wood_f6_r1_v1_wine07.wav,dataset/tactile/wood/VisTouch_wood_f6_r1_v1_wine07.csv,dataset/video/wood/VisTouch_wood_f6_r1_v1_wine07.avi
VisTouch_wood_f6_r1_v1_wine08,wood_f6_r1_v1,wood,muban,木板,7,6,1,1,sliding,wine08,train,1607154976.301,1607154984.801,8.500,dataset/audio/wood/VisTouch_wood_f6_r1_v1_wine08.wav,dataset/tactile/wood/VisTouch_wood_f6_r1_v1_wine08.csv,dataset/video/wood/VisTouch_wood_f6_r1_v1_wine08.avi
VisTouch_wood_f6_r1_v1_wine09,wood_f6_r1_v1,wood,muban,木板,7,6,1,1,sliding,wine09,train,1607154980.548,1607154989.048,8.500,dataset/audio/wood/VisTouch_wood_f6_r1_v1_wine09.wav,dataset/tactile/wood/VisTouch_wood_f6_r1_v1_wine09.csv,dataset/video/wood/VisTouch_wood_f6_r1_v1_wine09.avi
VisTouch_wood_f6_r1_v1_wine10,wood_f6_r1_v1,wood,muban,木板,7,6,1,1,sliding,wine10,train,1607154984.633,1607154993.133,8.500,dataset/audio/wood/VisTouch_wood_f6_r1_v1_wine10.wav,dataset/tactile/wood/VisTouch_wood_f6_r1_v1_wine10.csv,dataset/video/wood/VisTouch_wood_f6_r1_v1_wine10.avi
VisTouch_wood_f6_r1_v1_wine11,wood_f6_r1_v1,wood,muban,木板,7,6,1,1,sliding,wine11,train,1607154988.368,1607154996.868,8.500,dataset/audio/wood/VisTouch_wood_f6_r1_v1_wine11.wav,dataset/tactile/wood/VisTouch_wood_f6_r1_v1_wine11.csv,dataset/video/wood/VisTouch_wood_f6_r1_v1_wine11.avi
VisTouch_wood_f6_r1_v1_wine12,wood_f6_r1_v1,wood,muban,木板,7,6,1,1,sliding,wine12,train,1607154993.207,1607155001.707,8.500,dataset/audio/wood/VisTouch_wood_f6_r1_v1_wine12.wav,dataset/tactile/wood/VisTouch_wood_f6_r1_v1_wine12.csv,dataset/video/wood/VisTouch_wood_f6_r1_v1_wine12.avi
VisTouch_wood_f6_r1_v1_wine13,wood_f6_r1_v1,wood,muban,木板,7,6,1,1,sliding,wine13,train,1607154996.945,1607155005.445,8.500,dataset/audio/wood/VisTouch_wood_f6_r1_v1_wine13.wav,dataset/tactile/wood/VisTouch_wood_f6_r1_v1_wine13.csv,dataset/video/wood/VisTouch_wood_f6_r1_v1_wine13.avi
VisTouch_wood_f9_r1_v1_winsb01,wood_f9_r1_v1,wood,muban,木板,7,9,1,1,sliding,winsb01,test,1607155066.357,1607155073.357,7.000,dataset/audio/wood/VisTouch_wood_f9_r1_v1_winsb01.wav,dataset/tactile/wood/VisTouch_wood_f9_r1_v1_winsb01.csv,dataset/video/wood/VisTouch_wood_f9_r1_v1_winsb01.avi
VisTouch_wood_f9_r1_v1_winsb02,wood_f9_r1_v1,wood,muban,木板,7,9,1,1,sliding,winsb02,test,1607155070.620,1607155077.620,7.000,dataset/audio/wood/VisTouch_wood_f9_r1_v1_winsb02.wav,dataset/tactile/wood/VisTouch_wood_f9_r1_v1_winsb02.csv,dataset/video/wood/VisTouch_wood_f9_r1_v1_winsb02.avi
VisTouch_wood_f9_r1_v1_winsb03,wood_f9_r1_v1,wood,muban,木板,7,9,1,1,sliding,winsb03,test,1607155074.082,1607155081.082,7.000,dataset/audio/wood/VisTouch_wood_f9_r1_v1_winsb03.wav,dataset/tactile/wood/VisTouch_wood_f9_r1_v1_winsb03.csv,dataset/video/wood/VisTouch_wood_f9_r1_v1_winsb03.avi
VisTouch_wood_f9_r1_v1_winsb04,wood_f9_r1_v1,wood,muban,木板,7,9,1,1,sliding,winsb04,test,1607155076.867,1607155083.867,7.000,dataset/audio/wood/VisTouch_wood_f9_r1_v1_winsb04.wav,dataset/tactile/wood/VisTouch_wood_f9_r1_v1_winsb04.csv,dataset/video/wood/VisTouch_wood_f9_r1_v1_winsb04.avi
VisTouch_wood_f9_r1_v1_winsb06,wood_f9_r1_v1,wood,muban,木板,7,9,1,1,sliding,winsb06,test,1607155084.270,1607155091.270,7.000,dataset/audio/wood/VisTouch_wood_f9_r1_v1_winsb06.wav,dataset/tactile/wood/VisTouch_wood_f9_r1_v1_winsb06.csv,dataset/video/wood/VisTouch_wood_f9_r1_v1_winsb06.avi
VisTouch_wood_f9_r1_v1_winsb08,wood_f9_r1_v1,wood,muban,木板,7,9,1,1,sliding,winsb08,test,1607155091.007,1607155098.007,7.000,dataset/audio/wood/VisTouch_wood_f9_r1_v1_winsb08.wav,dataset/tactile/wood/VisTouch_wood_f9_r1_v1_winsb08.csv,dataset/video/wood/VisTouch_wood_f9_r1_v1_winsb08.avi
VisTouch_wood_f9_r1_v1_winsb10,wood_f9_r1_v1,wood,muban,木板,7,9,1,1,sliding,winsb10,test,1607155098.616,1607155105.616,7.000,dataset/audio/wood/VisTouch_wood_f9_r1_v1_winsb10.wav,dataset/tactile/wood/VisTouch_wood_f9_r1_v1_winsb10.csv,dataset/video/wood/VisTouch_wood_f9_r1_v1_winsb10.avi
VisTouch_wood_f9_r1_v1_winsb11,wood_f9_r1_v1,wood,muban,木板,7,9,1,1,sliding,winsb11,test,1607155101.855,1607155108.855,7.000,dataset/audio/wood/VisTouch_wood_f9_r1_v1_winsb11.wav,dataset/tactile/wood/VisTouch_wood_f9_r1_v1_winsb11.csv,dataset/video/wood/VisTouch_wood_f9_r1_v1_winsb11.avi
VisTouch_wood_f9_r1_v1_winsb12,wood_f9_r1_v1,wood,muban,木板,7,9,1,1,sliding,winsb12,test,1607155104.880,1607155111.880,7.000,dataset/audio/wood/VisTouch_wood_f9_r1_v1_winsb12.wav,dataset/tactile/wood/VisTouch_wood_f9_r1_v1_winsb12.csv,dataset/video/wood/VisTouch_wood_f9_r1_v1_winsb12.avi
VisTouch_wood_f9_r1_v1_winsb13,wood_f9_r1_v1,wood,muban,木板,7,9,1,1,sliding,winsb13,test,1607155108.609,1607155115.609,7.000,dataset/audio/wood/VisTouch_wood_f9_r1_v1_winsb13.wav,dataset/tactile/wood/VisTouch_wood_f9_r1_v1_winsb13.csv,dataset/video/wood/VisTouch_wood_f9_r1_v1_winsb13.avi
VisTouch_wood_f9_r1_v1_winsb14,wood_f9_r1_v1,wood,muban,木板,7,9,1,1,sliding,winsb14,test,1607155112.627,1607155119.627,7.000,dataset/audio/wood/VisTouch_wood_f9_r1_v1_winsb14.wav,dataset/tactile/wood/VisTouch_wood_f9_r1_v1_winsb14.csv,dataset/video/wood/VisTouch_wood_f9_r1_v1_winsb14.avi
VisTouch_wood_f9_r1_v1_winsb15,wood_f9_r1_v1,wood,muban,木板,7,9,1,1,sliding,winsb15,test,1607155115.717,1607155122.717,7.000,dataset/audio/wood/VisTouch_wood_f9_r1_v1_winsb15.wav,dataset/tactile/wood/VisTouch_wood_f9_r1_v1_winsb15.csv,dataset/video/wood/VisTouch_wood_f9_r1_v1_winsb15.avi
VisTouch_wood_f9_r1_v1_winsb16,wood_f9_r1_v1,wood,muban,木板,7,9,1,1,sliding,winsb16,test,1607155119.079,1607155126.079,7.000,dataset/audio/wood/VisTouch_wood_f9_r1_v1_winsb16.wav,dataset/tactile/wood/VisTouch_wood_f9_r1_v1_winsb16.csv,dataset/video/wood/VisTouch_wood_f9_r1_v1_winsb16.avi
VisTouch_wood_f9_r1_v1_winmb01,wood_f9_r1_v1,wood,muban,木板,7,9,1,1,sliding,winmb01,test,1607155067.329,1607155077.629,10.300,dataset/audio/wood/VisTouch_wood_f9_r1_v1_winmb01.wav,dataset/tactile/wood/VisTouch_wood_f9_r1_v1_winmb01.csv,dataset/video/wood/VisTouch_wood_f9_r1_v1_winmb01.avi
VisTouch_wood_f9_r1_v1_winmb02,wood_f9_r1_v1,wood,muban,木板,7,9,1,1,sliding,winmb02,test,1607155073.227,1607155083.527,10.300,dataset/audio/wood/VisTouch_wood_f9_r1_v1_winmb02.wav,dataset/tactile/wood/VisTouch_wood_f9_r1_v1_winmb02.csv,dataset/video/wood/VisTouch_wood_f9_r1_v1_winmb02.avi
VisTouch_wood_f9_r1_v1_winmb03,wood_f9_r1_v1,wood,muban,木板,7,9,1,1,sliding,winmb03,test,1607155077.804,1607155088.104,10.300,dataset/audio/wood/VisTouch_wood_f9_r1_v1_winmb03.wav,dataset/tactile/wood/VisTouch_wood_f9_r1_v1_winmb03.csv,dataset/video/wood/VisTouch_wood_f9_r1_v1_winmb03.avi
VisTouch_wood_f9_r1_v1_winmb05,wood_f9_r1_v1,wood,muban,木板,7,9,1,1,sliding,winmb05,test,1607155087.885,1607155098.185,10.300,dataset/audio/wood/VisTouch_wood_f9_r1_v1_winmb05.wav,dataset/tactile/wood/VisTouch_wood_f9_r1_v1_winmb05.csv,dataset/video/wood/VisTouch_wood_f9_r1_v1_winmb05.avi
VisTouch_wood_f9_r1_v1_winmb06,wood_f9_r1_v1,wood,muban,木板,7,9,1,1,sliding,winmb06,test,1607155093.721,1607155104.021,10.300,dataset/audio/wood/VisTouch_wood_f9_r1_v1_winmb06.wav,dataset/tactile/wood/VisTouch_wood_f9_r1_v1_winmb06.csv,dataset/video/wood/VisTouch_wood_f9_r1_v1_winmb06.avi
VisTouch_wood_f9_r1_v1_winmb07,wood_f9_r1_v1,wood,muban,木板,7,9,1,1,sliding,winmb07,test,1607155098.144,1607155108.444,10.300,dataset/audio/wood/VisTouch_wood_f9_r1_v1_winmb07.wav,dataset/tactile/wood/VisTouch_wood_f9_r1_v1_winmb07.csv,dataset/video/wood/VisTouch_wood_f9_r1_v1_winmb07.avi
VisTouch_wood_f9_r1_v1_winmb08,wood_f9_r1_v1,wood,muban,木板,7,9,1,1,sliding,winmb08,test,1607155104.039,1607155114.339,10.300,dataset/audio/wood/VisTouch_wood_f9_r1_v1_winmb08.wav,dataset/tactile/wood/VisTouch_wood_f9_r1_v1_winmb08.csv,dataset/video/wood/VisTouch_wood_f9_r1_v1_winmb08.avi
VisTouch_wood_f9_r1_v1_winmb09,wood_f9_r1_v1,wood,muban,木板,7,9,1,1,sliding,winmb09,test,1607155108.030,1607155118.330,10.300,dataset/audio/wood/VisTouch_wood_f9_r1_v1_winmb09.wav,dataset/tactile/wood/VisTouch_wood_f9_r1_v1_winmb09.csv,dataset/video/wood/VisTouch_wood_f9_r1_v1_winmb09.avi
VisTouch_wood_f9_r1_v1_winmb10,wood_f9_r1_v1,wood,muban,木板,7,9,1,1,sliding,winmb10,test,1607155113.353,1607155123.653,10.300,dataset/audio/wood/VisTouch_wood_f9_r1_v1_winmb10.wav,dataset/tactile/wood/VisTouch_wood_f9_r1_v1_winmb10.csv,dataset/video/wood/VisTouch_wood_f9_r1_v1_winmb10.avi
VisTouch_wood_f9_r1_v1_winlb01,wood_f9_r1_v1,wood,muban,木板,7,9,1,1,sliding,winlb01,test,1607155067.994,1607155081.994,14.000,dataset/audio/wood/VisTouch_wood_f9_r1_v1_winlb01.wav,dataset/tactile/wood/VisTouch_wood_f9_r1_v1_winlb01.csv,dataset/video/wood/VisTouch_wood_f9_r1_v1_winlb01.avi
VisTouch_wood_f9_r1_v1_winlb02,wood_f9_r1_v1,wood,muban,木板,7,9,1,1,sliding,winlb02,test,1607155076.277,1607155090.277,14.000,dataset/audio/wood/VisTouch_wood_f9_r1_v1_winlb02.wav,dataset/tactile/wood/VisTouch_wood_f9_r1_v1_winlb02.csv,dataset/video/wood/VisTouch_wood_f9_r1_v1_winlb02.avi
VisTouch_wood_f9_r1_v1_winlb03,wood_f9_r1_v1,wood,muban,木板,7,9,1,1,sliding,winlb03,test,1607155082.127,1607155096.127,14.000,dataset/audio/wood/VisTouch_wood_f9_r1_v1_winlb03.wav,dataset/tactile/wood/VisTouch_wood_f9_r1_v1_winlb03.csv,dataset/video/wood/VisTouch_wood_f9_r1_v1_winlb03.avi
VisTouch_wood_f9_r1_v1_winlb04,wood_f9_r1_v1,wood,muban,木板,7,9,1,1,sliding,winlb04,test,1607155089.465,1607155103.465,14.000,dataset/audio/wood/VisTouch_wood_f9_r1_v1_winlb04.wav,dataset/tactile/wood/VisTouch_wood_f9_r1_v1_winlb04.csv,dataset/video/wood/VisTouch_wood_f9_r1_v1_winlb04.avi
VisTouch_wood_f9_r1_v1_winlb05,wood_f9_r1_v1,wood,muban,木板,7,9,1,1,sliding,winlb05,test,1607155095.675,1607155109.675,14.000,dataset/audio/wood/VisTouch_wood_f9_r1_v1_winlb05.wav,dataset/tactile/wood/VisTouch_wood_f9_r1_v1_winlb05.csv,dataset/video/wood/VisTouch_wood_f9_r1_v1_winlb05.avi
VisTouch_wood_f9_r1_v1_winlb06,wood_f9_r1_v1,wood,muban,木板,7,9,1,1,sliding,winlb06,test,1607155103.640,1607155117.640,14.000,dataset/audio/wood/VisTouch_wood_f9_r1_v1_winlb06.wav,dataset/tactile/wood/VisTouch_wood_f9_r1_v1_winlb06.csv,dataset/video/wood/VisTouch_wood_f9_r1_v1_winlb06.avi
VisTouch_wood_f9_r1_v1_winlb07,wood_f9_r1_v1,wood,muban,木板,7,9,1,1,sliding,winlb07,test,1607155109.652,1607155123.652,14.000,dataset/audio/wood/VisTouch_wood_f9_r1_v1_winlb07.wav,dataset/tactile/wood/VisTouch_wood_f9_r1_v1_winlb07.csv,dataset/video/wood/VisTouch_wood_f9_r1_v1_winlb07.avi
VisTouch_wood_f9_r1_v1_wine01,wood_f9_r1_v1,wood,muban,木板,7,9,1,1,sliding,wine01,test,1607155065.000,1607155073.500,8.500,dataset/audio/wood/VisTouch_wood_f9_r1_v1_wine01.wav,dataset/tactile/wood/VisTouch_wood_f9_r1_v1_wine01.csv,dataset/video/wood/VisTouch_wood_f9_r1_v1_wine01.avi
VisTouch_wood_f9_r1_v1_wine02,wood_f9_r1_v1,wood,muban,木板,7,9,1,1,sliding,wine02,test,1607155069.634,1607155078.134,8.500,dataset/audio/wood/VisTouch_wood_f9_r1_v1_wine02.wav,dataset/tactile/wood/VisTouch_wood_f9_r1_v1_wine02.csv,dataset/video/wood/VisTouch_wood_f9_r1_v1_wine02.avi
VisTouch_wood_f9_r1_v1_wine03,wood_f9_r1_v1,wood,muban,木板,7,9,1,1,sliding,wine03,test,1607155073.173,1607155081.673,8.500,dataset/audio/wood/VisTouch_wood_f9_r1_v1_wine03.wav,dataset/tactile/wood/VisTouch_wood_f9_r1_v1_wine03.csv,dataset/video/wood/VisTouch_wood_f9_r1_v1_wine03.avi
VisTouch_wood_f9_r1_v1_wine04,wood_f9_r1_v1,wood,muban,木板,7,9,1,1,sliding,wine04,test,1607155077.191,1607155085.691,8.500,dataset/audio/wood/VisTouch_wood_f9_r1_v1_wine04.wav,dataset/tactile/wood/VisTouch_wood_f9_r1_v1_wine04.csv,dataset/video/wood/VisTouch_wood_f9_r1_v1_wine04.avi
VisTouch_wood_f9_r1_v1_wine05,wood_f9_r1_v1,wood,muban,木板,7,9,1,1,sliding,wine05,test,1607155082.130,1607155090.630,8.500,dataset/audio/wood/VisTouch_wood_f9_r1_v1_wine05.wav,dataset/tactile/wood/VisTouch_wood_f9_r1_v1_wine05.csv,dataset/video/wood/VisTouch_wood_f9_r1_v1_wine05.avi
VisTouch_wood_f9_r1_v1_wine06,wood_f9_r1_v1,wood,muban,木板,7,9,1,1,sliding,wine06,test,1607155085.799,1607155094.299,8.500,dataset/audio/wood/VisTouch_wood_f9_r1_v1_wine06.wav,dataset/tactile/wood/VisTouch_wood_f9_r1_v1_wine06.csv,dataset/video/wood/VisTouch_wood_f9_r1_v1_wine06.avi
VisTouch_wood_f9_r1_v1_wine07,wood_f9_r1_v1,wood,muban,木板,7,9,1,1,sliding,wine07,test,1607155089.930,1607155098.430,8.500,dataset/audio/wood/VisTouch_wood_f9_r1_v1_wine07.wav,dataset/tactile/wood/VisTouch_wood_f9_r1_v1_wine07.csv,dataset/video/wood/VisTouch_wood_f9_r1_v1_wine07.avi
VisTouch_wood_f9_r1_v1_wine08,wood_f9_r1_v1,wood,muban,木板,7,9,1,1,sliding,wine08,test,1607155095.171,1607155103.671,8.500,dataset/audio/wood/VisTouch_wood_f9_r1_v1_wine08.wav,dataset/tactile/wood/VisTouch_wood_f9_r1_v1_wine08.csv,dataset/video/wood/VisTouch_wood_f9_r1_v1_wine08.avi
VisTouch_wood_f9_r1_v1_wine09,wood_f9_r1_v1,wood,muban,木板,7,9,1,1,sliding,wine09,test,1607155098.869,1607155107.369,8.500,dataset/audio/wood/VisTouch_wood_f9_r1_v1_wine09.wav,dataset/tactile/wood/VisTouch_wood_f9_r1_v1_wine09.csv,dataset/video/wood/VisTouch_wood_f9_r1_v1_wine09.avi
VisTouch_wood_f9_r1_v1_wine10,wood_f9_r1_v1,wood,muban,木板,7,9,1,1,sliding,wine10,test,1607155103.716,1607155112.216,8.500,dataset/audio/wood/VisTouch_wood_f9_r1_v1_wine10.wav,dataset/tactile/wood/VisTouch_wood_f9_r1_v1_wine10.csv,dataset/video/wood/VisTouch_wood_f9_r1_v1_wine10.avi
VisTouch_wood_f9_r1_v1_wine11,wood_f9_r1_v1,wood,muban,木板,7,9,1,1,sliding,wine11,test,1607155107.811,1607155116.311,8.500,dataset/audio/wood/VisTouch_wood_f9_r1_v1_wine11.wav,dataset/tactile/wood/VisTouch_wood_f9_r1_v1_wine11.csv,dataset/video/wood/VisTouch_wood_f9_r1_v1_wine11.avi
VisTouch_wood_f9_r1_v1_wine13,wood_f9_r1_v1,wood,muban,木板,7,9,1,1,sliding,wine13,test,1607155115.471,1607155123.971,8.500,dataset/audio/wood/VisTouch_wood_f9_r1_v1_wine13.wav,dataset/tactile/wood/VisTouch_wood_f9_r1_v1_wine13.csv,dataset/video/wood/VisTouch_wood_f9_r1_v1_wine13.avi
