session_id,material_english,force_n,slice_mode,segment_label,start_epoch,end_epoch,duration_s,audio_start_idx,audio_end_idx,tactile_row_start_idx,tactile_row_end_idx,video_frame_start,video_frame_end
brass_f3_r1_v1,brass,3,cycle,seg01,1607151147.920,1607151158.300,10.380,142720,308800,265,580,267,578
brass_f3_r1_v1,brass,3,cycle,seg02,1607151158.300,1607151168.620,10.320,308800,473920,581,899,578,887
brass_f3_r1_v1,brass,3,cycle,seg03,1607151168.620,1607151178.940,10.320,473920,639040,900,1221,887,1196
brass_f3_r1_v1,brass,3,cycle,seg04,1607151178.940,1607151189.260,10.320,639040,804160,1222,1540,1196,1505
brass_f3_r1_v1,brass,3,cycle,seg05,1607151189.260,1607151199.580,10.320,804160,969280,1541,1858,1505,1813
brass_f3_r1_v1,brass,3,sliding,wins01,1607151141.100,1607151148.100,7.000,33600,145600,46,270,63,272
brass_f3_r1_v1,brass,3,sliding,wins02,1607151144.600,1607151151.600,7.000,89600,201600,157,375,168,377
brass_f3_r1_v1,brass,3,sliding,wins03,1607151148.100,1607151155.100,7.000,145600,257600,270,483,272,482
brass_f3_r1_v1,brass,3,sliding,wins04,1607151151.600,1607151158.600,7.000,201600,313600,376,590,377,587
brass_f3_r1_v1,brass,3,sliding,wins05,1607151155.100,1607151162.100,7.000,257600,369600,484,697,482,691
brass_f3_r1_v1,brass,3,sliding,wins06,1607151158.600,1607151165.600,7.000,313600,425600,591,805,587,796
brass_f3_r1_v1,brass,3,sliding,wins07,1607151162.100,1607151169.100,7.000,369600,481600,698,914,691,901
brass_f3_r1_v1,brass,3,sliding,wins08,1607151165.600,1607151172.600,7.000,425600,537600,805,1023,796,1006
brass_f3_r1_v1,brass,3,sliding,wins09,1607151169.100,1607151176.100,7.000,481600,593600,914,1132,901,1111
brass_f3_r1_v1,brass,3,sliding,wins10,1607151172.600,1607151179.600,7.000,537600,649600,1024,1241,1006,1215
brass_f3_r1_v1,brass,3,sliding,wins11,1607151176.100,1607151183.100,7.000,593600,705600,1133,1349,1111,1320
brass_f3_r1_v1,brass,3,sliding,wins12,1607151179.600,1607151186.600,7.000,649600,761600,1241,1457,1215,1425
brass_f3_r1_v1,brass,3,sliding,wins13,1607151183.100,1607151190.100,7.000,705600,817600,1350,1566,1320,1530
brass_f3_r1_v1,brass,3,sliding,wins14,1607151186.600,1607151193.600,7.000,761600,873600,1458,1674,1425,1634
brass_f3_r1_v1,brass,3,sliding,wins15,1607151190.100,1607151197.100,7.000,817600,929600,1567,1782,1530,1739
brass_f3_r1_v1,brass,3,sliding,wins16,1607151193.600,1607151200.600,7.000,873600,985600,1674,1890,1634,1844
brass_f3_r1_v1,brass,3,sliding,wins17,1607151197.100,1607151204.100,7.000,929600,1041600,1783,1998,1739,1949
brass_f3_r1_v1,brass,3,sliding,winm01,1607151141.100,1607151151.400,10.300,33600,198400,46,369,63,371
brass_f3_r1_v1,brass,3,sliding,winm02,1607151146.250,1607151156.550,10.300,116000,280800,212,527,217,525
brass_f3_r1_v1,brass,3,sliding,winm03,1607151151.400,1607151161.700,10.300,198400,363200,370,684,371,680
brass_f3_r1_v1,brass,3,sliding,winm04,1607151156.550,1607151166.850,10.300,280800,445600,528,844,525,834
brass_f3_r1_v1,brass,3,sliding,winm05,1607151161.700,1607151172.000,10.300,363200,528000,685,1005,680,988
brass_f3_r1_v1,brass,3,sliding,winm06,1607151166.850,1607151177.150,10.300,445600,610400,845,1165,834,1142
brass_f3_r1_v1,brass,3,sliding,winm07,1607151172.000,1607151182.300,10.300,528000,692800,1006,1325,988,1296
brass_f3_r1_v1,brass,3,sliding,winm08,1607151177.150,1607151187.450,10.300,610400,775200,1166,1483,1142,1450
brass_f3_r1_v1,brass,3,sliding,winm09,1607151182.300,1607151192.600,10.300,692800,857600,1326,1643,1296,1605
brass_f3_r1_v1,brass,3,sliding,winm10,1607151187.450,1607151197.750,10.300,775200,940000,1484,1803,1450,1759
brass_f3_r1_v1,brass,3,sliding,winm11,1607151192.600,1607151202.900,10.300,857600,1022400,1644,1961,1605,1913
brass_f3_r1_v1,brass,3,sliding,winl01,1607151141.100,1607151155.100,14.000,33600,257600,46,483,63,482
brass_f3_r1_v1,brass,3,sliding,winl02,1607151148.100,1607151162.100,14.000,145600,369600,270,697,272,691
brass_f3_r1_v1,brass,3,sliding,winl03,1607151155.100,1607151169.100,14.000,257600,481600,484,914,482,901
brass_f3_r1_v1,brass,3,sliding,winl04,1607151162.100,1607151176.100,14.000,369600,593600,698,1132,691,1111
brass_f3_r1_v1,brass,3,sliding,winl05,1607151169.100,1607151183.100,14.000,481600,705600,914,1349,901,1320
brass_f3_r1_v1,brass,3,sliding,winl06,1607151176.100,1607151190.100,14.000,593600,817600,1133,1566,1111,1530
brass_f3_r1_v1,brass,3,sliding,winl07,1607151183.100,1607151197.100,14.000,705600,929600,1350,1782,1320,1739
brass_f3_r1_v1,brass,3,sliding,winl08,1607151190.100,1607151204.100,14.000,817600,1041600,1567,1998,1530,1949
brass_f6_r1_v1,brass,6,cycle,seg01,1607151373.160,1607151383.420,10.260,130560,294720,651,1760,244,550
brass_f6_r1_v1,brass,6,cycle,seg02,1607151383.420,1607151393.680,10.260,294720,458880,1761,2085,550,857
brass_f6_r1_v1,brass,6,cycle,seg03,1607151393.680,1607151403.940,10.260,458880,623040,2086,2402,857,1163
brass_f6_r1_v1,brass,6,cycle,seg04,1607151403.940,1607151414.200,10.260,623040,787200,2403,2719,1163,1470
brass_f6_r1_v1,brass,6,cycle,seg05,1607151414.200,1607151424.500,10.300,787200,952000,2720,3037,1470,1777
brass_f6_r1_v1,brass,6,sliding,wins01,1607151367.000,1607151374.000,7.000,32000,144000,0,744,60,269
brass_f6_r1_v1,brass,6,sliding,wins02,1607151370.500,1607151377.500,7.000,88000,200000,364,1122,164,373
brass_f6_r1_v1,brass,6,sliding,wins03,1607151374.000,1607151381.000,7.000,144000,256000,744,1518,269,478
brass_f6_r1_v1,brass,6,sliding,wins04,1607151377.500,1607151384.500,7.000,200000,312000,1123,1803,373,582
brass_f6_r1_v1,brass,6,sliding,wins05,1607151381.000,1607151388.000,7.000,256000,368000,1518,1910,478,687
brass_f6_r1_v1,brass,6,sliding,wins06,1607151384.500,1607151391.500,7.000,312000,424000,1803,2017,582,792
brass_f6_r1_v1,brass,6,sliding,wins07,1607151388.000,1607151395.000,7.000,368000,480000,1910,2126,687,896
brass_f6_r1_v1,brass,6,sliding,wins08,1607151391.500,1607151398.500,7.000,424000,536000,2018,2234,792,1001
brass_f6_r1_v1,brass,6,sliding,wins09,1607151395.000,1607151402.000,7.000,480000,592000,2126,2342,896,1105
brass_f6_r1_v1,brass,6,sliding,wins10,1607151398.500,1607151405.500,7.000,536000,648000,2235,2449,1001,1210
brass_f6_r1_v1,brass,6,sliding,wins11,1607151402.000,1607151409.000,7.000,592000,704000,2342,2556,1105,1314
brass_f6_r1_v1,brass,6,sliding,wins12,1607151405.500,1607151412.500,7.000,648000,760000,2450,2666,1210,1419
brass_f6_r1_v1,brass,6,sliding,wins13,1607151409.000,1607151416.000,7.000,704000,816000,2556,2775,1314,1523
brass_f6_r1_v1,brass,6,sliding,wins14,1607151412.500,1607151419.500,7.000,760000,872000,2666,2884,1419,1628
brass_f6_r1_v1,brass,6,sliding,wins15,1607151416.000,1607151423.000,7.000,816000,928000,2775,2991,1523,1732
brass_f6_r1_v1,brass,6,sliding,wins16,1607151419.500,1607151426.500,7.000,872000,984000,2884,3099,1628,1837
brass_f6_r1_v1,brass,6,sliding,wins17,1607151423.000,1607151430.000,7.000,928000,1040000,2991,3206,1732,1942
brass_f6_r1_v1,brass,6,sliding,winm01,1607151367.000,1607151377.300,10.300,32000,196800,0,1101,60,367
brass_f6_r1_v1,brass,6,sliding,winm02,1607151372.150,1607151382.450,10.300,114400,279200,541,1678,214,521
brass_f6_r1_v1,brass,6,sliding,winm03,1607151377.300,1607151387.600,10.300,196800,361600,1102,1897,367,675
brass_f6_r1_v1,brass,6,sliding,winm04,1607151382.450,1607151392.750,10.300,279200,444000,1679,2057,521,829
brass_f6_r1_v1,brass,6,sliding,winm05,1607151387.600,1607151397.900,10.300,361600,526400,1898,2215,675,983
brass_f6_r1_v1,brass,6,sliding,winm06,1607151392.750,1607151403.050,10.300,444000,608800,2058,2374,829,1137
brass_f6_r1_v1,brass,6,sliding,winm07,1607151397.900,1607151408.200,10.300,526400,691200,2216,2532,983,1290
brass_f6_r1_v1,brass,6,sliding,winm08,1607151403.050,1607151413.350,10.300,608800,773600,2375,2692,1137,1444
brass_f6_r1_v1,brass,6,sliding,winm09,1607151408.200,1607151418.500,10.300,691200,856000,2533,2853,1290,1598
brass_f6_r1_v1,brass,6,sliding,winm10,1607151413.350,1607151423.650,10.300,773600,938400,2693,3011,1444,1752
brass_f6_r1_v1,brass,6,sliding,winm11,1607151418.500,1607151428.800,10.300,856000,1020800,2854,3169,1598,1906
brass_f6_r1_v1,brass,6,sliding,winl01,1607151367.000,1607151381.000,14.000,32000,256000,0,1518,60,478
brass_f6_r1_v1,brass,6,sliding,winl02,1607151374.000,1607151388.000,14.000,144000,368000,744,1910,269,687
brass_f6_r1_v1,brass,6,sliding,winl03,1607151381.000,1607151395.000,14.000,256000,480000,1518,2126,478,896
brass_f6_r1_v1,brass,6,sliding,winl04,1607151388.000,1607151402.000,14.000,368000,592000,1910,2342,687,1105
brass_f6_r1_v1,brass,6,sliding,winl05,1607151395.000,1607151409.000,14.000,480000,704000,2126,2556,896,1314
brass_f6_r1_v1,brass,6,sliding,winl06,1607151402.000,1607151416.000,14.000,592000,816000,2342,2775,1105,1523
brass_f6_r1_v1,brass,6,sliding,winl07,1607151409.000,1607151423.000,14.000,704000,928000,2556,2991,1314,1732
brass_f6_r1_v1,brass,6,sliding,winl08,1607151416.000,1607151430.000,14.000,816000,1040000,2775,3206,1523,1942
brass_f9_r1_v1,brass,9,cycle,seg01,1607152514.380,1607152524.560,10.180,134080,296960,247,561,250,554
brass_f9_r1_v1,brass,9,cycle,seg02,1607152524.560,1607152534.740,10.180,296960,459840,562,873,554,858
brass_f9_r1_v1,brass,9,cycle,seg03,1607152534.740,1607152544.920,10.180,459840,622720,874,1188,858,1161
brass_f9_r1_v1,brass,9,cycle,seg04,1607152544.920,1607152555.140,10.220,622720,786240,1189,1505,1161,1466
brass_f9_r1_v1,brass,9,cycle,seg05,1607152555.140,1607152565.320,10.180,786240,949120,1506,1817,1466,1770
brass_f9_r1_v1,brass,9,sliding,wins01,1607152507.400,1607152514.400,7.000,22400,134400,29,246,42,251
brass_f9_r1_v1,brass,9,sliding,wins02,1607152510.900,1607152517.900,7.000,78400,190400,138,355,146,355
brass_f9_r1_v1,brass,9,sliding,wins03,1607152514.400,1607152521.400,7.000,134400,246400,247,464,251,460
brass_f9_r1_v1,brass,9,sliding,wins04,1607152517.900,1607152524.900,7.000,190400,302400,356,571,355,564
brass_f9_r1_v1,brass,9,sliding,wins05,1607152521.400,1607152528.400,7.000,246400,358400,465,678,460,668
brass_f9_r1_v1,brass,9,sliding,wins06,1607152524.900,1607152531.900,7.000,302400,414400,572,787,564,773
brass_f9_r1_v1,brass,9,sliding,wins07,1607152528.400,1607152535.400,7.000,358400,470400,678,894,668,877
brass_f9_r1_v1,brass,9,sliding,wins08,1607152531.900,1607152538.900,7.000,414400,526400,788,1003,773,982
brass_f9_r1_v1,brass,9,sliding,wins09,1607152535.400,1607152542.400,7.000,470400,582400,895,1111,877,1086
brass_f9_r1_v1,brass,9,sliding,wins10,1607152538.900,1607152545.900,7.000,526400,638400,1004,1219,982,1191
brass_f9_r1_v1,brass,9,sliding,wins11,1607152542.400,1607152549.400,7.000,582400,694400,1111,1328,1086,1295
brass_f9_r1_v1,brass,9,sliding,wins12,1607152545.900,1607152552.900,7.000,638400,750400,1220,1436,1191,1399
brass_f9_r1_v1,brass,9,sliding,wins13,1607152549.400,1607152556.400,7.000,694400,806400,1329,1543,1295,1504
brass_f9_r1_v1,brass,9,sliding,wins14,1607152552.900,1607152559.900,7.000,750400,862400,1436,1649,1399,1608
brass_f9_r1_v1,brass,9,sliding,wins15,1607152556.400,1607152563.400,7.000,806400,918400,1544,1757,1504,1713
brass_f9_r1_v1,brass,9,sliding,wins16,1607152559.900,1607152566.900,7.000,862400,974400,1650,1866,1608,1817
brass_f9_r1_v1,brass,9,sliding,wins17,1607152563.400,1607152570.400,7.000,918400,1030400,1758,1976,1713,1922
brass_f9_r1_v1,brass,9,sliding,winm01,1607152507.400,1607152517.700,10.300,22400,187200,29,349,42,349
brass_f9_r1_v1,brass,9,sliding,winm02,1607152512.550,1607152522.850,10.300,104800,269600,190,508,195,503
brass_f9_r1_v1,brass,9,sliding,winm03,1607152517.700,1607152528.000,10.300,187200,352000,350,666,349,656
brass_f9_r1_v1,brass,9,sliding,winm04,1607152522.850,1607152533.150,10.300,269600,434400,509,824,503,810
brass_f9_r1_v1,brass,9,sliding,winm05,1607152528.000,1607152538.300,10.300,352000,516800,667,984,656,964
brass_f9_r1_v1,brass,9,sliding,winm06,1607152533.150,1607152543.450,10.300,434400,599200,825,1142,810,1118
brass_f9_r1_v1,brass,9,sliding,winm07,1607152538.300,1607152548.600,10.300,516800,681600,985,1303,964,1271
brass_f9_r1_v1,brass,9,sliding,winm08,1607152543.450,1607152553.750,10.300,599200,764000,1143,1462,1118,1425
brass_f9_r1_v1,brass,9,sliding,winm09,1607152548.600,1607152558.900,10.300,681600,846400,1304,1619,1271,1579
brass_f9_r1_v1,brass,9,sliding,winm10,1607152553.750,1607152564.050,10.300,764000,928800,1463,1777,1425,1732
brass_f9_r1_v1,brass,9,sliding,winm11,1607152558.900,1607152569.200,10.300,846400,1011200,1620,1938,1579,1886
brass_f9_r1_v1,brass,9,sliding,winl01,1607152507.400,1607152521.400,14.000,22400,246400,29,464,42,460
brass_f9_r1_v1,brass,9,sliding,winl02,1607152514.400,1607152528.400,14.000,134400,358400,247,678,251,668
brass_f9_r1_v1,brass,9,sliding,winl03,1607152521.400,1607152535.400,14.000,246400,470400,465,894,460,877
brass_f9_r1_v1,brass,9,sliding,winl04,1607152528.400,1607152542.400,14.000,358400,582400,678,1111,668,1086
brass_f9_r1_v1,brass,9,sliding,winl05,1607152535.400,1607152549.400,14.000,470400,694400,895,1328,877,1295
brass_f9_r1_v1,brass,9,sliding,winl06,1607152542.400,1607152556.400,14.000,582400,806400,1111,1543,1086,1504
brass_f9_r1_v1,brass,9,sliding,winl07,1607152549.400,1607152563.400,14.000,694400,918400,1329,1757,1295,1713
brass_f9_r1_v1,brass,9,sliding,winl08,1607152556.400,1607152570.400,14.000,806400,1030400,1544,1976,1504,1922
linen_f3_r1_v1,linen,3,cycle,seg01,1607135162.180,1607135172.740,10.560,146880,315840,245,568,271,583
linen_f3_r1_v1,linen,3,cycle,seg02,1607135172.740,1607135183.240,10.500,315840,483840,569,893,583,893
linen_f3_r1_v1,linen,3,cycle,seg03,1607135183.240,1607135193.780,10.540,483840,652480,894,1219,893,1205
linen_f3_r1_v1,linen,3,cycle,seg04,1607135193.780,1607135204.340,10.560,652480,821440,1220,1545,1205,1517
linen_f3_r1_v1,linen,3,cycle,seg05,1607135204.340,1607135214.880,10.540,821440,990080,1546,1868,1517,1828
linen_f3_r1_v1,linen,3,sliding,wins01,1607135155.220,1607135162.220,7.000,35520,147520,31,246,66,272
linen_f3_r1_v1,linen,3,sliding,wins02,1607135158.720,1607135165.720,7.000,91520,203520,139,354,169,376
linen_f3_r1_v1,linen,3,sliding,wins03,1607135162.220,1607135169.220,7.000,147520,259520,247,461,272,479
linen_f3_r1_v1,linen,3,sliding,wins04,1607135165.720,1607135172.720,7.000,203520,315520,355,568,376,583
linen_f3_r1_v1,linen,3,sliding,wins05,1607135169.220,1607135176.220,7.000,259520,371520,462,675,479,686
linen_f3_r1_v1,linen,3,sliding,wins06,1607135172.720,1607135179.720,7.000,315520,427520,569,783,583,789
linen_f3_r1_v1,linen,3,sliding,wins07,1607135176.220,1607135183.220,7.000,371520,483520,676,892,686,893
linen_f3_r1_v1,linen,3,sliding,wins08,1607135179.720,1607135186.720,7.000,427520,539520,784,1001,789,996
linen_f3_r1_v1,linen,3,sliding,wins09,1607135183.220,1607135190.220,7.000,483520,595520,893,1108,893,1100
linen_f3_r1_v1,linen,3,sliding,wins10,1607135186.720,1607135193.720,7.000,539520,651520,1002,1217,996,1203
linen_f3_r1_v1,linen,3,sliding,wins11,1607135190.220,1607135197.220,7.000,595520,707520,1109,1325,1100,1307
linen_f3_r1_v1,linen,3,sliding,wins12,1607135193.720,1607135200.720,7.000,651520,763520,1218,1433,1203,1410
linen_f3_r1_v1,linen,3,sliding,wins13,1607135197.220,1607135204.220,7.000,707520,819520,1326,1541,1307,1513
linen_f3_r1_v1,linen,3,sliding,wins14,1607135200.720,1607135207.720,7.000,763520,875520,1434,1650,1410,1617
linen_f3_r1_v1,linen,3,sliding,wins15,1607135204.220,1607135211.220,7.000,819520,931520,1542,1757,1513,1720
linen_f3_r1_v1,linen,3,sliding,wins16,1607135207.720,1607135214.720,7.000,875520,987520,1651,1863,1617,1824
linen_f3_r1_v1,linen,3,sliding,wins17,1607135211.220,1607135218.220,7.000,931520,1043520,1758,1971,1720,1927
linen_f3_r1_v1,linen,3,sliding,wins18,1607135214.720,1607135221.720,7.000,987520,1099520,1864,2078,1824,2030
linen_f3_r1_v1,linen,3,sliding,winm01,1607135155.220,1607135165.520,10.300,35520,200320,31,348,66,370
linen_f3_r1_v1,linen,3,sliding,winm02,1607135160.370,1607135170.670,10.300,117920,282720,189,506,218,522
linen_f3_r1_v1,linen,3,sliding,winm03,1607135165.520,1607135175.820,10.300,200320,365120,349,663,370,674
linen_f3_r1_v1,linen,3,sliding,winm04,1607135170.670,1607135180.970,10.300,282720,447520,507,823,522,826
linen_f3_r1_v1,linen,3,sliding,winm05,1607135175.820,1607135186.120,10.300,365120,529920,664,982,674,979
linen_f3_r1_v1,linen,3,sliding,winm06,1607135180.970,1607135191.270,10.300,447520,612320,824,1141,826,1131
linen_f3_r1_v1,linen,3,sliding,winm07,1607135186.120,1607135196.420,10.300,529920,694720,983,1300,979,1283
linen_f3_r1_v1,linen,3,sliding,winm08,1607135191.270,1607135201.570,10.300,612320,777120,1142,1459,1131,1435
linen_f3_r1_v1,linen,3,sliding,winm09,1607135196.420,1607135206.720,10.300,694720,859520,1301,1618,1283,1587
linen_f3_r1_v1,linen,3,sliding,winm10,1607135201.570,1607135211.870,10.300,777120,941920,1460,1777,1435,1739
linen_f3_r1_v1,linen,3,sliding,winm11,1607135206.720,1607135217.020,10.300,859520,1024320,1619,1933,1587,1892
linen_f3_r1_v1,linen,3,sliding,winl01,1607135155.220,1607135169.220,14.000,35520,259520,31,461,66,479
linen_f3_r1_v1,linen,3,sliding,winl02,1607135162.220,1607135176.220,14.000,147520,371520,247,675,272,686
linen_f3_r1_v1,linen,3,sliding,winl03,1607135169.220,1607135183.220,14.000,259520,483520,462,892,479,893
linen_f3_r1_v1,linen,3,sliding,winl04,1607135176.220,1607135190.220,14.000,371520,595520,676,1108,686,1100
linen_f3_r1_v1,linen,3,sliding,winl05,1607135183.220,1607135197.220,14.000,483520,707520,893,1325,893,1307
linen_f3_r1_v1,linen,3,sliding,winl06,1607135190.220,1607135204.220,14.000,595520,819520,1109,1541,1100,1513
linen_f3_r1_v1,linen,3,sliding,winl07,1607135197.220,1607135211.220,14.000,707520,931520,1326,1757,1307,1720
linen_f3_r1_v1,linen,3,sliding,winl08,1607135204.220,1607135218.220,14.000,819520,1043520,1542,1971,1513,1927
linen_f6_r1_v1,linen,6,cycle,seg01,1607135346.740,1607135357.340,10.600,139840,309440,545,871,261,577
linen_f6_r1_v1,linen,6,cycle,seg02,1607135357.340,1607135367.920,10.580,309440,478720,872,1196,577,892
linen_f6_r1_v1,linen,6,cycle,seg03,1607135367.920,1607135378.540,10.620,478720,648640,1197,1524,892,1209
linen_f6_r1_v1,linen,6,cycle,seg04,1607135378.540,1607135389.140,10.600,648640,818240,1525,1850,1209,1525
linen_f6_r1_v1,linen,6,cycle,seg05,1607135389.140,1607135399.760,10.620,818240,988160,1851,2178,1525,1842
linen_f6_r1_v1,linen,6,sliding,wins01,1607135340.000,1607135347.000,7.000,32000,144000,0,553,60,268
linen_f6_r1_v1,linen,6,sliding,wins02,1607135343.500,1607135350.500,7.000,88000,200000,335,659,164,373
linen_f6_r1_v1,linen,6,sliding,wins03,1607135347.000,1607135354.000,7.000,144000,256000,553,768,268,477
linen_f6_r1_v1,linen,6,sliding,wins04,1607135350.500,1607135357.500,7.000,200000,312000,660,876,373,581
linen_f6_r1_v1,linen,6,sliding,wins05,1607135354.000,1607135361.000,7.000,256000,368000,768,983,477,686
linen_f6_r1_v1,linen,6,sliding,wins06,1607135357.500,1607135364.500,7.000,312000,424000,877,1092,581,790
linen_f6_r1_v1,linen,6,sliding,wins07,1607135361.000,1607135368.000,7.000,368000,480000,983,1199,686,895
linen_f6_r1_v1,linen,6,sliding,wins08,1607135364.500,1607135371.500,7.000,424000,536000,1093,1307,790,999
linen_f6_r1_v1,linen,6,sliding,wins09,1607135368.000,1607135375.000,7.000,480000,592000,1199,1415,895,1103
linen_f6_r1_v1,linen,6,sliding,wins10,1607135371.500,1607135378.500,7.000,536000,648000,1307,1523,999,1208
linen_f6_r1_v1,linen,6,sliding,wins11,1607135375.000,1607135382.000,7.000,592000,704000,1415,1630,1103,1312
linen_f6_r1_v1,linen,6,sliding,wins12,1607135378.500,1607135385.500,7.000,648000,760000,1524,1738,1208,1416
linen_f6_r1_v1,linen,6,sliding,wins13,1607135382.000,1607135389.000,7.000,704000,816000,1630,1846,1312,1521
linen_f6_r1_v1,linen,6,sliding,wins14,1607135385.500,1607135392.500,7.000,760000,872000,1738,1955,1416,1625
linen_f6_r1_v1,linen,6,sliding,wins15,1607135389.000,1607135396.000,7.000,816000,928000,1846,2063,1521,1729
linen_f6_r1_v1,linen,6,sliding,wins16,1607135392.500,1607135399.500,7.000,872000,984000,1955,2171,1625,1834
linen_f6_r1_v1,linen,6,sliding,wins17,1607135396.000,1607135403.000,7.000,928000,1040000,2063,2278,1729,1938
linen_f6_r1_v1,linen,6,sliding,wins18,1607135399.500,1607135406.500,7.000,984000,1096000,2171,2387,1834,2043
linen_f6_r1_v1,linen,6,sliding,winm01,1607135340.000,1607135350.300,10.300,32000,196800,0,653,60,367
linen_f6_r1_v1,linen,6,sliding,winm02,1607135345.150,1607135355.450,10.300,114400,279200,496,812,213,520
linen_f6_r1_v1,linen,6,sliding,winm03,1607135350.300,1607135360.600,10.300,196800,361600,654,971,367,674
linen_f6_r1_v1,linen,6,sliding,winm04,1607135355.450,1607135365.750,10.300,279200,444000,813,1130,520,827
linen_f6_r1_v1,linen,6,sliding,winm05,1607135360.600,1607135370.900,10.300,361600,526400,972,1287,674,981
linen_f6_r1_v1,linen,6,sliding,winm06,1607135365.750,1607135376.050,10.300,444000,608800,1131,1447,827,1135
linen_f6_r1_v1,linen,6,sliding,winm07,1607135370.900,1607135381.200,10.300,526400,691200,1288,1605,981,1288
linen_f6_r1_v1,linen,6,sliding,winm08,1607135376.050,1607135386.350,10.300,608800,773600,1448,1763,1135,1442
linen_f6_r1_v1,linen,6,sliding,winm09,1607135381.200,1607135391.500,10.300,691200,856000,1606,1923,1288,1595
linen_f6_r1_v1,linen,6,sliding,winm10,1607135386.350,1607135396.650,10.300,773600,938400,1764,2083,1442,1749
linen_f6_r1_v1,linen,6,sliding,winm11,1607135391.500,1607135401.800,10.300,856000,1020800,1924,2240,1595,1902
linen_f6_r1_v1,linen,6,sliding,winl01,1607135340.000,1607135354.000,14.000,32000,256000,0,768,60,477
linen_f6_r1_v1,linen,6,sliding,winl02,1607135347.000,1607135361.000,14.000,144000,368000,553,983,268,686
linen_f6_r1_v1,linen,6,sliding,winl03,1607135354.000,1607135368.000,14.000,256000,480000,768,1199,477,895
linen_f6_r1_v1,linen,6,sliding,winl04,1607135361.000,1607135375.000,14.000,368000,592000,983,1415,686,1103
linen_f6_r1_v1,linen,6,sliding,winl05,1607135368.000,1607135382.000,14.000,480000,704000,1199,1630,895,1312
linen_f6_r1_v1,linen,6,sliding,winl06,1607135375.000,1607135389.000,14.000,592000,816000,1415,1846,1103,1521
linen_f6_r1_v1,linen,6,sliding,winl07,1607135382.000,1607135396.000,14.000,704000,928000,1630,2063,1312,1729
linen_f6_r1_v1,linen,6,sliding,winl08,1607135389.000,1607135403.000,14.000,816000,1040000,1846,2278,1521,1938
linen_f9_r1_v1,linen,9,cycle,seg01,1607135579.200,1607135589.860,10.660,147200,317760,699,1836,277,597
linen_f9_r1_v1,linen,9,cycle,seg02,1607135589.860,1607135600.540,10.680,317760,488640,1837,3114,597,918
linen_f9_r1_v1,linen,9,cycle,seg03,1607135600.540,1607135611.220,10.680,488640,659520,3115,4525,918,1239
linen_f9_r1_v1,linen,9,cycle,seg04,1607135611.220,1607135621.840,10.620,659520,829440,4526,5920,1239,1559
linen_f9_r1_v1,linen,9,cycle,seg05,1607135621.840,1607135632.520,10.680,829440,1000320,5921,7323,1559,1880
linen_f9_r1_v1,linen,9,sliding,wins01,1607135572.000,1607135579.000,7.000,32000,144000,0,677,60,271
linen_f9_r1_v1,linen,9,sliding,wins02,1607135575.500,1607135582.500,7.000,88000,200000,312,1056,165,376
linen_f9_r1_v1,linen,9,sliding,wins03,1607135579.000,1607135586.000,7.000,144000,256000,677,1433,271,481
linen_f9_r1_v1,linen,9,sliding,wins04,1607135582.500,1607135589.500,7.000,200000,312000,1057,1794,376,586
linen_f9_r1_v1,linen,9,sliding,wins05,1607135586.000,1607135593.000,7.000,256000,368000,1433,2142,481,691
linen_f9_r1_v1,linen,9,sliding,wins06,1607135589.500,1607135596.500,7.000,312000,424000,1794,2568,586,797
linen_f9_r1_v1,linen,9,sliding,wins07,1607135593.000,1607135600.000,7.000,368000,480000,2142,3046,691,902
linen_f9_r1_v1,linen,9,sliding,wins08,1607135596.500,1607135603.500,7.000,424000,536000,2568,3507,797,1007
linen_f9_r1_v1,linen,9,sliding,wins09,1607135600.000,1607135607.000,7.000,480000,592000,3046,3955,902,1112
linen_f9_r1_v1,linen,9,sliding,wins10,1607135603.500,1607135610.500,7.000,536000,648000,3508,4426,1007,1218
linen_f9_r1_v1,linen,9,sliding,wins11,1607135607.000,1607135614.000,7.000,592000,704000,3955,4881,1112,1323
linen_f9_r1_v1,linen,9,sliding,wins12,1607135610.500,1607135617.500,7.000,648000,760000,4426,5346,1218,1428
linen_f9_r1_v1,linen,9,sliding,wins13,1607135614.000,1607135621.000,7.000,704000,816000,4881,5805,1323,1533
linen_f9_r1_v1,linen,9,sliding,wins14,1607135617.500,1607135624.500,7.000,760000,872000,5347,6277,1428,1639
linen_f9_r1_v1,linen,9,sliding,wins15,1607135621.000,1607135628.000,7.000,816000,928000,5805,6731,1533,1744
linen_f9_r1_v1,linen,9,sliding,wins16,1607135624.500,1607135631.500,7.000,872000,984000,6278,7191,1639,1849
linen_f9_r1_v1,linen,9,sliding,wins17,1607135628.000,1607135635.000,7.000,928000,1040000,6731,7669,1744,1954
linen_f9_r1_v1,linen,9,sliding,wins18,1607135631.500,1607135638.500,7.000,984000,1096000,7191,8132,1849,2059
linen_f9_r1_v1,linen,9,sliding,winm01,1607135572.000,1607135582.300,10.300,32000,196800,0,1036,60,370
linen_f9_r1_v1,linen,9,sliding,winm02,1607135577.150,1607135587.450,10.300,114400,279200,489,1582,215,525
linen_f9_r1_v1,linen,9,sliding,winm03,1607135582.300,1607135592.600,10.300,196800,361600,1037,2102,370,679
linen_f9_r1_v1,linen,9,sliding,winm04,1607135587.450,1607135597.750,10.300,279200,444000,1583,2739,525,834
linen_f9_r1_v1,linen,9,sliding,winm05,1607135592.600,1607135602.900,10.300,361600,526400,2103,3426,679,989
linen_f9_r1_v1,linen,9,sliding,winm06,1607135597.750,1607135608.050,10.300,444000,608800,2740,4099,834,1144
linen_f9_r1_v1,linen,9,sliding,winm07,1607135602.900,1607135613.200,10.300,526400,691200,3427,4785,989,1299
linen_f9_r1_v1,linen,9,sliding,winm08,1607135608.050,1607135618.350,10.300,608800,773600,4100,5459,1144,1454
linen_f9_r1_v1,linen,9,sliding,winm09,1607135613.200,1607135623.500,10.300,691200,856000,4786,6142,1299,1608
linen_f9_r1_v1,linen,9,sliding,winm10,1607135618.350,1607135628.650,10.300,773600,938400,5460,6816,1454,1763
linen_f9_r1_v1,linen,9,sliding,winm11,1607135623.500,1607135633.800,10.300,856000,1020800,6143,7500,1608,1918
linen_f9_r1_v1,linen,9,sliding,winm12,1607135628.650,1607135638.950,10.300,938400,1103200,6817,8191,1763,2073
linen_f9_r1_v1,linen,9,sliding,winl01,1607135572.000,1607135586.000,14.000,32000,256000,0,1433,60,481
linen_f9_r1_v1,linen,9,sliding,winl02,1607135579.000,1607135593.000,14.000,144000,368000,677,2142,271,691
linen_f9_r1_v1,linen,9,sliding,winl03,1607135586.000,1607135600.000,14.000,256000,480000,1433,3046,481,902
linen_f9_r1_v1,linen,9,sliding,winl04,1607135593.000,1607135607.000,14.000,368000,592000,2142,3955,691,1112
linen_f9_r1_v1,linen,9,sliding,winl05,1607135600.000,1607135614.000,14.000,480000,704000,3046,4881,902,1323
linen_f9_r1_v1,linen,9,sliding,winl06,1607135607.000,1607135621.000,14.000,592000,816000,3955,5805,1112,1533
linen_f9_r1_v1,linen,9,sliding,winl07,1607135614.000,1607135628.000,14.000,704000,928000,4881,6731,1323,1744
linen_f9_r1_v1,linen,9,sliding,winl08,1607135621.000,1607135635.000,14.000,816000,1040000,5805,7669,1533,1954
paper_f3_r1_v1,paper,3,cycle,seg01,1607158619.980,1607158630.280,10.300,127680,292480,617,1723,237,544
paper_f3_r1_v1,paper,3,cycle,seg02,1607158630.280,1607158640.560,10.280,292480,456960,1724,2909,544,850
paper_f3_r1_v1,paper,3,cycle,seg03,1607158640.560,1607158650.860,10.300,456960,621760,2910,4217,850,1156
paper_f3_r1_v1,paper,3,cycle,seg04,1607158650.860,1607158661.160,10.300,621760,786560,4218,5573,1156,1463
paper_f3_r1_v1,paper,3,cycle,seg05,1607158661.160,1607158671.440,10.280,786560,951040,5574,6927,1463,1769
paper_f3_r1_v1,paper,3,sliding,wins01,1607158614.000,1607158621.000,7.000,32000,144000,0,724,60,268
paper_f3_r1_v1,paper,3,sliding,wins02,1607158617.500,1607158624.500,7.000,88000,200000,360,1093,164,372
paper_f3_r1_v1,paper,3,sliding,wins03,1607158621.000,1607158628.000,7.000,144000,256000,724,1484,268,476
paper_f3_r1_v1,paper,3,sliding,wins04,1607158624.500,1607158631.500,7.000,200000,312000,1093,1848,372,580
paper_f3_r1_v1,paper,3,sliding,wins05,1607158628.000,1607158635.000,7.000,256000,368000,1484,2217,476,684
paper_f3_r1_v1,paper,3,sliding,wins06,1607158631.500,1607158638.500,7.000,312000,424000,1849,2637,580,789
paper_f3_r1_v1,paper,3,sliding,wins07,1607158635.000,1607158642.000,7.000,368000,480000,2217,3101,684,893
paper_f3_r1_v1,paper,3,sliding,wins08,1607158638.500,1607158645.500,7.000,424000,536000,2637,3540,789,997
paper_f3_r1_v1,paper,3,sliding,wins09,1607158642.000,1607158649.000,7.000,480000,592000,3101,3986,893,1101
paper_f3_r1_v1,paper,3,sliding,wins10,1607158645.500,1607158652.500,7.000,536000,648000,3541,4438,997,1205
paper_f3_r1_v1,paper,3,sliding,wins11,1607158649.000,1607158656.000,7.000,592000,704000,3986,4900,1101,1309
paper_f3_r1_v1,paper,3,sliding,wins12,1607158652.500,1607158659.500,7.000,648000,760000,4439,5336,1205,1414
paper_f3_r1_v1,paper,3,sliding,wins13,1607158656.000,1607158663.000,7.000,704000,816000,4900,5811,1309,1518
paper_f3_r1_v1,paper,3,sliding,wins14,1607158659.500,1607158666.500,7.000,760000,872000,5336,6275,1414,1622
paper_f3_r1_v1,paper,3,sliding,wins15,1607158663.000,1607158670.000,7.000,816000,928000,5811,6736,1518,1726
paper_f3_r1_v1,paper,3,sliding,wins16,1607158666.500,1607158673.500,7.000,872000,984000,6275,7214,1622,1830
paper_f3_r1_v1,paper,3,sliding,wins17,1607158670.000,1607158677.000,7.000,928000,1040000,6736,7660,1726,1934
paper_f3_r1_v1,paper,3,sliding,winm01,1607158614.000,1607158624.300,10.300,32000,196800,0,1073,60,366
paper_f3_r1_v1,paper,3,sliding,winm02,1607158619.150,1607158629.450,10.300,114400,279200,536,1637,213,519
paper_f3_r1_v1,paper,3,sliding,winm03,1607158624.300,1607158634.600,10.300,196800,361600,1074,2176,366,673
paper_f3_r1_v1,paper,3,sliding,winm04,1607158629.450,1607158639.750,10.300,279200,444000,1638,2803,519,826
paper_f3_r1_v1,paper,3,sliding,winm05,1607158634.600,1607158644.900,10.300,361600,526400,2177,3460,673,979
paper_f3_r1_v1,paper,3,sliding,winm06,1607158639.750,1607158650.050,10.300,444000,608800,2804,4125,826,1132
paper_f3_r1_v1,paper,3,sliding,winm07,1607158644.900,1607158655.200,10.300,526400,691200,3461,4800,979,1286
paper_f3_r1_v1,paper,3,sliding,winm08,1607158650.050,1607158660.350,10.300,608800,773600,4126,5455,1132,1439
paper_f3_r1_v1,paper,3,sliding,winm09,1607158655.200,1607158665.500,10.300,691200,856000,4801,6138,1286,1592
paper_f3_r1_v1,paper,3,sliding,winm10,1607158660.350,1607158670.650,10.300,773600,938400,5456,6820,1439,1745
paper_f3_r1_v1,paper,3,sliding,winm11,1607158665.500,1607158675.800,10.300,856000,1020800,6139,7509,1592,1899
paper_f3_r1_v1,paper,3,sliding,winl01,1607158614.000,1607158628.000,14.000,32000,256000,0,1484,60,476
paper_f3_r1_v1,paper,3,sliding,winl02,1607158621.000,1607158635.000,14.000,144000,368000,724,2217,268,684
paper_f3_r1_v1,paper,3,sliding,winl03,1607158628.000,1607158642.000,14.000,256000,480000,1484,3101,476,893
paper_f3_r1_v1,paper,3,sliding,winl04,1607158635.000,1607158649.000,14.000,368000,592000,2217,3986,684,1101
paper_f3_r1_v1,paper,3,sliding,winl05,1607158642.000,1607158656.000,14.000,480000,704000,3101,4900,893,1309
paper_f3_r1_v1,paper,3,sliding,winl06,1607158649.000,1607158663.000,14.000,592000,816000,3986,5811,1101,1518
paper_f3_r1_v1,paper,3,sliding,winl07,1607158656.000,1607158670.000,14.000,704000,928000,4900,6736,1309,1726
paper_f3_r1_v1,paper,3,sliding,winl08,1607158663.000,1607158677.000,14.000,816000,1040000,5811,7660,1518,1934
paper_f6_r1_v1,paper,6,cycle,seg01,1607158255.500,1607158265.760,10.260,136000,300160,619,1748,253,559
paper_f6_r1_v1,paper,6,cycle,seg02,1607158265.760,1607158275.980,10.220,300160,463680,1749,2957,559,864
paper_f6_r1_v1,paper,6,cycle,seg03,1607158275.980,1607158286.200,10.220,463680,627200,2958,4330,864,1169
paper_f6_r1_v1,paper,6,cycle,seg04,1607158286.200,1607158296.460,10.260,627200,791360,4331,5697,1169,1475
paper_f6_r1_v1,paper,6,cycle,seg05,1607158296.460,1607158306.680,10.220,791360,954880,5698,7057,1475,1779
paper_f6_r1_v1,paper,6,sliding,wins01,1607158249.000,1607158256.000,7.000,32000,144000,0,672,60,268
paper_f6_r1_v1,paper,6,sliding,wins02,1607158252.500,1607158259.500,7.000,88000,200000,305,1045,164,373
paper_f6_r1_v1,paper,6,sliding,wins03,1607158256.000,1607158263.000,7.000,144000,256000,672,1444,268,477
paper_f6_r1_v1,paper,6,sliding,wins04,1607158259.500,1607158266.500,7.000,200000,312000,1046,1825,373,581
paper_f6_r1_v1,paper,6,sliding,wins05,1607158263.000,1607158270.000,7.000,256000,368000,1444,2175,477,686
paper_f6_r1_v1,paper,6,sliding,wins06,1607158266.500,1607158273.500,7.000,312000,424000,1826,2617,581,790
paper_f6_r1_v1,paper,6,sliding,wins07,1607158270.000,1607158277.000,7.000,368000,480000,2175,3096,686,894
paper_f6_r1_v1,paper,6,sliding,wins08,1607158273.500,1607158280.500,7.000,424000,536000,2617,3559,790,999
paper_f6_r1_v1,paper,6,sliding,wins09,1607158277.000,1607158284.000,7.000,480000,592000,3096,4025,894,1103
paper_f6_r1_v1,paper,6,sliding,wins10,1607158280.500,1607158287.500,7.000,536000,648000,3559,4499,999,1207
paper_f6_r1_v1,paper,6,sliding,wins11,1607158284.000,1607158291.000,7.000,592000,704000,4025,4962,1103,1312
paper_f6_r1_v1,paper,6,sliding,wins12,1607158287.500,1607158294.500,7.000,648000,760000,4500,5440,1207,1416
paper_f6_r1_v1,paper,6,sliding,wins13,1607158291.000,1607158298.000,7.000,704000,816000,4962,5901,1312,1520
paper_f6_r1_v1,paper,6,sliding,wins14,1607158294.500,1607158301.500,7.000,760000,872000,5440,6353,1416,1625
paper_f6_r1_v1,paper,6,sliding,wins15,1607158298.000,1607158305.000,7.000,816000,928000,5901,6829,1520,1729
paper_f6_r1_v1,paper,6,sliding,wins16,1607158301.500,1607158308.500,7.000,872000,984000,6354,7307,1625,1834
paper_f6_r1_v1,paper,6,sliding,wins17,1607158305.000,1607158312.000,7.000,928000,1040000,6829,7774,1729,1938
paper_f6_r1_v1,paper,6,sliding,winm01,1607158249.000,1607158259.300,10.300,32000,196800,0,1025,60,367
paper_f6_r1_v1,paper,6,sliding,winm02,1607158254.150,1607158264.450,10.300,114400,279200,469,1602,213,520
paper_f6_r1_v1,paper,6,sliding,winm03,1607158259.300,1607158269.600,10.300,196800,361600,1026,2138,367,674
paper_f6_r1_v1,paper,6,sliding,winm04,1607158264.450,1607158274.750,10.300,279200,444000,1603,2787,520,827
paper_f6_r1_v1,paper,6,sliding,winm05,1607158269.600,1607158279.900,10.300,361600,526400,2139,3472,674,981
paper_f6_r1_v1,paper,6,sliding,winm06,1607158274.750,1607158285.050,10.300,444000,608800,2788,4171,827,1134
paper_f6_r1_v1,paper,6,sliding,winm07,1607158279.900,1607158290.200,10.300,526400,691200,3473,4858,981,1288
paper_f6_r1_v1,paper,6,sliding,winm08,1607158285.050,1607158295.350,10.300,608800,773600,4172,5550,1134,1441
paper_f6_r1_v1,paper,6,sliding,winm09,1607158290.200,1607158300.500,10.300,691200,856000,4859,6223,1288,1595
paper_f6_r1_v1,paper,6,sliding,winm10,1607158295.350,1607158305.650,10.300,773600,938400,5551,6917,1441,1749
paper_f6_r1_v1,paper,6,sliding,winm11,1607158300.500,1607158310.800,10.300,856000,1020800,6224,7612,1595,1902
paper_f6_r1_v1,paper,6,sliding,winl01,1607158249.000,1607158263.000,14.000,32000,256000,0,1444,60,477
paper_f6_r1_v1,paper,6,sliding,winl02,1607158256.000,1607158270.000,14.000,144000,368000,672,2175,268,686
paper_f6_r1_v1,paper,6,sliding,winl03,1607158263.000,1607158277.000,14.000,256000,480000,1444,3096,477,894
paper_f6_r1_v1,paper,6,sliding,winl04,1607158270.000,1607158284.000,14.000,368000,592000,2175,4025,686,1103
paper_f6_r1_v1,paper,6,sliding,winl05,1607158277.000,1607158291.000,14.000,480000,704000,3096,4962,894,1312
paper_f6_r1_v1,paper,6,sliding,winl06,1607158284.000,1607158298.000,14.000,592000,816000,4025,5901,1103,1520
paper_f6_r1_v1,paper,6,sliding,winl07,1607158291.000,1607158305.000,14.000,704000,928000,4962,6829,1312,1729
paper_f6_r1_v1,paper,6,sliding,winl08,1607158298.000,1607158312.000,14.000,816000,1040000,5901,7774,1520,1938
paper_f9_r1_v1,paper,9,cycle,seg01,1607158455.380,1607158465.580,10.200,134080,297280,327,641,250,555
paper_f9_r1_v1,paper,9,cycle,seg02,1607158465.580,1607158475.780,10.200,297280,460480,642,955,555,860
paper_f9_r1_v1,paper,9,cycle,seg03,1607158475.780,1607158485.960,10.180,460480,623360,956,1270,860,1164
paper_f9_r1_v1,paper,9,cycle,seg04,1607158485.960,1607158496.120,10.160,623360,785920,1271,1585,1164,1467
paper_f9_r1_v1,paper,9,cycle,seg05,1607158496.120,1607158506.300,10.180,785920,948800,1586,1901,1467,1771
paper_f9_r1_v1,paper,9,sliding,wins01,1607158448.520,1607158455.520,7.000,24320,136320,104,331,45,254
paper_f9_r1_v1,paper,9,sliding,wins02,1607158452.020,1607158459.020,7.000,80320,192320,223,438,150,359
paper_f9_r1_v1,paper,9,sliding,wins03,1607158455.520,1607158462.520,7.000,136320,248320,332,547,254,464
paper_f9_r1_v1,paper,9,sliding,wins04,1607158459.020,1607158466.020,7.000,192320,304320,439,655,359,568
paper_f9_r1_v1,paper,9,sliding,wins05,1607158462.520,1607158469.520,7.000,248320,360320,548,761,464,673
paper_f9_r1_v1,paper,9,sliding,wins06,1607158466.020,1607158473.020,7.000,304320,416320,656,869,568,777
paper_f9_r1_v1,paper,9,sliding,wins07,1607158469.520,1607158476.520,7.000,360320,472320,762,977,673,882
paper_f9_r1_v1,paper,9,sliding,wins08,1607158473.020,1607158480.020,7.000,416320,528320,870,1086,777,986
paper_f9_r1_v1,paper,9,sliding,wins09,1607158476.520,1607158483.520,7.000,472320,584320,978,1195,882,1091
paper_f9_r1_v1,paper,9,sliding,wins10,1607158480.020,1607158487.020,7.000,528320,640320,1087,1304,986,1195
paper_f9_r1_v1,paper,9,sliding,wins11,1607158483.520,1607158490.520,7.000,584320,696320,1196,1412,1091,1300
paper_f9_r1_v1,paper,9,sliding,wins12,1607158487.020,1607158494.020,7.000,640320,752320,1305,1519,1195,1404
paper_f9_r1_v1,paper,9,sliding,wins13,1607158490.520,1607158497.520,7.000,696320,808320,1413,1628,1300,1509
paper_f9_r1_v1,paper,9,sliding,wins14,1607158494.020,1607158501.020,7.000,752320,864320,1520,1736,1404,1613
paper_f9_r1_v1,paper,9,sliding,wins15,1607158497.520,1607158504.520,7.000,808320,920320,1629,1845,1509,1718
paper_f9_r1_v1,paper,9,sliding,wins16,1607158501.020,1607158508.020,7.000,864320,976320,1737,1954,1613,1822
paper_f9_r1_v1,paper,9,sliding,wins17,1607158504.520,1607158511.520,7.000,920320,1032320,1846,2062,1718,1927
paper_f9_r1_v1,paper,9,sliding,winm01,1607158448.520,1607158458.820,10.300,24320,189120,104,432,45,353
paper_f9_r1_v1,paper,9,sliding,winm02,1607158453.670,1607158463.970,10.300,106720,271520,274,592,199,507
paper_f9_r1_v1,paper,9,sliding,winm03,1607158458.820,1607158469.120,10.300,189120,353920,433,748,353,661
paper_f9_r1_v1,paper,9,sliding,winm04,1607158463.970,1607158474.270,10.300,271520,436320,593,909,507,814
paper_f9_r1_v1,paper,9,sliding,winm05,1607158469.120,1607158479.420,10.300,353920,518720,749,1067,661,968
paper_f9_r1_v1,paper,9,sliding,winm06,1607158474.270,1607158484.570,10.300,436320,601120,910,1228,814,1122
paper_f9_r1_v1,paper,9,sliding,winm07,1607158479.420,1607158489.720,10.300,518720,683520,1068,1387,968,1276
paper_f9_r1_v1,paper,9,sliding,winm08,1607158484.570,1607158494.870,10.300,601120,765920,1229,1545,1122,1430
paper_f9_r1_v1,paper,9,sliding,winm09,1607158489.720,1607158500.020,10.300,683520,848320,1388,1705,1276,1584
paper_f9_r1_v1,paper,9,sliding,winm10,1607158494.870,1607158505.170,10.300,765920,930720,1546,1866,1430,1737
paper_f9_r1_v1,paper,9,sliding,winm11,1607158500.020,1607158510.320,10.300,848320,1013120,1706,2025,1584,1891
paper_f9_r1_v1,paper,9,sliding,winl01,1607158448.520,1607158462.520,14.000,24320,248320,104,547,45,464
paper_f9_r1_v1,paper,9,sliding,winl02,1607158455.520,1607158469.520,14.000,136320,360320,332,761,254,673
paper_f9_r1_v1,paper,9,sliding,winl03,1607158462.520,1607158476.520,14.000,248320,472320,548,977,464,882
paper_f9_r1_v1,paper,9,sliding,winl04,1607158469.520,1607158483.520,14.000,360320,584320,762,1195,673,1091
paper_f9_r1_v1,paper,9,sliding,winl05,1607158476.520,1607158490.520,14.000,472320,696320,978,1412,882,1300
paper_f9_r1_v1,paper,9,sliding,winl06,1607158483.520,1607158497.520,14.000,584320,808320,1196,1628,1091,1509
paper_f9_r1_v1,paper,9,sliding,winl07,1607158490.520,1607158504.520,14.000,696320,920320,1413,1845,1300,1718
paper_f9_r1_v1,paper,9,sliding,winl08,1607158497.520,1607158511.520,14.000,808320,1032320,1629,2062,1509,1927
polyester_f3_r1_v1,polyester,3,cycle,seg01,1607155505.360,1607155515.700,10.340,133760,299200,731,1839,247,554
polyester_f3_r1_v1,polyester,3,cycle,seg02,1607155515.700,1607155525.880,10.180,299200,462080,1840,3104,554,855
polyester_f3_r1_v1,polyester,3,cycle,seg03,1607155525.880,1607155536.200,10.320,462080,627200,3105,4474,855,1160
polyester_f3_r1_v1,polyester,3,cycle,seg04,1607155536.200,1607155546.460,10.260,627200,791360,4474,5807,1160,1464
polyester_f3_r1_v1,polyester,3,cycle,seg05,1607155546.460,1607155556.740,10.280,791360,955840,5808,7116,1464,1768
polyester_f3_r1_v1,polyester,3,sliding,wins01,1607155498.000,1607155505.000,7.000,16000,128000,0,692,30,237
polyester_f3_r1_v1,polyester,3,sliding,wins02,1607155501.500,1607155508.500,7.000,72000,184000,313,1049,133,340
polyester_f3_r1_v1,polyester,3,sliding,wins03,1607155505.000,1607155512.000,7.000,128000,240000,692,1438,237,444
polyester_f3_r1_v1,polyester,3,sliding,wins04,1607155508.500,1607155515.500,7.000,184000,296000,1049,1816,340,548
polyester_f3_r1_v1,polyester,3,sliding,wins05,1607155512.000,1607155519.000,7.000,240000,352000,1438,2190,444,651
polyester_f3_r1_v1,polyester,3,sliding,wins06,1607155515.500,1607155522.500,7.000,296000,408000,1817,2645,548,755
polyester_f3_r1_v1,polyester,3,sliding,wins07,1607155519.000,1607155526.000,7.000,352000,464000,2190,3122,651,858
polyester_f3_r1_v1,polyester,3,sliding,wins08,1607155522.500,1607155529.500,7.000,408000,520000,2646,3591,755,962
polyester_f3_r1_v1,polyester,3,sliding,wins09,1607155526.000,1607155533.000,7.000,464000,576000,3122,4052,858,1066
polyester_f3_r1_v1,polyester,3,sliding,wins10,1607155529.500,1607155536.500,7.000,520000,632000,3591,4511,962,1169
polyester_f3_r1_v1,polyester,3,sliding,wins11,1607155533.000,1607155540.000,7.000,576000,688000,4052,4967,1066,1273
polyester_f3_r1_v1,polyester,3,sliding,wins12,1607155536.500,1607155543.500,7.000,632000,744000,4512,5417,1169,1376
polyester_f3_r1_v1,polyester,3,sliding,wins13,1607155540.000,1607155547.000,7.000,688000,800000,4967,5873,1273,1480
polyester_f3_r1_v1,polyester,3,sliding,wins14,1607155543.500,1607155550.500,7.000,744000,856000,5417,6314,1376,1584
polyester_f3_r1_v1,polyester,3,sliding,wins15,1607155547.000,1607155554.000,7.000,800000,912000,5873,6752,1480,1687
polyester_f3_r1_v1,polyester,3,sliding,wins16,1607155550.500,1607155557.500,7.000,856000,968000,6314,7221,1584,1791
polyester_f3_r1_v1,polyester,3,sliding,wins17,1607155554.000,1607155561.000,7.000,912000,1024000,6752,7690,1687,1894
polyester_f3_r1_v1,polyester,3,sliding,winm01,1607155498.000,1607155508.300,10.300,16000,180800,0,1028,30,334
polyester_f3_r1_v1,polyester,3,sliding,winm02,1607155503.150,1607155513.450,10.300,98400,263200,488,1596,182,487
polyester_f3_r1_v1,polyester,3,sliding,winm03,1607155508.300,1607155518.600,10.300,180800,345600,1029,2150,334,639
polyester_f3_r1_v1,polyester,3,sliding,winm04,1607155513.450,1607155523.750,10.300,263200,428000,1597,2812,487,792
polyester_f3_r1_v1,polyester,3,sliding,winm05,1607155518.600,1607155528.900,10.300,345600,510400,2151,3512,639,944
polyester_f3_r1_v1,polyester,3,sliding,winm06,1607155523.750,1607155534.050,10.300,428000,592800,2813,4193,792,1097
polyester_f3_r1_v1,polyester,3,sliding,winm07,1607155528.900,1607155539.200,10.300,510400,675200,3513,4859,944,1249
polyester_f3_r1_v1,polyester,3,sliding,winm08,1607155534.050,1607155544.350,10.300,592800,757600,4194,5528,1097,1402
polyester_f3_r1_v1,polyester,3,sliding,winm09,1607155539.200,1607155549.500,10.300,675200,840000,4860,6194,1249,1554
polyester_f3_r1_v1,polyester,3,sliding,winm10,1607155544.350,1607155554.650,10.300,757600,922400,5529,6835,1402,1706
polyester_f3_r1_v1,polyester,3,sliding,winm11,1607155549.500,1607155559.800,10.300,840000,1004800,6195,7521,1554,1859
polyester_f3_r1_v1,polyester,3,sliding,winl01,1607155498.000,1607155512.000,14.000,16000,240000,0,1438,30,444
polyester_f3_r1_v1,polyester,3,sliding,winl02,1607155505.000,1607155519.000,14.000,128000,352000,692,2190,237,651
polyester_f3_r1_v1,polyester,3,sliding,winl03,1607155512.000,1607155526.000,14.000,240000,464000,1438,3122,444,858
polyester_f3_r1_v1,polyester,3,sliding,winl04,1607155519.000,1607155533.000,14.000,352000,576000,2190,4052,651,1066
polyester_f3_r1_v1,polyester,3,sliding,winl05,1607155526.000,1607155540.000,14.000,464000,688000,3122,4967,858,1273
polyester_f3_r1_v1,polyester,3,sliding,winl06,1607155533.000,1607155547.000,14.000,576000,800000,4052,5873,1066,1480
polyester_f3_r1_v1,polyester,3,sliding,winl07,1607155540.000,1607155554.000,14.000,688000,912000,4967,6752,1273,1687
polyester_f3_r1_v1,polyester,3,sliding,winl08,1607155547.000,1607155561.000,14.000,800000,1024000,5873,7690,1480,1894
polyester_f6_r1_v1,polyester,6,cycle,seg01,1607155722.920,1607155733.180,10.260,126720,290880,211,526,238,547
polyester_f6_r1_v1,polyester,6,cycle,seg02,1607155733.180,1607155743.400,10.220,290880,454400,527,844,547,855
polyester_f6_r1_v1,polyester,6,cycle,seg03,1607155743.400,1607155753.640,10.240,454400,618240,844,1159,855,1163
polyester_f6_r1_v1,polyester,6,cycle,seg04,1607155753.640,1607155763.880,10.240,618240,782080,1160,1479,1163,1471
polyester_f6_r1_v1,polyester,6,cycle,seg05,1607155763.880,1607155774.120,10.240,782080,945920,1480,1791,1471,1779
polyester_f6_r1_v1,polyester,6,sliding,wins01,1607155716.000,1607155723.000,7.000,16000,128000,0,213,30,241
polyester_f6_r1_v1,polyester,6,sliding,wins02,1607155719.500,1607155726.500,7.000,72000,184000,107,321,135,346
polyester_f6_r1_v1,polyester,6,sliding,wins03,1607155723.000,1607155730.000,7.000,128000,240000,213,429,241,451
polyester_f6_r1_v1,polyester,6,sliding,wins04,1607155726.500,1607155733.500,7.000,184000,296000,321,537,346,557
polyester_f6_r1_v1,polyester,6,sliding,wins05,1607155730.000,1607155737.000,7.000,240000,352000,429,646,451,662
polyester_f6_r1_v1,polyester,6,sliding,wins06,1607155733.500,1607155740.500,7.000,296000,408000,537,754,557,767
polyester_f6_r1_v1,polyester,6,sliding,wins07,1607155737.000,1607155744.000,7.000,352000,464000,646,862,662,873
polyester_f6_r1_v1,polyester,6,sliding,wins08,1607155740.500,1607155747.500,7.000,408000,520000,755,970,767,978
polyester_f6_r1_v1,polyester,6,sliding,wins09,1607155744.000,1607155751.000,7.000,464000,576000,862,1079,873,1083
polyester_f6_r1_v1,polyester,6,sliding,wins10,1607155747.500,1607155754.500,7.000,520000,632000,970,1186,978,1189
polyester_f6_r1_v1,polyester,6,sliding,wins11,1607155751.000,1607155758.000,7.000,576000,688000,1079,1296,1083,1294
polyester_f6_r1_v1,polyester,6,sliding,wins12,1607155754.500,1607155761.500,7.000,632000,744000,1187,1405,1189,1399
polyester_f6_r1_v1,polyester,6,sliding,wins13,1607155758.000,1607155765.000,7.000,688000,800000,1296,1514,1294,1505
polyester_f6_r1_v1,polyester,6,sliding,wins14,1607155761.500,1607155768.500,7.000,744000,856000,1406,1620,1399,1610
polyester_f6_r1_v1,polyester,6,sliding,wins15,1607155765.000,1607155772.000,7.000,800000,912000,1514,1726,1505,1715
polyester_f6_r1_v1,polyester,6,sliding,wins16,1607155768.500,1607155775.500,7.000,856000,968000,1620,1834,1610,1821
polyester_f6_r1_v1,polyester,6,sliding,wins17,1607155772.000,1607155779.000,7.000,912000,1024000,1726,1941,1715,1926
polyester_f6_r1_v1,polyester,6,sliding,winm01,1607155716.000,1607155726.300,10.300,16000,180800,0,315,30,340
polyester_f6_r1_v1,polyester,6,sliding,winm02,1607155721.150,1607155731.450,10.300,98400,263200,157,473,185,495
polyester_f6_r1_v1,polyester,6,sliding,winm03,1607155726.300,1607155736.600,10.300,180800,345600,316,633,340,650
polyester_f6_r1_v1,polyester,6,sliding,winm04,1607155731.450,1607155741.750,10.300,263200,428000,474,793,495,805
polyester_f6_r1_v1,polyester,6,sliding,winm05,1607155736.600,1607155746.900,10.300,345600,510400,634,951,650,960
polyester_f6_r1_v1,polyester,6,sliding,winm06,1607155741.750,1607155752.050,10.300,428000,592800,794,1110,805,1115
polyester_f6_r1_v1,polyester,6,sliding,winm07,1607155746.900,1607155757.200,10.300,510400,675200,952,1271,960,1270
polyester_f6_r1_v1,polyester,6,sliding,winm08,1607155752.050,1607155762.350,10.300,592800,757600,1111,1431,1115,1425
polyester_f6_r1_v1,polyester,6,sliding,winm09,1607155757.200,1607155767.500,10.300,675200,840000,1272,1590,1270,1580
polyester_f6_r1_v1,polyester,6,sliding,winm10,1607155762.350,1607155772.650,10.300,757600,922400,1432,1746,1425,1735
polyester_f6_r1_v1,polyester,6,sliding,winm11,1607155767.500,1607155777.800,10.300,840000,1004800,1591,1904,1580,1890
polyester_f6_r1_v1,polyester,6,sliding,winl01,1607155716.000,1607155730.000,14.000,16000,240000,0,429,30,451
polyester_f6_r1_v1,polyester,6,sliding,winl02,1607155723.000,1607155737.000,14.000,128000,352000,213,646,241,662
polyester_f6_r1_v1,polyester,6,sliding,winl03,1607155730.000,1607155744.000,14.000,240000,464000,429,862,451,873
polyester_f6_r1_v1,polyester,6,sliding,winl04,1607155737.000,1607155751.000,14.000,352000,576000,646,1079,662,1083
polyester_f6_r1_v1,polyester,6,sliding,winl05,1607155744.000,1607155758.000,14.000,464000,688000,862,1296,873,1294
polyester_f6_r1_v1,polyester,6,sliding,winl06,1607155751.000,1607155765.000,14.000,576000,800000,1079,1514,1083,1505
polyester_f6_r1_v1,polyester,6,sliding,winl07,1607155758.000,1607155772.000,14.000,688000,912000,1296,1726,1294,1715
polyester_f6_r1_v1,polyester,6,sliding,winl08,1607155765.000,1607155779.000,14.000,800000,1024000,1514,1941,1505,1926
polyester_f9_r1_v1,polyester,9,cycle,seg01,1607155866.420,1607155876.620,10.200,102720,265920,724,1770,193,500
polyester_f9_r1_v1,polyester,9,cycle,seg02,1607155876.620,1607155886.740,10.120,265920,427840,1771,2961,500,805
polyester_f9_r1_v1,polyester,9,cycle,seg03,1607155886.740,1607155896.940,10.200,427840,591040,2962,4310,805,1112
polyester_f9_r1_v1,polyester,9,cycle,seg04,1607155896.940,1607155907.120,10.180,591040,753920,4311,5669,1112,1419
polyester_f9_r1_v1,polyester,9,cycle,seg05,1607155907.120,1607155917.280,10.160,753920,916480,5670,6997,1419,1725
polyester_f9_r1_v1,polyester,9,sliding,wins01,1607155860.000,1607155866.000,6.000,0,96000,52,679,0,181
polyester_f9_r1_v1,polyester,9,sliding,wins02,1607155862.500,1607155869.500,7.000,40000,152000,323,1039,75,286
polyester_f9_r1_v1,polyester,9,sliding,wins03,1607155866.000,1607155873.000,7.000,96000,208000,679,1389,181,391
polyester_f9_r1_v1,polyester,9,sliding,wins04,1607155869.500,1607155876.500,7.000,152000,264000,1039,1756,286,497
polyester_f9_r1_v1,polyester,9,sliding,wins05,1607155873.000,1607155880.000,7.000,208000,320000,1389,2124,391,602
polyester_f9_r1_v1,polyester,9,sliding,wins06,1607155876.500,1607155883.500,7.000,264000,376000,1757,2539,497,708
polyester_f9_r1_v1,polyester,9,sliding,wins07,1607155880.000,1607155887.000,7.000,320000,432000,2124,2999,602,813
polyester_f9_r1_v1,polyester,9,sliding,wins08,1607155883.500,1607155890.500,7.000,376000,488000,2539,3477,708,918
polyester_f9_r1_v1,polyester,9,sliding,wins09,1607155887.000,1607155894.000,7.000,432000,544000,2999,3929,813,1024
polyester_f9_r1_v1,polyester,9,sliding,wins10,1607155890.500,1607155897.500,7.000,488000,600000,3477,4385,918,1129
polyester_f9_r1_v1,polyester,9,sliding,wins11,1607155894.000,1607155901.000,7.000,544000,656000,3929,4859,1024,1234
polyester_f9_r1_v1,polyester,9,sliding,wins12,1607155897.500,1607155904.500,7.000,600000,712000,4386,5327,1129,1340
polyester_f9_r1_v1,polyester,9,sliding,wins13,1607155901.000,1607155908.000,7.000,656000,768000,4859,5791,1234,1445
polyester_f9_r1_v1,polyester,9,sliding,wins14,1607155904.500,1607155911.500,7.000,712000,824000,5327,6251,1340,1550
polyester_f9_r1_v1,polyester,9,sliding,wins15,1607155908.000,1607155915.000,7.000,768000,880000,5791,6720,1445,1656
polyester_f9_r1_v1,polyester,9,sliding,wins16,1607155911.500,1607155918.500,7.000,824000,936000,6252,7169,1550,1761
polyester_f9_r1_v1,polyester,9,sliding,wins17,1607155915.000,1607155922.000,7.000,880000,992000,6720,7641,1656,1867
polyester_f9_r1_v1,polyester,9,sliding,winm01,1607155860.000,1607155869.300,9.300,0,148800,52,1018,0,280
polyester_f9_r1_v1,polyester,9,sliding,winm02,1607155864.150,1607155874.450,10.300,66400,231200,499,1540,125,435
polyester_f9_r1_v1,polyester,9,sliding,winm03,1607155869.300,1607155879.600,10.300,148800,313600,1019,2080,280,590
polyester_f9_r1_v1,polyester,9,sliding,winm04,1607155874.450,1607155884.750,10.300,231200,396000,1541,2696,435,745
polyester_f9_r1_v1,polyester,9,sliding,winm05,1607155879.600,1607155889.900,10.300,313600,478400,2081,3394,590,900
polyester_f9_r1_v1,polyester,9,sliding,winm06,1607155884.750,1607155895.050,10.300,396000,560800,2697,4064,745,1055
polyester_f9_r1_v1,polyester,9,sliding,winm07,1607155889.900,1607155900.200,10.300,478400,643200,3395,4745,900,1210
polyester_f9_r1_v1,polyester,9,sliding,winm08,1607155895.050,1607155905.350,10.300,560800,725600,4065,5440,1055,1365
polyester_f9_r1_v1,polyester,9,sliding,winm09,1607155900.200,1607155910.500,10.300,643200,808000,4746,6121,1210,1520
polyester_f9_r1_v1,polyester,9,sliding,winm10,1607155905.350,1607155915.650,10.300,725600,890400,5441,6801,1365,1675
polyester_f9_r1_v1,polyester,9,sliding,winm11,1607155910.500,1607155920.800,10.300,808000,972800,6122,7490,1520,1830
polyester_f9_r1_v1,polyester,9,sliding,winl01,1607155860.000,1607155873.000,13.000,0,208000,52,1389,0,391
polyester_f9_r1_v1,polyester,9,sliding,winl02,1607155866.000,1607155880.000,14.000,96000,320000,679,2124,181,602
polyester_f9_r1_v1,polyester,9,sliding,winl03,1607155873.000,1607155887.000,14.000,208000,432000,1389,2999,391,813
polyester_f9_r1_v1,polyester,9,sliding,winl04,1607155880.000,1607155894.000,14.000,320000,544000,2124,3929,602,1024
polyester_f9_r1_v1,polyester,9,sliding,winl05,1607155887.000,1607155901.000,14.000,432000,656000,2999,4859,813,1234
polyester_f9_r1_v1,polyester,9,sliding,winl06,1607155894.000,1607155908.000,14.000,544000,768000,3929,5791,1024,1445
polyester_f9_r1_v1,polyester,9,sliding,winl07,1607155901.000,1607155915.000,14.000,656000,880000,4859,6720,1234,1656
polyester_f9_r1_v1,polyester,9,sliding,winl08,1607155908.000,1607155922.000,14.000,768000,992000,5791,7641,1445,1867
silk_f3_r1_v1,silk,3,cycle,seg01,1607154134.720,1607154145.000,10.280,139520,304000,656,1763,260,567
silk_f3_r1_v1,silk,3,cycle,seg02,1607154145.000,1607154155.340,10.340,304000,469440,1763,3008,567,875
silk_f3_r1_v1,silk,3,cycle,seg03,1607154155.340,1607154165.620,10.280,469440,633920,3009,4368,875,1182
silk_f3_r1_v1,silk,3,cycle,seg04,1607154165.620,1607154175.880,10.260,633920,798080,4369,5709,1182,1488
silk_f3_r1_v1,silk,3,cycle,seg05,1607154175.880,1607154186.200,10.320,798080,963200,5710,7056,1488,1796
silk_f3_r1_v1,silk,3,sliding,wins01,1607154128.000,1607154135.000,7.000,32000,144000,0,683,60,268
silk_f3_r1_v1,silk,3,sliding,wins02,1607154131.500,1607154138.500,7.000,88000,200000,329,1055,164,373
silk_f3_r1_v1,silk,3,sliding,wins03,1607154135.000,1607154142.000,7.000,144000,256000,683,1450,268,477
silk_f3_r1_v1,silk,3,sliding,wins04,1607154138.500,1607154145.500,7.000,200000,312000,1056,1814,373,582
silk_f3_r1_v1,silk,3,sliding,wins05,1607154142.000,1607154149.000,7.000,256000,368000,1450,2190,477,686
silk_f3_r1_v1,silk,3,sliding,wins06,1607154145.500,1607154152.500,7.000,312000,424000,1815,2632,582,790
silk_f3_r1_v1,silk,3,sliding,wins07,1607154149.000,1607154156.000,7.000,368000,480000,2190,3092,686,895
silk_f3_r1_v1,silk,3,sliding,wins08,1607154152.500,1607154159.500,7.000,424000,536000,2633,3558,790,999
silk_f3_r1_v1,silk,3,sliding,wins09,1607154156.000,1607154163.000,7.000,480000,592000,3092,4021,895,1104
silk_f3_r1_v1,silk,3,sliding,wins10,1607154159.500,1607154166.500,7.000,536000,648000,3559,4487,999,1208
silk_f3_r1_v1,silk,3,sliding,wins11,1607154163.000,1607154170.000,7.000,592000,704000,4021,4947,1104,1312
silk_f3_r1_v1,silk,3,sliding,wins12,1607154166.500,1607154173.500,7.000,648000,760000,4487,5401,1208,1417
silk_f3_r1_v1,silk,3,sliding,wins13,1607154170.000,1607154177.000,7.000,704000,816000,4947,5858,1312,1521
silk_f3_r1_v1,silk,3,sliding,wins14,1607154173.500,1607154180.500,7.000,760000,872000,5401,6323,1417,1626
silk_f3_r1_v1,silk,3,sliding,wins15,1607154177.000,1607154184.000,7.000,816000,928000,5858,6783,1521,1730
silk_f3_r1_v1,silk,3,sliding,wins16,1607154180.500,1607154187.500,7.000,872000,984000,6323,7225,1626,1834
silk_f3_r1_v1,silk,3,sliding,wins17,1607154184.000,1607154191.000,7.000,928000,1040000,6783,7672,1730,1939
silk_f3_r1_v1,silk,3,sliding,winm01,1607154128.000,1607154138.300,10.300,32000,196800,0,1034,60,367
silk_f3_r1_v1,silk,3,sliding,winm02,1607154133.150,1607154143.450,10.300,114400,279200,501,1604,213,520
silk_f3_r1_v1,silk,3,sliding,winm03,1607154138.300,1607154148.600,10.300,196800,361600,1035,2146,367,674
silk_f3_r1_v1,silk,3,sliding,winm04,1607154143.450,1607154153.750,10.300,279200,444000,1605,2802,520,828
silk_f3_r1_v1,silk,3,sliding,winm05,1607154148.600,1607154158.900,10.300,361600,526400,2147,3480,674,981
silk_f3_r1_v1,silk,3,sliding,winm06,1607154153.750,1607154164.050,10.300,444000,608800,2803,4156,828,1135
silk_f3_r1_v1,silk,3,sliding,winm07,1607154158.900,1607154169.200,10.300,526400,691200,3481,4842,981,1289
silk_f3_r1_v1,silk,3,sliding,winm08,1607154164.050,1607154174.350,10.300,608800,773600,4157,5518,1135,1442
silk_f3_r1_v1,silk,3,sliding,winm09,1607154169.200,1607154179.500,10.300,691200,856000,4843,6195,1289,1596
silk_f3_r1_v1,silk,3,sliding,winm10,1607154174.350,1607154184.650,10.300,773600,938400,5519,6853,1442,1749
silk_f3_r1_v1,silk,3,sliding,winm11,1607154179.500,1607154189.800,10.300,856000,1020800,6196,7520,1596,1903
silk_f3_r1_v1,silk,3,sliding,winl01,1607154128.000,1607154142.000,14.000,32000,256000,0,1450,60,477
silk_f3_r1_v1,silk,3,sliding,winl02,1607154135.000,1607154149.000,14.000,144000,368000,683,2190,268,686
silk_f3_r1_v1,silk,3,sliding,winl03,1607154142.000,1607154156.000,14.000,256000,480000,1450,3092,477,895
silk_f3_r1_v1,silk,3,sliding,winl04,1607154149.000,1607154163.000,14.000,368000,592000,2190,4021,686,1104
silk_f3_r1_v1,silk,3,sliding,winl05,1607154156.000,1607154170.000,14.000,480000,704000,3092,4947,895,1312
silk_f3_r1_v1,silk,3,sliding,winl06,1607154163.000,1607154177.000,14.000,592000,816000,4021,5858,1104,1521
silk_f3_r1_v1,silk,3,sliding,winl07,1607154170.000,1607154184.000,14.000,704000,928000,4947,6783,1312,1730
silk_f3_r1_v1,silk,3,sliding,winl08,1607154177.000,1607154191.000,14.000,816000,1040000,5858,7672,1521,1939
silk_f6_r1_v1,silk,6,cycle,seg01,1607154295.920,1607154306.140,10.220,126720,290240,598,1696,241,553
silk_f6_r1_v1,silk,6,cycle,seg02,1607154306.140,1607154316.400,10.260,290240,454400,1697,2981,553,865
silk_f6_r1_v1,silk,6,cycle,seg03,1607154316.400,1607154326.660,10.260,454400,618560,2982,4395,865,1178
silk_f6_r1_v1,silk,6,cycle,seg04,1607154326.660,1607154336.920,10.260,618560,782720,4396,5803,1178,1491
silk_f6_r1_v1,silk,6,cycle,seg05,1607154336.920,1607154347.180,10.260,782720,946880,5804,7214,1491,1803
silk_f6_r1_v1,silk,6,sliding,wins01,1607154290.000,1607154297.000,7.000,32000,144000,0,719,61,274
silk_f6_r1_v1,silk,6,sliding,wins02,1607154293.500,1607154300.500,7.000,88000,200000,341,1093,168,381
silk_f6_r1_v1,silk,6,sliding,wins03,1607154297.000,1607154304.000,7.000,144000,256000,719,1464,274,488
silk_f6_r1_v1,silk,6,sliding,wins04,1607154300.500,1607154307.500,7.000,200000,312000,1094,1852,381,594
silk_f6_r1_v1,silk,6,sliding,wins05,1607154304.000,1607154311.000,7.000,256000,368000,1464,2232,488,701
silk_f6_r1_v1,silk,6,sliding,wins06,1607154307.500,1607154314.500,7.000,312000,424000,1852,2715,594,808
silk_f6_r1_v1,silk,6,sliding,wins07,1607154311.000,1607154318.000,7.000,368000,480000,2232,3202,701,914
silk_f6_r1_v1,silk,6,sliding,wins08,1607154314.500,1607154321.500,7.000,424000,536000,2716,3691,808,1021
silk_f6_r1_v1,silk,6,sliding,wins09,1607154318.000,1607154325.000,7.000,480000,592000,3202,4165,914,1128
silk_f6_r1_v1,silk,6,sliding,wins10,1607154321.500,1607154328.500,7.000,536000,648000,3692,4649,1021,1234
silk_f6_r1_v1,silk,6,sliding,wins11,1607154325.000,1607154332.000,7.000,592000,704000,4165,5124,1128,1341
silk_f6_r1_v1,silk,6,sliding,wins12,1607154328.500,1607154335.500,7.000,648000,760000,4650,5609,1234,1447
silk_f6_r1_v1,silk,6,sliding,wins13,1607154332.000,1607154339.000,7.000,704000,816000,5124,6093,1341,1554
silk_f6_r1_v1,silk,6,sliding,wins14,1607154335.500,1607154342.500,7.000,760000,872000,5609,6569,1447,1661
silk_f6_r1_v1,silk,6,sliding,wins15,1607154339.000,1607154346.000,7.000,816000,928000,6093,7049,1554,1767
silk_f6_r1_v1,silk,6,sliding,wins16,1607154342.500,1607154349.500,7.000,872000,984000,6569,7540,1661,1874
silk_f6_r1_v1,silk,6,sliding,wins17,1607154346.000,1607154353.000,7.000,928000,1040000,7049,8031,1767,1981
silk_f6_r1_v1,silk,6,sliding,winm01,1607154290.000,1607154300.300,10.300,32000,196800,0,1072,61,375
silk_f6_r1_v1,silk,6,sliding,winm02,1607154295.150,1607154305.450,10.300,114400,279200,520,1620,218,532
silk_f6_r1_v1,silk,6,sliding,winm03,1607154300.300,1607154310.600,10.300,196800,361600,1073,2190,375,689
silk_f6_r1_v1,silk,6,sliding,winm04,1607154305.450,1607154315.750,10.300,279200,444000,1621,2889,532,846
silk_f6_r1_v1,silk,6,sliding,winm05,1607154310.600,1607154320.900,10.300,361600,526400,2191,3605,689,1003
silk_f6_r1_v1,silk,6,sliding,winm06,1607154315.750,1607154326.050,10.300,444000,608800,2890,4312,846,1159
silk_f6_r1_v1,silk,6,sliding,winm07,1607154320.900,1607154331.200,10.300,526400,691200,3606,5012,1003,1316
silk_f6_r1_v1,silk,6,sliding,winm08,1607154326.050,1607154336.350,10.300,608800,773600,4313,5724,1159,1473
silk_f6_r1_v1,silk,6,sliding,winm09,1607154331.200,1607154341.500,10.300,691200,856000,5013,6428,1316,1630
silk_f6_r1_v1,silk,6,sliding,winm10,1607154336.350,1607154346.650,10.300,773600,938400,5725,7140,1473,1787
silk_f6_r1_v1,silk,6,sliding,winm11,1607154341.500,1607154351.800,10.300,856000,1020800,6429,7863,1630,1944
silk_f6_r1_v1,silk,6,sliding,winl01,1607154290.000,1607154304.000,14.000,32000,256000,0,1464,61,488
silk_f6_r1_v1,silk,6,sliding,winl02,1607154297.000,1607154311.000,14.000,144000,368000,719,2232,274,701
silk_f6_r1_v1,silk,6,sliding,winl03,1607154304.000,1607154318.000,14.000,256000,480000,1464,3202,488,914
silk_f6_r1_v1,silk,6,sliding,winl04,1607154311.000,1607154325.000,14.000,368000,592000,2232,4165,701,1128
silk_f6_r1_v1,silk,6,sliding,winl05,1607154318.000,1607154332.000,14.000,480000,704000,3202,5124,914,1341
silk_f6_r1_v1,silk,6,sliding,winl06,1607154325.000,1607154339.000,14.000,592000,816000,4165,6093,1128,1554
silk_f6_r1_v1,silk,6,sliding,winl07,1607154332.000,1607154346.000,14.000,704000,928000,5124,7049,1341,1767
silk_f6_r1_v1,silk,6,sliding,winl08,1607154339.000,1607154353.000,14.000,816000,1040000,6093,8031,1554,1981
silk_f9_r1_v1,silk,9,cycle,seg01,1607154492.660,1607154502.840,10.180,106560,269440,218,534,199,502
silk_f9_r1_v1,silk,9,cycle,seg02,1607154502.840,1607154513.040,10.200,269440,432640,535,847,502,806
silk_f9_r1_v1,silk,9,cycle,seg03,1607154513.040,1607154523.240,10.200,432640,595840,848,1163,806,1110
silk_f9_r1_v1,silk,9,cycle,seg04,1607154523.240,1607154533.460,10.220,595840,759360,1164,1481,1110,1415
silk_f9_r1_v1,silk,9,cycle,seg05,1607154533.460,1607154543.640,10.180,759360,922240,1482,1796,1415,1718
silk_f9_r1_v1,silk,9,sliding,wins01,1607154486.000,1607154493.000,7.000,0,112000,0,228,0,209
silk_f9_r1_v1,silk,9,sliding,wins02,1607154489.500,1607154496.500,7.000,56000,168000,113,338,104,313
silk_f9_r1_v1,silk,9,sliding,wins03,1607154493.000,1607154500.000,7.000,112000,224000,228,446,209,417
silk_f9_r1_v1,silk,9,sliding,wins04,1607154496.500,1607154503.500,7.000,168000,280000,339,554,313,522
silk_f9_r1_v1,silk,9,sliding,wins05,1607154500.000,1607154507.000,7.000,224000,336000,446,663,417,626
silk_f9_r1_v1,silk,9,sliding,wins06,1607154503.500,1607154510.500,7.000,280000,392000,555,769,522,730
silk_f9_r1_v1,silk,9,sliding,wins07,1607154507.000,1607154514.000,7.000,336000,448000,663,878,626,835
silk_f9_r1_v1,silk,9,sliding,wins08,1607154510.500,1607154517.500,7.000,392000,504000,769,985,730,939
silk_f9_r1_v1,silk,9,sliding,wins09,1607154514.000,1607154521.000,7.000,448000,560000,878,1094,835,1043
silk_f9_r1_v1,silk,9,sliding,wins10,1607154517.500,1607154524.500,7.000,504000,616000,986,1203,939,1148
silk_f9_r1_v1,silk,9,sliding,wins11,1607154521.000,1607154528.000,7.000,560000,672000,1094,1312,1043,1252
silk_f9_r1_v1,silk,9,sliding,wins12,1607154524.500,1607154531.500,7.000,616000,728000,1204,1419,1148,1357
silk_f9_r1_v1,silk,9,sliding,wins13,1607154528.000,1607154535.000,7.000,672000,784000,1312,1529,1252,1461
silk_f9_r1_v1,silk,9,sliding,wins14,1607154531.500,1607154538.500,7.000,728000,840000,1420,1638,1357,1565
silk_f9_r1_v1,silk,9,sliding,wins15,1607154535.000,1607154542.000,7.000,784000,896000,1529,1746,1461,1670
silk_f9_r1_v1,silk,9,sliding,wins16,1607154538.500,1607154545.500,7.000,840000,952000,1638,1854,1565,1774
silk_f9_r1_v1,silk,9,sliding,wins17,1607154542.000,1607154549.000,7.000,896000,1008000,1746,1964,1670,1878
silk_f9_r1_v1,silk,9,sliding,winm01,1607154486.000,1607154496.300,10.300,0,164800,0,332,0,307
silk_f9_r1_v1,silk,9,sliding,winm02,1607154491.150,1607154501.450,10.300,82400,247200,165,490,154,461
silk_f9_r1_v1,silk,9,sliding,winm03,1607154496.300,1607154506.600,10.300,164800,329600,333,650,307,614
silk_f9_r1_v1,silk,9,sliding,winm04,1607154501.450,1607154511.750,10.300,247200,412000,491,807,461,768
silk_f9_r1_v1,silk,9,sliding,winm05,1607154506.600,1607154516.900,10.300,329600,494400,651,967,614,921
silk_f9_r1_v1,silk,9,sliding,winm06,1607154511.750,1607154522.050,10.300,412000,576800,808,1126,768,1075
silk_f9_r1_v1,silk,9,sliding,winm07,1607154516.900,1607154527.200,10.300,494400,659200,968,1288,921,1228
silk_f9_r1_v1,silk,9,sliding,winm08,1607154522.050,1607154532.350,10.300,576800,741600,1127,1446,1075,1382
silk_f9_r1_v1,silk,9,sliding,winm09,1607154527.200,1607154537.500,10.300,659200,824000,1289,1606,1228,1535
silk_f9_r1_v1,silk,9,sliding,winm10,1607154532.350,1607154542.650,10.300,741600,906400,1447,1766,1382,1689
silk_f9_r1_v1,silk,9,sliding,winm11,1607154537.500,1607154547.800,10.300,824000,988800,1607,1925,1535,1842
silk_f9_r1_v1,silk,9,sliding,winl01,1607154486.000,1607154500.000,14.000,0,224000,0,446,0,417
silk_f9_r1_v1,silk,9,sliding,winl02,1607154493.000,1607154507.000,14.000,112000,336000,228,663,209,626
silk_f9_r1_v1,silk,9,sliding,winl03,1607154500.000,1607154514.000,14.000,224000,448000,446,878,417,835
silk_f9_r1_v1,silk,9,sliding,winl04,1607154507.000,1607154521.000,14.000,336000,560000,663,1094,626,1043
silk_f9_r1_v1,silk,9,sliding,winl05,1607154514.000,1607154528.000,14.000,448000,672000,878,1312,835,1252
silk_f9_r1_v1,silk,9,sliding,winl06,1607154521.000,1607154535.000,14.000,560000,784000,1094,1529,1043,1461
silk_f9_r1_v1,silk,9,sliding,winl07,1607154528.000,1607154542.000,14.000,672000,896000,1312,1746,1252,1670
silk_f9_r1_v1,silk,9,sliding,winl08,1607154535.000,1607154549.000,14.000,784000,1008000,1529,1964,1461,1878
spandex_f3_r1_v1,spandex,3,cycle,seg01,1607156651.740,1607156662.040,10.300,139840,304640,249,570,263,573
spandex_f3_r1_v1,spandex,3,cycle,seg02,1607156662.040,1607156672.300,10.260,304640,468800,571,889,573,881
spandex_f3_r1_v1,spandex,3,cycle,seg03,1607156672.300,1607156682.620,10.320,468800,633920,890,1210,881,1192
spandex_f3_r1_v1,spandex,3,cycle,seg04,1607156682.620,1607156692.880,10.260,633920,798080,1211,1530,1192,1500
spandex_f3_r1_v1,spandex,3,cycle,seg05,1607156692.880,1607156703.160,10.280,798080,962560,1531,1847,1500,1810
spandex_f3_r1_v1,spandex,3,sliding,wins01,1607156644.860,1607156651.860,7.000,29760,141760,36,252,56,267
spandex_f3_r1_v1,spandex,3,sliding,wins02,1607156648.360,1607156655.360,7.000,85760,197760,146,361,161,372
spandex_f3_r1_v1,spandex,3,sliding,wins03,1607156651.860,1607156658.860,7.000,141760,253760,253,470,267,477
spandex_f3_r1_v1,spandex,3,sliding,wins04,1607156655.360,1607156662.360,7.000,197760,309760,362,580,372,582
spandex_f3_r1_v1,spandex,3,sliding,wins05,1607156658.860,1607156665.860,7.000,253760,365760,471,688,477,688
spandex_f3_r1_v1,spandex,3,sliding,wins06,1607156662.360,1607156669.360,7.000,309760,421760,581,797,582,793
spandex_f3_r1_v1,spandex,3,sliding,wins07,1607156665.860,1607156672.860,7.000,365760,477760,689,906,688,898
spandex_f3_r1_v1,spandex,3,sliding,wins08,1607156669.360,1607156676.360,7.000,421760,533760,798,1016,793,1003
spandex_f3_r1_v1,spandex,3,sliding,wins09,1607156672.860,1607156679.860,7.000,477760,589760,907,1123,898,1109
spandex_f3_r1_v1,spandex,3,sliding,wins10,1607156676.360,1607156683.360,7.000,533760,645760,1017,1232,1003,1214
spandex_f3_r1_v1,spandex,3,sliding,wins11,1607156679.860,1607156686.860,7.000,589760,701760,1124,1342,1109,1319
spandex_f3_r1_v1,spandex,3,sliding,wins12,1607156683.360,1607156690.360,7.000,645760,757760,1233,1451,1214,1425
spandex_f3_r1_v1,spandex,3,sliding,wins13,1607156686.860,1607156693.860,7.000,701760,813760,1343,1559,1319,1530
spandex_f3_r1_v1,spandex,3,sliding,wins14,1607156690.360,1607156697.360,7.000,757760,869760,1452,1668,1425,1635
spandex_f3_r1_v1,spandex,3,sliding,wins15,1607156693.860,1607156700.860,7.000,813760,925760,1560,1775,1530,1740
spandex_f3_r1_v1,spandex,3,sliding,wins16,1607156697.360,1607156704.360,7.000,869760,981760,1669,1884,1635,1846
spandex_f3_r1_v1,spandex,3,sliding,wins17,1607156700.860,1607156707.860,7.000,925760,1037760,1776,1993,1740,1951
spandex_f3_r1_v1,spandex,3,sliding,winm01,1607156644.860,1607156655.160,10.300,29760,194560,36,355,56,366
spandex_f3_r1_v1,spandex,3,sliding,winm02,1607156650.010,1607156660.310,10.300,112160,276960,196,515,211,521
spandex_f3_r1_v1,spandex,3,sliding,winm03,1607156655.160,1607156665.460,10.300,194560,359360,356,676,366,676
spandex_f3_r1_v1,spandex,3,sliding,winm04,1607156660.310,1607156670.610,10.300,276960,441760,516,836,521,831
spandex_f3_r1_v1,spandex,3,sliding,winm05,1607156665.460,1607156675.760,10.300,359360,524160,677,997,676,985
spandex_f3_r1_v1,spandex,3,sliding,winm06,1607156670.610,1607156680.910,10.300,441760,606560,837,1157,831,1140
spandex_f3_r1_v1,spandex,3,sliding,winm07,1607156675.760,1607156686.060,10.300,524160,688960,998,1316,985,1295
spandex_f3_r1_v1,spandex,3,sliding,winm08,1607156680.910,1607156691.210,10.300,606560,771360,1158,1478,1140,1450
spandex_f3_r1_v1,spandex,3,sliding,winm09,1607156686.060,1607156696.360,10.300,688960,853760,1317,1637,1295,1605
spandex_f3_r1_v1,spandex,3,sliding,winm10,1607156691.210,1607156701.510,10.300,771360,936160,1479,1795,1450,1760
spandex_f3_r1_v1,spandex,3,sliding,winm11,1607156696.360,1607156706.660,10.300,853760,1018560,1638,1956,1605,1915
spandex_f3_r1_v1,spandex,3,sliding,winl01,1607156644.860,1607156658.860,14.000,29760,253760,36,470,56,477
spandex_f3_r1_v1,spandex,3,sliding,winl02,1607156651.860,1607156665.860,14.000,141760,365760,253,688,267,688
spandex_f3_r1_v1,spandex,3,sliding,winl03,1607156658.860,1607156672.860,14.000,253760,477760,471,906,477,898
spandex_f3_r1_v1,spandex,3,sliding,winl04,1607156665.860,1607156679.860,14.000,365760,589760,689,1123,688,1109
spandex_f3_r1_v1,spandex,3,sliding,winl05,1607156672.860,1607156686.860,14.000,477760,701760,907,1342,898,1319
spandex_f3_r1_v1,spandex,3,sliding,winl06,1607156679.860,1607156693.860,14.000,589760,813760,1124,1559,1109,1530
spandex_f3_r1_v1,spandex,3,sliding,winl07,1607156686.860,1607156700.860,14.000,701760,925760,1343,1775,1319,1740
spandex_f3_r1_v1,spandex,3,sliding,winl08,1607156693.860,1607156707.860,14.000,813760,1037760,1560,1993,1530,1951
spandex_f6_r1_v1,spandex,6,cycle,seg01,1607157012.280,1607157022.540,10.260,132480,296640,596,1687,246,551
spandex_f6_r1_v1,spandex,6,cycle,seg02,1607157022.540,1607157032.760,10.220,296640,460160,1688,2894,551,855
spandex_f6_r1_v1,spandex,6,cycle,seg03,1607157032.760,1607157042.980,10.220,460160,623680,2895,4238,855,1159
spandex_f6_r1_v1,spandex,6,cycle,seg04,1607157042.980,1607157053.240,10.260,623680,787840,4239,5574,1159,1464
spandex_f6_r1_v1,spandex,6,cycle,seg05,1607157053.240,1607157063.460,10.220,787840,951360,5575,6882,1464,1768
spandex_f6_r1_v1,spandex,6,sliding,wins01,1607157006.000,1607157013.000,7.000,32000,144000,0,679,59,268
spandex_f6_r1_v1,spandex,6,sliding,wins02,1607157009.500,1607157016.500,7.000,88000,200000,303,1047,164,372
spandex_f6_r1_v1,spandex,6,sliding,wins03,1607157013.000,1607157020.000,7.000,144000,256000,679,1414,268,476
spandex_f6_r1_v1,spandex,6,sliding,wins04,1607157016.500,1607157023.500,7.000,200000,312000,1047,1791,372,580
spandex_f6_r1_v1,spandex,6,sliding,wins05,1607157020.000,1607157027.000,7.000,256000,368000,1414,2168,476,684
spandex_f6_r1_v1,spandex,6,sliding,wins06,1607157023.500,1607157030.500,7.000,312000,424000,1791,2611,580,788
spandex_f6_r1_v1,spandex,6,sliding,wins07,1607157027.000,1607157034.000,7.000,368000,480000,2168,3044,684,892
spandex_f6_r1_v1,spandex,6,sliding,wins08,1607157030.500,1607157037.500,7.000,424000,536000,2611,3510,788,996
spandex_f6_r1_v1,spandex,6,sliding,wins09,1607157034.000,1607157041.000,7.000,480000,592000,3044,3976,892,1100
spandex_f6_r1_v1,spandex,6,sliding,wins10,1607157037.500,1607157044.500,7.000,536000,648000,3510,4441,996,1204
spandex_f6_r1_v1,spandex,6,sliding,wins11,1607157041.000,1607157048.000,7.000,592000,704000,3976,4901,1100,1308
spandex_f6_r1_v1,spandex,6,sliding,wins12,1607157044.500,1607157051.500,7.000,648000,760000,4442,5344,1204,1412
spandex_f6_r1_v1,spandex,6,sliding,wins13,1607157048.000,1607157055.000,7.000,704000,816000,4901,5802,1308,1516
spandex_f6_r1_v1,spandex,6,sliding,wins14,1607157051.500,1607157058.500,7.000,760000,872000,5344,6253,1412,1620
spandex_f6_r1_v1,spandex,6,sliding,wins15,1607157055.000,1607157062.000,7.000,816000,928000,5802,6711,1516,1725
spandex_f6_r1_v1,spandex,6,sliding,wins16,1607157058.500,1607157065.500,7.000,872000,984000,6254,7144,1620,1829
spandex_f6_r1_v1,spandex,6,sliding,wins17,1607157062.000,1607157069.000,7.000,928000,1040000,6711,7611,1725,1933
spandex_f6_r1_v1,spandex,6,sliding,winm01,1607157006.000,1607157016.300,10.300,32000,196800,0,1025,59,366
spandex_f6_r1_v1,spandex,6,sliding,winm02,1607157011.150,1607157021.450,10.300,114400,279200,484,1573,213,519
spandex_f6_r1_v1,spandex,6,sliding,winm03,1607157016.300,1607157026.600,10.300,196800,361600,1026,2122,366,672
spandex_f6_r1_v1,spandex,6,sliding,winm04,1607157021.450,1607157031.750,10.300,279200,444000,1574,2769,519,825
spandex_f6_r1_v1,spandex,6,sliding,winm05,1607157026.600,1607157036.900,10.300,361600,526400,2123,3430,672,978
spandex_f6_r1_v1,spandex,6,sliding,winm06,1607157031.750,1607157042.050,10.300,444000,608800,2770,4121,825,1131
spandex_f6_r1_v1,spandex,6,sliding,winm07,1607157036.900,1607157047.200,10.300,526400,691200,3431,4794,978,1284
spandex_f6_r1_v1,spandex,6,sliding,winm08,1607157042.050,1607157052.350,10.300,608800,773600,4122,5456,1131,1438
spandex_f6_r1_v1,spandex,6,sliding,winm09,1607157047.200,1607157057.500,10.300,691200,856000,4795,6123,1284,1591
spandex_f6_r1_v1,spandex,6,sliding,winm10,1607157052.350,1607157062.650,10.300,773600,938400,5457,6783,1438,1744
spandex_f6_r1_v1,spandex,6,sliding,winm11,1607157057.500,1607157067.800,10.300,856000,1020800,6124,7446,1591,1897
spandex_f6_r1_v1,spandex,6,sliding,winl01,1607157006.000,1607157020.000,14.000,32000,256000,0,1414,59,476
spandex_f6_r1_v1,spandex,6,sliding,winl02,1607157013.000,1607157027.000,14.000,144000,368000,679,2168,268,684
spandex_f6_r1_v1,spandex,6,sliding,winl03,1607157020.000,1607157034.000,14.000,256000,480000,1414,3044,476,892
spandex_f6_r1_v1,spandex,6,sliding,winl04,1607157027.000,1607157041.000,14.000,368000,592000,2168,3976,684,1100
spandex_f6_r1_v1,spandex,6,sliding,winl05,1607157034.000,1607157048.000,14.000,480000,704000,3044,4901,892,1308
spandex_f6_r1_v1,spandex,6,sliding,winl06,1607157041.000,1607157055.000,14.000,592000,816000,3976,5802,1100,1516
spandex_f6_r1_v1,spandex,6,sliding,winl07,1607157048.000,1607157062.000,14.000,704000,928000,4901,6711,1308,1725
spandex_f6_r1_v1,spandex,6,sliding,winl08,1607157055.000,1607157069.000,14.000,816000,1040000,5802,7611,1516,1933
spandex_f9_r1_v1,spandex,9,cycle,seg01,1607157243.060,1607157253.280,10.220,128960,292480,602,1674,242,549
spandex_f9_r1_v1,spandex,9,cycle,seg02,1607157253.280,1607157263.460,10.180,292480,455360,1675,2877,549,854
spandex_f9_r1_v1,spandex,9,cycle,seg03,1607157263.460,1607157273.640,10.180,455360,618240,2878,4196,854,1160
spandex_f9_r1_v1,spandex,9,cycle,seg04,1607157273.640,1607157283.800,10.160,618240,780800,4196,5540,1160,1465
spandex_f9_r1_v1,spandex,9,cycle,seg05,1607157283.800,1607157293.980,10.180,780800,943680,5541,6863,1465,1770
spandex_f9_r1_v1,spandex,9,sliding,wins01,1607157237.000,1607157244.000,7.000,32000,144000,0,705,60,270
spandex_f9_r1_v1,spandex,9,sliding,wins02,1607157240.500,1607157247.500,7.000,88000,200000,318,1073,165,375
spandex_f9_r1_v1,spandex,9,sliding,wins03,1607157244.000,1607157251.000,7.000,144000,256000,705,1425,270,480
spandex_f9_r1_v1,spandex,9,sliding,wins04,1607157247.500,1607157254.500,7.000,200000,312000,1073,1806,375,585
spandex_f9_r1_v1,spandex,9,sliding,wins05,1607157251.000,1607157258.000,7.000,256000,368000,1425,2173,480,690
spandex_f9_r1_v1,spandex,9,sliding,wins06,1607157254.500,1607157261.500,7.000,312000,424000,1807,2612,585,795
spandex_f9_r1_v1,spandex,9,sliding,wins07,1607157258.000,1607157265.000,7.000,368000,480000,2173,3093,690,900
spandex_f9_r1_v1,spandex,9,sliding,wins08,1607157261.500,1607157268.500,7.000,424000,536000,2613,3547,795,1005
spandex_f9_r1_v1,spandex,9,sliding,wins09,1607157265.000,1607157272.000,7.000,480000,592000,3093,3994,900,1110
spandex_f9_r1_v1,spandex,9,sliding,wins10,1607157268.500,1607157275.500,7.000,536000,648000,3548,4443,1005,1216
spandex_f9_r1_v1,spandex,9,sliding,wins11,1607157272.000,1607157279.000,7.000,592000,704000,3994,4902,1110,1321
spandex_f9_r1_v1,spandex,9,sliding,wins12,1607157275.500,1607157282.500,7.000,648000,760000,4444,5371,1216,1426
spandex_f9_r1_v1,spandex,9,sliding,wins13,1607157279.000,1607157286.000,7.000,704000,816000,4902,5839,1321,1531
spandex_f9_r1_v1,spandex,9,sliding,wins14,1607157282.500,1607157289.500,7.000,760000,872000,5372,6294,1426,1636
spandex_f9_r1_v1,spandex,9,sliding,wins15,1607157286.000,1607157293.000,7.000,816000,928000,5839,6732,1531,1741
spandex_f9_r1_v1,spandex,9,sliding,wins16,1607157289.500,1607157296.500,7.000,872000,984000,6295,7196,1636,1846
spandex_f9_r1_v1,spandex,9,sliding,wins17,1607157293.000,1607157300.000,7.000,928000,1040000,6732,7637,1741,1951
spandex_f9_r1_v1,spandex,9,sliding,winm01,1607157237.000,1607157247.300,10.300,32000,196800,0,1052,60,369
spandex_f9_r1_v1,spandex,9,sliding,winm02,1607157242.150,1607157252.450,10.300,114400,279200,498,1581,215,524
spandex_f9_r1_v1,spandex,9,sliding,winm03,1607157247.300,1607157257.600,10.300,196800,361600,1053,2129,369,678
spandex_f9_r1_v1,spandex,9,sliding,winm04,1607157252.450,1607157262.750,10.300,279200,444000,1582,2779,524,833
spandex_f9_r1_v1,spandex,9,sliding,winm05,1607157257.600,1607157267.900,10.300,361600,526400,2130,3468,678,987
spandex_f9_r1_v1,spandex,9,sliding,winm06,1607157262.750,1607157273.050,10.300,444000,608800,2780,4122,833,1142
spandex_f9_r1_v1,spandex,9,sliding,winm07,1607157267.900,1607157278.200,10.300,526400,691200,3469,4794,987,1297
spandex_f9_r1_v1,spandex,9,sliding,winm08,1607157273.050,1607157283.350,10.300,608800,773600,4123,5482,1142,1451
spandex_f9_r1_v1,spandex,9,sliding,winm09,1607157278.200,1607157288.500,10.300,691200,856000,4795,6166,1297,1606
spandex_f9_r1_v1,spandex,9,sliding,winm10,1607157283.350,1607157293.650,10.300,773600,938400,5483,6819,1451,1760
spandex_f9_r1_v1,spandex,9,sliding,winm11,1607157288.500,1607157298.800,10.300,856000,1020800,6167,7482,1606,1915
spandex_f9_r1_v1,spandex,9,sliding,winl01,1607157237.000,1607157251.000,14.000,32000,256000,0,1425,60,480
spandex_f9_r1_v1,spandex,9,sliding,winl02,1607157244.000,1607157258.000,14.000,144000,368000,705,2173,270,690
spandex_f9_r1_v1,spandex,9,sliding,winl03,1607157251.000,1607157265.000,14.000,256000,480000,1425,3093,480,900
spandex_f9_r1_v1,spandex,9,sliding,winl04,1607157258.000,1607157272.000,14.000,368000,592000,2173,3994,690,1110
spandex_f9_r1_v1,spandex,9,sliding,winl05,1607157265.000,1607157279.000,14.000,480000,704000,3093,4902,900,1321
spandex_f9_r1_v1,spandex,9,sliding,winl06,1607157272.000,1607157286.000,14.000,592000,816000,3994,5839,1110,1531
spandex_f9_r1_v1,spandex,9,sliding,winl07,1607157279.000,1607157293.000,14.000,704000,928000,4902,6732,1321,1741
spandex_f9_r1_v1,spandex,9,sliding,winl08,1607157286.000,1607157300.000,14.000,816000,1040000,5839,7637,1531,1951
stone_f3_r1_v1,stone,3,cycle,seg01,1607153177.020,1607153187.240,10.220,128320,291840,545,1613,240,545
stone_f3_r1_v1,stone,3,cycle,seg02,1607153187.240,1607153197.540,10.300,291840,456640,1614,2837,545,853
stone_f3_r1_v1,stone,3,cycle,seg03,1607153197.540,1607153207.820,10.280,456640,621120,2838,4232,853,1160
stone_f3_r1_v1,stone,3,cycle,seg04,1607153207.820,1607153218.100,10.280,621120,785600,4233,5584,1160,1468
stone_f3_r1_v1,stone,3,cycle,seg05,1607153218.100,1607153228.360,10.260,785600,949760,5585,6947,1468,1774
stone_f3_r1_v1,stone,3,sliding,wins01,1607153171.000,1607153178.000,7.000,32000,144000,0,651,60,269
stone_f3_r1_v1,stone,3,sliding,wins02,1607153174.500,1607153181.500,7.000,88000,200000,283,1018,164,374
stone_f3_r1_v1,stone,3,sliding,wins03,1607153178.000,1607153185.000,7.000,144000,256000,651,1392,269,478
stone_f3_r1_v1,stone,3,sliding,wins04,1607153181.500,1607153188.500,7.000,200000,312000,1018,1743,374,583
stone_f3_r1_v1,stone,3,sliding,wins05,1607153185.000,1607153192.000,7.000,256000,368000,1392,2126,478,688
stone_f3_r1_v1,stone,3,sliding,wins06,1607153188.500,1607153195.500,7.000,312000,424000,1743,2569,583,792
stone_f3_r1_v1,stone,3,sliding,wins07,1607153192.000,1607153199.000,7.000,368000,480000,2126,3042,688,897
stone_f3_r1_v1,stone,3,sliding,wins08,1607153195.500,1607153202.500,7.000,424000,536000,2570,3515,792,1001
stone_f3_r1_v1,stone,3,sliding,wins09,1607153199.000,1607153206.000,7.000,480000,592000,3042,3990,897,1106
stone_f3_r1_v1,stone,3,sliding,wins10,1607153202.500,1607153209.500,7.000,536000,648000,3516,4456,1001,1211
stone_f3_r1_v1,stone,3,sliding,wins11,1607153206.000,1607153213.000,7.000,592000,704000,3990,4915,1106,1315
stone_f3_r1_v1,stone,3,sliding,wins12,1607153209.500,1607153216.500,7.000,648000,760000,4457,5372,1211,1420
stone_f3_r1_v1,stone,3,sliding,wins13,1607153213.000,1607153220.000,7.000,704000,816000,4915,5844,1315,1525
stone_f3_r1_v1,stone,3,sliding,wins14,1607153216.500,1607153223.500,7.000,760000,872000,5373,6304,1420,1629
stone_f3_r1_v1,stone,3,sliding,wins15,1607153220.000,1607153227.000,7.000,816000,928000,5844,6773,1525,1734
stone_f3_r1_v1,stone,3,sliding,wins16,1607153223.500,1607153230.500,7.000,872000,984000,6304,7229,1629,1838
stone_f3_r1_v1,stone,3,sliding,wins17,1607153227.000,1607153234.000,7.000,928000,1040000,6773,7694,1734,1943
stone_f3_r1_v1,stone,3,sliding,winm01,1607153171.000,1607153181.300,10.300,32000,196800,0,997,60,368
stone_f3_r1_v1,stone,3,sliding,winm02,1607153176.150,1607153186.450,10.300,114400,279200,456,1540,214,522
stone_f3_r1_v1,stone,3,sliding,winm03,1607153181.300,1607153191.600,10.300,196800,361600,998,2083,368,676
stone_f3_r1_v1,stone,3,sliding,winm04,1607153186.450,1607153196.750,10.300,279200,444000,1541,2733,522,830
stone_f3_r1_v1,stone,3,sliding,winm05,1607153191.600,1607153201.900,10.300,361600,526400,2084,3434,676,983
stone_f3_r1_v1,stone,3,sliding,winm06,1607153196.750,1607153207.050,10.300,444000,608800,2734,4129,830,1137
stone_f3_r1_v1,stone,3,sliding,winm07,1607153201.900,1607153212.200,10.300,526400,691200,3435,4814,983,1291
stone_f3_r1_v1,stone,3,sliding,winm08,1607153207.050,1607153217.350,10.300,608800,773600,4130,5483,1137,1445
stone_f3_r1_v1,stone,3,sliding,winm09,1607153212.200,1607153222.500,10.300,691200,856000,4815,6173,1291,1599
stone_f3_r1_v1,stone,3,sliding,winm10,1607153217.350,1607153227.650,10.300,773600,938400,5484,6855,1445,1753
stone_f3_r1_v1,stone,3,sliding,winm11,1607153222.500,1607153232.800,10.300,856000,1020800,6174,7536,1599,1907
stone_f3_r1_v1,stone,3,sliding,winl01,1607153171.000,1607153185.000,14.000,32000,256000,0,1392,60,478
stone_f3_r1_v1,stone,3,sliding,winl02,1607153178.000,1607153192.000,14.000,144000,368000,651,2126,269,688
stone_f3_r1_v1,stone,3,sliding,winl03,1607153185.000,1607153199.000,14.000,256000,480000,1392,3042,478,897
stone_f3_r1_v1,stone,3,sliding,winl04,1607153192.000,1607153206.000,14.000,368000,592000,2126,3990,688,1106
stone_f3_r1_v1,stone,3,sliding,winl05,1607153199.000,1607153213.000,14.000,480000,704000,3042,4915,897,1315
stone_f3_r1_v1,stone,3,sliding,winl06,1607153206.000,1607153220.000,14.000,592000,816000,3990,5844,1106,1525
stone_f3_r1_v1,stone,3,sliding,winl07,1607153213.000,1607153227.000,14.000,704000,928000,4915,6773,1315,1734
stone_f3_r1_v1,stone,3,sliding,winl08,1607153220.000,1607153234.000,14.000,816000,1040000,5844,7694,1525,1943
stone_f6_r1_v1,stone,6,cycle,seg01,1607153377.700,1607153387.960,10.260,139200,303360,782,1848,262,570
stone_f6_r1_v1,stone,6,cycle,seg02,1607153387.960,1607153398.160,10.200,303360,466560,1849,3106,570,877
stone_f6_r1_v1,stone,6,cycle,seg03,1607153398.160,1607153408.380,10.220,466560,630080,3107,4430,877,1184
stone_f6_r1_v1,stone,6,cycle,seg04,1607153408.380,1607153418.640,10.260,630080,794240,4431,5799,1184,1493
stone_f6_r1_v1,stone,6,cycle,seg05,1607153418.640,1607153428.840,10.200,794240,957440,5800,7176,1493,1799
stone_f6_r1_v1,stone,6,sliding,wins01,1607153370.740,1607153377.740,7.000,27840,139840,42,786,52,263
stone_f6_r1_v1,stone,6,sliding,wins02,1607153374.240,1607153381.240,7.000,83840,195840,404,1140,158,368
stone_f6_r1_v1,stone,6,sliding,wins03,1607153377.740,1607153384.740,7.000,139840,251840,786,1516,263,473
stone_f6_r1_v1,stone,6,sliding,wins04,1607153381.240,1607153388.240,7.000,195840,307840,1141,1878,368,578
stone_f6_r1_v1,stone,6,sliding,wins05,1607153384.740,1607153391.740,7.000,251840,363840,1517,2253,473,684
stone_f6_r1_v1,stone,6,sliding,wins06,1607153388.240,1607153395.240,7.000,307840,419840,1879,2713,578,789
stone_f6_r1_v1,stone,6,sliding,wins07,1607153391.740,1607153398.740,7.000,363840,475840,2254,3179,684,894
stone_f6_r1_v1,stone,6,sliding,wins08,1607153395.240,1607153402.240,7.000,419840,531840,2714,3628,789,999
stone_f6_r1_v1,stone,6,sliding,wins09,1607153398.740,1607153405.740,7.000,475840,587840,3180,4099,894,1105
stone_f6_r1_v1,stone,6,sliding,wins10,1607153402.240,1607153409.240,7.000,531840,643840,3629,4540,999,1210
stone_f6_r1_v1,stone,6,sliding,wins11,1607153405.740,1607153412.740,7.000,587840,699840,4100,5002,1105,1315
stone_f6_r1_v1,stone,6,sliding,wins12,1607153409.240,1607153416.240,7.000,643840,755840,4540,5472,1210,1420
stone_f6_r1_v1,stone,6,sliding,wins13,1607153412.740,1607153419.740,7.000,699840,811840,5003,5946,1315,1526
stone_f6_r1_v1,stone,6,sliding,wins14,1607153416.240,1607153423.240,7.000,755840,867840,5473,6418,1420,1631
stone_f6_r1_v1,stone,6,sliding,wins15,1607153419.740,1607153426.740,7.000,811840,923840,5947,6891,1526,1736
stone_f6_r1_v1,stone,6,sliding,wins16,1607153423.240,1607153430.240,7.000,867840,979840,6419,7364,1631,1841
stone_f6_r1_v1,stone,6,sliding,wins17,1607153426.740,1607153433.740,7.000,923840,1035840,6892,7815,1736,1947
stone_f6_r1_v1,stone,6,sliding,winm01,1607153370.740,1607153381.040,10.300,27840,192640,42,1120,52,362
stone_f6_r1_v1,stone,6,sliding,winm02,1607153375.890,1607153386.190,10.300,110240,275040,581,1674,207,517
stone_f6_r1_v1,stone,6,sliding,winm03,1607153381.040,1607153391.340,10.300,192640,357440,1121,2206,362,672
stone_f6_r1_v1,stone,6,sliding,winm04,1607153386.190,1607153396.490,10.300,275040,439840,1675,2882,517,827
stone_f6_r1_v1,stone,6,sliding,winm05,1607153391.340,1607153401.640,10.300,357440,522240,2207,3550,672,981
stone_f6_r1_v1,stone,6,sliding,winm06,1607153396.490,1607153406.790,10.300,439840,604640,2883,4232,827,1136
stone_f6_r1_v1,stone,6,sliding,winm07,1607153401.640,1607153411.940,10.300,522240,687040,3551,4901,981,1291
stone_f6_r1_v1,stone,6,sliding,winm08,1607153406.790,1607153417.090,10.300,604640,769440,4233,5594,1136,1446
stone_f6_r1_v1,stone,6,sliding,winm09,1607153411.940,1607153422.240,10.300,687040,851840,4902,6279,1291,1601
stone_f6_r1_v1,stone,6,sliding,winm10,1607153417.090,1607153427.390,10.300,769440,934240,5595,6978,1446,1756
stone_f6_r1_v1,stone,6,sliding,winm11,1607153422.240,1607153432.540,10.300,851840,1016640,6280,7652,1601,1910
stone_f6_r1_v1,stone,6,sliding,winl01,1607153370.740,1607153384.740,14.000,27840,251840,42,1516,52,473
stone_f6_r1_v1,stone,6,sliding,winl02,1607153377.740,1607153391.740,14.000,139840,363840,786,2253,263,684
stone_f6_r1_v1,stone,6,sliding,winl03,1607153384.740,1607153398.740,14.000,251840,475840,1517,3179,473,894
stone_f6_r1_v1,stone,6,sliding,winl04,1607153391.740,1607153405.740,14.000,363840,587840,2254,4099,684,1105
stone_f6_r1_v1,stone,6,sliding,winl05,1607153398.740,1607153412.740,14.000,475840,699840,3180,5002,894,1315
stone_f6_r1_v1,stone,6,sliding,winl06,1607153405.740,1607153419.740,14.000,587840,811840,4100,5946,1105,1526
stone_f6_r1_v1,stone,6,sliding,winl07,1607153412.740,1607153426.740,14.000,699840,923840,5003,6891,1315,1736
stone_f6_r1_v1,stone,6,sliding,winl08,1607153419.740,1607153433.740,14.000,811840,1035840,5947,7815,1526,1947
stone_f9_r1_v1,stone,9,cycle,seg01,1607153548.680,1607153558.860,10.180,138880,301760,675,1775,262,569
stone_f9_r1_v1,stone,9,cycle,seg02,1607153558.860,1607153569.020,10.160,301760,464320,1776,3002,569,875
stone_f9_r1_v1,stone,9,cycle,seg03,1607153569.020,1607153579.220,10.200,464320,627520,3003,4373,875,1182
stone_f9_r1_v1,stone,9,cycle,seg04,1607153579.220,1607153589.360,10.140,627520,789760,4374,5717,1182,1488
stone_f9_r1_v1,stone,9,cycle,seg05,1607153589.360,1607153599.540,10.180,789760,952640,5718,7037,1488,1795
stone_f9_r1_v1,stone,9,sliding,wins01,1607153542.000,1607153549.000,7.000,32000,144000,0,710,60,271
stone_f9_r1_v1,stone,9,sliding,wins02,1607153545.500,1607153552.500,7.000,88000,200000,324,1087,166,377
stone_f9_r1_v1,stone,9,sliding,wins03,1607153549.000,1607153556.000,7.000,144000,256000,710,1470,271,482
stone_f9_r1_v1,stone,9,sliding,wins04,1607153552.500,1607153559.500,7.000,200000,312000,1088,1847,377,588
stone_f9_r1_v1,stone,9,sliding,wins05,1607153556.000,1607153563.000,7.000,256000,368000,1470,2223,482,693
stone_f9_r1_v1,stone,9,sliding,wins06,1607153559.500,1607153566.500,7.000,312000,424000,1848,2660,588,799
stone_f9_r1_v1,stone,9,sliding,wins07,1607153563.000,1607153570.000,7.000,368000,480000,2223,3126,693,904
stone_f9_r1_v1,stone,9,sliding,wins08,1607153566.500,1607153573.500,7.000,424000,536000,2661,3593,799,1010
stone_f9_r1_v1,stone,9,sliding,wins09,1607153570.000,1607153577.000,7.000,480000,592000,3126,4056,904,1115
stone_f9_r1_v1,stone,9,sliding,wins10,1607153573.500,1607153580.500,7.000,536000,648000,3594,4546,1010,1221
stone_f9_r1_v1,stone,9,sliding,wins11,1607153577.000,1607153584.000,7.000,592000,704000,4056,5023,1115,1326
stone_f9_r1_v1,stone,9,sliding,wins12,1607153580.500,1607153587.500,7.000,648000,760000,4546,5482,1221,1432
stone_f9_r1_v1,stone,9,sliding,wins13,1607153584.000,1607153591.000,7.000,704000,816000,5023,5935,1326,1537
stone_f9_r1_v1,stone,9,sliding,wins14,1607153587.500,1607153594.500,7.000,760000,872000,5482,6389,1432,1643
stone_f9_r1_v1,stone,9,sliding,wins15,1607153591.000,1607153598.000,7.000,816000,928000,5935,6847,1537,1749
stone_f9_r1_v1,stone,9,sliding,wins16,1607153594.500,1607153601.500,7.000,872000,984000,6389,7309,1643,1854
stone_f9_r1_v1,stone,9,sliding,wins17,1607153598.000,1607153605.000,7.000,928000,1040000,6847,7746,1749,1960
stone_f9_r1_v1,stone,9,sliding,winm01,1607153542.000,1607153552.300,10.300,32000,196800,0,1067,60,371
stone_f9_r1_v1,stone,9,sliding,winm02,1607153547.150,1607153557.450,10.300,114400,279200,510,1620,216,526
stone_f9_r1_v1,stone,9,sliding,winm03,1607153552.300,1607153562.600,10.300,196800,361600,1068,2177,371,681
stone_f9_r1_v1,stone,9,sliding,winm04,1607153557.450,1607153567.750,10.300,279200,444000,1621,2828,526,837
stone_f9_r1_v1,stone,9,sliding,winm05,1607153562.600,1607153572.900,10.300,361600,526400,2178,3513,681,992
stone_f9_r1_v1,stone,9,sliding,winm06,1607153567.750,1607153578.050,10.300,444000,608800,2829,4209,837,1147
stone_f9_r1_v1,stone,9,sliding,winm07,1607153572.900,1607153583.200,10.300,526400,691200,3514,4916,992,1302
stone_f9_r1_v1,stone,9,sliding,winm08,1607153578.050,1607153588.350,10.300,608800,773600,4210,5590,1147,1458
stone_f9_r1_v1,stone,9,sliding,winm09,1607153583.200,1607153593.500,10.300,691200,856000,4917,6265,1302,1613
stone_f9_r1_v1,stone,9,sliding,winm10,1607153588.350,1607153598.650,10.300,773600,938400,5591,6923,1458,1768
stone_f9_r1_v1,stone,9,sliding,winm11,1607153593.500,1607153603.800,10.300,856000,1020800,6266,7605,1613,1923
stone_f9_r1_v1,stone,9,sliding,winl01,1607153542.000,1607153556.000,14.000,32000,256000,0,1470,60,482
stone_f9_r1_v1,stone,9,sliding,winl02,1607153549.000,1607153563.000,14.000,144000,368000,710,2223,271,693
stone_f9_r1_v1,stone,9,sliding,winl03,1607153556.000,1607153570.000,14.000,256000,480000,1470,3126,482,904
stone_f9_r1_v1,stone,9,sliding,winl04,1607153563.000,1607153577.000,14.000,368000,592000,2223,4056,693,1115
stone_f9_r1_v1,stone,9,sliding,winl05,1607153570.000,1607153584.000,14.000,480000,704000,3126,5023,904,1326
stone_f9_r1_v1,stone,9,sliding,winl06,1607153577.000,1607153591.000,14.000,592000,816000,4056,5935,1115,1537
stone_f9_r1_v1,stone,9,sliding,winl07,1607153584.000,1607153598.000,14.000,704000,928000,5023,6847,1326,1749
stone_f9_r1_v1,stone,9,sliding,winl08,1607153591.000,1607153605.000,14.000,816000,1040000,5935,7746,1537,1960
wood_f3_r1_v1,wood,3,cycle,seg01,1607154812.000,1607154822.300,10.300,144000,308800,759,1839,270,580
wood_f3_r1_v1,wood,3,cycle,seg02,1607154822.300,1607154832.620,10.320,308800,473920,1840,3109,580,889
wood_f3_r1_v1,wood,3,cycle,seg03,1607154832.620,1607154842.920,10.300,473920,638720,3110,4485,889,1199
wood_f3_r1_v1,wood,3,cycle,seg04,1607154842.920,1607154853.220,10.300,638720,803520,4486,5898,1199,1508
wood_f3_r1_v1,wood,3,cycle,seg05,1607154853.220,1607154863.520,10.300,803520,968320,5899,7248,1508,1817
wood_f3_r1_v1,wood,3,sliding,wins01,1607154805.000,1607154812.000,7.000,32000,144000,14,759,60,270
wood_f3_r1_v1,wood,3,sliding,wins02,1607154808.500,1607154815.500,7.000,88000,200000,364,1122,165,375
wood_f3_r1_v1,wood,3,sliding,wins03,1607154812.000,1607154819.000,7.000,144000,256000,759,1477,270,480
wood_f3_r1_v1,wood,3,sliding,wins04,1607154815.500,1607154822.500,7.000,200000,312000,1123,1862,375,586
wood_f3_r1_v1,wood,3,sliding,wins05,1607154819.000,1607154826.000,7.000,256000,368000,1477,2225,480,691
wood_f3_r1_v1,wood,3,sliding,wins06,1607154822.500,1607154829.500,7.000,312000,424000,1863,2697,586,796
wood_f3_r1_v1,wood,3,sliding,wins07,1607154826.000,1607154833.000,7.000,368000,480000,2225,3163,691,901
wood_f3_r1_v1,wood,3,sliding,wins08,1607154829.500,1607154836.500,7.000,424000,536000,2698,3636,796,1006
wood_f3_r1_v1,wood,3,sliding,wins09,1607154833.000,1607154840.000,7.000,480000,592000,3163,4081,901,1111
wood_f3_r1_v1,wood,3,sliding,wins10,1607154836.500,1607154843.500,7.000,536000,648000,3636,4568,1006,1216
wood_f3_r1_v1,wood,3,sliding,wins11,1607154840.000,1607154847.000,7.000,592000,704000,4081,5051,1111,1321
wood_f3_r1_v1,wood,3,sliding,wins12,1607154843.500,1607154850.500,7.000,648000,760000,4568,5517,1216,1426
wood_f3_r1_v1,wood,3,sliding,wins13,1607154847.000,1607154854.000,7.000,704000,816000,5051,6006,1321,1531
wood_f3_r1_v1,wood,3,sliding,wins14,1607154850.500,1607154857.500,7.000,760000,872000,5518,6471,1426,1636
wood_f3_r1_v1,wood,3,sliding,wins15,1607154854.000,1607154861.000,7.000,816000,928000,6006,6911,1531,1742
wood_f3_r1_v1,wood,3,sliding,wins16,1607154857.500,1607154864.500,7.000,872000,984000,6471,7381,1636,1847
wood_f3_r1_v1,wood,3,sliding,wins17,1607154861.000,1607154868.000,7.000,928000,1040000,6911,7844,1742,1952
wood_f3_r1_v1,wood,3,sliding,winm01,1607154805.000,1607154815.300,10.300,32000,196800,14,1102,60,369
wood_f3_r1_v1,wood,3,sliding,winm02,1607154810.150,1607154820.450,10.300,114400,279200,550,1637,215,524
wood_f3_r1_v1,wood,3,sliding,winm03,1607154815.300,1607154825.600,10.300,196800,361600,1103,2184,369,679
wood_f3_r1_v1,wood,3,sliding,winm04,1607154820.450,1607154830.750,10.300,279200,444000,1638,2865,524,833
wood_f3_r1_v1,wood,3,sliding,winm05,1607154825.600,1607154835.900,10.300,361600,526400,2185,3560,679,988
wood_f3_r1_v1,wood,3,sliding,winm06,1607154830.750,1607154841.050,10.300,444000,608800,2866,4223,833,1143
wood_f3_r1_v1,wood,3,sliding,winm07,1607154835.900,1607154846.200,10.300,526400,691200,3561,4943,988,1297
wood_f3_r1_v1,wood,3,sliding,winm08,1607154841.050,1607154851.350,10.300,608800,773600,4224,5635,1143,1452
wood_f3_r1_v1,wood,3,sliding,winm09,1607154846.200,1607154856.500,10.300,691200,856000,4944,6338,1297,1606
wood_f3_r1_v1,wood,3,sliding,winm10,1607154851.350,1607154861.650,10.300,773600,938400,5636,6996,1452,1761
wood_f3_r1_v1,wood,3,sliding,winm11,1607154856.500,1607154866.800,10.300,856000,1020800,6339,7689,1606,1916
wood_f3_r1_v1,wood,3,sliding,winl01,1607154805.000,1607154819.000,14.000,32000,256000,14,1477,60,480
wood_f3_r1_v1,wood,3,sliding,winl02,1607154812.000,1607154826.000,14.000,144000,368000,759,2225,270,691
wood_f3_r1_v1,wood,3,sliding,winl03,1607154819.000,1607154833.000,14.000,256000,480000,1477,3163,480,901
wood_f3_r1_v1,wood,3,sliding,winl04,1607154826.000,1607154840.000,14.000,368000,592000,2225,4081,691,1111
wood_f3_r1_v1,wood,3,sliding,winl05,1607154833.000,1607154847.000,14.000,480000,704000,3163,5051,901,1321
wood_f3_r1_v1,wood,3,sliding,winl06,1607154840.000,1607154854.000,14.000,592000,816000,4081,6006,1111,1531
wood_f3_r1_v1,wood,3,sliding,winl07,1607154847.000,1607154861.000,14.000,704000,928000,5051,6911,1321,1742
wood_f3_r1_v1,wood,3,sliding,winl08,1607154854.000,1607154868.000,14.000,816000,1040000,6006,7844,1531,1952
wood_f6_r1_v1,wood,6,cycle,seg01,1607154952.680,1607154962.920,10.240,138880,302720,646,1706,258,563
wood_f6_r1_v1,wood,6,cycle,seg02,1607154962.920,1607154973.160,10.240,302720,466560,1707,2902,563,868
wood_f6_r1_v1,wood,6,cycle,seg03,1607154973.160,1607154983.420,10.260,466560,630720,2903,4222,868,1173
wood_f6_r1_v1,wood,6,cycle,seg04,1607154983.420,1607154993.640,10.220,630720,794240,4223,5584,1173,1477
wood_f6_r1_v1,wood,6,cycle,seg05,1607154993.640,1607155003.880,10.240,794240,958080,5585,6983,1477,1782
wood_f6_r1_v1,wood,6,sliding,wins01,1607154946.000,1607154953.000,7.000,32000,144000,0,680,60,268
wood_f6_r1_v1,wood,6,sliding,wins02,1607154949.500,1607154956.500,7.000,88000,200000,317,1041,164,372
wood_f6_r1_v1,wood,6,sliding,wins03,1607154953.000,1607154960.000,7.000,144000,256000,680,1401,268,476
wood_f6_r1_v1,wood,6,sliding,wins04,1607154956.500,1607154963.500,7.000,200000,312000,1042,1767,372,580
wood_f6_r1_v1,wood,6,sliding,wins05,1607154960.000,1607154967.000,7.000,256000,368000,1401,2147,476,684
wood_f6_r1_v1,wood,6,sliding,wins06,1607154963.500,1607154970.500,7.000,312000,424000,1767,2565,580,789
wood_f6_r1_v1,wood,6,sliding,wins07,1607154967.000,1607154974.000,7.000,368000,480000,2147,3015,684,893
wood_f6_r1_v1,wood,6,sliding,wins08,1607154970.500,1607154977.500,7.000,424000,536000,2566,3463,789,997
wood_f6_r1_v1,wood,6,sliding,wins09,1607154974.000,1607154981.000,7.000,480000,592000,3015,3910,893,1101
wood_f6_r1_v1,wood,6,sliding,wins10,1607154977.500,1607154984.500,7.000,536000,648000,3464,4376,997,1205
wood_f6_r1_v1,wood,6,sliding,wins11,1607154981.000,1607154988.000,7.000,592000,704000,3910,4852,1101,1309
wood_f6_r1_v1,wood,6,sliding,wins12,1607154984.500,1607154991.500,7.000,648000,760000,4376,5299,1205,1414
wood_f6_r1_v1,wood,6,sliding,wins13,1607154988.000,1607154995.000,7.000,704000,816000,4852,5781,1309,1518
wood_f6_r1_v1,wood,6,sliding,wins14,1607154991.500,1607154998.500,7.000,760000,872000,5300,6264,1414,1622
wood_f6_r1_v1,wood,6,sliding,wins15,1607154995.000,1607155002.000,7.000,816000,928000,5781,6734,1518,1726
wood_f6_r1_v1,wood,6,sliding,wins16,1607154998.500,1607155005.500,7.000,872000,984000,6265,7200,1622,1830
wood_f6_r1_v1,wood,6,sliding,wins17,1607155002.000,1607155009.000,7.000,928000,1040000,6734,7645,1726,1934
wood_f6_r1_v1,wood,6,sliding,winm01,1607154946.000,1607154956.300,10.300,32000,196800,0,1022,60,366
wood_f6_r1_v1,wood,6,sliding,winm02,1607154951.150,1607154961.450,10.300,114400,279200,492,1552,213,519
wood_f6_r1_v1,wood,6,sliding,winm03,1607154956.300,1607154966.600,10.300,196800,361600,1023,2105,366,673
wood_f6_r1_v1,wood,6,sliding,winm04,1607154961.450,1607154971.750,10.300,279200,444000,1553,2722,519,826
wood_f6_r1_v1,wood,6,sliding,winm05,1607154966.600,1607154976.900,10.300,361600,526400,2106,3390,673,979
wood_f6_r1_v1,wood,6,sliding,winm06,1607154971.750,1607154982.050,10.300,444000,608800,2723,4039,826,1132
wood_f6_r1_v1,wood,6,sliding,winm07,1607154976.900,1607154987.200,10.300,526400,691200,3391,4750,979,1286
wood_f6_r1_v1,wood,6,sliding,winm08,1607154982.050,1607154992.350,10.300,608800,773600,4040,5410,1132,1439
wood_f6_r1_v1,wood,6,sliding,winm09,1607154987.200,1607154997.500,10.300,691200,856000,4751,6124,1286,1592
wood_f6_r1_v1,wood,6,sliding,winm10,1607154992.350,1607155002.650,10.300,773600,938400,5411,6819,1439,1745
wood_f6_r1_v1,wood,6,sliding,winm11,1607154997.500,1607155007.800,10.300,856000,1020800,6125,7499,1592,1899
wood_f6_r1_v1,wood,6,sliding,winl01,1607154946.000,1607154960.000,14.000,32000,256000,0,1401,60,476
wood_f6_r1_v1,wood,6,sliding,winl02,1607154953.000,1607154967.000,14.000,144000,368000,680,2147,268,684
wood_f6_r1_v1,wood,6,sliding,winl03,1607154960.000,1607154974.000,14.000,256000,480000,1401,3015,476,893
wood_f6_r1_v1,wood,6,sliding,winl04,1607154967.000,1607154981.000,14.000,368000,592000,2147,3910,684,1101
wood_f6_r1_v1,wood,6,sliding,winl05,1607154974.000,1607154988.000,14.000,480000,704000,3015,4852,893,1309
wood_f6_r1_v1,wood,6,sliding,winl06,1607154981.000,1607154995.000,14.000,592000,816000,3910,5781,1101,1518
wood_f6_r1_v1,wood,6,sliding,winl07,1607154988.000,1607155002.000,14.000,704000,928000,4852,6734,1309,1726
wood_f6_r1_v1,wood,6,sliding,winl08,1607154995.000,1607155009.000,14.000,816000,1040000,5781,7645,1518,1934
wood_f9_r1_v1,wood,9,cycle,seg01,1607155070.780,1607155080.920,10.140,124480,286720,603,1731,234,540
wood_f9_r1_v1,wood,9,cycle,seg02,1607155080.920,1607155091.140,10.220,286720,450240,1732,2932,540,848
wood_f9_r1_v1,wood,9,cycle,seg03,1607155091.140,1607155101.300,10.160,450240,612800,2933,4274,848,1154
wood_f9_r1_v1,wood,9,cycle,seg04,1607155101.300,1607155111.500,10.200,612800,776000,4274,5588,1154,1461
wood_f9_r1_v1,wood,9,cycle,seg05,1607155111.500,1607155121.720,10.220,776000,939520,5589,6949,1461,1769
wood_f9_r1_v1,wood,9,sliding,wins01,1607155065.000,1607155072.000,7.000,32000,144000,0,739,60,271
wood_f9_r1_v1,wood,9,sliding,wins02,1607155068.500,1607155075.500,7.000,88000,200000,366,1128,166,377
wood_f9_r1_v1,wood,9,sliding,wins03,1607155072.000,1607155079.000,7.000,144000,256000,739,1512,271,482
wood_f9_r1_v1,wood,9,sliding,wins04,1607155075.500,1607155082.500,7.000,200000,312000,1129,1897,377,588
wood_f9_r1_v1,wood,9,sliding,wins05,1607155079.000,1607155086.000,7.000,256000,368000,1512,2246,482,693
wood_f9_r1_v1,wood,9,sliding,wins06,1607155082.500,1607155089.500,7.000,312000,424000,1898,2708,588,799
wood_f9_r1_v1,wood,9,sliding,wins07,1607155086.000,1607155093.000,7.000,368000,480000,2246,3183,693,904
wood_f9_r1_v1,wood,9,sliding,wins08,1607155089.500,1607155096.500,7.000,424000,536000,2709,3637,799,1009
wood_f9_r1_v1,wood,9,sliding,wins09,1607155093.000,1607155100.000,7.000,480000,592000,3183,4111,904,1115
wood_f9_r1_v1,wood,9,sliding,wins10,1607155096.500,1607155103.500,7.000,536000,648000,3638,4564,1009,1220
wood_f9_r1_v1,wood,9,sliding,wins11,1607155100.000,1607155107.000,7.000,592000,704000,4111,5033,1115,1326
wood_f9_r1_v1,wood,9,sliding,wins12,1607155103.500,1607155110.500,7.000,648000,760000,4564,5466,1220,1431
wood_f9_r1_v1,wood,9,sliding,wins13,1607155107.000,1607155114.000,7.000,704000,816000,5033,5905,1326,1537
wood_f9_r1_v1,wood,9,sliding,wins14,1607155110.500,1607155117.500,7.000,760000,872000,5467,6378,1431,1642
wood_f9_r1_v1,wood,9,sliding,wins15,1607155114.000,1607155121.000,7.000,816000,928000,5905,6849,1537,1748
wood_f9_r1_v1,wood,9,sliding,wins16,1607155117.500,1607155124.500,7.000,872000,984000,6379,7325,1642,1853
wood_f9_r1_v1,wood,9,sliding,wins17,1607155121.000,1607155128.000,7.000,928000,1040000,6849,7799,1748,1959
wood_f9_r1_v1,wood,9,sliding,winm01,1607155065.000,1607155075.300,10.300,32000,196800,0,1106,60,371
wood_f9_r1_v1,wood,9,sliding,winm02,1607155070.150,1607155080.450,10.300,114400,279200,536,1678,215,526
wood_f9_r1_v1,wood,9,sliding,winm03,1607155075.300,1607155085.600,10.300,196800,361600,1107,2206,371,681
wood_f9_r1_v1,wood,9,sliding,winm04,1607155080.450,1607155090.750,10.300,279200,444000,1679,2880,526,836
wood_f9_r1_v1,wood,9,sliding,winm05,1607155085.600,1607155095.900,10.300,361600,526400,2207,3561,681,991
wood_f9_r1_v1,wood,9,sliding,winm06,1607155090.750,1607155101.050,10.300,444000,608800,2881,4239,836,1147
wood_f9_r1_v1,wood,9,sliding,winm07,1607155095.900,1607155106.200,10.300,526400,691200,3562,4928,991,1302
wood_f9_r1_v1,wood,9,sliding,winm08,1607155101.050,1607155111.350,10.300,608800,773600,4240,5571,1147,1457
wood_f9_r1_v1,wood,9,sliding,winm09,1607155106.200,1607155116.500,10.300,691200,856000,4929,6241,1302,1612
wood_f9_r1_v1,wood,9,sliding,winm10,1607155111.350,1607155121.650,10.300,773600,938400,5572,6940,1457,1767
wood_f9_r1_v1,wood,9,sliding,winm11,1607155116.500,1607155126.800,10.300,856000,1020800,6242,7633,1612,1923
wood_f9_r1_v1,wood,9,sliding,winl01,1607155065.000,1607155079.000,14.000,32000,256000,0,1512,60,482
wood_f9_r1_v1,wood,9,sliding,winl02,1607155072.000,1607155086.000,14.000,144000,368000,739,2246,271,693
wood_f9_r1_v1,wood,9,sliding,winl03,1607155079.000,1607155093.000,14.000,256000,480000,1512,3183,482,904
wood_f9_r1_v1,wood,9,sliding,winl04,1607155086.000,1607155100.000,14.000,368000,592000,2246,4111,693,1115
wood_f9_r1_v1,wood,9,sliding,winl05,1607155093.000,1607155107.000,14.000,480000,704000,3183,5033,904,1326
wood_f9_r1_v1,wood,9,sliding,winl06,1607155100.000,1607155114.000,14.000,592000,816000,4111,5905,1115,1537
wood_f9_r1_v1,wood,9,sliding,winl07,1607155107.000,1607155121.000,14.000,704000,928000,5033,6849,1326,1748
wood_f9_r1_v1,wood,9,sliding,winl08,1607155114.000,1607155128.000,14.000,816000,1040000,5905,7799,1537,1959
brass_f3_r1_v1,brass,3,sliding,winsb01,1607151142.994,1607151149.994,7.000,63901,175901,103,326,120,329
brass_f3_r1_v1,brass,3,sliding,winsb02,1607151146.108,1607151153.108,7.000,113732,225732,208,422,213,422
brass_f3_r1_v1,brass,3,sliding,winsb03,1607151149.368,1607151156.368,7.000,165888,277888,309,522,310,520
brass_f3_r1_v1,brass,3,sliding,winsb04,1607151152.842,1607151159.842,7.000,221478,333478,415,628,414,624
brass_f3_r1_v1,brass,3,sliding,winsb05,1607151157.179,1607151164.179,7.000,290863,402863,547,762,544,754
brass_f3_r1_v1,brass,3,sliding,winsb06,1607151160.783,1607151167.783,7.000,348534,460534,657,873,652,862
brass_f3_r1_v1,brass,3,sliding,winsb07,1607151163.962,1607151170.962,7.000,399391,511391,756,971,747,957
brass_f3_r1_v1,brass,3,sliding,winsb08,1607151167.591,1607151174.591,7.000,457456,569456,868,1086,856,1065
brass_f3_r1_v1,brass,3,sliding,winsb09,1607151170.896,1607151177.896,7.000,510333,622333,970,1188,955,1164
brass_f3_r1_v1,brass,3,sliding,winsb10,1607151174.807,1607151181.807,7.000,572909,684909,1094,1309,1072,1281
brass_f3_r1_v1,brass,3,sliding,winsb11,1607151178.182,1607151185.182,7.000,626906,738906,1198,1413,1173,1382
brass_f3_r1_v1,brass,3,sliding,winsb12,1607151180.828,1607151187.828,7.000,669246,781246,1279,1495,1252,1462
brass_f3_r1_v1,brass,3,sliding,winsb13,1607151185.225,1607151192.225,7.000,739604,851604,1415,1631,1384,1593
brass_f3_r1_v1,brass,3,sliding,winsb14,1607151187.860,1607151194.860,7.000,781764,893764,1497,1712,1463,1672
brass_f3_r1_v1,brass,3,sliding,winsb15,1607151192.091,1607151199.091,7.000,849458,961458,1628,1843,1589,1799
brass_f3_r1_v1,brass,3,sliding,winsb16,1607151195.009,1607151202.009,7.000,896151,1008151,1718,1934,1677,1886
brass_f3_r1_v1,brass,3,sliding,winmb01,1607151144.236,1607151154.536,10.300,83778,248578,143,466,157,465
brass_f3_r1_v1,brass,3,sliding,winmb02,1607151148.889,1607151159.189,10.300,158225,323025,294,608,296,604
brass_f3_r1_v1,brass,3,sliding,winmb03,1607151153.666,1607151163.966,10.300,234649,399449,440,755,439,747
brass_f3_r1_v1,brass,3,sliding,winmb04,1607151159.006,1607151169.306,10.300,320089,484889,604,920,599,907
brass_f3_r1_v1,brass,3,sliding,winmb05,1607151163.546,1607151173.846,10.300,392740,557540,743,1063,735,1043
brass_f3_r1_v1,brass,3,sliding,winmb06,1607151168.845,1607151179.145,10.300,477512,642312,907,1227,893,1202
brass_f3_r1_v1,brass,3,sliding,winmb07,1607151174.839,1607151185.139,10.300,573418,738218,1094,1412,1073,1381
brass_f3_r1_v1,brass,3,sliding,winmb08,1607151179.952,1607151190.252,10.300,655239,820039,1252,1570,1226,1534
brass_f3_r1_v1,brass,3,sliding,winmb09,1607151185.053,1607151195.353,10.300,736852,901652,1410,1727,1379,1687
brass_f3_r1_v1,brass,3,sliding,winmb10,1607151189.845,1607151200.145,10.300,813525,978325,1559,1876,1522,1830
brass_f3_r1_v1,brass,3,sliding,winlb01,1607151145.644,1607151159.644,14.000,106306,330306,193,622,199,618
brass_f3_r1_v1,brass,3,sliding,winlb02,1607151152.610,1607151166.610,14.000,217756,441756,407,836,407,826
brass_f3_r1_v1,brass,3,sliding,winlb04,1607151165.916,1607151179.916,14.000,430655,654655,815,1250,806,1225
brass_f3_r1_v1,brass,3,sliding,winlb05,1607151172.996,1607151186.996,14.000,543932,767932,1036,1469,1018,1437
brass_f3_r1_v1,brass,3,sliding,winlb06,1607151179.367,1607151193.367,14.000,645868,869868,1235,1667,1208,1627
brass_f3_r1_v1,brass,3,sliding,winlb07,1607151185.834,1607151199.834,14.000,749339,973339,1434,1866,1402,1821
brass_f3_r1_v1,brass,3,sliding,wine02,1607151145.382,1607151153.882,8.500,102117,238117,185,446,191,446
brass_f3_r1_v1,brass,3,sliding,wine03,1607151149.358,1607151157.858,8.500,165729,301729,308,566,310,565
brass_f3_r1_v1,brass,3,sliding,wine04,1607151153.832,1607151162.332,8.500,237311,373311,445,704,444,698
brass_f3_r1_v1,brass,3,sliding,wine05,1607151158.597,1607151167.097,8.500,313546,449546,591,851,587,841
brass_f3_r1_v1,brass,3,sliding,wine07,1607151166.419,1607151174.919,8.500,438699,574699,831,1096,821,1075
brass_f3_r1_v1,brass,3,sliding,wine08,1607151170.941,1607151179.441,8.500,511059,647059,972,1236,956,1211
brass_f3_r1_v1,brass,3,sliding,wine09,1607151174.873,1607151183.373,8.500,573966,709966,1096,1357,1074,1328
brass_f3_r1_v1,brass,3,sliding,wine10,1607151179.470,1607151187.970,8.500,647524,783524,1238,1500,1211,1466
brass_f3_r1_v1,brass,3,sliding,wine11,1607151183.393,1607151191.893,8.500,710293,846293,1359,1621,1329,1583
brass_f3_r1_v1,brass,3,sliding,wine12,1607151187.712,1607151196.212,8.500,779389,915389,1493,1754,1458,1713
brass_f3_r1_v1,brass,3,sliding,wine13,1607151192.598,1607151201.098,8.500,857562,993562,1644,1906,1604,1859
brass_f6_r1_v1,brass,6,sliding,winsb01,1607151368.464,1607151375.464,7.000,55416,167416,145,903,103,313
brass_f6_r1_v1,brass,6,sliding,winsb02,1607151372.379,1607151379.379,7.000,118070,230070,566,1331,220,430
brass_f6_r1_v1,brass,6,sliding,winsb03,1607151375.313,1607151382.313,7.000,165011,277011,887,1663,308,517
brass_f6_r1_v1,brass,6,sliding,winsb04,1607151379.599,1607151386.599,7.000,233588,345588,1357,1866,436,645
brass_f6_r1_v1,brass,6,sliding,winsb05,1607151383.051,1607151390.051,7.000,288823,400823,1743,1973,539,748
brass_f6_r1_v1,brass,6,sliding,winsb06,1607151385.976,1607151392.976,7.000,335621,447621,1848,2064,627,836
brass_f6_r1_v1,brass,6,sliding,winsb07,1607151390.145,1607151397.145,7.000,402325,514325,1977,2192,751,960
brass_f6_r1_v1,brass,6,sliding,winsb08,1607151392.786,1607151399.786,7.000,444584,556584,2059,2273,830,1039
brass_f6_r1_v1,brass,6,sliding,winsb09,1607151396.578,1607151403.578,7.000,505247,617247,2175,2390,943,1152
brass_f6_r1_v1,brass,6,sliding,winsb10,1607151399.883,1607151406.883,7.000,558125,670125,2277,2491,1042,1251
brass_f6_r1_v1,brass,6,sliding,winsb11,1607151403.698,1607151410.698,7.000,619166,731166,2395,2609,1156,1365
brass_f6_r1_v1,brass,6,sliding,winsb12,1607151407.561,1607151414.561,7.000,680978,792978,2513,2730,1271,1480
brass_f6_r1_v1,brass,6,sliding,winsb13,1607151410.467,1607151417.467,7.000,727475,839475,2603,2820,1358,1567
brass_f6_r1_v1,brass,6,sliding,winsb14,1607151413.780,1607151420.780,7.000,780474,892474,2707,2921,1457,1666
brass_f6_r1_v1,brass,6,sliding,winsb15,1607151417.650,1607151424.650,7.000,842396,954396,2827,3042,1573,1782
brass_f6_r1_v1,brass,6,sliding,winmb01,1607151368.943,1607151379.243,10.300,63083,227883,201,1315,118,425
brass_f6_r1_v1,brass,6,sliding,winmb02,1607151374.849,1607151385.149,10.300,157586,322386,835,1822,294,602
brass_f6_r1_v1,brass,6,sliding,winmb03,1607151379.564,1607151389.864,10.300,233024,397824,1353,1967,435,743
brass_f6_r1_v1,brass,6,sliding,winmb04,1607151385.291,1607151395.591,10.300,324652,489452,1827,2144,606,914
brass_f6_r1_v1,brass,6,sliding,winmb05,1607151389.711,1607151400.011,10.300,395372,560172,1963,2280,738,1046
brass_f6_r1_v1,brass,6,sliding,winmb06,1607151396.008,1607151406.308,10.300,496129,660929,2158,2474,926,1234
brass_f6_r1_v1,brass,6,sliding,winmb07,1607151400.267,1607151410.567,10.300,564266,729066,2289,2605,1053,1361
brass_f6_r1_v1,brass,6,sliding,winmb08,1607151405.015,1607151415.315,10.300,640248,805048,2435,2753,1195,1503
brass_f6_r1_v1,brass,6,sliding,winmb09,1607151410.974,1607151421.274,10.300,735592,900392,2619,2936,1373,1681
brass_f6_r1_v1,brass,6,sliding,winmb10,1607151416.585,1607151426.885,10.300,825359,990159,2794,3111,1541,1849
brass_f6_r1_v1,brass,6,sliding,winlb01,1607151370.375,1607151384.375,14.000,85997,309997,351,1799,161,579
brass_f6_r1_v1,brass,6,sliding,winlb02,1607151378.455,1607151392.455,14.000,215274,439274,1226,2047,402,820
brass_f6_r1_v1,brass,6,sliding,winlb04,1607151391.343,1607151405.343,14.000,421488,645488,2013,2444,787,1205
brass_f6_r1_v1,brass,6,sliding,winlb05,1607151398.752,1607151412.752,14.000,540039,764039,2243,2674,1008,1426
brass_f6_r1_v1,brass,6,sliding,winlb06,1607151406.540,1607151420.540,14.000,664635,888635,2482,2914,1241,1659
brass_f6_r1_v1,brass,6,sliding,winlb07,1607151413.443,1607151427.443,14.000,775085,999085,2696,3128,1447,1865
brass_f6_r1_v1,brass,6,sliding,wine01,1607151367.000,1607151375.500,8.500,32000,168000,0,908,60,314
brass_f6_r1_v1,brass,6,sliding,wine02,1607151371.579,1607151380.079,8.500,105258,241258,480,1412,197,450
brass_f6_r1_v1,brass,6,sliding,wine04,1607151379.787,1607151388.287,8.500,236598,372598,1379,1918,442,696
brass_f6_r1_v1,brass,6,sliding,wine05,1607151384.364,1607151392.864,8.500,309830,445830,1799,2060,578,832
brass_f6_r1_v1,brass,6,sliding,wine06,1607151388.141,1607151396.641,8.500,370259,506259,1915,2176,691,945
brass_f6_r1_v1,brass,6,sliding,wine07,1607151392.799,1607151401.299,8.500,444783,580783,2059,2320,830,1084
brass_f6_r1_v1,brass,6,sliding,wine08,1607151397.019,1607151405.519,8.500,512307,648307,2189,2450,956,1210
brass_f6_r1_v1,brass,6,sliding,wine09,1607151401.551,1607151410.051,8.500,584814,720814,2329,2589,1092,1346
brass_f6_r1_v1,brass,6,sliding,wine10,1607151404.759,1607151413.259,8.500,636145,772145,2427,2690,1188,1442
brass_f6_r1_v1,brass,6,sliding,wine11,1607151409.792,1607151418.292,8.500,716672,852672,2582,2847,1338,1592
brass_f6_r1_v1,brass,6,sliding,wine12,1607151414.295,1607151422.795,8.500,788719,924719,2723,2984,1472,1726
brass_f6_r1_v1,brass,6,sliding,wine13,1607151418.597,1607151427.097,8.500,857546,993546,2857,3117,1601,1855
brass_f9_r1_v1,brass,9,sliding,winsb01,1607152508.640,1607152515.640,7.000,42247,154247,68,286,79,288
brass_f9_r1_v1,brass,9,sliding,winsb02,1607152513.032,1607152520.032,7.000,112509,224509,204,421,210,419
brass_f9_r1_v1,brass,9,sliding,winsb03,1607152516.655,1607152523.655,7.000,170484,282484,318,533,318,527
brass_f9_r1_v1,brass,9,sliding,winsb04,1607152520.130,1607152527.130,7.000,226081,338081,426,639,422,631
brass_f9_r1_v1,brass,9,sliding,winsb05,1607152522.781,1607152529.781,7.000,268499,380499,507,720,501,710
brass_f9_r1_v1,brass,9,sliding,winsb06,1607152527.146,1607152534.146,7.000,338340,450340,641,855,631,840
brass_f9_r1_v1,brass,9,sliding,winsb07,1607152530.559,1607152537.559,7.000,392951,504951,746,961,733,942
brass_f9_r1_v1,brass,9,sliding,winsb09,1607152537.129,1607152544.129,7.000,498064,610064,948,1163,929,1138
brass_f9_r1_v1,brass,9,sliding,winsb10,1607152540.369,1607152547.369,7.000,549904,661904,1051,1265,1026,1234
brass_f9_r1_v1,brass,9,sliding,winsb12,1607152548.095,1607152555.095,7.000,673515,785515,1288,1503,1256,1465
brass_f9_r1_v1,brass,9,sliding,winsb13,1607152550.904,1607152557.904,7.000,718471,830471,1376,1589,1340,1549
brass_f9_r1_v1,brass,9,sliding,winsb15,1607152558.090,1607152565.090,7.000,833438,945438,1595,1810,1554,1763
brass_f9_r1_v1,brass,9,sliding,winsb16,1607152562.103,1607152569.103,7.000,897641,1009641,1719,1935,1674,1883
brass_f9_r1_v1,brass,9,sliding,winmb01,1607152509.265,1607152519.565,10.300,52241,217041,87,407,97,405
brass_f9_r1_v1,brass,9,sliding,winmb02,1607152515.483,1607152525.783,10.300,151735,316535,282,599,283,590
brass_f9_r1_v1,brass,9,sliding,winmb03,1607152520.452,1607152530.752,10.300,231227,396027,436,752,431,739
brass_f9_r1_v1,brass,9,sliding,winmb05,1607152530.914,1607152541.214,10.300,398619,563419,758,1075,743,1051
brass_f9_r1_v1,brass,9,sliding,winmb06,1607152534.977,1607152545.277,10.300,463635,628435,882,1199,865,1172
brass_f9_r1_v1,brass,9,sliding,winmb07,1607152541.274,1607152551.574,10.300,564377,729177,1078,1395,1053,1360
brass_f9_r1_v1,brass,9,sliding,winmb08,1607152546.045,1607152556.345,10.300,640715,805515,1225,1541,1195,1502
brass_f9_r1_v1,brass,9,sliding,winmb09,1607152551.838,1607152562.138,10.300,733407,898207,1404,1719,1368,1675
brass_f9_r1_v1,brass,9,sliding,winmb10,1607152555.655,1607152565.955,10.300,794474,959274,1521,1837,1482,1789
brass_f9_r1_v1,brass,9,sliding,winlb01,1607152511.617,1607152525.617,14.000,89868,313868,161,594,168,585
brass_f9_r1_v1,brass,9,sliding,winlb02,1607152516.990,1607152530.990,14.000,175841,399841,328,759,328,746
brass_f9_r1_v1,brass,9,sliding,winlb03,1607152524.573,1607152538.573,14.000,297169,521169,562,993,554,972
brass_f9_r1_v1,brass,9,sliding,winlb04,1607152531.754,1607152545.754,14.000,412058,636058,784,1215,768,1186
brass_f9_r1_v1,brass,9,sliding,winlb06,1607152546.031,1607152560.031,14.000,640491,864491,1224,1653,1195,1612
brass_f9_r1_v1,brass,9,sliding,winlb07,1607152552.394,1607152566.394,14.000,742298,966298,1421,1851,1384,1802
brass_f9_r1_v1,brass,9,sliding,wine01,1607152507.400,1607152515.900,8.500,22400,158400,29,294,42,295
brass_f9_r1_v1,brass,9,sliding,wine02,1607152512.145,1607152520.645,8.500,98318,234318,178,440,183,437
brass_f9_r1_v1,brass,9,sliding,wine03,1607152515.550,1607152524.050,8.500,152808,288808,284,545,285,539
brass_f9_r1_v1,brass,9,sliding,wine04,1607152519.671,1607152528.171,8.500,218741,354741,411,671,408,662
brass_f9_r1_v1,brass,9,sliding,wine05,1607152524.130,1607152532.630,8.500,290082,426082,549,809,541,795
brass_f9_r1_v1,brass,9,sliding,wine06,1607152528.760,1607152537.260,8.500,364157,500157,689,952,679,933
brass_f9_r1_v1,brass,9,sliding,wine07,1607152532.969,1607152541.469,8.500,431503,567503,820,1083,805,1058
brass_f9_r1_v1,brass,9,sliding,wine08,1607152537.545,1607152546.045,8.500,504718,640718,961,1224,941,1195
brass_f9_r1_v1,brass,9,sliding,wine09,1607152541.477,1607152549.977,8.500,567634,703634,1084,1346,1059,1312
brass_f9_r1_v1,brass,9,sliding,wine10,1607152545.380,1607152553.880,8.500,630084,766084,1204,1466,1175,1429
brass_f9_r1_v1,brass,9,sliding,wine11,1607152549.789,1607152558.289,8.500,700623,836623,1341,1600,1307,1560
brass_f9_r1_v1,brass,9,sliding,wine12,1607152554.556,1607152563.056,8.500,776890,912890,1488,1746,1449,1703
brass_f9_r1_v1,brass,9,sliding,wine13,1607152558.561,1607152567.061,8.500,840981,976981,1609,1871,1568,1822
linen_f3_r1_v1,linen,3,sliding,winsb02,1607135160.333,1607135167.333,7.000,117326,229326,188,404,217,423
linen_f3_r1_v1,linen,3,sliding,winsb04,1607135167.569,1607135174.569,7.000,233098,345098,412,625,430,637
linen_f3_r1_v1,linen,3,sliding,winsb05,1607135171.336,1607135178.336,7.000,293371,405371,527,740,542,749
linen_f3_r1_v1,linen,3,sliding,winsb06,1607135174.098,1607135181.098,7.000,337564,449564,611,827,623,830
linen_f3_r1_v1,linen,3,sliding,winsb07,1607135177.872,1607135184.872,7.000,397949,509949,727,944,735,942
linen_f3_r1_v1,linen,3,sliding,winsb08,1607135181.900,1607135188.900,7.000,462407,574407,852,1068,854,1061
linen_f3_r1_v1,linen,3,sliding,winsb09,1607135184.490,1607135191.490,7.000,503844,615844,933,1148,930,1137
linen_f3_r1_v1,linen,3,sliding,winsb10,1607135188.809,1607135195.809,7.000,572941,684941,1067,1281,1058,1265
linen_f3_r1_v1,linen,3,sliding,winsb11,1607135191.881,1607135198.881,7.000,622098,734098,1161,1377,1149,1356
linen_f3_r1_v1,linen,3,sliding,winsb12,1607135195.816,1607135202.816,7.000,685061,797061,1282,1499,1265,1472
linen_f3_r1_v1,linen,3,sliding,winsb13,1607135198.455,1607135205.455,7.000,727287,839287,1365,1579,1343,1550
linen_f3_r1_v1,linen,3,sliding,winsb14,1607135202.328,1607135209.328,7.000,789253,901253,1484,1699,1457,1664
linen_f3_r1_v1,linen,3,sliding,winsb15,1607135205.528,1607135212.528,7.000,840441,952441,1582,1797,1552,1759
linen_f3_r1_v1,linen,3,sliding,winsb16,1607135209.630,1607135216.630,7.000,906084,1018084,1709,1921,1673,1880
linen_f3_r1_v1,linen,3,sliding,winsb17,1607135212.733,1607135219.733,7.000,955721,1067721,1804,2017,1765,1972
linen_f3_r1_v1,linen,3,sliding,winmb01,1607135158.108,1607135168.408,10.300,81730,246530,120,437,151,455
linen_f3_r1_v1,linen,3,sliding,winmb02,1607135163.631,1607135173.931,10.300,170091,334891,292,605,314,618
linen_f3_r1_v1,linen,3,sliding,winmb03,1607135167.518,1607135177.818,10.300,232295,397095,411,724,429,733
linen_f3_r1_v1,linen,3,sliding,winmb04,1607135173.809,1607135184.109,10.300,332937,497737,603,920,615,919
linen_f3_r1_v1,linen,3,sliding,winmb05,1607135177.714,1607135188.014,10.300,395430,560230,722,1041,730,1035
linen_f3_r1_v1,linen,3,sliding,winmb06,1607135183.361,1607135193.661,10.300,485773,650573,898,1215,897,1201
linen_f3_r1_v1,linen,3,sliding,winmb07,1607135188.587,1607135198.887,10.300,569384,734184,1060,1377,1051,1356
linen_f3_r1_v1,linen,3,sliding,winmb08,1607135193.828,1607135204.128,10.300,653244,818044,1221,1538,1206,1511
linen_f3_r1_v1,linen,3,sliding,winmb10,1607135204.571,1607135214.871,10.300,825135,989935,1553,1868,1524,1828
linen_f3_r1_v1,linen,3,sliding,winmb11,1607135209.000,1607135219.300,10.300,895995,1060795,1690,2004,1655,1959
linen_f3_r1_v1,linen,3,sliding,winlb01,1607135158.237,1607135172.237,14.000,83787,307787,124,553,155,568
linen_f3_r1_v1,linen,3,sliding,winlb02,1607135166.483,1607135180.483,14.000,215721,439721,378,807,398,812
linen_f3_r1_v1,linen,3,sliding,winlb04,1607135179.742,1607135193.742,14.000,427880,651880,785,1218,790,1204
linen_f3_r1_v1,linen,3,sliding,winlb05,1607135186.393,1607135200.393,14.000,534288,758288,992,1423,987,1400
linen_f3_r1_v1,linen,3,sliding,winlb06,1607135194.759,1607135208.759,14.000,668149,892149,1250,1682,1234,1647
linen_f3_r1_v1,linen,3,sliding,winlb07,1607135200.333,1607135214.333,14.000,757336,981336,1422,1852,1398,1812
linen_f3_r1_v1,linen,3,sliding,wine01,1607135155.705,1607135164.205,8.500,43274,179274,46,309,80,331
linen_f3_r1_v1,linen,3,sliding,wine02,1607135159.868,1607135168.368,8.500,109892,245892,174,436,203,454
linen_f3_r1_v1,linen,3,sliding,wine03,1607135163.934,1607135172.434,8.500,174945,310945,301,559,323,574
linen_f3_r1_v1,linen,3,sliding,wine04,1607135168.554,1607135177.054,8.500,248872,384872,442,701,460,711
linen_f3_r1_v1,linen,3,sliding,wine05,1607135172.763,1607135181.263,8.500,316205,452205,570,832,584,835
linen_f3_r1_v1,linen,3,sliding,wine06,1607135176.787,1607135185.287,8.500,380584,516584,694,956,703,954
linen_f3_r1_v1,linen,3,sliding,wine07,1607135181.180,1607135189.680,8.500,450878,586878,830,1092,833,1084
linen_f3_r1_v1,linen,3,sliding,wine08,1607135184.648,1607135193.148,8.500,506362,642362,938,1199,935,1186
linen_f3_r1_v1,linen,3,sliding,wine09,1607135188.763,1607135197.263,8.500,572201,708201,1065,1327,1057,1308
linen_f3_r1_v1,linen,3,sliding,wine10,1607135193.687,1607135202.187,8.500,650989,786989,1217,1478,1202,1453
linen_f3_r1_v1,linen,3,sliding,wine11,1607135197.994,1607135206.494,8.500,719898,855898,1350,1611,1329,1580
linen_f3_r1_v1,linen,3,sliding,wine12,1607135201.545,1607135210.045,8.500,776728,912728,1459,1721,1434,1685
linen_f3_r1_v1,linen,3,sliding,wine13,1607135206.087,1607135214.587,8.500,849389,985389,1599,1859,1568,1820
linen_f3_r1_v1,linen,3,sliding,wine14,1607135210.993,1607135219.493,8.500,927889,1063889,1751,2010,1713,1965
linen_f6_r1_v1,linen,6,sliding,winsb01,1607135341.814,1607135348.814,7.000,61032,173032,157,609,114,322
linen_f6_r1_v1,linen,6,sliding,winsb02,1607135345.332,1607135352.332,7.000,117316,229316,502,715,219,427
linen_f6_r1_v1,linen,6,sliding,winsb03,1607135348.429,1607135355.429,7.000,166861,278861,598,811,311,520
linen_f6_r1_v1,linen,6,sliding,winsb04,1607135352.277,1607135359.277,7.000,228437,340437,715,932,426,634
linen_f6_r1_v1,linen,6,sliding,winsb05,1607135355.775,1607135362.775,7.000,284394,396394,823,1039,530,739
linen_f6_r1_v1,linen,6,sliding,winsb06,1607135358.818,1607135365.818,7.000,333094,445094,919,1132,621,829
linen_f6_r1_v1,linen,6,sliding,winsb08,1607135366.325,1607135373.325,7.000,453199,565199,1148,1364,845,1053
linen_f6_r1_v1,linen,6,sliding,winsb09,1607135369.232,1607135376.232,7.000,499708,611708,1237,1453,931,1140
linen_f6_r1_v1,linen,6,sliding,winsb10,1607135373.536,1607135380.536,7.000,568581,680581,1371,1585,1060,1268
linen_f6_r1_v1,linen,6,sliding,winsb11,1607135377.252,1607135384.252,7.000,628035,740035,1485,1699,1170,1379
linen_f6_r1_v1,linen,6,sliding,winsb12,1607135380.344,1607135387.344,7.000,677510,789510,1580,1795,1263,1471
linen_f6_r1_v1,linen,6,sliding,winsb13,1607135383.561,1607135390.561,7.000,728971,840971,1679,1893,1359,1567
linen_f6_r1_v1,linen,6,sliding,winsb14,1607135386.922,1607135393.922,7.000,782750,894750,1782,1999,1459,1667
linen_f6_r1_v1,linen,6,sliding,winsb15,1607135390.931,1607135397.931,7.000,846898,958898,1906,2122,1578,1787
linen_f6_r1_v1,linen,6,sliding,winsb16,1607135393.930,1607135400.930,7.000,894878,1006878,2000,2213,1668,1876
linen_f6_r1_v1,linen,6,sliding,winsb17,1607135397.832,1607135404.832,7.000,957305,1069305,2120,2334,1784,1993
linen_f6_r1_v1,linen,6,sliding,winmb01,1607135342.733,1607135353.033,10.300,75727,240527,259,737,141,448
linen_f6_r1_v1,linen,6,sliding,winmb02,1607135348.439,1607135358.739,10.300,167031,331831,598,915,311,618
linen_f6_r1_v1,linen,6,sliding,winmb03,1607135352.214,1607135362.514,10.300,227426,392226,713,1030,424,731
linen_f6_r1_v1,linen,6,sliding,winmb04,1607135358.025,1607135368.325,10.300,320399,485199,893,1209,597,904
linen_f6_r1_v1,linen,6,sliding,winmb05,1607135363.552,1607135373.852,10.300,408834,573634,1064,1380,762,1069
linen_f6_r1_v1,linen,6,sliding,winmb06,1607135367.826,1607135378.126,10.300,477221,642021,1194,1511,889,1196
linen_f6_r1_v1,linen,6,sliding,winmb07,1607135373.302,1607135383.602,10.300,564833,729633,1364,1679,1053,1360
linen_f6_r1_v1,linen,6,sliding,winmb08,1607135377.950,1607135388.250,10.300,639195,803995,1507,1823,1191,1498
linen_f6_r1_v1,linen,6,sliding,winmb09,1607135384.124,1607135394.424,10.300,737984,902784,1696,2014,1375,1682
linen_f6_r1_v1,linen,6,sliding,winmb10,1607135388.288,1607135398.588,10.300,804610,969410,1825,2143,1499,1807
linen_f6_r1_v1,linen,6,sliding,winmb11,1607135393.913,1607135404.213,10.300,894607,1059407,2000,2316,1667,1974
linen_f6_r1_v1,linen,6,sliding,winlb01,1607135344.284,1607135358.284,14.000,100550,324550,413,901,187,605
linen_f6_r1_v1,linen,6,sliding,winlb02,1607135350.442,1607135364.442,14.000,199069,423069,658,1090,371,788
linen_f6_r1_v1,linen,6,sliding,winlb03,1607135358.367,1607135372.367,14.000,325864,549864,904,1334,607,1025
linen_f6_r1_v1,linen,6,sliding,winlb04,1607135365.058,1607135379.058,14.000,432935,656935,1109,1540,807,1224
linen_f6_r1_v1,linen,6,sliding,winlb05,1607135372.372,1607135386.372,14.000,549955,773955,1335,1764,1025,1442
linen_f6_r1_v1,linen,6,sliding,winlb06,1607135377.718,1607135391.718,14.000,635481,859481,1500,1930,1184,1602
linen_f6_r1_v1,linen,6,sliding,winlb07,1607135384.604,1607135398.604,14.000,745672,969672,1711,2143,1390,1807
linen_f6_r1_v1,linen,6,sliding,winlb08,1607135391.598,1607135405.598,14.000,857563,1081563,1927,2358,1598,2016
linen_f6_r1_v1,linen,6,sliding,wine01,1607135340.470,1607135348.970,8.500,39525,175525,30,614,74,327
linen_f6_r1_v1,linen,6,sliding,wine02,1607135344.421,1607135352.921,8.500,102735,238735,428,733,191,445
linen_f6_r1_v1,linen,6,sliding,wine03,1607135348.496,1607135356.996,8.500,167930,303930,600,860,313,566
linen_f6_r1_v1,linen,6,sliding,wine04,1607135352.321,1607135360.821,8.500,229136,365136,716,977,427,680
linen_f6_r1_v1,linen,6,sliding,wine05,1607135357.222,1607135365.722,8.500,307544,443544,868,1129,573,827
linen_f6_r1_v1,linen,6,sliding,wine06,1607135361.018,1607135369.518,8.500,368288,504288,984,1245,686,940
linen_f6_r1_v1,linen,6,sliding,wine08,1607135369.699,1607135378.199,8.500,507191,643191,1251,1514,945,1199
linen_f6_r1_v1,linen,6,sliding,wine09,1607135374.010,1607135382.510,8.500,576152,712152,1386,1645,1074,1327
linen_f6_r1_v1,linen,6,sliding,wine10,1607135378.619,1607135387.119,8.500,649909,785909,1528,1787,1211,1465
linen_f6_r1_v1,linen,6,sliding,wine11,1607135381.981,1607135390.481,8.500,703692,839692,1630,1891,1311,1565
linen_f6_r1_v1,linen,6,sliding,wine12,1607135386.850,1607135395.350,8.500,781607,917607,1780,2042,1457,1710
linen_f6_r1_v1,linen,6,sliding,wine13,1607135390.614,1607135399.114,8.500,841824,977824,1896,2159,1569,1822
linen_f6_r1_v1,linen,6,sliding,wine14,1607135395.643,1607135404.143,8.500,922286,1058286,2052,2314,1719,1972
linen_f9_r1_v1,linen,9,sliding,winsb01,1607135573.738,1607135580.738,7.000,59813,171813,127,867,112,323
linen_f9_r1_v1,linen,9,sliding,winsb02,1607135577.763,1607135584.763,7.000,124210,236210,554,1308,233,444
linen_f9_r1_v1,linen,9,sliding,winsb03,1607135580.417,1607135587.417,7.000,166673,278673,832,1579,313,524
linen_f9_r1_v1,linen,9,sliding,winsb05,1607135588.066,1607135595.066,7.000,289055,401055,1646,2380,543,754
linen_f9_r1_v1,linen,9,sliding,winsb06,1607135591.230,1607135598.230,7.000,339685,451685,1974,2806,638,849
linen_f9_r1_v1,linen,9,sliding,winsb07,1607135595.079,1607135602.079,7.000,401267,513267,2383,3314,754,964
linen_f9_r1_v1,linen,9,sliding,winsb08,1607135598.358,1607135605.358,7.000,453728,565728,2825,3738,853,1063
linen_f9_r1_v1,linen,9,sliding,winsb09,1607135601.913,1607135608.913,7.000,510606,622606,3293,4219,959,1170
linen_f9_r1_v1,linen,9,sliding,winsb10,1607135605.684,1607135612.684,7.000,570950,682950,3782,4719,1073,1283
linen_f9_r1_v1,linen,9,sliding,winsb11,1607135608.294,1607135615.294,7.000,612697,724697,4134,5051,1151,1362
linen_f9_r1_v1,linen,9,sliding,winsb12,1607135612.602,1607135619.602,7.000,681628,793628,4709,5626,1281,1491
linen_f9_r1_v1,linen,9,sliding,winsb13,1607135615.626,1607135622.626,7.000,730014,842014,5097,6024,1372,1582
linen_f9_r1_v1,linen,9,sliding,winsb14,1607135619.067,1607135626.067,7.000,785069,897069,5553,6485,1475,1686
linen_f9_r1_v1,linen,9,sliding,winsb15,1607135623.269,1607135630.269,7.000,852300,964300,6111,7030,1602,1812
linen_f9_r1_v1,linen,9,sliding,winsb16,1607135626.545,1607135633.545,7.000,904724,1016724,6546,7463,1700,1910
linen_f9_r1_v1,linen,9,sliding,winsb17,1607135629.735,1607135636.735,7.000,955757,1067757,6960,7889,1796,2006
linen_f9_r1_v1,linen,9,sliding,winmb01,1607135574.455,1607135584.755,10.300,71287,236087,202,1307,134,444
linen_f9_r1_v1,linen,9,sliding,winmb02,1607135580.308,1607135590.608,10.300,164933,329733,820,1913,310,620
linen_f9_r1_v1,linen,9,sliding,winmb03,1607135584.237,1607135594.537,10.300,227786,392586,1245,2314,428,738
linen_f9_r1_v1,linen,9,sliding,winmb05,1607135595.622,1607135605.922,10.300,409948,574748,2453,3812,770,1080
linen_f9_r1_v1,linen,9,sliding,winmb06,1607135600.787,1607135611.087,10.300,492596,657396,3146,4508,926,1235
linen_f9_r1_v1,linen,9,sliding,winmb08,1607135611.083,1607135621.383,10.300,657333,822133,4508,5857,1235,1545
linen_f9_r1_v1,linen,9,sliding,winmb09,1607135615.351,1607135625.651,10.300,725610,890410,5060,6430,1363,1673
linen_f9_r1_v1,linen,9,sliding,winmb10,1607135620.712,1607135631.012,10.300,811396,976196,5770,7127,1525,1834
linen_f9_r1_v1,linen,9,sliding,winmb11,1607135625.947,1607135636.247,10.300,895159,1059959,6471,7830,1682,1992
linen_f9_r1_v1,linen,9,sliding,winlb01,1607135575.587,1607135589.587,14.000,89391,313391,322,1804,168,589
linen_f9_r1_v1,linen,9,sliding,winlb02,1607135581.686,1607135595.686,14.000,186984,410984,973,2461,351,772
linen_f9_r1_v1,linen,9,sliding,winlb03,1607135589.305,1607135603.305,14.000,308873,532873,1771,3481,580,1001
linen_f9_r1_v1,linen,9,sliding,winlb04,1607135595.451,1607135609.451,14.000,407210,631210,2431,4287,765,1186
linen_f9_r1_v1,linen,9,sliding,winlb05,1607135604.013,1607135618.013,14.000,544211,768211,3577,5416,1023,1444
linen_f9_r1_v1,linen,9,sliding,winlb06,1607135611.239,1607135625.239,14.000,659823,883823,4529,6376,1240,1661
linen_f9_r1_v1,linen,9,sliding,winlb07,1607135616.742,1607135630.742,14.000,747868,971868,5245,7092,1405,1826
linen_f9_r1_v1,linen,9,sliding,winlb08,1607135624.928,1607135638.928,14.000,878847,1102847,6336,8188,1651,2072
linen_f9_r1_v1,linen,9,sliding,wine01,1607135572.409,1607135580.909,8.500,38551,174551,20,886,72,328
linen_f9_r1_v1,linen,9,sliding,wine02,1607135576.864,1607135585.364,8.500,109829,245829,458,1371,206,462
linen_f9_r1_v1,linen,9,sliding,wine03,1607135580.938,1607135589.438,8.500,175013,311013,890,1786,329,584
linen_f9_r1_v1,linen,9,sliding,wine04,1607135584.653,1607135593.153,8.500,234452,370452,1296,2158,441,696
linen_f9_r1_v1,linen,9,sliding,wine06,1607135593.854,1607135602.354,8.500,381669,517669,2233,3352,717,973
linen_f9_r1_v1,linen,9,sliding,wine07,1607135597.505,1607135606.005,8.500,440075,576075,2705,3823,827,1082
linen_f9_r1_v1,linen,9,sliding,wine08,1607135602.073,1607135610.573,8.500,513170,649170,3314,4436,964,1220
linen_f9_r1_v1,linen,9,sliding,wine09,1607135606.528,1607135615.028,8.500,584442,720442,3893,5015,1098,1354
linen_f9_r1_v1,linen,9,sliding,wine10,1607135610.220,1607135618.720,8.500,643513,779513,4387,5507,1209,1465
linen_f9_r1_v1,linen,9,sliding,wine11,1607135614.964,1607135623.464,8.500,719421,855421,5008,6137,1352,1607
linen_f9_r1_v1,linen,9,sliding,wine12,1607135619.007,1607135627.507,8.500,784112,920112,5544,6667,1473,1729
linen_f9_r1_v1,linen,9,sliding,wine13,1607135622.737,1607135631.237,8.500,843796,979796,6040,7156,1586,1841
linen_f9_r1_v1,linen,9,sliding,wine14,1607135627.591,1607135636.091,8.500,921460,1057460,6679,7812,1731,1987
paper_f3_r1_v1,paper,3,sliding,winsb01,1607158615.824,1607158622.824,7.000,61188,173188,173,920,114,322
paper_f3_r1_v1,paper,3,sliding,winsb03,1607158622.636,1607158629.636,7.000,170175,282175,901,1656,317,525
paper_f3_r1_v1,paper,3,sliding,winsb04,1607158625.802,1607158632.802,7.000,220839,332839,1237,1988,411,619
paper_f3_r1_v1,paper,3,sliding,winsb05,1607158629.725,1607158636.725,7.000,283600,395600,1666,2419,527,736
paper_f3_r1_v1,paper,3,sliding,winsb07,1607158636.670,1607158643.670,7.000,394719,506719,2414,3306,734,942
paper_f3_r1_v1,paper,3,sliding,winsb08,1607158640.341,1607158647.341,7.000,453450,565450,2882,3774,843,1052
paper_f3_r1_v1,paper,3,sliding,winsb09,1607158643.354,1607158650.354,7.000,501661,613661,3268,4159,933,1141
paper_f3_r1_v1,paper,3,sliding,winsb10,1607158647.705,1607158654.705,7.000,571287,683287,3817,4735,1063,1271
paper_f3_r1_v1,paper,3,sliding,winsb11,1607158650.943,1607158657.943,7.000,623092,735092,4227,5134,1159,1367
paper_f3_r1_v1,paper,3,sliding,winsb12,1607158654.590,1607158661.590,7.000,681440,793440,4720,5632,1267,1476
paper_f3_r1_v1,paper,3,sliding,winsb13,1607158658.167,1607158665.167,7.000,738666,850666,5163,6090,1374,1582
paper_f3_r1_v1,paper,3,sliding,winmb01,1607158616.682,1607158626.982,10.300,74906,239706,271,1365,139,446
paper_f3_r1_v1,paper,3,sliding,winmb02,1607158622.229,1607158632.529,10.300,163658,328458,856,1957,304,611
paper_f3_r1_v1,paper,3,sliding,winmb03,1607158626.925,1607158637.225,10.300,238795,403595,1359,2480,444,751
paper_f3_r1_v1,paper,3,sliding,winmb04,1607158632.509,1607158642.809,10.300,328143,492943,1956,3200,610,917
paper_f3_r1_v1,paper,3,sliding,winmb05,1607158637.943,1607158648.243,10.300,415086,579886,2566,3883,772,1079
paper_f3_r1_v1,paper,3,sliding,winmb06,1607158642.094,1607158652.394,10.300,481506,646306,3113,4423,896,1202
paper_f3_r1_v1,paper,3,sliding,winmb08,1607158652.458,1607158662.758,10.300,647322,812122,4433,5781,1204,1511
paper_f3_r1_v1,paper,3,sliding,winmb09,1607158658.166,1607158668.466,10.300,738655,903455,5163,6530,1374,1680
paper_f3_r1_v1,paper,3,sliding,winmb10,1607158662.831,1607158673.131,10.300,813298,978098,5791,7166,1513,1819
paper_f3_r1_v1,paper,3,sliding,winlb01,1607158617.686,1607158631.686,14.000,90970,314970,380,1867,169,586
paper_f3_r1_v1,paper,3,sliding,winlb02,1607158623.717,1607158637.717,14.000,187479,411479,1014,2538,349,765
paper_f3_r1_v1,paper,3,sliding,winlb03,1607158631.975,1607158645.975,14.000,319598,543598,1897,3604,594,1011
paper_f3_r1_v1,paper,3,sliding,winlb04,1607158638.038,1607158652.038,14.000,416611,640611,2577,4375,775,1192
paper_f3_r1_v1,paper,3,sliding,winlb05,1607158644.850,1607158658.850,14.000,525605,749605,3455,5249,978,1394
paper_f3_r1_v1,paper,3,sliding,wine01,1607158614.000,1607158622.500,8.500,32000,168000,0,885,60,312
paper_f3_r1_v1,paper,3,sliding,wine02,1607158618.759,1607158627.259,8.500,108136,244136,495,1397,201,454
paper_f3_r1_v1,paper,3,sliding,wine03,1607158621.972,1607158630.472,8.500,159555,295555,829,1743,297,550
paper_f3_r1_v1,paper,3,sliding,wine04,1607158627.000,1607158635.500,8.500,240002,376002,1368,2273,446,699
paper_f3_r1_v1,paper,3,sliding,wine05,1607158630.781,1607158639.281,8.500,300491,436491,1776,2739,559,812
paper_f3_r1_v1,paper,3,sliding,wine06,1607158634.836,1607158643.336,8.500,365378,501378,2201,3265,680,933
paper_f3_r1_v1,paper,3,sliding,wine07,1607158639.723,1607158648.223,8.500,443566,579566,2800,3881,825,1078
paper_f3_r1_v1,paper,3,sliding,wine08,1607158643.575,1607158652.075,8.500,505202,641202,3295,4380,940,1193
paper_f3_r1_v1,paper,3,sliding,wine09,1607158647.783,1607158656.283,8.500,572530,708530,3826,4930,1065,1318
paper_f3_r1_v1,paper,3,sliding,wine11,1607158656.117,1607158664.617,8.500,705866,841866,4913,6020,1313,1566
paper_f3_r1_v1,paper,3,sliding,wine12,1607158660.766,1607158669.266,8.500,780248,916248,5518,6636,1451,1704
paper_f3_r1_v1,paper,3,sliding,wine13,1607158664.393,1607158672.893,8.500,838290,974290,5994,7133,1559,1812
paper_f6_r1_v1,paper,6,sliding,winsb01,1607158250.397,1607158257.397,7.000,54345,166345,92,824,101,310
paper_f6_r1_v1,paper,6,sliding,winsb02,1607158254.653,1607158261.653,7.000,122441,234441,526,1290,228,437
paper_f6_r1_v1,paper,6,sliding,winsb03,1607158258.054,1607158265.054,7.000,176859,288859,893,1668,330,538
paper_f6_r1_v1,paper,6,sliding,winsb04,1607158261.310,1607158268.310,7.000,228955,340955,1249,2015,427,635
paper_f6_r1_v1,paper,6,sliding,winsb05,1607158264.459,1607158271.459,7.000,279337,391337,1604,2347,520,729
paper_f6_r1_v1,paper,6,sliding,winsb06,1607158268.311,1607158275.311,7.000,340970,452970,2016,2864,635,844
paper_f6_r1_v1,paper,6,sliding,winsb07,1607158271.238,1607158278.238,7.000,387804,499804,2317,3255,723,931
paper_f6_r1_v1,paper,6,sliding,winsb08,1607158275.474,1607158282.474,7.000,455578,567578,2888,3829,849,1058
paper_f6_r1_v1,paper,6,sliding,winsb09,1607158278.978,1607158285.978,7.000,511641,623641,3355,4301,953,1162
paper_f6_r1_v1,paper,6,sliding,winsb10,1607158282.403,1607158289.403,7.000,566454,678454,3822,4754,1055,1264
paper_f6_r1_v1,paper,6,sliding,winsb11,1607158285.867,1607158292.867,7.000,621870,733870,4287,5226,1159,1367
paper_f6_r1_v1,paper,6,sliding,winsb12,1607158288.802,1607158295.802,7.000,668838,780838,4676,5610,1246,1455
paper_f6_r1_v1,paper,6,sliding,winsb13,1607158292.484,1607158299.484,7.000,727740,839740,5173,6092,1356,1565
paper_f6_r1_v1,paper,6,sliding,winsb14,1607158296.328,1607158303.328,7.000,789250,901250,5680,6599,1471,1679
paper_f6_r1_v1,paper,6,sliding,winsb15,1607158299.639,1607158306.639,7.000,842222,954222,6113,7051,1569,1778
paper_f6_r1_v1,paper,6,sliding,winsb16,1607158303.767,1607158310.767,7.000,908266,1020266,6661,7608,1692,1901
paper_f6_r1_v1,paper,6,sliding,winmb01,1607158252.230,1607158262.530,10.300,83675,248475,281,1391,156,463
paper_f6_r1_v1,paper,6,sliding,winmb02,1607158256.187,1607158266.487,10.300,146998,311798,693,1824,274,581
paper_f6_r1_v1,paper,6,sliding,winmb03,1607158262.014,1607158272.314,10.300,240224,405024,1335,2463,448,755
paper_f6_r1_v1,paper,6,sliding,winmb04,1607158267.328,1607158277.628,10.300,325250,490050,1912,3176,606,913
paper_f6_r1_v1,paper,6,sliding,winmb05,1607158271.613,1607158281.913,10.300,393815,558615,2370,3761,734,1041
paper_f6_r1_v1,paper,6,sliding,winmb06,1607158277.035,1607158287.335,10.300,480567,645367,3101,4477,895,1203
paper_f6_r1_v1,paper,6,sliding,winmb07,1607158282.809,1607158293.109,10.300,572938,737737,3869,5259,1068,1375
paper_f6_r1_v1,paper,6,sliding,winmb08,1607158288.245,1607158298.545,10.300,659915,824715,4600,5970,1230,1537
paper_f6_r1_v1,paper,6,sliding,winmb09,1607158292.530,1607158302.830,10.300,728488,893288,5179,6532,1357,1664
paper_f6_r1_v1,paper,6,sliding,winmb10,1607158297.522,1607158307.822,10.300,808347,973147,5838,7217,1506,1813
paper_f6_r1_v1,paper,6,sliding,winlb01,1607158253.176,1607158267.176,14.000,98812,322812,367,1894,184,602
paper_f6_r1_v1,paper,6,sliding,winlb02,1607158259.678,1607158273.678,14.000,202855,426855,1064,2641,378,795
paper_f6_r1_v1,paper,6,sliding,winlb03,1607158266.451,1607158280.451,14.000,311213,535213,1821,3551,580,997
paper_f6_r1_v1,paper,6,sliding,winlb04,1607158272.988,1607158286.988,14.000,415807,639807,2548,4431,775,1192
paper_f6_r1_v1,paper,6,sliding,winlb05,1607158279.603,1607158293.603,14.000,521641,745641,3435,5323,972,1389
paper_f6_r1_v1,paper,6,sliding,winlb06,1607158286.488,1607158300.488,14.000,631801,855801,4368,6221,1177,1595
paper_f6_r1_v1,paper,6,sliding,winlb07,1607158294.668,1607158308.668,14.000,762687,986687,5462,7329,1421,1839
paper_f6_r1_v1,paper,6,sliding,wine01,1607158249.000,1607158257.500,8.500,32000,168000,0,835,60,313
paper_f6_r1_v1,paper,6,sliding,wine02,1607158253.856,1607158262.356,8.500,109701,245701,437,1372,204,458
paper_f6_r1_v1,paper,6,sliding,wine03,1607158257.000,1607158265.500,8.500,159993,295993,783,1718,298,552
paper_f6_r1_v1,paper,6,sliding,wine04,1607158261.689,1607158270.189,8.500,235023,371023,1295,2195,438,691
paper_f6_r1_v1,paper,6,sliding,wine05,1607158265.866,1607158274.366,8.500,301851,437851,1761,2735,562,816
paper_f6_r1_v1,paper,6,sliding,wine06,1607158269.909,1607158278.409,8.500,366539,502539,2167,3278,683,936
paper_f6_r1_v1,paper,6,sliding,wine08,1607158278.933,1607158287.433,8.500,510932,646932,3350,4490,952,1205
paper_f6_r1_v1,paper,6,sliding,wine09,1607158283.288,1607158291.788,8.500,580605,716605,3930,5073,1082,1335
paper_f6_r1_v1,paper,6,sliding,wine10,1607158286.718,1607158295.218,8.500,635489,771489,4397,5533,1184,1438
paper_f6_r1_v1,paper,6,sliding,wine11,1607158291.312,1607158299.812,8.500,708996,844996,5007,6135,1321,1575
paper_f6_r1_v1,paper,6,sliding,wine12,1607158295.775,1607158304.275,8.500,780405,916405,5608,6729,1454,1708
paper_f6_r1_v1,paper,6,sliding,wine13,1607158299.907,1607158308.407,8.500,846505,982505,6148,7295,1577,1831
paper_f9_r1_v1,paper,9,sliding,winsb01,1607158449.788,1607158456.788,7.000,44602,156602,143,369,83,292
paper_f9_r1_v1,paper,9,sliding,winsb02,1607158453.449,1607158460.449,7.000,103180,215180,267,482,193,402
paper_f9_r1_v1,paper,9,sliding,winsb03,1607158457.737,1607158464.737,7.000,171796,283796,399,615,321,530
paper_f9_r1_v1,paper,9,sliding,winsb04,1607158460.416,1607158467.416,7.000,214651,326651,482,697,401,610
paper_f9_r1_v1,paper,9,sliding,winsb06,1607158468.108,1607158475.108,7.000,337732,449732,719,934,630,839
paper_f9_r1_v1,paper,9,sliding,winsb07,1607158471.156,1607158478.156,7.000,386494,498494,812,1027,721,931
paper_f9_r1_v1,paper,9,sliding,winsb08,1607158474.735,1607158481.735,7.000,443762,555762,924,1140,828,1037
paper_f9_r1_v1,paper,9,sliding,winsb09,1607158478.610,1607158485.610,7.000,505763,617763,1042,1259,944,1153
paper_f9_r1_v1,paper,9,sliding,winsb11,1607158485.624,1607158492.624,7.000,617981,729981,1261,1476,1154,1363
paper_f9_r1_v1,paper,9,sliding,winsb12,1607158489.040,1607158496.040,7.000,672648,784648,1367,1583,1256,1465
paper_f9_r1_v1,paper,9,sliding,winsb13,1607158492.471,1607158499.471,7.000,727533,839533,1473,1688,1358,1567
paper_f9_r1_v1,paper,9,sliding,winsb14,1607158496.204,1607158503.204,7.000,787258,899258,1589,1804,1470,1679
paper_f9_r1_v1,paper,9,sliding,winsb15,1607158499.609,1607158506.609,7.000,841743,953743,1693,1910,1571,1780
paper_f9_r1_v1,paper,9,sliding,winsb16,1607158502.433,1607158509.433,7.000,886928,998928,1781,1997,1656,1865
paper_f9_r1_v1,paper,9,sliding,winmb01,1607158451.479,1607158461.779,10.300,71656,236456,206,524,134,441
paper_f9_r1_v1,paper,9,sliding,winmb02,1607158455.606,1607158465.906,10.300,137703,302503,334,652,257,565
paper_f9_r1_v1,paper,9,sliding,winmb03,1607158461.280,1607158471.580,10.300,228487,393287,509,824,427,734
paper_f9_r1_v1,paper,9,sliding,winmb04,1607158466.385,1607158476.685,10.300,310168,474968,667,982,579,887
paper_f9_r1_v1,paper,9,sliding,winmb05,1607158471.235,1607158481.535,10.300,387758,552558,815,1134,724,1031
paper_f9_r1_v1,paper,9,sliding,winmb06,1607158477.522,1607158487.822,10.300,488345,653145,1009,1328,912,1219
paper_f9_r1_v1,paper,9,sliding,winmb07,1607158481.369,1607158491.669,10.300,549903,714703,1130,1448,1026,1334
paper_f9_r1_v1,paper,9,sliding,winmb08,1607158486.380,1607158496.680,10.300,630081,794881,1285,1602,1176,1484
paper_f9_r1_v1,paper,9,sliding,winmb09,1607158492.021,1607158502.321,10.300,720343,885143,1459,1776,1345,1652
paper_f9_r1_v1,paper,9,sliding,winmb10,1607158498.203,1607158508.503,10.300,819251,984051,1650,1969,1529,1837
paper_f9_r1_v1,paper,9,sliding,winlb01,1607158451.526,1607158465.526,14.000,72414,296414,208,640,135,553
paper_f9_r1_v1,paper,9,sliding,winlb02,1607158459.714,1607158473.714,14.000,203431,427431,461,891,380,798
paper_f9_r1_v1,paper,9,sliding,winlb03,1607158465.334,1607158479.334,14.000,293337,517337,635,1064,548,966
paper_f9_r1_v1,paper,9,sliding,winlb04,1607158473.201,1607158487.201,14.000,419222,643222,876,1310,783,1201
paper_f9_r1_v1,paper,9,sliding,winlb05,1607158480.983,1607158494.983,14.000,543723,767723,1118,1549,1015,1433
paper_f9_r1_v1,paper,9,sliding,winlb06,1607158487.475,1607158501.475,14.000,647595,871595,1319,1750,1209,1627
paper_f9_r1_v1,paper,9,sliding,winlb07,1607158495.029,1607158509.029,14.000,768465,992465,1551,1984,1434,1853
paper_f9_r1_v1,paper,9,sliding,wine01,1607158448.615,1607158457.115,8.500,25841,161841,107,379,48,302
paper_f9_r1_v1,paper,9,sliding,wine02,1607158453.386,1607158461.886,8.500,102180,238180,265,527,191,445
paper_f9_r1_v1,paper,9,sliding,wine03,1607158457.450,1607158465.950,8.500,167196,303196,390,653,312,566
paper_f9_r1_v1,paper,9,sliding,wine04,1607158461.625,1607158470.125,8.500,233996,369996,520,779,437,691
paper_f9_r1_v1,paper,9,sliding,wine05,1607158466.015,1607158474.515,8.500,304245,440245,656,916,568,822
paper_f9_r1_v1,paper,9,sliding,wine06,1607158469.938,1607158478.438,8.500,367002,503002,775,1036,685,939
paper_f9_r1_v1,paper,9,sliding,wine07,1607158473.837,1607158482.337,8.500,429390,565390,896,1159,802,1055
paper_f9_r1_v1,paper,9,sliding,wine08,1607158478.306,1607158486.806,8.500,500897,636897,1033,1297,935,1189
paper_f9_r1_v1,paper,9,sliding,wine10,1607158487.124,1607158495.624,8.500,641982,777982,1308,1569,1198,1452
paper_f9_r1_v1,paper,9,sliding,wine11,1607158490.599,1607158499.099,8.500,697590,833590,1416,1677,1302,1556
paper_f9_r1_v1,paper,9,sliding,wine13,1607158499.566,1607158508.066,8.500,841052,977052,1692,1955,1570,1824
polyester_f3_r1_v1,polyester,3,sliding,winsb01,1607155499.930,1607155506.930,7.000,46888,158888,145,886,87,294
polyester_f3_r1_v1,polyester,3,sliding,winsb02,1607155503.524,1607155510.524,7.000,104376,216376,529,1276,193,400
polyester_f3_r1_v1,polyester,3,sliding,winsb04,1607155510.381,1607155517.381,7.000,214099,326099,1261,2026,396,603
polyester_f3_r1_v1,polyester,3,sliding,winsb05,1607155513.660,1607155520.660,7.000,266554,378554,1621,2397,493,700
polyester_f3_r1_v1,polyester,3,sliding,winsb06,1607155517.370,1607155524.370,7.000,325919,437919,2025,2893,603,810
polyester_f3_r1_v1,polyester,3,sliding,winsb07,1607155520.954,1607155527.954,7.000,383259,495259,2433,3379,709,916
polyester_f3_r1_v1,polyester,3,sliding,winsb08,1607155524.340,1607155531.340,7.000,437436,549436,2890,3835,809,1016
polyester_f3_r1_v1,polyester,3,sliding,winsb09,1607155527.995,1607155534.995,7.000,495912,607912,3386,4322,917,1125
polyester_f3_r1_v1,polyester,3,sliding,winsb10,1607155531.271,1607155538.271,7.000,548336,660336,3827,4740,1014,1222
polyester_f3_r1_v1,polyester,3,sliding,winsb11,1607155534.711,1607155541.711,7.000,603376,715376,4284,5186,1116,1323
polyester_f3_r1_v1,polyester,3,sliding,winsb12,1607155538.026,1607155545.026,7.000,656418,768418,4711,5622,1214,1422
polyester_f3_r1_v1,polyester,3,sliding,winsb13,1607155541.466,1607155548.466,7.000,711450,823450,5154,6062,1316,1523
polyester_f3_r1_v1,polyester,3,sliding,winsb14,1607155545.455,1607155552.455,7.000,775281,887281,5680,6550,1434,1641
polyester_f3_r1_v1,polyester,3,sliding,winsb15,1607155548.955,1607155555.955,7.000,831288,943288,6126,7004,1538,1745
polyester_f3_r1_v1,polyester,3,sliding,winmb02,1607155505.989,1607155516.289,10.300,143831,308631,799,1905,266,571
polyester_f3_r1_v1,polyester,3,sliding,winmb03,1607155510.923,1607155521.223,10.300,222772,387572,1320,2468,412,717
polyester_f3_r1_v1,polyester,3,sliding,winmb04,1607155516.552,1607155526.852,10.300,312834,477634,1936,3230,579,884
polyester_f3_r1_v1,polyester,3,sliding,winmb05,1607155521.154,1607155531.454,10.300,386467,551267,2460,3850,715,1020
polyester_f3_r1_v1,polyester,3,sliding,winmb06,1607155526.288,1607155536.588,10.300,468605,633405,3159,4522,867,1172
polyester_f3_r1_v1,polyester,3,sliding,winmb07,1607155531.102,1607155541.402,10.300,545625,710425,3804,5145,1009,1314
polyester_f3_r1_v1,polyester,3,sliding,winmb08,1607155536.094,1607155546.394,10.300,625500,790300,4461,5799,1157,1462
polyester_f3_r1_v1,polyester,3,sliding,winmb09,1607155542.102,1607155552.402,10.300,721631,886431,5238,6543,1335,1640
polyester_f3_r1_v1,polyester,3,sliding,winmb10,1607155547.457,1607155557.757,10.300,807306,972106,5933,7255,1494,1798
polyester_f3_r1_v1,polyester,3,sliding,winlb01,1607155501.873,1607155515.873,14.000,77974,301974,353,1858,144,559
polyester_f3_r1_v1,polyester,3,sliding,winlb02,1607155508.225,1607155522.225,14.000,179592,403592,1021,2607,332,747
polyester_f3_r1_v1,polyester,3,sliding,winlb03,1607155515.659,1607155529.659,14.000,298544,522544,1835,3611,552,967
polyester_f3_r1_v1,polyester,3,sliding,winlb04,1607155522.633,1607155536.633,14.000,410131,634131,2665,4528,759,1173
polyester_f3_r1_v1,polyester,3,sliding,winlb05,1607155530.417,1607155544.417,14.000,534669,758669,3712,5537,989,1404
polyester_f3_r1_v1,polyester,3,sliding,winlb06,1607155536.264,1607155550.264,14.000,628226,852226,4483,6287,1162,1577
polyester_f3_r1_v1,polyester,3,sliding,winlb07,1607155542.796,1607155556.796,14.000,732737,956737,5328,7124,1356,1770
polyester_f3_r1_v1,polyester,3,sliding,wine01,1607155498.481,1607155506.981,8.500,23689,159689,23,891,44,295
polyester_f3_r1_v1,polyester,3,sliding,wine02,1607155502.753,1607155511.253,8.500,92052,228052,446,1355,170,422
polyester_f3_r1_v1,polyester,3,sliding,wine03,1607155505.924,1607155514.424,8.500,142785,278785,792,1701,264,516
polyester_f3_r1_v1,polyester,3,sliding,wine04,1607155510.365,1607155518.865,8.500,213844,349844,1259,2176,396,647
polyester_f3_r1_v1,polyester,3,sliding,wine05,1607155515.174,1607155523.674,8.500,290780,426780,1780,2802,538,790
polyester_f3_r1_v1,polyester,3,sliding,wine06,1607155519.618,1607155528.118,8.500,361892,497892,2271,3402,670,921
polyester_f3_r1_v1,polyester,3,sliding,wine08,1607155527.357,1607155535.857,8.500,485708,621708,3298,4430,899,1150
polyester_f3_r1_v1,polyester,3,sliding,wine09,1607155531.512,1607155540.012,8.500,552200,688200,3859,4968,1022,1273
polyester_f3_r1_v1,polyester,3,sliding,wine10,1607155536.258,1607155544.758,8.500,628122,764122,4482,5585,1162,1414
polyester_f3_r1_v1,polyester,3,sliding,wine11,1607155540.902,1607155549.402,8.500,702436,838436,5081,6181,1300,1551
polyester_f3_r1_v1,polyester,3,sliding,wine12,1607155544.389,1607155552.889,8.500,758228,894228,5535,6607,1403,1654
polyester_f6_r1_v1,polyester,6,sliding,winsb01,1607155717.804,1607155724.804,7.000,44858,156858,55,269,84,295
polyester_f6_r1_v1,polyester,6,sliding,winsb02,1607155720.926,1607155727.926,7.000,94823,206823,150,363,178,389
polyester_f6_r1_v1,polyester,6,sliding,winsb03,1607155724.296,1607155731.296,7.000,148733,260733,254,469,280,490
polyester_f6_r1_v1,polyester,6,sliding,winsb04,1607155728.537,1607155735.537,7.000,216591,328591,383,600,407,618
polyester_f6_r1_v1,polyester,6,sliding,winsb05,1607155732.087,1607155739.087,7.000,273397,385397,494,710,514,725
polyester_f6_r1_v1,polyester,6,sliding,winsb06,1607155735.143,1607155742.143,7.000,322292,434292,589,805,606,817
polyester_f6_r1_v1,polyester,6,sliding,winsb08,1607155742.016,1607155749.016,7.000,432256,544256,802,1016,813,1024
polyester_f6_r1_v1,polyester,6,sliding,winsb09,1607155745.604,1607155752.604,7.000,489664,601664,912,1127,921,1132
polyester_f6_r1_v1,polyester,6,sliding,winsb10,1607155749.331,1607155756.331,7.000,549292,661292,1027,1244,1033,1244
polyester_f6_r1_v1,polyester,6,sliding,winsb11,1607155752.779,1607155759.779,7.000,604467,716467,1133,1351,1137,1348
polyester_f6_r1_v1,polyester,6,sliding,winsb12,1607155756.098,1607155763.098,7.000,657570,769570,1238,1455,1237,1447
polyester_f6_r1_v1,polyester,6,sliding,winsb13,1607155759.894,1607155766.894,7.000,718309,830309,1356,1571,1351,1562
polyester_f6_r1_v1,polyester,6,sliding,winsb14,1607155763.435,1607155770.435,7.000,774953,886953,1466,1678,1458,1668
polyester_f6_r1_v1,polyester,6,sliding,winsb15,1607155766.811,1607155773.811,7.000,828979,940979,1570,1782,1559,1770
polyester_f6_r1_v1,polyester,6,sliding,winsb16,1607155770.132,1607155777.132,7.000,882107,994107,1670,1883,1659,1870
polyester_f6_r1_v1,polyester,6,sliding,winmb01,1607155718.766,1607155729.066,10.300,60263,225063,84,399,113,423
polyester_f6_r1_v1,polyester,6,sliding,winmb02,1607155723.867,1607155734.167,10.300,141872,306672,241,558,267,577
polyester_f6_r1_v1,polyester,6,sliding,winmb03,1607155728.628,1607155738.928,10.300,218053,382853,386,705,410,720
polyester_f6_r1_v1,polyester,6,sliding,winmb04,1607155733.721,1607155744.021,10.300,299535,464335,545,862,563,873
polyester_f6_r1_v1,polyester,6,sliding,winmb05,1607155739.246,1607155749.546,10.300,387931,552731,716,1032,730,1040
polyester_f6_r1_v1,polyester,6,sliding,winmb06,1607155744.499,1607155754.799,10.300,471977,636777,878,1195,888,1198
polyester_f6_r1_v1,polyester,6,sliding,winmb07,1607155749.646,1607155759.946,10.300,554339,719139,1037,1357,1043,1353
polyester_f6_r1_v1,polyester,6,sliding,winmb08,1607155754.444,1607155764.744,10.300,631104,795904,1185,1506,1187,1497
polyester_f6_r1_v1,polyester,6,sliding,winmb09,1607155759.877,1607155770.177,10.300,718026,882826,1356,1670,1350,1660
polyester_f6_r1_v1,polyester,6,sliding,winmb10,1607155765.676,1607155775.976,10.300,810808,975608,1535,1849,1525,1835
polyester_f6_r1_v1,polyester,6,sliding,winlb01,1607155719.349,1607155733.349,14.000,69582,293582,102,532,131,552
polyester_f6_r1_v1,polyester,6,sliding,winlb02,1607155727.220,1607155741.220,14.000,195525,419525,343,776,368,789
polyester_f6_r1_v1,polyester,6,sliding,winlb03,1607155732.621,1607155746.621,14.000,281932,505932,510,943,530,952
polyester_f6_r1_v1,polyester,6,sliding,winlb04,1607155741.288,1607155755.288,14.000,420608,644608,779,1211,791,1212
polyester_f6_r1_v1,polyester,6,sliding,winlb05,1607155748.428,1607155762.428,14.000,534841,758841,999,1434,1006,1427
polyester_f6_r1_v1,polyester,6,sliding,winlb06,1607155754.000,1607155768.000,14.000,623999,847999,1171,1604,1174,1595
polyester_f6_r1_v1,polyester,6,sliding,winlb07,1607155760.475,1607155774.475,14.000,727607,951607,1374,1802,1369,1790
polyester_f6_r1_v1,polyester,6,sliding,wine01,1607155716.000,1607155724.500,8.500,16000,152000,0,260,30,286
polyester_f6_r1_v1,polyester,6,sliding,wine02,1607155719.845,1607155728.345,8.500,77527,213527,118,376,146,402
polyester_f6_r1_v1,polyester,6,sliding,wine03,1607155725.101,1607155733.601,8.500,161621,297621,279,540,304,560
polyester_f6_r1_v1,polyester,6,sliding,wine04,1607155729.257,1607155737.757,8.500,228113,364113,406,669,429,685
polyester_f6_r1_v1,polyester,6,sliding,wine05,1607155733.587,1607155742.087,8.500,297398,433398,540,803,559,815
polyester_f6_r1_v1,polyester,6,sliding,wine06,1607155737.382,1607155745.882,8.500,358119,494119,658,920,674,929
polyester_f6_r1_v1,polyester,6,sliding,wine07,1607155741.519,1607155750.019,8.500,424309,560309,787,1047,798,1054
polyester_f6_r1_v1,polyester,6,sliding,wine08,1607155746.174,1607155754.674,8.500,498787,634787,930,1191,938,1194
polyester_f6_r1_v1,polyester,6,sliding,wine09,1607155750.194,1607155758.694,8.500,563108,699108,1054,1317,1059,1315
polyester_f6_r1_v1,polyester,6,sliding,wine10,1607155753.929,1607155762.429,8.500,622871,758871,1169,1434,1172,1427
polyester_f6_r1_v1,polyester,6,sliding,wine11,1607155759.054,1607155767.554,8.500,704859,840859,1329,1591,1326,1582
polyester_f6_r1_v1,polyester,6,sliding,wine12,1607155762.673,1607155771.173,8.500,762770,898770,1442,1701,1435,1690
polyester_f6_r1_v1,polyester,6,sliding,wine13,1607155767.349,1607155775.849,8.500,837581,973581,1586,1845,1575,1831
polyester_f9_r1_v1,polyester,9,sliding,winsb01,1607155861.751,1607155868.751,7.000,28016,140016,245,961,53,263
polyester_f9_r1_v1,polyester,9,sliding,winsb02,1607155864.918,1607155871.918,7.000,78680,190680,567,1278,148,359
polyester_f9_r1_v1,polyester,9,sliding,winsb03,1607155868.536,1607155875.536,7.000,136572,248572,941,1652,257,468
polyester_f9_r1_v1,polyester,9,sliding,winsb04,1607155872.328,1607155879.328,7.000,197250,309250,1322,2050,371,582
polyester_f9_r1_v1,polyester,9,sliding,winsb05,1607155875.375,1607155882.375,7.000,246002,358002,1637,2396,463,674
polyester_f9_r1_v1,polyester,9,sliding,winsb06,1607155878.739,1607155885.739,7.000,299831,411831,1992,2822,564,775
polyester_f9_r1_v1,polyester,9,sliding,winsb07,1607155882.681,1607155889.681,7.000,362889,474889,2436,3362,683,894
polyester_f9_r1_v1,polyester,9,sliding,winsb08,1607155886.525,1607155893.525,7.000,424405,536405,2932,3870,799,1009
polyester_f9_r1_v1,polyester,9,sliding,winsb09,1607155889.870,1607155896.870,7.000,477918,589918,3390,4301,899,1110
polyester_f9_r1_v1,polyester,9,sliding,winsb10,1607155893.065,1607155900.065,7.000,529046,641046,3815,4726,995,1206
polyester_f9_r1_v1,polyester,9,sliding,winsb11,1607155896.978,1607155903.978,7.000,591650,703650,4316,5256,1113,1324
polyester_f9_r1_v1,polyester,9,sliding,winsb12,1607155900.234,1607155907.234,7.000,643740,755740,4751,5685,1211,1422
polyester_f9_r1_v1,polyester,9,sliding,winsb13,1607155904.274,1607155911.274,7.000,708392,820392,5297,6220,1333,1544
polyester_f9_r1_v1,polyester,9,sliding,winsb14,1607155907.540,1607155914.540,7.000,760637,872637,5728,6661,1431,1642
polyester_f9_r1_v1,polyester,9,sliding,winsb15,1607155911.097,1607155918.097,7.000,817555,929555,6196,7109,1538,1749
polyester_f9_r1_v1,polyester,9,sliding,winsb16,1607155913.998,1607155920.998,7.000,863960,975960,6592,7515,1626,1836
polyester_f9_r1_v1,polyester,9,sliding,winmb01,1607155862.038,1607155872.338,10.300,32605,197405,276,1322,61,371
polyester_f9_r1_v1,polyester,9,sliding,winmb02,1607155867.260,1607155877.560,10.300,116167,280967,811,1876,219,529
polyester_f9_r1_v1,polyester,9,sliding,winmb03,1607155872.770,1607155883.070,10.300,204326,369126,1366,2485,384,695
polyester_f9_r1_v1,polyester,9,sliding,winmb04,1607155878.044,1607155888.344,10.300,288700,453500,1930,3174,543,853
polyester_f9_r1_v1,polyester,9,sliding,winmb05,1607155882.703,1607155893.003,10.300,363251,528051,2439,3806,684,994
polyester_f9_r1_v1,polyester,9,sliding,winmb06,1607155888.758,1607155899.058,10.300,460120,624920,3230,4587,866,1176
polyester_f9_r1_v1,polyester,9,sliding,winmb07,1607155894.044,1607155904.344,10.300,544708,709508,3935,5305,1025,1335
polyester_f9_r1_v1,polyester,9,sliding,winmb08,1607155898.341,1607155908.641,10.300,613452,778252,4497,5878,1154,1464
polyester_f9_r1_v1,polyester,9,sliding,winmb09,1607155903.787,1607155914.087,10.300,700599,865399,5232,6603,1318,1628
polyester_f9_r1_v1,polyester,9,sliding,winmb10,1607155909.071,1607155919.371,10.300,785133,949933,5937,7297,1477,1787
polyester_f9_r1_v1,polyester,9,sliding,winlb01,1607155863.967,1607155877.967,14.000,63472,287472,482,1922,119,541
polyester_f9_r1_v1,polyester,9,sliding,winlb02,1607155869.760,1607155883.760,14.000,156155,380155,1067,2571,294,715
polyester_f9_r1_v1,polyester,9,sliding,winlb03,1607155877.040,1607155891.040,14.000,272637,496637,1818,3550,513,935
polyester_f9_r1_v1,polyester,9,sliding,winlb04,1607155884.984,1607155898.984,14.000,399752,623752,2727,4578,752,1174
polyester_f9_r1_v1,polyester,9,sliding,winlb05,1607155891.643,1607155905.643,14.000,506291,730291,3630,5479,953,1374
polyester_f9_r1_v1,polyester,9,sliding,winlb06,1607155899.340,1607155913.340,14.000,629438,853438,4627,6503,1184,1606
polyester_f9_r1_v1,polyester,9,sliding,winlb07,1607155905.391,1607155919.391,14.000,726248,950248,5447,7300,1367,1788
polyester_f9_r1_v1,polyester,9,sliding,wine01,1607155860.000,1607155868.500,8.500,0,136000,52,936,0,256
polyester_f9_r1_v1,polyester,9,sliding,wine02,1607155864.003,1607155872.503,8.500,64053,200053,486,1338,121,376
polyester_f9_r1_v1,polyester,9,sliding,wine03,1607155868.158,1607155876.658,8.500,130520,266520,902,1774,246,502
polyester_f9_r1_v1,polyester,9,sliding,wine04,1607155872.942,1607155881.442,8.500,207076,343076,1384,2280,390,646
polyester_f9_r1_v1,polyester,9,sliding,wine05,1607155876.700,1607155885.200,8.500,267200,403200,1780,2753,503,759
polyester_f9_r1_v1,polyester,9,sliding,wine06,1607155881.712,1607155890.212,8.500,347390,483390,2314,3437,654,910
polyester_f9_r1_v1,polyester,9,sliding,wine07,1607155885.208,1607155893.708,8.500,403321,539321,2755,3893,759,1015
polyester_f9_r1_v1,polyester,9,sliding,wine08,1607155889.971,1607155898.471,8.500,479537,615537,3405,4512,902,1158
polyester_f9_r1_v1,polyester,9,sliding,wine09,1607155894.087,1607155902.587,8.500,545391,681391,3941,5075,1026,1282
polyester_f9_r1_v1,polyester,9,sliding,wine10,1607155898.414,1607155906.914,8.500,614621,750621,4506,5642,1157,1412
polyester_f9_r1_v1,polyester,9,sliding,wine13,1607155910.554,1607155919.054,8.500,808856,944856,6128,7250,1522,1778
silk_f3_r1_v1,silk,3,sliding,winsb01,1607154129.353,1607154136.353,7.000,53648,165648,90,827,100,309
silk_f3_r1_v1,silk,3,sliding,winsb02,1607154132.805,1607154139.805,7.000,108884,220884,467,1198,203,412
silk_f3_r1_v1,silk,3,sliding,winsb03,1607154136.786,1607154143.786,7.000,172575,284575,877,1638,322,530
silk_f3_r1_v1,silk,3,sliding,winsb05,1607154144.073,1607154151.073,7.000,289160,401160,1669,2448,539,748
silk_f3_r1_v1,silk,3,sliding,winsb06,1607154146.749,1607154153.749,7.000,331980,443980,1953,2802,619,828
silk_f3_r1_v1,silk,3,sliding,winsb07,1607154150.618,1607154157.618,7.000,393893,505893,2388,3300,734,943
silk_f3_r1_v1,silk,3,sliding,winsb09,1607154157.452,1607154164.452,7.000,503238,615238,3279,4211,938,1147
silk_f3_r1_v1,silk,3,sliding,winsb10,1607154161.099,1607154168.099,7.000,561579,673579,3765,4708,1047,1256
silk_f3_r1_v1,silk,3,sliding,winsb11,1607154164.459,1607154171.459,7.000,615343,727343,4212,5128,1147,1356
silk_f3_r1_v1,silk,3,sliding,winsb12,1607154168.021,1607154175.021,7.000,672335,784335,4700,5608,1253,1462
silk_f3_r1_v1,silk,3,sliding,winsb13,1607154172.198,1607154179.198,7.000,739171,851171,5223,6155,1378,1587
silk_f3_r1_v1,silk,3,sliding,winsb14,1607154175.163,1607154182.163,7.000,786609,898609,5626,6538,1466,1675
silk_f3_r1_v1,silk,3,sliding,winsb15,1607154178.630,1607154185.630,7.000,842083,954083,6076,6979,1570,1779
silk_f3_r1_v1,silk,3,sliding,winsb16,1607154182.367,1607154189.367,7.000,901868,1013868,6564,7466,1681,1890
silk_f3_r1_v1,silk,3,sliding,winmb01,1607154130.829,1607154141.129,10.300,77258,242058,252,1348,144,451
silk_f3_r1_v1,silk,3,sliding,winmb02,1607154135.973,1607154146.273,10.300,159562,324362,785,1897,297,605
silk_f3_r1_v1,silk,3,sliding,winmb04,1607154146.152,1607154156.452,10.300,322425,487225,1884,3149,601,908
silk_f3_r1_v1,silk,3,sliding,winmb05,1607154151.540,1607154161.840,10.300,408632,573432,2507,3865,762,1069
silk_f3_r1_v1,silk,3,sliding,winmb06,1607154156.782,1607154167.082,10.300,492506,657306,3192,4565,918,1225
silk_f3_r1_v1,silk,3,sliding,winmb07,1607154161.612,1607154171.912,10.300,569789,734589,3835,5185,1062,1369
silk_f3_r1_v1,silk,3,sliding,winmb08,1607154166.054,1607154176.354,10.300,640868,805668,4428,5771,1195,1502
silk_f3_r1_v1,silk,3,sliding,winmb09,1607154171.132,1607154181.432,10.300,722110,886910,5089,6442,1346,1653
silk_f3_r1_v1,silk,3,sliding,winmb10,1607154176.652,1607154186.952,10.300,810426,975226,5812,7152,1511,1818
silk_f3_r1_v1,silk,3,sliding,winlb01,1607154132.398,1607154146.398,14.000,102366,326366,427,1911,191,608
silk_f3_r1_v1,silk,3,sliding,winlb02,1607154138.442,1607154152.442,14.000,199080,423080,1050,2624,371,789
silk_f3_r1_v1,silk,3,sliding,winlb03,1607154146.330,1607154160.330,14.000,325288,549288,1905,3664,606,1024
silk_f3_r1_v1,silk,3,sliding,winlb04,1607154152.415,1607154166.415,14.000,422645,646645,2621,4475,788,1205
silk_f3_r1_v1,silk,3,sliding,winlb05,1607154160.036,1607154174.036,14.000,544572,768572,3627,5475,1015,1433
silk_f3_r1_v1,silk,3,sliding,winlb06,1607154166.469,1607154180.469,14.000,647500,871500,4483,6319,1207,1625
silk_f3_r1_v1,silk,3,sliding,winlb07,1607154173.938,1607154187.938,14.000,767012,991012,5463,7282,1430,1847
silk_f3_r1_v1,silk,3,sliding,wine01,1607154128.000,1607154136.500,8.500,32000,168000,0,844,60,313
silk_f3_r1_v1,silk,3,sliding,wine02,1607154132.747,1607154141.247,8.500,107953,243953,461,1362,201,455
silk_f3_r1_v1,silk,3,sliding,wine03,1607154136.201,1607154144.701,8.500,163220,299220,810,1732,304,558
silk_f3_r1_v1,silk,3,sliding,wine04,1607154140.120,1607154148.620,8.500,225926,361926,1234,2149,421,675
silk_f3_r1_v1,silk,3,sliding,wine05,1607154145.282,1607154153.782,8.500,308512,444512,1793,2806,575,829
silk_f3_r1_v1,silk,3,sliding,wine06,1607154149.475,1607154157.975,8.500,375603,511603,2244,3346,700,954
silk_f3_r1_v1,silk,3,sliding,wine07,1607154153.700,1607154162.200,8.500,443201,579201,2796,3913,826,1080
silk_f3_r1_v1,silk,3,sliding,wine08,1607154157.989,1607154166.489,8.500,511823,647823,3349,4485,954,1208
silk_f3_r1_v1,silk,3,sliding,wine09,1607154162.110,1607154170.610,8.500,577760,713760,3902,5023,1077,1331
silk_f3_r1_v1,silk,3,sliding,wine10,1607154165.759,1607154174.259,8.500,636152,772152,4388,5506,1186,1439
silk_f3_r1_v1,silk,3,sliding,wine11,1607154170.716,1607154179.216,8.500,715452,851452,5037,6157,1334,1587
silk_f3_r1_v1,silk,3,sliding,wine12,1607154174.121,1607154182.621,8.500,769935,905935,5488,6595,1435,1689
silk_f3_r1_v1,silk,3,sliding,wine13,1607154178.596,1607154187.096,8.500,841530,977530,6071,7171,1569,1822
silk_f6_r1_v1,silk,6,sliding,winsb01,1607154291.667,1607154298.667,7.000,58671,170671,138,896,112,325
silk_f6_r1_v1,silk,6,sliding,winsb03,1607154298.350,1607154305.350,7.000,165599,277599,863,1609,315,529
silk_f6_r1_v1,silk,6,sliding,winsb04,1607154302.173,1607154309.173,7.000,226773,338773,1276,2038,432,645
silk_f6_r1_v1,silk,6,sliding,winsb05,1607154305.880,1607154312.880,7.000,286077,398077,1667,2494,545,758
silk_f6_r1_v1,silk,6,sliding,winsb06,1607154309.121,1607154316.121,7.000,337941,449941,2034,2942,644,857
silk_f6_r1_v1,silk,6,sliding,winsb07,1607154312.969,1607154319.969,7.000,399503,511503,2508,3470,761,974
silk_f6_r1_v1,silk,6,sliding,winsb08,1607154315.967,1607154322.967,7.000,447479,559479,2921,3884,852,1066
silk_f6_r1_v1,silk,6,sliding,winsb09,1607154319.376,1607154326.376,7.000,502016,614016,3394,4357,956,1169
silk_f6_r1_v1,silk,6,sliding,winsb10,1607154323.511,1607154330.511,7.000,568182,680182,3960,4919,1082,1295
silk_f6_r1_v1,silk,6,sliding,winsb11,1607154326.927,1607154333.927,7.000,622835,734835,4433,5391,1186,1400
silk_f6_r1_v1,silk,6,sliding,winsb12,1607154330.176,1607154337.176,7.000,674813,786813,4877,5840,1285,1499
silk_f6_r1_v1,silk,6,sliding,winsb13,1607154333.369,1607154340.369,7.000,725898,837898,5315,6272,1383,1596
silk_f6_r1_v1,silk,6,sliding,winsb14,1607154337.422,1607154344.422,7.000,790750,902750,5876,6831,1506,1719
silk_f6_r1_v1,silk,6,sliding,winsb15,1607154341.012,1607154348.012,7.000,848199,960199,6361,7332,1615,1829
silk_f6_r1_v1,silk,6,sliding,winsb16,1607154343.897,1607154350.897,7.000,894354,1006354,6761,7738,1703,1917
silk_f6_r1_v1,silk,6,sliding,winmb01,1607154292.867,1607154303.167,10.300,77880,242680,271,1377,148,462
silk_f6_r1_v1,silk,6,sliding,winmb03,1607154303.516,1607154313.816,10.300,248262,413062,1414,2622,473,787
silk_f6_r1_v1,silk,6,sliding,winmb04,1607154308.414,1607154318.714,10.300,326618,491418,1953,3304,622,936
silk_f6_r1_v1,silk,6,sliding,winmb05,1607154312.825,1607154323.125,10.300,397207,562007,2487,3906,757,1070
silk_f6_r1_v1,silk,6,sliding,winmb06,1607154319.002,1607154329.302,10.300,496028,660828,3346,4760,945,1259
silk_f6_r1_v1,silk,6,sliding,winmb07,1607154322.741,1607154333.041,10.300,555864,720664,3857,5269,1059,1373
silk_f6_r1_v1,silk,6,sliding,winmb08,1607154328.138,1607154338.438,10.300,642209,807009,4599,6017,1223,1537
silk_f6_r1_v1,silk,6,sliding,winmb09,1607154333.376,1607154343.676,10.300,726020,890820,5316,6730,1383,1697
silk_f6_r1_v1,silk,6,sliding,winmb10,1607154339.284,1607154349.584,10.300,820537,985337,6130,7551,1563,1877
silk_f6_r1_v1,silk,6,sliding,winlb01,1607154293.555,1607154307.555,14.000,88879,312879,347,1857,169,596
silk_f6_r1_v1,silk,6,sliding,winlb02,1607154300.425,1607154314.425,14.000,198803,422803,1086,2705,379,805
silk_f6_r1_v1,silk,6,sliding,winlb03,1607154306.917,1607154320.917,14.000,302677,526677,1790,3608,576,1003
silk_f6_r1_v1,silk,6,sliding,winlb04,1607154315.039,1607154329.039,14.000,432617,656617,2790,4725,824,1251
silk_f6_r1_v1,silk,6,sliding,winlb05,1607154320.696,1607154334.696,14.000,523135,747135,3576,5500,996,1423
silk_f6_r1_v1,silk,6,sliding,winlb06,1607154327.969,1607154341.969,14.000,639511,863511,4575,6493,1218,1645
silk_f6_r1_v1,silk,6,sliding,winlb07,1607154336.143,1607154350.143,14.000,770294,994294,5696,7630,1467,1894
silk_f6_r1_v1,silk,6,sliding,wine01,1607154290.000,1607154298.500,8.500,32000,168000,0,878,61,320
silk_f6_r1_v1,silk,6,sliding,wine02,1607154294.730,1607154303.230,8.500,107687,243687,475,1383,205,464
silk_f6_r1_v1,silk,6,sliding,wine03,1607154298.630,1607154307.130,8.500,170074,306074,893,1812,324,583
silk_f6_r1_v1,silk,6,sliding,wine04,1607154303.119,1607154311.619,8.500,241907,377907,1373,2316,461,720
silk_f6_r1_v1,silk,6,sliding,wine05,1607154306.601,1607154315.101,8.500,297623,433623,1752,2798,567,826
silk_f6_r1_v1,silk,6,sliding,wine06,1607154311.016,1607154319.516,8.500,368251,504251,2235,3412,701,960
silk_f6_r1_v1,silk,6,sliding,wine07,1607154315.343,1607154323.843,8.500,437485,573485,2833,4005,833,1092
silk_f6_r1_v1,silk,6,sliding,wine08,1607154319.743,1607154328.243,8.500,507882,643882,3442,4613,967,1226
silk_f6_r1_v1,silk,6,sliding,wine09,1607154323.965,1607154332.465,8.500,575438,711438,4023,5189,1096,1355
silk_f6_r1_v1,silk,6,sliding,wine10,1607154328.661,1607154337.161,8.500,650578,786578,4673,5838,1239,1498
silk_f6_r1_v1,silk,6,sliding,wine11,1607154332.083,1607154340.583,8.500,705333,841333,5136,6301,1343,1602
silk_f6_r1_v1,silk,6,sliding,wine12,1607154337.198,1607154345.698,8.500,787170,923170,5844,7007,1499,1758
silk_f6_r1_v1,silk,6,sliding,wine13,1607154341.496,1607154349.996,8.500,855937,991937,6428,7609,1630,1889
silk_f9_r1_v1,silk,9,sliding,winsb01,1607154487.304,1607154494.304,7.000,20869,132869,44,269,39,248
silk_f9_r1_v1,silk,9,sliding,winsb02,1607154490.735,1607154497.735,7.000,75758,187758,151,376,141,350
silk_f9_r1_v1,silk,9,sliding,winsb03,1607154494.532,1607154501.532,7.000,136518,248518,278,493,254,463
silk_f9_r1_v1,silk,9,sliding,winsb04,1607154498.146,1607154505.146,7.000,194333,306333,390,605,362,571
silk_f9_r1_v1,silk,9,sliding,winsb05,1607154502.244,1607154509.244,7.000,259904,371904,516,729,484,693
silk_f9_r1_v1,silk,9,sliding,winsb06,1607154504.800,1607154511.800,7.000,300800,412800,595,808,560,769
silk_f9_r1_v1,silk,9,sliding,winsb07,1607154509.045,1607154516.045,7.000,368726,480726,724,941,687,896
silk_f9_r1_v1,silk,9,sliding,winsb08,1607154512.224,1607154519.224,7.000,419587,531587,822,1039,782,991
silk_f9_r1_v1,silk,9,sliding,winsb09,1607154515.361,1607154522.361,7.000,469782,581782,921,1136,875,1084
silk_f9_r1_v1,silk,9,sliding,winsb10,1607154519.109,1607154526.109,7.000,529750,641750,1037,1253,987,1196
silk_f9_r1_v1,silk,9,sliding,winsb11,1607154522.625,1607154529.625,7.000,585999,697999,1145,1361,1092,1301
silk_f9_r1_v1,silk,9,sliding,winsb12,1607154525.981,1607154532.981,7.000,639692,751692,1250,1466,1192,1401
silk_f9_r1_v1,silk,9,sliding,winsb13,1607154529.534,1607154536.534,7.000,696545,808545,1360,1576,1298,1507
silk_f9_r1_v1,silk,9,sliding,winsb14,1607154533.166,1607154540.166,7.000,754655,866655,1473,1690,1406,1615
silk_f9_r1_v1,silk,9,sliding,winsb15,1607154537.235,1607154544.235,7.000,819766,931766,1598,1815,1527,1736
silk_f9_r1_v1,silk,9,sliding,winsb16,1607154540.207,1607154547.207,7.000,867309,979309,1692,1907,1616,1825
silk_f9_r1_v1,silk,9,sliding,winmb01,1607154489.270,1607154499.570,10.300,52327,217127,106,432,98,405
silk_f9_r1_v1,silk,9,sliding,winmb02,1607154493.000,1607154503.300,10.300,111995,276795,228,548,209,516
silk_f9_r1_v1,silk,9,sliding,winmb04,1607154503.295,1607154513.595,10.300,276728,441528,549,865,516,823
silk_f9_r1_v1,silk,9,sliding,winmb07,1607154519.593,1607154529.893,10.300,537489,702289,1052,1370,1002,1309
silk_f9_r1_v1,silk,9,sliding,winmb08,1607154525.081,1607154535.381,10.300,625301,790101,1222,1540,1165,1472
silk_f9_r1_v1,silk,9,sliding,winmb09,1607154529.515,1607154539.815,10.300,696242,861042,1359,1679,1297,1604
silk_f9_r1_v1,silk,9,sliding,winmb10,1607154534.532,1607154544.832,10.300,776513,941313,1515,1833,1447,1754
silk_f9_r1_v1,silk,9,sliding,winlb01,1607154489.973,1607154503.973,14.000,63574,287574,128,569,118,536
silk_f9_r1_v1,silk,9,sliding,winlb02,1607154496.449,1607154510.449,14.000,167190,391190,337,767,312,729
silk_f9_r1_v1,silk,9,sliding,winlb03,1607154502.763,1607154516.763,14.000,268213,492213,532,962,500,917
silk_f9_r1_v1,silk,9,sliding,winlb04,1607154509.634,1607154523.634,14.000,378138,602138,742,1176,705,1122
silk_f9_r1_v1,silk,9,sliding,winlb05,1607154517.998,1607154531.998,14.000,511969,735969,1001,1434,954,1371
silk_f9_r1_v1,silk,9,sliding,winlb06,1607154525.257,1607154539.257,14.000,628110,852110,1227,1661,1170,1588
silk_f9_r1_v1,silk,9,sliding,winlb07,1607154532.320,1607154546.320,14.000,741116,965116,1446,1879,1381,1798
silk_f9_r1_v1,silk,9,sliding,wine01,1607154486.013,1607154494.513,8.500,206,136206,1,276,0,254
silk_f9_r1_v1,silk,9,sliding,wine02,1607154489.808,1607154498.308,8.500,60930,196930,123,394,114,367
silk_f9_r1_v1,silk,9,sliding,wine03,1607154494.150,1607154502.650,8.500,130403,266403,265,528,243,496
silk_f9_r1_v1,silk,9,sliding,wine04,1607154498.691,1607154507.191,8.500,203052,339052,406,668,378,632
silk_f9_r1_v1,silk,9,sliding,wine05,1607154503.449,1607154511.949,8.500,279178,415178,553,813,520,774
silk_f9_r1_v1,silk,9,sliding,wine06,1607154507.442,1607154515.942,8.500,343064,479064,677,938,639,893
silk_f9_r1_v1,silk,9,sliding,wine07,1607154511.212,1607154519.712,8.500,403394,539394,792,1055,752,1005
silk_f9_r1_v1,silk,9,sliding,wine08,1607154516.076,1607154524.576,8.500,481221,617221,943,1205,897,1150
silk_f9_r1_v1,silk,9,sliding,wine09,1607154519.918,1607154528.418,8.500,542683,678683,1062,1324,1011,1265
silk_f9_r1_v1,silk,9,sliding,wine10,1607154524.866,1607154533.366,8.500,621848,757848,1215,1478,1159,1412
silk_f9_r1_v1,silk,9,sliding,wine11,1607154528.409,1607154536.909,8.500,678546,814546,1325,1587,1264,1518
silk_f9_r1_v1,silk,9,sliding,wine12,1607154533.180,1607154541.680,8.500,754879,890879,1473,1736,1407,1660
silk_f9_r1_v1,silk,9,sliding,wine13,1607154536.381,1607154544.881,8.500,806097,942097,1572,1835,1502,1755
spandex_f3_r1_v1,spandex,3,sliding,winsb01,1607156646.839,1607156653.839,7.000,61426,173426,98,314,115,326
spandex_f3_r1_v1,spandex,3,sliding,winsb02,1607156650.003,1607156657.003,7.000,112054,224054,196,413,211,421
spandex_f3_r1_v1,spandex,3,sliding,winsb03,1607156653.609,1607156660.609,7.000,169743,281743,307,525,319,530
spandex_f3_r1_v1,spandex,3,sliding,winsb04,1607156656.794,1607156663.794,7.000,220700,332700,407,625,415,625
spandex_f3_r1_v1,spandex,3,sliding,winsb07,1607156667.675,1607156674.675,7.000,394795,506795,746,962,742,953
spandex_f3_r1_v1,spandex,3,sliding,winsb08,1607156671.212,1607156678.212,7.000,451395,563395,855,1074,849,1059
spandex_f3_r1_v1,spandex,3,sliding,winsb09,1607156674.986,1607156681.986,7.000,511782,623782,973,1190,962,1173
spandex_f3_r1_v1,spandex,3,sliding,winsb10,1607156678.075,1607156685.075,7.000,561200,673200,1071,1286,1055,1266
spandex_f3_r1_v1,spandex,3,sliding,winsb11,1607156681.956,1607156688.956,7.000,623302,735302,1190,1407,1172,1382
spandex_f3_r1_v1,spandex,3,sliding,winsb12,1607156685.135,1607156692.135,7.000,674161,786161,1289,1506,1267,1478
spandex_f3_r1_v1,spandex,3,sliding,winsb13,1607156689.089,1607156696.089,7.000,737426,849426,1412,1628,1386,1597
spandex_f3_r1_v1,spandex,3,sliding,winsb14,1607156692.337,1607156699.337,7.000,789399,901399,1513,1728,1484,1695
spandex_f3_r1_v1,spandex,3,sliding,winsb15,1607156696.043,1607156703.043,7.000,848683,960683,1628,1844,1596,1806
spandex_f3_r1_v1,spandex,3,sliding,winsb16,1607156699.574,1607156706.574,7.000,905192,1017192,1736,1953,1702,1912
spandex_f3_r1_v1,spandex,3,sliding,winmb01,1607156647.902,1607156658.202,10.300,78432,243232,131,451,147,457
spandex_f3_r1_v1,spandex,3,sliding,winmb02,1607156652.002,1607156662.302,10.300,144025,308825,258,578,271,581
spandex_f3_r1_v1,spandex,3,sliding,winmb03,1607156657.155,1607156667.455,10.300,226476,391276,418,738,426,736
spandex_f3_r1_v1,spandex,3,sliding,winmb05,1607156667.682,1607156677.982,10.300,394904,559704,746,1067,742,1052
spandex_f3_r1_v1,spandex,3,sliding,winmb06,1607156673.008,1607156683.308,10.300,480121,644921,912,1231,903,1212
spandex_f3_r1_v1,spandex,3,sliding,winmb07,1607156677.831,1607156688.131,10.300,557297,722097,1063,1382,1048,1358
spandex_f3_r1_v1,spandex,3,sliding,winmb08,1607156683.890,1607156694.190,10.300,654241,819041,1249,1569,1230,1540
spandex_f3_r1_v1,spandex,3,sliding,winmb09,1607156689.183,1607156699.483,10.300,738923,903723,1415,1732,1389,1699
spandex_f3_r1_v1,spandex,3,sliding,winlb01,1607156648.395,1607156662.395,14.000,86326,310326,147,581,162,583
spandex_f3_r1_v1,spandex,3,sliding,winlb03,1607156662.969,1607156676.969,14.000,319505,543505,600,1035,601,1022
spandex_f3_r1_v1,spandex,3,sliding,winlb04,1607156669.286,1607156683.286,14.000,420584,644584,796,1230,791,1212
spandex_f3_r1_v1,spandex,3,sliding,winlb05,1607156676.845,1607156690.845,14.000,541515,765515,1032,1467,1018,1439
spandex_f3_r1_v1,spandex,3,sliding,winlb07,1607156691.364,1607156705.364,14.000,773829,997829,1483,1915,1455,1876
spandex_f3_r1_v1,spandex,3,sliding,wine01,1607156644.860,1607156653.360,8.500,29760,165760,36,299,56,312
spandex_f3_r1_v1,spandex,3,sliding,wine02,1607156649.732,1607156658.232,8.500,107708,243708,187,451,202,458
spandex_f3_r1_v1,spandex,3,sliding,wine03,1607156653.252,1607156661.752,8.500,164035,300035,296,561,308,564
spandex_f3_r1_v1,spandex,3,sliding,wine04,1607156657.205,1607156665.705,8.500,227286,363286,420,683,427,683
spandex_f3_r1_v1,spandex,3,sliding,wine06,1607156665.819,1607156674.319,8.500,365103,501103,688,951,686,942
spandex_f3_r1_v1,spandex,3,sliding,wine07,1607156670.444,1607156678.944,8.500,439101,575101,832,1095,826,1081
spandex_f3_r1_v1,spandex,3,sliding,wine08,1607156674.796,1607156683.296,8.500,508739,644739,967,1230,956,1212
spandex_f3_r1_v1,spandex,3,sliding,wine10,1607156682.516,1607156691.016,8.500,632262,768262,1208,1472,1189,1444
spandex_f3_r1_v1,spandex,3,sliding,wine11,1607156687.981,1607156696.481,8.500,719695,855695,1379,1641,1353,1609
spandex_f3_r1_v1,spandex,3,sliding,wine12,1607156692.015,1607156700.515,8.500,784235,920235,1503,1764,1474,1730
spandex_f3_r1_v1,spandex,3,sliding,wine13,1607156695.380,1607156703.880,8.500,838084,974084,1607,1869,1576,1831
spandex_f6_r1_v1,spandex,6,sliding,winsb01,1607157008.115,1607157015.115,7.000,65846,177846,150,890,122,330
spandex_f6_r1_v1,spandex,6,sliding,winsb02,1607157010.996,1607157017.996,7.000,111937,223937,469,1208,208,416
spandex_f6_r1_v1,spandex,6,sliding,winsb03,1607157014.485,1607157021.485,7.000,167754,279754,826,1577,312,520
spandex_f6_r1_v1,spandex,6,sliding,winsb04,1607157018.536,1607157025.536,7.000,232580,344580,1267,2003,432,640
spandex_f6_r1_v1,spandex,6,sliding,winsb05,1607157022.020,1607157029.020,7.000,288324,400324,1635,2419,536,744
spandex_f6_r1_v1,spandex,6,sliding,winsb06,1607157025.613,1607157032.613,7.000,345812,457812,2012,2876,643,851
spandex_f6_r1_v1,spandex,6,sliding,winsb07,1607157028.368,1607157035.368,7.000,389896,501896,2328,3221,725,933
spandex_f6_r1_v1,spandex,6,sliding,winsb08,1607157032.510,1607157039.510,7.000,456159,568159,2864,3779,848,1056
spandex_f6_r1_v1,spandex,6,sliding,winsb09,1607157035.718,1607157042.718,7.000,507493,619493,3270,4205,943,1151
spandex_f6_r1_v1,spandex,6,sliding,winsb10,1607157039.067,1607157046.067,7.000,561075,673075,3721,4642,1043,1251
spandex_f6_r1_v1,spandex,6,sliding,winsb11,1607157042.996,1607157049.996,7.000,623936,735936,4241,5157,1159,1368
spandex_f6_r1_v1,spandex,6,sliding,winsb12,1607157046.612,1607157053.612,7.000,681798,793798,4716,5623,1267,1475
spandex_f6_r1_v1,spandex,6,sliding,winsb14,1607157052.888,1607157059.888,7.000,782201,894201,5529,6428,1454,1662
spandex_f6_r1_v1,spandex,6,sliding,winsb15,1607157057.266,1607157064.266,7.000,852260,964260,6093,6986,1584,1792
spandex_f6_r1_v1,spandex,6,sliding,winsb16,1607157060.690,1607157067.690,7.000,907042,1019042,6541,7432,1686,1894
spandex_f6_r1_v1,spandex,6,sliding,winmb01,1607157008.250,1607157018.550,10.300,68005,232805,165,1267,126,433
spandex_f6_r1_v1,spandex,6,sliding,winmb02,1607157014.211,1607157024.511,10.300,163372,328172,799,1897,304,610
spandex_f6_r1_v1,spandex,6,sliding,winmb03,1607157018.241,1607157028.541,10.300,227857,392657,1235,2352,423,730
spandex_f6_r1_v1,spandex,6,sliding,winmb06,1607157033.857,1607157044.157,10.300,477706,642506,3027,4393,888,1194
spandex_f6_r1_v1,spandex,6,sliding,winmb07,1607157039.159,1607157049.459,10.300,562549,727349,3734,5091,1045,1352
spandex_f6_r1_v1,spandex,6,sliding,winmb08,1607157044.773,1607157055.073,10.300,652362,817162,4480,5811,1212,1519
spandex_f6_r1_v1,spandex,6,sliding,winmb09,1607157049.552,1607157059.852,10.300,728834,893634,5103,6423,1354,1661
spandex_f6_r1_v1,spandex,6,sliding,winmb10,1607157055.290,1607157065.590,10.300,820640,985440,5839,7156,1525,1831
spandex_f6_r1_v1,spandex,6,sliding,winlb01,1607157009.694,1607157023.694,14.000,91103,315103,324,1813,169,586
spandex_f6_r1_v1,spandex,6,sliding,winlb02,1607157015.885,1607157029.885,14.000,190156,414156,980,2531,353,770
spandex_f6_r1_v1,spandex,6,sliding,winlb03,1607157023.731,1607157037.731,14.000,315700,539700,1818,3540,587,1003
spandex_f6_r1_v1,spandex,6,sliding,winlb04,1607157029.480,1607157043.480,14.000,407672,631672,2479,4303,758,1174
spandex_f6_r1_v1,spandex,6,sliding,winlb05,1607157036.685,1607157050.685,14.000,522955,746955,3402,5240,972,1388
spandex_f6_r1_v1,spandex,6,sliding,winlb06,1607157043.789,1607157057.789,14.000,636617,860617,4344,6161,1183,1599
spandex_f6_r1_v1,spandex,6,sliding,winlb07,1607157051.193,1607157065.193,14.000,755084,979084,5304,7103,1403,1819
spandex_f6_r1_v1,spandex,6,sliding,wine02,1607157010.798,1607157019.298,8.500,108770,244770,447,1345,202,455
spandex_f6_r1_v1,spandex,6,sliding,wine03,1607157014.168,1607157022.668,8.500,162686,298686,794,1700,302,555
spandex_f6_r1_v1,spandex,6,sliding,wine04,1607157018.458,1607157026.958,8.500,231321,367321,1258,2163,430,683
spandex_f6_r1_v1,spandex,6,sliding,wine05,1607157022.841,1607157031.341,8.500,301463,437463,1718,2718,560,813
spandex_f6_r1_v1,spandex,6,sliding,wine07,1607157031.311,1607157039.811,8.500,436977,572977,2715,3819,812,1065
spandex_f6_r1_v1,spandex,6,sliding,wine09,1607157039.743,1607157048.243,8.500,571890,707890,3811,4933,1063,1315
spandex_f6_r1_v1,spandex,6,sliding,wine10,1607157044.857,1607157053.357,8.500,653715,789715,4492,5589,1215,1468
spandex_f6_r1_v1,spandex,6,sliding,wine12,1607157052.219,1607157060.719,8.500,771504,907504,5440,6544,1434,1686
spandex_f6_r1_v1,spandex,6,sliding,wine13,1607157057.201,1607157065.701,8.500,851223,987223,6085,7171,1582,1835
spandex_f9_r1_v1,spandex,9,sliding,winsb01,1607157238.977,1607157245.977,7.000,63639,175639,162,915,119,329
spandex_f9_r1_v1,spandex,9,sliding,winsb02,1607157242.116,1607157249.116,7.000,113854,225854,494,1244,214,424
spandex_f9_r1_v1,spandex,9,sliding,winsb03,1607157245.447,1607157252.447,7.000,167151,279151,863,1580,314,524
spandex_f9_r1_v1,spandex,9,sliding,winsb04,1607157249.155,1607157256.155,7.000,226475,338475,1249,1977,425,635
spandex_f9_r1_v1,spandex,9,sliding,winsb06,1607157256.770,1607157263.770,7.000,348321,460321,2042,2921,653,863
spandex_f9_r1_v1,spandex,9,sliding,winsb07,1607157260.126,1607157267.126,7.000,402022,514022,2435,3363,754,964
spandex_f9_r1_v1,spandex,9,sliding,winsb08,1607157263.377,1607157270.377,7.000,454031,566031,2867,3787,852,1062
spandex_f9_r1_v1,spandex,9,sliding,winsb09,1607157266.429,1607157273.429,7.000,502858,614858,3280,4169,943,1153
spandex_f9_r1_v1,spandex,9,sliding,winsb11,1607157274.022,1607157281.022,7.000,624351,736351,4245,5175,1171,1381
spandex_f9_r1_v1,spandex,9,sliding,winsb13,1607157280.623,1607157287.623,7.000,729975,841975,5122,6050,1369,1579
spandex_f9_r1_v1,spandex,9,sliding,winsb14,1607157284.068,1607157291.068,7.000,785091,897091,5576,6495,1473,1683
spandex_f9_r1_v1,spandex,9,sliding,winsb15,1607157287.824,1607157294.824,7.000,845183,957183,6079,6974,1585,1796
spandex_f9_r1_v1,spandex,9,sliding,winmb01,1607157239.083,1607157249.383,10.300,65324,230124,174,1271,123,432
spandex_f9_r1_v1,spandex,9,sliding,winmb02,1607157244.678,1607157254.978,10.300,154850,319650,781,1857,290,600
spandex_f9_r1_v1,spandex,9,sliding,winmb03,1607157250.635,1607157260.935,10.300,250166,414966,1392,2538,469,778
spandex_f9_r1_v1,spandex,9,sliding,winmb04,1607157254.277,1607157264.577,10.300,308432,473232,1783,3034,579,888
spandex_f9_r1_v1,spandex,9,sliding,winmb05,1607157259.976,1607157270.276,10.300,399611,564411,2415,3773,750,1059
spandex_f9_r1_v1,spandex,9,sliding,winmb06,1607157265.069,1607157275.369,10.300,481104,645904,3103,4428,902,1212
spandex_f9_r1_v1,spandex,9,sliding,winmb07,1607157270.329,1607157280.629,10.300,565266,730066,3781,5122,1060,1369
spandex_f9_r1_v1,spandex,9,sliding,winmb08,1607157276.195,1607157286.495,10.300,659126,823926,4529,5901,1236,1546
spandex_f9_r1_v1,spandex,9,sliding,winmb09,1607157280.680,1607157290.980,10.300,730875,895675,5130,6485,1371,1680
spandex_f9_r1_v1,spandex,9,sliding,winmb10,1607157286.517,1607157296.817,10.300,824270,989070,5905,7237,1546,1855
spandex_f9_r1_v1,spandex,9,sliding,winlb01,1607157240.659,1607157254.659,14.000,90538,314538,332,1823,170,590
spandex_f9_r1_v1,spandex,9,sliding,winlb03,1607157253.980,1607157267.980,14.000,303677,527677,1751,3479,570,990
spandex_f9_r1_v1,spandex,9,sliding,winlb04,1607157262.180,1607157276.180,14.000,434873,658873,2703,4526,816,1236
spandex_f9_r1_v1,spandex,9,sliding,winlb05,1607157268.803,1607157282.803,14.000,540845,764845,3588,5411,1015,1435
spandex_f9_r1_v1,spandex,9,sliding,winlb07,1607157281.723,1607157295.723,14.000,747570,971570,5270,7094,1402,1823
spandex_f9_r1_v1,spandex,9,sliding,wine01,1607157237.000,1607157245.500,8.500,32000,168000,0,867,60,315
spandex_f9_r1_v1,spandex,9,sliding,wine02,1607157241.772,1607157250.272,8.500,108345,244345,453,1357,203,458
spandex_f9_r1_v1,spandex,9,sliding,wine03,1607157245.377,1607157253.877,8.500,166029,302029,856,1739,311,567
spandex_f9_r1_v1,spandex,9,sliding,wine05,1607157254.504,1607157263.004,8.500,312065,448065,1807,2813,585,840
spandex_f9_r1_v1,spandex,9,sliding,wine06,1607157257.901,1607157266.401,8.500,366417,502417,2163,3276,687,942
spandex_f9_r1_v1,spandex,9,sliding,wine07,1607157261.904,1607157270.404,8.500,430464,566464,2666,3790,807,1063
spandex_f9_r1_v1,spandex,9,sliding,wine08,1607157266.342,1607157274.842,8.500,501479,637479,3270,4362,941,1196
spandex_f9_r1_v1,spandex,9,sliding,wine09,1607157271.348,1607157279.848,8.500,581569,717569,3912,5016,1091,1346
spandex_f9_r1_v1,spandex,9,sliding,wine10,1607157274.632,1607157283.132,8.500,634114,770114,4333,5454,1189,1445
spandex_f9_r1_v1,spandex,9,sliding,wine11,1607157279.582,1607157288.082,8.500,713308,849308,4981,6112,1338,1593
spandex_f9_r1_v1,spandex,9,sliding,wine12,1607157283.356,1607157291.856,8.500,773702,909702,5483,6585,1451,1706
spandex_f9_r1_v1,spandex,9,sliding,wine13,1607157288.340,1607157296.840,8.500,853440,989440,6146,7240,1601,1856
stone_f3_r1_v1,stone,3,sliding,winsb01,1607153172.728,1607153179.728,7.000,59654,171654,98,832,111,321
stone_f3_r1_v1,stone,3,sliding,winsb02,1607153176.302,1607153183.302,7.000,116825,228825,471,1214,218,428
stone_f3_r1_v1,stone,3,sliding,winsb03,1607153179.533,1607153186.533,7.000,168529,280529,813,1547,315,524
stone_f3_r1_v1,stone,3,sliding,winsb04,1607153183.204,1607153190.204,7.000,227271,339271,1205,1930,425,634
stone_f3_r1_v1,stone,3,sliding,winsb05,1607153186.273,1607153193.273,7.000,276368,388368,1525,2276,516,726
stone_f3_r1_v1,stone,3,sliding,winsb06,1607153190.575,1607153197.575,7.000,345200,457200,1972,2842,645,854
stone_f3_r1_v1,stone,3,sliding,winsb07,1607153194.178,1607153201.178,7.000,402846,514846,2398,3340,753,962
stone_f3_r1_v1,stone,3,sliding,winsb08,1607153197.515,1607153204.515,7.000,456244,568244,2835,3791,852,1062
stone_f3_r1_v1,stone,3,sliding,winsb10,1607153204.611,1607153211.611,7.000,569776,681776,3804,4736,1065,1274
stone_f3_r1_v1,stone,3,sliding,winsb11,1607153207.229,1607153214.229,7.000,611664,723664,4154,5071,1143,1352
stone_f3_r1_v1,stone,3,sliding,winsb12,1607153211.424,1607153218.424,7.000,678788,790788,4711,5629,1268,1477
stone_f3_r1_v1,stone,3,sliding,winsb13,1607153215.031,1607153222.031,7.000,736492,848492,5176,6115,1376,1585
stone_f3_r1_v1,stone,3,sliding,winsb14,1607153218.068,1607153225.068,7.000,785088,897088,5581,6520,1467,1676
stone_f3_r1_v1,stone,3,sliding,winsb15,1607153222.124,1607153229.124,7.000,849990,961990,6128,7047,1588,1797
stone_f3_r1_v1,stone,3,sliding,winsb16,1607153224.725,1607153231.725,7.000,891603,1003603,6474,7390,1666,1875
stone_f3_r1_v1,stone,3,sliding,winmb01,1607153173.779,1607153184.079,10.300,76466,241266,208,1298,143,451
stone_f3_r1_v1,stone,3,sliding,winmb02,1607153178.418,1607153188.718,10.300,150681,315481,695,1766,282,589
stone_f3_r1_v1,stone,3,sliding,winmb03,1607153184.074,1607153194.374,10.300,241180,405980,1298,2422,451,759
stone_f3_r1_v1,stone,3,sliding,winmb05,1607153193.727,1607153204.027,10.300,395626,560426,2339,3725,739,1047
stone_f3_r1_v1,stone,3,sliding,winmb06,1607153199.520,1607153209.820,10.300,488319,653119,3116,4497,912,1220
stone_f3_r1_v1,stone,3,sliding,winmb07,1607153204.470,1607153214.770,10.300,567524,732324,3786,5141,1060,1368
stone_f3_r1_v1,stone,3,sliding,winmb08,1607153209.142,1607153219.442,10.300,642270,807070,4411,5768,1200,1508
stone_f3_r1_v1,stone,3,sliding,winmb09,1607153215.372,1607153225.672,10.300,741946,906746,5223,6603,1386,1694
stone_f3_r1_v1,stone,3,sliding,winmb10,1607153220.516,1607153230.816,10.300,824253,989053,5910,7269,1540,1848
stone_f3_r1_v1,stone,3,sliding,winlb01,1607153174.604,1607153188.604,14.000,89665,313665,294,1754,168,586
stone_f3_r1_v1,stone,3,sliding,winlb02,1607153181.933,1607153195.933,14.000,206925,430925,1064,2627,387,805
stone_f3_r1_v1,stone,3,sliding,winlb03,1607153188.398,1607153202.398,14.000,310367,534367,1733,3501,580,998
stone_f3_r1_v1,stone,3,sliding,winlb04,1607153196.133,1607153210.133,14.000,434128,658128,2655,4538,811,1230
stone_f3_r1_v1,stone,3,sliding,winlb05,1607153203.201,1607153217.201,14.000,547218,771218,3611,5463,1022,1441
stone_f3_r1_v1,stone,3,sliding,winlb07,1607153215.961,1607153229.961,14.000,751370,975370,5304,7159,1404,1822
stone_f3_r1_v1,stone,3,sliding,wine01,1607153171.000,1607153179.500,8.500,32000,168000,0,808,60,314
stone_f3_r1_v1,stone,3,sliding,wine02,1607153175.452,1607153183.952,8.500,103228,239228,383,1284,193,447
stone_f3_r1_v1,stone,3,sliding,wine03,1607153179.387,1607153187.887,8.500,166190,302190,797,1678,310,565
stone_f3_r1_v1,stone,3,sliding,wine04,1607153184.253,1607153192.753,8.500,244043,380043,1316,2211,456,710
stone_f3_r1_v1,stone,3,sliding,wine05,1607153188.459,1607153196.959,8.500,311341,447341,1739,2759,582,836
stone_f3_r1_v1,stone,3,sliding,wine06,1607153192.293,1607153200.793,8.500,372689,508689,2160,3289,696,950
stone_f3_r1_v1,stone,3,sliding,wine07,1607153196.344,1607153204.844,8.500,437500,573500,2681,3835,817,1071
stone_f3_r1_v1,stone,3,sliding,wine08,1607153201.022,1607153209.522,8.500,512345,648345,3320,4459,957,1211
stone_f3_r1_v1,stone,3,sliding,wine09,1607153205.267,1607153213.767,8.500,580271,716271,3892,5012,1084,1338
stone_f3_r1_v1,stone,3,sliding,wine10,1607153209.482,1607153217.982,8.500,647719,783719,4455,5568,1210,1464
stone_f3_r1_v1,stone,3,sliding,wine11,1607153213.937,1607153222.437,8.500,718985,854985,5034,6165,1343,1597
stone_f3_r1_v1,stone,3,sliding,wine12,1607153217.849,1607153226.349,8.500,781577,917577,5551,6691,1460,1714
stone_f6_r1_v1,stone,6,sliding,winsb01,1607153372.508,1607153379.508,7.000,56124,168124,215,969,105,316
stone_f6_r1_v1,stone,6,sliding,winsb02,1607153376.398,1607153383.398,7.000,118375,230375,641,1365,222,433
stone_f6_r1_v1,stone,6,sliding,winsb03,1607153379.350,1607153386.350,7.000,165601,277601,955,1689,311,522
stone_f6_r1_v1,stone,6,sliding,winsb04,1607153383.349,1607153390.349,7.000,229584,341584,1360,2089,431,642
stone_f6_r1_v1,stone,6,sliding,winsb05,1607153386.495,1607153393.495,7.000,279922,391922,1704,2484,526,736
stone_f6_r1_v1,stone,6,sliding,winsb06,1607153389.555,1607153396.555,7.000,328874,440874,2009,2891,618,828
stone_f6_r1_v1,stone,6,sliding,winsb07,1607153393.436,1607153400.436,7.000,390983,502983,2477,3392,735,945
stone_f6_r1_v1,stone,6,sliding,winsb10,1607153404.361,1607153411.361,7.000,565776,677776,3908,4825,1063,1274
stone_f6_r1_v1,stone,6,sliding,winsb11,1607153407.153,1607153414.153,7.000,610455,722455,4278,5187,1147,1358
stone_f6_r1_v1,stone,6,sliding,winsb12,1607153410.964,1607153417.964,7.000,671424,783424,4773,5706,1262,1472
stone_f6_r1_v1,stone,6,sliding,winsb13,1607153414.577,1607153421.577,7.000,729226,841226,5246,6189,1370,1581
stone_f6_r1_v1,stone,6,sliding,winsb14,1607153418.273,1607153425.273,7.000,788373,900373,5749,6698,1481,1692
stone_f6_r1_v1,stone,6,sliding,winsb15,1607153421.953,1607153428.953,7.000,847248,959248,6241,7191,1592,1803
stone_f6_r1_v1,stone,6,sliding,winsb16,1607153425.043,1607153432.043,7.000,896690,1008690,6668,7585,1685,1895
stone_f6_r1_v1,stone,6,sliding,winmb01,1607153373.966,1607153384.266,10.300,79462,244262,377,1463,149,459
stone_f6_r1_v1,stone,6,sliding,winmb03,1607153384.023,1607153394.323,10.300,240374,405174,1437,2592,452,761
stone_f6_r1_v1,stone,6,sliding,winmb04,1607153389.172,1607153399.472,10.300,322759,487559,1975,3270,607,916
stone_f6_r1_v1,stone,6,sliding,winmb05,1607153393.994,1607153404.294,10.300,399908,564708,2550,3898,751,1061
stone_f6_r1_v1,stone,6,sliding,winmb06,1607153398.561,1607153408.861,10.300,472976,637776,3158,4492,889,1198
stone_f6_r1_v1,stone,6,sliding,winmb07,1607153404.039,1607153414.339,10.300,560627,725427,3863,5213,1054,1363
stone_f6_r1_v1,stone,6,sliding,winmb08,1607153409.042,1607153419.342,10.300,640670,805470,4516,5894,1204,1514
stone_f6_r1_v1,stone,6,sliding,winmb09,1607153415.236,1607153425.536,10.300,739781,904581,5335,6733,1390,1700
stone_f6_r1_v1,stone,6,sliding,winmb10,1607153419.888,1607153430.188,10.300,814215,979015,5967,7358,1530,1840
stone_f6_r1_v1,stone,6,sliding,winlb01,1607153375.099,1607153389.099,14.000,97584,321584,488,1967,183,604
stone_f6_r1_v1,stone,6,sliding,winlb02,1607153380.812,1607153394.812,14.000,188991,412991,1098,2656,355,776
stone_f6_r1_v1,stone,6,sliding,winlb03,1607153388.091,1607153402.091,14.000,305452,529452,1863,3608,574,995
stone_f6_r1_v1,stone,6,sliding,winlb04,1607153395.381,1607153409.381,14.000,422104,646104,2733,4557,793,1214
stone_f6_r1_v1,stone,6,sliding,winlb05,1607153401.935,1607153415.935,14.000,526959,750959,3589,5428,990,1411
stone_f6_r1_v1,stone,6,sliding,winlb06,1607153409.149,1607153423.149,14.000,642378,866378,4529,6404,1207,1628
stone_f6_r1_v1,stone,6,sliding,winlb07,1607153416.449,1607153430.449,14.000,759177,983177,5503,7389,1427,1848
stone_f6_r1_v1,stone,6,sliding,wine02,1607153374.786,1607153383.286,8.500,92572,228572,456,1352,174,430
stone_f6_r1_v1,stone,6,sliding,wine03,1607153378.603,1607153387.103,8.500,153645,289645,878,1760,289,544
stone_f6_r1_v1,stone,6,sliding,wine04,1607153383.468,1607153391.968,8.500,231484,367484,1374,2280,435,691
stone_f6_r1_v1,stone,6,sliding,wine05,1607153387.878,1607153396.378,8.500,302043,438043,1841,2867,568,823
stone_f6_r1_v1,stone,6,sliding,wine06,1607153391.471,1607153399.971,8.500,359537,495537,2223,3331,676,931
stone_f6_r1_v1,stone,6,sliding,wine07,1607153395.911,1607153404.411,8.500,430579,566579,2805,3914,809,1065
stone_f6_r1_v1,stone,6,sliding,wine08,1607153400.878,1607153409.378,8.500,510041,646041,3451,4557,958,1214
stone_f6_r1_v1,stone,6,sliding,wine09,1607153405.174,1607153413.674,8.500,578782,714782,4022,5124,1088,1343
stone_f6_r1_v1,stone,6,sliding,wine10,1607153408.847,1607153417.347,8.500,637550,773550,4491,5627,1198,1454
stone_f9_r1_v1,stone,9,sliding,winsb01,1607153543.798,1607153550.798,7.000,60764,172764,138,898,114,326
stone_f9_r1_v1,stone,9,sliding,winsb02,1607153547.187,1607153554.187,7.000,114994,226994,514,1269,217,428
stone_f9_r1_v1,stone,9,sliding,winsb03,1607153550.914,1607153557.914,7.000,174628,286628,911,1668,329,540
stone_f9_r1_v1,stone,9,sliding,winsb04,1607153553.739,1607153560.739,7.000,219825,331825,1221,1980,414,625
stone_f9_r1_v1,stone,9,sliding,winsb05,1607153557.396,1607153564.396,7.000,278329,390329,1615,2399,524,735
stone_f9_r1_v1,stone,9,sliding,winsb06,1607153561.034,1607153568.034,7.000,336536,448536,2011,2868,634,845
stone_f9_r1_v1,stone,9,sliding,winsb07,1607153564.940,1607153571.940,7.000,399033,511033,2467,3378,752,963
stone_f9_r1_v1,stone,9,sliding,winsb08,1607153568.467,1607153575.467,7.000,455465,567465,2928,3847,858,1069
stone_f9_r1_v1,stone,9,sliding,winsb10,1607153575.531,1607153582.531,7.000,568496,680496,3857,4825,1071,1282
stone_f9_r1_v1,stone,9,sliding,winsb11,1607153578.309,1607153585.309,7.000,612936,724936,4246,5193,1155,1366
stone_f9_r1_v1,stone,9,sliding,winsb12,1607153581.836,1607153588.836,7.000,669379,781379,4730,5650,1261,1472
stone_f9_r1_v1,stone,9,sliding,winsb13,1607153586.123,1607153593.123,7.000,737970,849970,5306,6219,1390,1601
stone_f9_r1_v1,stone,9,sliding,winsb14,1607153589.100,1607153596.100,7.000,785595,897595,5684,6592,1480,1691
stone_f9_r1_v1,stone,9,sliding,winsb16,1607153596.254,1607153603.254,7.000,900059,1012059,6616,7537,1696,1907
stone_f9_r1_v1,stone,9,sliding,winmb01,1607153544.771,1607153555.071,10.300,76331,241131,244,1364,144,454
stone_f9_r1_v1,stone,9,sliding,winmb02,1607153549.071,1607153559.371,10.300,145142,309942,718,1832,273,584
stone_f9_r1_v1,stone,9,sliding,winmb03,1607153555.292,1607153565.592,10.300,244669,409469,1390,2548,461,772
stone_f9_r1_v1,stone,9,sliding,winmb04,1607153559.443,1607153569.743,10.300,311091,475891,1842,3093,586,897
stone_f9_r1_v1,stone,9,sliding,winmb05,1607153565.455,1607153575.755,10.300,407284,572084,2532,3889,767,1078
stone_f9_r1_v1,stone,9,sliding,winmb06,1607153570.174,1607153580.474,10.300,482781,647581,3148,4542,910,1220
stone_f9_r1_v1,stone,9,sliding,winmb07,1607153575.463,1607153585.763,10.300,567409,732209,3848,5256,1069,1380
stone_f9_r1_v1,stone,9,sliding,winmb08,1607153580.890,1607153591.190,10.300,654244,819044,4601,5960,1233,1543
stone_f9_r1_v1,stone,9,sliding,winmb09,1607153585.576,1607153595.876,10.300,729211,894011,5231,6562,1374,1684
stone_f9_r1_v1,stone,9,sliding,winmb10,1607153590.224,1607153600.524,10.300,803578,968378,5830,7173,1514,1825
stone_f9_r1_v1,stone,9,sliding,winlb01,1607153546.475,1607153560.475,14.000,103598,327598,434,1952,195,617
stone_f9_r1_v1,stone,9,sliding,winlb02,1607153552.548,1607153566.548,14.000,200762,424762,1093,2666,378,800
stone_f9_r1_v1,stone,9,sliding,winlb03,1607153560.009,1607153574.009,14.000,320136,544136,1905,3660,603,1025
stone_f9_r1_v1,stone,9,sliding,winlb04,1607153566.566,1607153580.566,14.000,425052,649052,2669,4555,801,1223
stone_f9_r1_v1,stone,9,sliding,winlb05,1607153574.171,1607153588.171,14.000,546741,770741,3680,5568,1030,1452
stone_f9_r1_v1,stone,9,sliding,winlb06,1607153580.636,1607153594.636,14.000,650171,874171,4565,6405,1225,1647
stone_f9_r1_v1,stone,9,sliding,winlb07,1607153586.708,1607153600.708,14.000,747325,971325,5380,7199,1408,1830
stone_f9_r1_v1,stone,9,sliding,wine01,1607153542.181,1607153550.681,8.500,34895,170895,10,886,66,322
stone_f9_r1_v1,stone,9,sliding,wine02,1607153545.833,1607153554.333,8.500,93324,229324,361,1284,176,432
stone_f9_r1_v1,stone,9,sliding,wine03,1607153550.913,1607153559.413,8.500,174603,310603,911,1837,329,585
stone_f9_r1_v1,stone,9,sliding,wine05,1607153559.561,1607153568.061,8.500,312972,448972,1855,2872,590,846
stone_f9_r1_v1,stone,9,sliding,wine06,1607153563.415,1607153571.915,8.500,374633,510633,2277,3375,706,962
stone_f9_r1_v1,stone,9,sliding,wine07,1607153567.150,1607153575.650,8.500,434393,570393,2743,3874,818,1075
stone_f9_r1_v1,stone,9,sliding,wine08,1607153571.823,1607153580.323,8.500,509166,645166,3363,4521,959,1216
stone_f9_r1_v1,stone,9,sliding,wine10,1607153580.520,1607153589.020,8.500,648323,784323,4549,5673,1222,1478
stone_f9_r1_v1,stone,9,sliding,wine11,1607153584.299,1607153592.799,8.500,708783,844783,5061,6177,1335,1592
stone_f9_r1_v1,stone,9,sliding,wine12,1607153588.948,1607153597.448,8.500,783169,919169,5665,6779,1476,1732
stone_f9_r1_v1,stone,9,sliding,wine13,1607153593.555,1607153602.055,8.500,856879,992879,6273,7384,1615,1871
wood_f3_r1_v1,wood,3,sliding,winsb01,1607154806.944,1607154813.944,7.000,63105,175105,208,966,118,329
wood_f3_r1_v1,wood,3,sliding,winsb03,1607154814.181,1607154821.181,7.000,178901,290901,991,1713,336,546
wood_f3_r1_v1,wood,3,sliding,winsb04,1607154817.594,1607154824.594,7.000,233504,345504,1332,2085,438,648
wood_f3_r1_v1,wood,3,sliding,winsb05,1607154821.123,1607154828.123,7.000,289967,401967,1707,2505,544,754
wood_f3_r1_v1,wood,3,sliding,winsb07,1607154827.530,1607154834.530,7.000,392486,504486,2427,3368,737,947
wood_f3_r1_v1,wood,3,sliding,winsb08,1607154831.555,1607154838.555,7.000,456874,568874,2967,3893,857,1068
wood_f3_r1_v1,wood,3,sliding,winsb10,1607154837.802,1607154844.802,7.000,556838,668838,3799,4745,1045,1255
wood_f3_r1_v1,wood,3,sliding,winsb11,1607154841.942,1607154848.942,7.000,623079,735079,4348,5305,1169,1379
wood_f3_r1_v1,wood,3,sliding,winsb12,1607154845.564,1607154852.564,7.000,681028,793028,4854,5807,1278,1488
wood_f3_r1_v1,wood,3,sliding,winsb13,1607154848.899,1607154855.899,7.000,734382,846382,5300,6260,1378,1588
wood_f3_r1_v1,wood,3,sliding,winsb14,1607154852.087,1607154859.087,7.000,785393,897393,5742,6676,1474,1684
wood_f3_r1_v1,wood,3,sliding,winsb15,1607154855.813,1607154862.813,7.000,845004,957004,6250,7151,1586,1796
wood_f3_r1_v1,wood,3,sliding,winsb16,1607154858.748,1607154865.748,7.000,891962,1003962,6633,7546,1674,1884
wood_f3_r1_v1,wood,3,sliding,winmb01,1607154807.672,1607154817.972,10.300,74749,239549,277,1372,140,450
wood_f3_r1_v1,wood,3,sliding,winmb02,1607154813.276,1607154823.576,10.300,164420,329220,903,1981,309,618
wood_f3_r1_v1,wood,3,sliding,winmb03,1607154817.223,1607154827.523,10.300,227569,392369,1293,2425,427,736
wood_f3_r1_v1,wood,3,sliding,winmb04,1607154822.845,1607154833.145,10.300,317516,482316,1902,3182,596,905
wood_f3_r1_v1,wood,3,sliding,winmb06,1607154833.140,1607154843.440,10.300,482234,647034,3182,4559,905,1214
wood_f3_r1_v1,wood,3,sliding,winmb07,1607154837.723,1607154848.023,10.300,555562,720362,3789,5178,1043,1352
wood_f3_r1_v1,wood,3,sliding,winmb08,1607154844.131,1607154854.431,10.300,658102,822902,4657,6067,1235,1544
wood_f3_r1_v1,wood,3,sliding,winmb09,1607154848.769,1607154859.069,10.300,732307,897107,5282,6673,1374,1684
wood_f3_r1_v1,wood,3,sliding,winmb10,1607154853.826,1607154864.126,10.300,813216,978016,5982,7331,1526,1835
wood_f3_r1_v1,wood,3,sliding,winlb01,1607154808.714,1607154822.714,14.000,91420,315420,388,1886,172,592
wood_f3_r1_v1,wood,3,sliding,winlb02,1607154816.235,1607154830.235,14.000,211761,435761,1196,2799,397,818
wood_f3_r1_v1,wood,3,sliding,winlb03,1607154822.062,1607154836.062,14.000,304986,528986,1813,3581,572,993
wood_f3_r1_v1,wood,3,sliding,winlb04,1607154829.012,1607154843.012,14.000,416189,640189,2628,4498,781,1201
wood_f3_r1_v1,wood,3,sliding,winlb05,1607154835.554,1607154849.554,14.000,520863,744863,3512,5388,977,1398
wood_f3_r1_v1,wood,3,sliding,winlb06,1607154843.009,1607154857.009,14.000,640151,864151,4499,6405,1201,1622
wood_f3_r1_v1,wood,3,sliding,winlb07,1607154849.589,1607154863.589,14.000,745425,969425,5394,7257,1399,1819
wood_f3_r1_v1,wood,3,sliding,wine01,1607154805.000,1607154813.500,8.500,32000,168000,14,924,60,315
wood_f3_r1_v1,wood,3,sliding,wine02,1607154809.317,1607154817.817,8.500,101076,237076,456,1355,190,445
wood_f3_r1_v1,wood,3,sliding,wine03,1607154813.097,1607154821.597,8.500,161550,297550,886,1760,303,558
wood_f3_r1_v1,wood,3,sliding,wine04,1607154817.207,1607154825.707,8.500,227315,363315,1291,2195,427,682
wood_f3_r1_v1,wood,3,sliding,wine05,1607154822.531,1607154831.031,8.500,312501,448501,1867,2901,586,842
wood_f3_r1_v1,wood,3,sliding,wine06,1607154825.802,1607154834.302,8.500,364834,500834,2206,3336,685,940
wood_f3_r1_v1,wood,3,sliding,wine09,1607154839.213,1607154847.713,8.500,579406,715406,3979,5139,1087,1343
wood_f3_r1_v1,wood,3,sliding,wine10,1607154843.538,1607154852.038,8.500,648605,784605,4574,5734,1217,1472
wood_f3_r1_v1,wood,3,sliding,wine11,1607154847.581,1607154856.081,8.500,713289,849289,5123,6283,1339,1594
wood_f3_r1_v1,wood,3,sliding,wine12,1607154851.202,1607154859.702,8.500,771236,907236,5615,6754,1447,1703
wood_f3_r1_v1,wood,3,sliding,wine13,1607154856.436,1607154864.936,8.500,854974,990974,6331,7439,1605,1860
wood_f6_r1_v1,wood,6,sliding,winsb01,1607154947.664,1607154954.664,7.000,58623,170623,114,850,109,317
wood_f6_r1_v1,wood,6,sliding,winsb02,1607154951.137,1607154958.137,7.000,114193,226193,490,1208,212,421
wood_f6_r1_v1,wood,6,sliding,winsb03,1607154954.367,1607154961.367,7.000,165873,277873,822,1543,309,517
wood_f6_r1_v1,wood,6,sliding,winsb04,1607154957.844,1607154964.844,7.000,221502,333502,1179,1910,412,620
wood_f6_r1_v1,wood,6,sliding,winsb05,1607154961.773,1607154968.773,7.000,284374,396374,1584,2346,529,737
wood_f6_r1_v1,wood,6,sliding,winsb06,1607154965.322,1607154972.322,7.000,341155,453155,1965,2793,635,843
wood_f6_r1_v1,wood,6,sliding,winsb07,1607154968.770,1607154975.770,7.000,396314,508314,2347,3244,737,945
wood_f6_r1_v1,wood,6,sliding,winsb09,1607154976.147,1607154983.147,7.000,514344,626344,3293,4183,957,1165
wood_f6_r1_v1,wood,6,sliding,winsb11,1607154982.623,1607154989.623,7.000,617970,729970,4114,5063,1149,1358
wood_f6_r1_v1,wood,6,sliding,winsb12,1607154985.994,1607154992.994,7.000,671910,783910,4586,5498,1250,1458
wood_f6_r1_v1,wood,6,sliding,winsb13,1607154989.547,1607154996.547,7.000,728755,840755,5053,5993,1355,1564
wood_f6_r1_v1,wood,6,sliding,winsb14,1607154993.314,1607155000.314,7.000,789022,901022,5542,6517,1468,1676
wood_f6_r1_v1,wood,6,sliding,winsb15,1607154997.060,1607155004.060,7.000,848962,960962,6063,7007,1579,1787
wood_f6_r1_v1,wood,6,sliding,winsb16,1607155000.188,1607155007.188,7.000,899011,1011011,6502,7427,1672,1880
wood_f6_r1_v1,wood,6,sliding,winmb01,1607154947.865,1607154958.165,10.300,61848,226648,134,1211,115,422
wood_f6_r1_v1,wood,6,sliding,winmb02,1607154953.243,1607154963.543,10.300,147891,312691,706,1771,275,582
wood_f6_r1_v1,wood,6,sliding,winmb03,1607154958.243,1607154968.543,10.300,227881,392681,1220,2317,424,730
wood_f6_r1_v1,wood,6,sliding,winmb04,1607154963.768,1607154974.068,10.300,316280,481080,1795,3024,588,895
wood_f6_r1_v1,wood,6,sliding,winmb05,1607154969.460,1607154979.760,10.300,407358,572158,2433,3755,758,1064
wood_f6_r1_v1,wood,6,sliding,winmb06,1607154974.465,1607154984.765,10.300,487442,652242,3079,4413,907,1213
wood_f6_r1_v1,wood,6,sliding,winmb07,1607154979.725,1607154990.025,10.300,571608,736408,3752,5117,1063,1370
wood_f6_r1_v1,wood,6,sliding,winmb08,1607154984.555,1607154994.855,10.300,648878,813678,4384,5759,1207,1513
wood_f6_r1_v1,wood,6,sliding,winmb09,1607154989.172,1607154999.472,10.300,722754,887554,5003,6401,1344,1651
wood_f6_r1_v1,wood,6,sliding,winmb10,1607154994.610,1607155004.910,10.300,809763,974563,5724,7121,1506,1813
wood_f6_r1_v1,wood,6,sliding,winlb01,1607154949.523,1607154963.523,14.000,88368,312368,319,1769,164,581
wood_f6_r1_v1,wood,6,sliding,winlb02,1607154956.494,1607154970.494,14.000,199905,423905,1041,2564,372,788
wood_f6_r1_v1,wood,6,sliding,winlb04,1607154971.183,1607154985.183,14.000,434930,658930,2654,4471,809,1226
wood_f6_r1_v1,wood,6,sliding,winlb06,1607154985.225,1607154999.225,14.000,659607,883607,4478,6366,1227,1644
wood_f6_r1_v1,wood,6,sliding,winlb07,1607154991.008,1607155005.008,14.000,752121,976121,5237,7134,1399,1816
wood_f6_r1_v1,wood,6,sliding,wine01,1607154946.563,1607154955.063,8.500,41016,177016,29,890,76,329
wood_f6_r1_v1,wood,6,sliding,wine02,1607154949.755,1607154958.255,8.500,92082,228082,344,1221,171,424
wood_f6_r1_v1,wood,6,sliding,wine03,1607154954.843,1607154963.343,8.500,173491,309491,869,1750,323,576
wood_f6_r1_v1,wood,6,sliding,wine04,1607154958.138,1607154966.638,8.500,226212,362212,1210,2109,421,674
wood_f6_r1_v1,wood,6,sliding,wine05,1607154962.664,1607154971.164,8.500,298621,434621,1679,2651,555,808
wood_f6_r1_v1,wood,6,sliding,wine06,1607154967.722,1607154976.222,8.500,379559,515559,2220,3302,706,959
wood_f6_r1_v1,wood,6,sliding,wine07,1607154971.309,1607154979.809,8.500,436942,572942,2670,3761,813,1066
wood_f6_r1_v1,wood,6,sliding,wine08,1607154976.301,1607154984.801,8.500,516823,652823,3313,4418,961,1214
wood_f6_r1_v1,wood,6,sliding,wine09,1607154980.548,1607154989.048,8.500,584760,720760,3854,4985,1088,1341
wood_f6_r1_v1,wood,6,sliding,wine10,1607154984.633,1607154993.133,8.500,650124,786124,4395,5516,1209,1462
wood_f6_r1_v1,wood,6,sliding,wine11,1607154988.368,1607154996.868,8.500,709881,845881,4899,6036,1320,1573
wood_f6_r1_v1,wood,6,sliding,wine12,1607154993.207,1607155001.707,8.500,787309,923309,5527,6697,1464,1717
wood_f6_r1_v1,wood,6,sliding,wine13,1607154996.945,1607155005.445,8.500,847125,983125,6047,7193,1576,1829
wood_f9_r1_v1,wood,9,sliding,winsb01,1607155066.357,1607155073.357,7.000,53720,165720,135,895,101,312
wood_f9_r1_v1,wood,9,sliding,winsb02,1607155070.620,1607155077.620,7.000,121913,233913,586,1361,230,441
wood_f9_r1_v1,wood,9,sliding,winsb03,1607155074.082,1607155081.082,7.000,177313,289313,975,1748,334,545
wood_f9_r1_v1,wood,9,sliding,winsb04,1607155076.867,1607155083.867,7.000,221877,333877,1278,2036,418,629
wood_f9_r1_v1,wood,9,sliding,winsb06,1607155084.270,1607155091.270,7.000,340319,452319,2076,2948,641,852
wood_f9_r1_v1,wood,9,sliding,winsb08,1607155091.007,1607155098.007,7.000,448105,560105,2915,3822,844,1055
wood_f9_r1_v1,wood,9,sliding,winsb10,1607155098.616,1607155105.616,7.000,569852,681852,3908,4848,1073,1284
wood_f9_r1_v1,wood,9,sliding,winsb11,1607155101.855,1607155108.855,7.000,621684,733684,4352,5268,1171,1382
wood_f9_r1_v1,wood,9,sliding,winsb12,1607155104.880,1607155111.880,7.000,670081,782081,4748,5632,1262,1473
wood_f9_r1_v1,wood,9,sliding,winsb13,1607155108.609,1607155115.609,7.000,729747,841747,5235,6120,1374,1585
wood_f9_r1_v1,wood,9,sliding,winsb14,1607155112.627,1607155119.627,7.000,794032,906032,5732,6660,1495,1706
wood_f9_r1_v1,wood,9,sliding,winsb15,1607155115.717,1607155122.717,7.000,843467,955467,6135,7083,1589,1799
wood_f9_r1_v1,wood,9,sliding,winsb16,1607155119.079,1607155126.079,7.000,897259,1009259,6585,7531,1690,1901
wood_f9_r1_v1,wood,9,sliding,winmb01,1607155067.329,1607155077.629,10.300,69268,234068,238,1362,130,441
wood_f9_r1_v1,wood,9,sliding,winmb02,1607155073.227,1607155083.527,10.300,163625,328425,882,2003,308,619
wood_f9_r1_v1,wood,9,sliding,winmb03,1607155077.804,1607155088.104,10.300,236870,401670,1383,2525,446,756
wood_f9_r1_v1,wood,9,sliding,winmb05,1607155087.885,1607155098.185,10.300,398158,562958,2497,3847,750,1060
wood_f9_r1_v1,wood,9,sliding,winmb06,1607155093.721,1607155104.021,10.300,491540,656340,3282,4632,926,1236
wood_f9_r1_v1,wood,9,sliding,winmb07,1607155098.144,1607155108.444,10.300,562303,727103,3843,5212,1059,1369
wood_f9_r1_v1,wood,9,sliding,winmb08,1607155104.039,1607155114.339,10.300,656621,821421,4636,5949,1237,1547
wood_f9_r1_v1,wood,9,sliding,winmb09,1607155108.030,1607155118.330,10.300,720475,885275,5157,6489,1357,1667
wood_f9_r1_v1,wood,9,sliding,winmb10,1607155113.353,1607155123.653,10.300,805649,970449,5827,7207,1517,1828
wood_f9_r1_v1,wood,9,sliding,winlb01,1607155067.994,1607155081.994,14.000,79911,303911,313,1841,150,572
wood_f9_r1_v1,wood,9,sliding,winlb02,1607155076.277,1607155090.277,14.000,212435,436435,1214,2816,400,822
wood_f9_r1_v1,wood,9,sliding,winlb03,1607155082.127,1607155096.127,14.000,306036,530036,1857,3590,576,998
wood_f9_r1_v1,wood,9,sliding,winlb04,1607155089.465,1607155103.465,14.000,423446,647446,2704,4559,797,1219
wood_f9_r1_v1,wood,9,sliding,winlb05,1607155095.675,1607155109.675,14.000,522797,746797,3532,5364,985,1406
wood_f9_r1_v1,wood,9,sliding,winlb06,1607155103.640,1607155117.640,14.000,650240,874240,4583,6397,1225,1646
wood_f9_r1_v1,wood,9,sliding,winlb07,1607155109.652,1607155123.652,14.000,746425,970425,5363,7207,1406,1828
wood_f9_r1_v1,wood,9,sliding,wine01,1607155065.000,1607155073.500,8.500,32000,168000,0,911,60,316
wood_f9_r1_v1,wood,9,sliding,wine02,1607155069.634,1607155078.134,8.500,106140,242140,483,1418,200,456
wood_f9_r1_v1,wood,9,sliding,wine03,1607155073.173,1607155081.673,8.500,162776,298776,876,1808,307,563
wood_f9_r1_v1,wood,9,sliding,wine04,1607155077.191,1607155085.691,8.500,227050,363050,1314,2215,428,684
wood_f9_r1_v1,wood,9,sliding,wine05,1607155082.130,1607155090.630,8.500,306077,442077,1857,2864,576,833
wood_f9_r1_v1,wood,9,sliding,wine06,1607155085.799,1607155094.299,8.500,364789,500789,2227,3356,687,943
wood_f9_r1_v1,wood,9,sliding,wine07,1607155089.930,1607155098.430,8.500,430877,566877,2770,3881,811,1068
wood_f9_r1_v1,wood,9,sliding,wine08,1607155095.171,1607155103.671,8.500,514743,650743,3467,4586,969,1226
wood_f9_r1_v1,wood,9,sliding,wine09,1607155098.869,1607155107.369,8.500,573903,709903,3943,5076,1081,1337
wood_f9_r1_v1,wood,9,sliding,wine10,1607155103.716,1607155112.216,8.500,651456,787456,4593,5675,1227,1483
wood_f9_r1_v1,wood,9,sliding,wine11,1607155107.811,1607155116.311,8.500,716978,852978,5130,6216,1350,1606
wood_f9_r1_v1,wood,9,sliding,wine13,1607155115.471,1607155123.971,8.500,839530,975530,6101,7250,1581,1837
